Current,Voltage,Power,Time
2.4800366300366306,0.32908908142262217,0.8161529764732102,0
1.8192307692307685,0.3525954443813809,0.6414524815092042,1
1.8031135531135534,0.3525954443813809,0.6357696245301641,2
1.7950549450549458,0.39960817029889834,0.7173186221793963,3
1.811172161172161,0.423114533257657,0.7663332636236209,4
1.7990842490842485,0.44662089621641576,0.8035086196948444,5
1.8031135531135534,0.5171399850926919,0.9324621159775737,6
1.8595238095238087,0.49363362213393325,0.9179234735395279,7
1.7910256410256409,0.5171399850926919,0.9262109733006288,8
1.8272893772893761,0.5641527110102094,1.0308702559979588,9
1.8635531135531136,0.5641527110102094,1.0513285411225055,10
1.835347985347986,0.5876590739689682,1.0785588974804088,11
1.8192307692307685,0.6111654369277268,1.1118509679492872,12
1.7990842490842485,0.6346717998864856,1.1418280385137263,13
1.835347985347986,0.6816845258040031,1.2511283210772741,14
1.7910256410256409,0.7051908887627618,1.263014963591767,15
1.8031135531135534,0.7286972517215204,1.313923890695672,16
1.786996336996336,0.7522036146802792,1.3441851041090622,17
1.786996336996336,0.7992163405977967,1.4281966731158786,18
1.8232600732600734,0.8227227035565554,1.500037456759251,19
1.8232600732600734,0.846229066515314,1.542895669809515,20
1.8152014652014659,0.7992163405977967,1.4507386724660742,21
1.807142857142856,0.8932417924328315,1.6142155248964731,22
1.8031135531135534,0.8697354294740729,1.568231740507738,23
1.8313186813186833,0.9637608813091078,1.7649533062655272,24
1.8192307692307685,0.9872672442678665,1.7960669482257718,25
1.8192307692307685,0.9637608813091078,1.7533034494584916,26
1.7910256410256409,1.0107736072266253,1.810321447814866,27
1.8031135531135534,1.10479905906166,1.9920781568611805,28
1.8272893772893761,1.10479905906166,2.0187875846626695,29
1.8031135531135534,1.10479905906166,1.9920781568611805,30
1.8031135531135534,1.0812926961029015,1.9496935152258363,31
1.7990842490842485,1.1518117849791774,2.072206440265651,32
1.811172161172161,1.2223308738554537,2.213851650468238,33
1.8272893772893761,1.2223308738554537,2.2335522213289107,34
1.8152014652014659,1.2458372368142123,2.2614455776677036,35
1.7990842490842485,1.29284996273173,2.325946004379813,36
1.8192307692307685,1.29284996273173,2.3519924322004155,37
1.8272893772893761,1.3398626886492473,2.4483168579951524,38
1.8152014652014659,1.3398626886492473,2.432120715604889,39
1.7789377289377284,1.3868754145667648,2.467165000308971,40
1.7910256410256409,1.3398626886492473,2.3997284308243567,41
1.8272893772893761,1.4338881404842825,2.620128567328146,42
1.7910256410256409,1.4809008664017997,2.6523314235427105,43
1.7547619047619056,1.5044072293605584,2.6398764953303147,44
1.7426739926739931,1.5044072293605584,2.621691352997384,45
1.8152014652014659,1.5514199552780759,2.816139775963556,46
1.855494505494506,1.6219390441543522,3.0094989846754117,47
1.8272893772893761,1.6219390441543522,2.9637519859941324,48
1.7910256410256409,1.5749263182368345,2.820733418688279,49
1.7910256410256409,1.6689517700718695,2.989135413833848,50
1.7829670329670333,1.692458133030628,3.0175970558705436,51
1.8152014652014659,1.7394708589481458,3.1574900518379265,52
1.8434065934065935,1.7394708589481458,3.2065520504236424,53
1.8514652014652033,1.786483584865663,3.3076121903675837,54
1.8192307692307685,1.8334963107831805,3.3355529038478617,55
1.807142857142856,1.8334963107831805,3.313389761629603,56
1.8192307692307685,1.8570026737419394,3.3783164026151424,57
1.8192307692307685,1.8570026737419394,3.3783164026151424,58
1.807142857142856,1.8570026737419394,3.355869117547931,59
1.7910256410256409,1.9275217626182155,3.4522409004841625,60
1.855494505494506,2.045053577412009,3.7945856763298664,61
1.8272893772893761,2.0215472144532507,3.6939517506593536,62
1.7547619047619056,1.9510281255769741,3.4235898298815015,63
1.7789377289377284,2.0685599403707675,3.679839322494736,64
1.7950549450549458,2.0685599403707675,3.71317875010511,65
1.7990842490842485,2.1155726662882857,3.806093461712422,66
1.7708791208791208,2.139079029247044,3.7880503908039684,67
1.8031135531135534,2.1860917551645613,3.9417716720870164,68
1.7990842490842485,2.20959811812332,3.975253171121862,69
1.8031135531135534,2.2331044810820795,4.0265409553577065,70
1.8031135531135534,2.2801172069995963,4.111310238628394,71
1.7910256410256409,2.3036235699583547,4.125848881066437,72
1.8152014652014659,2.2801172069995963,4.138872094976741,73
1.811172161172161,2.3741426588346313,4.2999810903325395,74
1.7789377289377284,2.3741426588346313,4.223451949681459,75
1.7708791208791208,2.3741426588346313,4.204319664518691,76
1.8192307692307685,2.4211553847521485,4.404640373029869,77
1.7950549450549458,2.4211553847521485,4.346106946145754,78
1.8232600732600734,2.4681681106696667,4.500112370277754,79
1.8434065934065935,2.5386871995459424,4.679832722239911,80
1.8031135531135534,2.562193562504701,4.619925938252525,81
1.8031135531135534,2.58569992546346,4.66231057988787,82
1.811172161172161,2.562193562504701,4.640573651943038,83
1.8192307692307685,2.6327126513809773,4.789511861935392,84
1.786996336996336,2.703231740257254,4.830665217891943,85
1.8031135531135534,2.7267381032160123,4.916618429699935,86
1.7950549450549458,2.703231740257254,4.852449502978271,87
1.8393772893772886,2.7972571920922884,5.145211351681839,88
1.8272893772893761,2.7972571920922884,5.111398352656546,89
1.835347985347986,2.8442699180098057,5.220225063805178,90
1.8031135531135534,2.8207635550510473,5.0861569962413125,91
1.7829670329670333,2.914789006886082,5.196972707332603,92
1.8031135531135534,2.867776280968565,5.170926279512001,93
1.8031135531135534,2.914789006886082,5.255695562782688,94
1.8313186813186833,2.9618017328035995,5.424002843645279,95
1.7910256410256409,3.0088144587211167,5.3888638446582044,96
1.807142857142856,3.0088144587211167,5.437357557546015,97
1.7829670329670333,3.079333547597393,5.490350198875572,98
1.7990842490842485,3.1733589994324283,5.709140192568633,99
1.807142857142856,3.126346273514911,5.649754337137657,100
1.7507326007326007,3.1028399105561517,5.432242986264882,101
1.7789377289377284,3.2203717253499455,5.728840763429306,102
1.8031135531135534,3.267384451267463,5.8914651873128525,103
1.811172161172161,3.1733589994324283,5.747499477177158,104
1.8232600732600734,3.2908908142262217,6.000149827037004,105
1.811172161172161,3.267384451267463,5.917795757982406,106
1.7910256410256409,3.337903540143739,5.978270827667696,107
1.7990842490842485,3.361409903102498,6.047459611387515,108
1.8514652014652033,3.384916266061256,6.267054676485947,109
1.8232600732600734,3.384916266061256,6.17158267923806,110
1.8031135531135534,3.4554353549375327,6.230542320395607,111
1.8434065934065935,3.5024480808550504,6.4564358853124695,112
1.835347985347986,3.525954443813809,6.471353384882453,113
1.8031135531135534,3.5024480808550504,6.315311603666296,114
1.7990842490842485,3.572967169731326,6.4280689575587555,115
1.807142857142856,3.643486258607603,6.584300167340879,116
1.786996336996336,3.619979895648844,6.468890813524863,117
1.8192307692307685,3.666992621566361,6.6711058076957235,118
1.786996336996336,3.666992621566361,6.552902382531679,119
1.807142857142856,3.7375117104426367,6.754217591014189,120
1.7990842490842485,3.761018073401397,6.766388376377639,121
1.7628205128205132,3.761018073401397,6.629999808880669,122
1.7749084249084257,3.855043525236431,6.842349231330819,123
1.835347985347986,3.831537162277672,7.032204011572265,124
1.8313186813186833,3.855043525236431,7.059813225062109,125
1.7749084249084257,3.9725753400302244,7.050957439603099,126
1.8272893772893761,3.949068977071466,7.216091791985713,127
1.811172161172161,3.949068977071466,7.152443793820462,128
1.7749084249084257,3.9725753400302244,7.050957439603099,129
1.8031135531135534,4.019588065947742,7.247773719643869,130
1.811172161172161,4.06660079186526,7.365314144827024,131
1.8031135531135534,4.019588065947742,7.247773719643869,132
1.7990842490842485,4.160626243700295,7.485317141367763,133
1.7990842490842485,4.160626243700295,7.485317141367763,134
1.807142857142856,4.184132606659054,7.561325353462428,135
1.811172161172161,4.207638969617811,7.620758566034896,136
1.766849816849816,4.278158058494088,7.5588627821048435,137
1.7910256410256409,4.184132606659054,7.493888783977817,138
1.7346153846153844,4.3016644214528466,7.461733284904745,139
1.8152014652014659,4.278158058494088,7.765718776141927,140
1.835347985347986,4.395689873287882,8.067620553153457,141
1.8152014652014659,4.348677147370365,7.893725129594817,142
1.8272893772893761,4.41919623624664,8.075150338650678,143
1.8272893772893761,4.372183510329123,7.989244483984181,144
1.8031135531135534,4.466208962164159,8.053081910715413,145
1.786996336996336,4.4897153251229165,8.023104840150966,146
1.7950549450549458,4.466208962164159,8.01709048318149,147
1.7829670329670333,4.4897153251229165,8.005014412101026,148
1.8272893772893761,4.583740776957952,8.375820829983416,149
1.7990842490842485,4.607247139916709,8.288825761062604,150
1.8031135531135534,4.607247139916709,8.307389760527474,151
1.8031135531135534,4.630753502875469,8.34977440216282,152
1.7587912087912083,4.701272591751746,8.26855690450403,153
1.7789377289377284,4.771791680628022,8.48872025530036,154
1.807142857142856,4.701272591751746,8.495871183665649,155
1.786996336996336,4.771791680628022,8.527174254191864,156
1.807142857142856,4.79529804358678,8.665788607338962,157
1.8152014652014659,4.842310769504297,8.789769603765038,158
1.786996336996336,4.912829858380573,8.779208961212312,159
1.811172161172161,4.889323495421815,8.855406601872952,160
1.8232600732600734,4.936336221339333,9.000224740555508,161
1.7789377289377284,4.959842584298092,8.823251102799881,162
1.7789377289377284,4.983348947256849,8.86506745873732,163
1.7829670329670333,4.959842584298092,8.84323581650951,164
1.786996336996336,5.053868036133126,9.031243668232763,165
1.7950549450549458,5.077374399091885,9.114166022985271,166
1.8192307692307685,5.124387125009402,9.3224427312671,167
1.8313186813186833,5.147893487968161,9.42743351395489,168
1.8031135531135534,5.124387125009402,9.23985187650505,169
1.8393772893772886,5.147893487968161,9.468918369901871,170
1.8192307692307685,5.265425302761955,9.579023723870783,171
1.8031135531135534,5.241918939803197,9.451775084681774,172
1.7950549450549458,5.288931665720713,9.493922940609657,173
1.807142857142856,5.312438028679472,9.600334437542184,174
1.8272893772893761,5.335944391638231,9.750314504647362,175
1.8192307692307685,5.359450754596989,9.750077718939904,176
1.807142857142856,5.335944391638231,9.642813793460512,177
1.811172161172161,5.453476206432025,9.877184286704448,178
1.835347985347986,5.406463480514508,9.922741856819762,179
1.811172161172161,5.500488932349541,9.962332427107071,180
1.6459706959706955,5.500488932349541,9.053643596158482,181
1.682234432234433,5.5710080212258175,9.371741515560284,182
1.7507326007326007,5.5710080212258175,9.753345361702856,183
1.7910256410256409,5.5710080212258175,9.977818212374958,184
1.8031135531135534,5.618020747143335,10.129929350847279,185
1.766849816849816,5.6415271101020945,9.967731141237158,186
1.8232600732600734,5.665033473060853,10.328829345113698,187
1.8031135531135534,5.6415271101020945,10.172313992482625,188
1.807142857142856,5.73555256193713,10.364962844072092,189
1.7910256410256409,5.759058924895887,10.314622202666095,190
1.7789377289377284,5.759058924895887,10.245007204672845,191
1.7749084249084257,5.829578013772164,10.34696713030514,192
1.7789377289377284,5.853084376730922,10.412272628422606,193
1.8031135531135534,5.876590739689682,10.596160408836068,194
1.7749084249084257,5.970616191524717,10.597296980231878,195
1.7587912087912083,5.900097102648441,10.377038915152557,196
1.7467032967032958,5.970616191524717,10.4288949850863,197
1.7950549450549458,5.994122554483476,10.759779332690947,198
1.7950549450549458,5.970616191524717,10.71758411962157,199
1.811172161172161,6.0176289174422335,10.898961971535941,200
1.7990842490842485,6.111654369277269,10.995381111613662,201
1.7910256410256409,6.111654369277269,10.94612968446198,202
1.8675824175824163,6.0881480063185105,11.370118172239891,203
1.7990842490842485,6.111654369277269,10.995381111613662,204
1.786996336996336,6.252692547029822,11.173538677906583,205
1.7789377289377284,6.252692547029822,11.123150679359092,206
1.7628205128205132,6.205679821112303,10.939499684653102,207
1.7628205128205132,6.205679821112303,10.939499684653102,208
1.7950549450549458,6.2761989099885795,11.26612188952346,209
1.8031135531135534,6.370224361823615,11.486237883178296,210
1.7950549450549458,6.3467179988648565,11.39270752873159,211
1.8232600732600734,6.370224361823615,11.614575736621628,212
1.811172161172161,6.417237087741133,11.622721164958252,213
1.8152014652014659,6.440743450699891,11.691246948697188,214
1.7990842490842485,6.511262539576166,11.714309876603783,215
1.8152014652014659,6.534768902534926,11.861922086634372,216
1.8152014652014659,6.581781628452443,11.947259655602965,217
1.807142857142856,6.605287991411202,11.936699013050236,218
1.7789377289377284,6.581781628452443,11.708579662483253,219
1.766849816849816,6.65230071732872,11.753616304042149,220
1.7910256410256409,6.62879435436996,11.872340657762606,221
1.7789377289377284,6.62879435436996,11.792212374358133,222
1.7467032967032958,6.722819806204996,11.74277151864048,223
1.7829670329670333,6.746326169163755,12.028477153261752,224
1.786996336996336,6.769832532122512,12.09766593698156,225
1.7990842490842485,6.840351620998789,12.306368859536828,226
1.7990842490842485,6.769832532122512,12.179499077479747,227
1.7749084249084257,6.793338895081272,12.057554438137846,228
1.7829670329670333,6.9108707098750655,12.32185464480472,229
1.786996336996336,6.9108707098750655,12.34970064400201,230
1.7990842490842485,6.9108707098750655,12.43323864159391,231
1.7829670329670333,6.981389798751342,12.447587855465994,232
1.7950549450549458,7.004896161710101,12.574173494674126,233
1.7467032967032958,7.02840252466886,12.276533860396865,234
1.786996336996336,7.02840252466886,12.559729566519053,235
1.7749084249084257,7.051908887627618,12.516492496336863,236
1.7789377289377284,7.051908887627618,12.544906781232056,237
1.786996336996336,7.1694407024214115,12.8117642735395,238
1.8152014652014659,7.216453428338929,13.099316836678966,239
1.8152014652014659,7.192947065380171,13.05664805219467,240
1.835347985347986,7.192947065380171,13.201560905160203,241
1.7628205128205132,7.216453428338929,12.721312133289782,242
1.8152014652014659,7.286972517215206,13.227323190131857,243
1.7749084249084257,7.333985243132722,13.017152196190338,244
1.7950549450549458,7.310478880173964,13.122711264576017,245
1.811172161172161,7.357491606091481,13.32568397301074,246
1.8031135531135534,7.404504332008999,13.351162115133445,247
1.786996336996336,7.428010694967758,13.27382790307699,248
1.7628205128205132,7.428010694967758,13.09424962253932,249
1.835347985347986,7.451517057926517,13.676126820051584,250
1.7990842490842485,7.451517057926517,13.405906970698195,251
1.8232600732600734,7.5455425097615505,13.757486389134844,252
1.7950549450549458,7.522036146802794,13.502468182200404,253
1.7829670329670333,7.5455425097615505,13.453453540756174,254
1.7789377289377284,7.6160615986378275,13.548499323730622,255
1.7990842490842485,7.6160615986378275,13.701936462164717,256
1.811172161172161,7.639567961596587,13.836572815426491,257
1.7910256410256409,7.710087050472862,13.80896360193665,258
1.7910256410256409,7.757099776390381,13.893164599509436,259
1.7910256410256409,7.757099776390381,13.893164599509436,260
1.7829670329670333,7.757099776390381,13.830653172739995,261
1.786996336996336,7.8041125023078965,13.945920455131521,262
1.7829670329670333,7.851125228225415,13.99829745362169,263
1.7789377289377284,7.8041125023078965,13.883030171230143,264
1.811172161172161,7.898137954142932,14.304887587640923,265
1.8152014652014659,7.921644317101691,14.379380371207855,266
1.786996336996336,7.945150680060449,14.19795516215197,267
1.7910256410256409,7.945150680060449,14.229968589800572,268
1.7950549450549458,8.039176131895484,14.43076286972668,269
1.8272893772893761,8.039176131895484,14.689901147970915,270
1.811172161172161,8.039176131895484,14.560332008848798,271
1.8313186813186833,8.062682494854242,14.7653410743677,272
1.811172161172161,8.086188857813003,14.645480149251425,273
1.7829670329670333,8.109695220771762,14.45931922604636,274
1.7749084249084257,8.156707946689279,14.477409654096308,275
1.811172161172161,8.156707946689279,14.773202359855361,276
1.8393772893772886,8.203720672606796,15.089737493587915,277
1.807142857142856,8.250733398524313,14.910253927333214,278
1.8031135531135534,8.227227035565555,14.834624572370494,279
1.811172161172161,8.32125248740059,15.071220851264547,280
1.807142857142856,8.368265213318107,15.122650706924857,281
1.7587912087912083,8.344758850359348,14.676688505494651,282
1.7950549450549458,8.368265213318107,15.02149585269795,283
1.7910256410256409,8.368265213318107,14.987777567955634,284
1.8192307692307685,8.415277939235622,15.309332558686338,285
1.807142857142856,8.462290665153143,15.29256813059817,286
1.7829670329670333,8.50930339107066,15.171807419793568,287
1.7910256410256409,8.50930339107066,15.240380560673987,288
1.7990842490842485,8.556316116988176,15.393533556259126,289
1.8272893772893761,8.603328842905693,15.720771403968874,290
1.8635531135531136,8.650341568823212,16.120370963878422,291
1.7910256410256409,8.603328842905693,15.408782555819554,292
1.8031135531135534,8.673847931781971,15.639932763442037,293
1.7910256410256409,8.720860657699488,15.619285049751518,294
1.7950549450549458,8.720860657699488,15.654424048738592,295
1.8232600732600734,8.814886109534521,16.071829893849117,296
1.8192307692307685,8.791379746575764,15.993548538962825,297
1.811172161172161,8.767873383617005,15.880128185089477,298
1.786996336996336,8.86189883545204,15.836180757784891,299
1.811172161172161,8.83839247249328,16.007850395693414,300
1.807142857142856,8.83839247249328,15.972237825291419,301
1.8031135531135534,8.86189883545204,15.979009896524788,302
1.8031135531135534,8.955924287287074,16.148548463066163,303
1.7910256410256409,9.02644337616335,16.166591533974614,304
1.8192307692307685,9.002937013204592,16.378420027868348,305
1.811172161172161,9.02644337616335,16.348442957303913,306
1.786996336996336,9.02644337616335,16.130221249308747,307
1.807142857142856,9.096962465039628,16.439510740393033,308
1.8192307692307685,9.120468827998385,16.59223752170475,309
1.8031135531135534,9.096962465039628,16.40285631287823,310
1.7829670329670333,9.167481553915904,16.345317385965448,311
1.7708791208791208,9.190987916874663,16.276128602245624,312
1.7628205128205132,9.261507005750937,16.326374529368643,313
1.786996336996336,9.190987916874663,16.42426174083261,314
1.8031135531135534,9.308519731668456,16.78431808759633,315
1.8272893772893761,9.308519731668456,17.009359223966324,316
1.8272893772893761,9.355532457585973,17.09526507863282,317
1.8474358974358962,9.355532457585973,17.283746501771,318
1.7990842490842485,9.379038820544732,16.873681013591735,319
1.7587912087912083,9.402545183503491,16.53711380900806,320
1.7789377289377284,9.449557909421008,16.810175086850958,321
1.7910256410256409,9.449557909421008,16.924400512129676,322
1.7547619047619056,9.543583361256044,16.746716517251684,323
1.7587912087912083,9.543583361256044,16.78517051614318,324
1.786996336996336,9.543583361256044,17.05434850838373,325
1.7910256410256409,9.567089724214801,17.134903006061638,326
1.8031135531135534,9.614102450132316,17.3353184288558,327
1.811172161172161,9.684621539008594,17.540516922940654,328
1.8272893772893761,9.661115176049837,17.653653133965047,329
1.7829670329670333,9.661115176049837,17.225449860594356,330
1.7789377289377284,9.708127901967353,17.2701550021628,331
1.7829670329670333,9.75514062788487,17.39309414147605,332
1.7910256410256409,9.77864699084363,17.513807495139165,333
1.8031135531135534,9.77864699084363,17.632010920303212,334
1.7708791208791208,9.802153353802389,17.3584287139039,335
1.807142857142856,9.872672442678667,17.841329485697866,336
1.7910256410256409,9.872672442678667,17.682209490284738,337
1.8031135531135534,9.943191531554941,17.928703411750625,338
1.7749084249084257,9.896178805637424,17.564811136526068,339
1.7749084249084257,9.943191531554941,17.648254419834977,340
1.7749084249084257,10.013710620431217,17.773419344798345,341
1.7950549450549458,10.060723346348734,18.059551193693036,342
1.807142857142856,10.060723346348734,18.181164333044485,343
1.8031135531135534,10.037216983389975,18.098241978292,344
1.811172161172161,10.107736072266253,18.30685018656428,345
1.807142857142856,10.15474879818377,18.3510817567178,346
1.835347985347986,10.178255161142529,18.68064010436068,347
1.7789377289377284,10.201761524101286,18.148298476849043,348
1.766849816849816,10.178255161142529,17.98344826731537,349
1.7789377289377284,10.272280612977564,18.273747544661365,350
1.786996336996336,10.319293338895081,18.4405393969962,351
1.807142857142856,10.319293338895081,18.6484372481461,352
1.8152014652014659,10.319293338895081,18.73159638860608,353
1.8232600732600734,10.366306064812598,18.900471955166562,354
1.8192307692307685,10.366306064812598,18.858702956370603,355
1.7789377289377284,10.460331516647635,18.608278392160887,356
1.7789377289377284,10.483837879606394,18.65009474809833,357
1.8152014652014659,10.436825153688872,18.944940311027555,358
1.8031135531135534,10.483837879606394,18.903550169363548,359
1.8031135531135534,10.483837879606394,18.903550169363548,360
1.811172161172161,10.554356968482667,19.11575752038921,361
1.7829670329670333,10.577863331441426,18.8599815991909,362
1.807142857142856,10.577863331441426,19.11571016324771,363
1.8031135531135534,10.671888783276462,19.242627302446298,364
1.8031135531135534,10.648382420317702,19.20024266081095,365
1.835347985347986,10.742407872152738,19.716056645941872,366
1.7990842490842485,10.789420598070254,19.411076654733346,367
1.8031135531135534,10.671888783276462,19.242627302446298,368
1.835347985347986,10.742407872152738,19.716056645941872,369
1.786996336996336,10.812926961029016,19.322660871567773,370
1.7950549450549458,10.859939686946532,19.494188438051832,371
1.8232600732600734,10.836433323987773,19.75763621617185,372
1.7910256410256409,10.859939686946532,19.450430439313212,373
1.807142857142856,10.90695241286405,19.710421146104306,374
1.8393772893772886,10.953965138781568,20.148474704905354,375
1.7990842490842485,10.953965138781568,19.707106146199873,376
1.7950549450549458,11.024484227657842,19.789554929537463,377
1.786996336996336,11.07149695357536,19.784724501105263,378
1.786996336996336,11.095003316534118,19.82673028560867,379
1.8031135531135534,11.118509679492876,20.047935493517834,380
1.811172161172161,11.142016042451635,20.180109275422016,381
1.835347985347986,11.142016042451635,20.449476696228547,382
1.7950549450549458,11.142016042451635,20.000530994884343,383
1.7950549450549458,11.189028768369154,20.0849214210231,384
1.8031135531135534,11.23604149428667,20.259858701694558,385
1.7950549450549458,11.25954785724543,20.211507060231227,386
1.807142857142856,11.25954785724543,20.347611484879227,387
1.7950549450549458,11.25954785724543,20.211507060231227,388
1.8031135531135534,11.353573309080465,20.471781909871282,389
1.7950549450549458,11.353573309080465,20.380287912508734,390
1.7950549450549458,11.377079672039223,20.422483125578108,391
1.7990842490842485,11.424092397956743,20.55290469324708,392
1.7749084249084257,11.4475987609155,20.318439485720177,393
1.811172161172161,11.4475987609155,20.73357218803908,394
1.786996336996336,11.47110512387426,20.4988228376632,395
1.7910256410256409,11.541624212750534,20.671344904118584,396
1.807142857142856,11.565130575709293,20.899843111817496,397
1.8232600732600734,11.61214330162681,21.17195724683057,398
1.786996336996336,11.63564966458557,20.792863329187057,399
1.7829670329670333,11.63564966458557,20.74597975910999,400
1.8031135531135534,11.61214330162681,20.938012967860068,401
1.7990842490842485,11.729675116420603,21.102673748827755,402
1.7950549450549458,11.753181479379364,21.097606534688133,403
1.7749084249084257,11.800194205296881,20.94426411053702,404
1.807142857142856,11.776687842338122,21.28215731508245,405
1.7950549450549458,11.776687842338122,21.139801747757506,406
1.7910256410256409,11.894219657131917,21.30285238591447,407
1.8031135531135534,11.870713294173157,21.404244025848854,408
1.7990842490842485,11.941232383049433,21.483283094999,409
1.7587912087912083,11.870713294173157,20.878106183872674,410
1.7305860805860807,11.941232383049433,20.665330547149104,411
1.807142857142856,11.988245108966952,21.66447151834741,412
1.7829670329670333,12.035257834884467,21.458467952857198,413
1.7467032967032958,12.082270560801984,21.104141820214004,414
1.766849816849816,12.082270560801984,21.34755752748291,415
1.7910256410256409,12.082270560801984,21.639656376205604,416
1.7910256410256409,12.105776923760745,21.681756874992,417
1.7708791208791208,12.176296012637021,21.56274837842259,418
1.7789377289377284,12.152789649678262,21.61905601965658,419
1.7587912087912083,12.129283286719502,21.332876813620395,420
1.7950549450549458,12.246815101513295,21.983706009145028,421
1.7910256410256409,12.270321464472055,21.97646036649674,422
1.8031135531135534,12.270321464472055,22.124782933649705,423
1.811172161172161,12.317334190389571,22.30881278548763,424
1.766849816849816,12.317334190389571,21.76287965836779,425
1.786996336996336,12.317334190389571,22.011031079785894,426
1.811172161172161,12.458372368142125,22.564257206695505,427
1.786996336996336,12.364346916307092,22.095042648792717,428
1.7829670329670333,12.411359642224607,22.12904507638399,429
1.7789377289377284,12.458372368142125,22.1626686468433,430
1.7990842490842485,12.505385094059644,22.498241351455647,431
1.8192307692307685,12.5288914570184,22.792944842960388,432
1.8313186813186833,12.552397819977159,22.987440623068085,433
1.8313186813186833,12.599410545894676,23.07353590630055,434
1.786996336996336,12.575904182935918,22.473094709323387,435
1.7265567765567758,12.575904182935918,21.713012588376714,436
1.7829670329670333,12.716942360688472,22.673888989249505,437
1.7829670329670333,12.693435997729713,22.63197791902908,438
1.7990842490842485,12.76395508660599,22.96343055233161,439
1.8031135531135534,12.716942360688472,22.93009112472125,440
1.8031135531135534,12.76395508660599,23.01486040799194,441
1.807142857142856,12.810967812523506,23.151248975488894,442
1.7789377289377284,12.834474175482265,22.831730341842345,443
1.8272893772893761,12.834474175482265,23.452298323953567,444
1.7789377289377284,12.904993264358541,22.957179409654664,445
1.766849816849816,12.904993264358541,22.801184985579997,446
1.7910256410256409,12.952005990276058,23.197374831302117,447
1.7587912087912083,12.975512353234818,22.82121705643112,448
1.7789377289377284,12.999018716193573,23.12444483340442,449
1.807142857142856,13.046031442111095,23.57604253467218,450
1.7990842490842485,13.046031442111095,23.470909680559934,451
1.8031135531135534,13.069537805069851,23.56586074925141,452
1.7950549450549458,13.069537805069851,23.460538466573198,453
1.786996336996336,13.11655053098737,23.439227752901775,454
1.7990842490842485,13.210575982822403,23.76693917202645,455
1.7749084249084257,13.25758870873992,23.531005893113303,456
1.7467032967032958,13.25758870873992,23.15707390389241,457
1.7789377289377284,13.210575982822403,23.500792036841386,458
1.7950549450549458,13.30460143465744,23.882490597266965,459
1.7990842490842485,13.30460143465744,23.936098881435896,460
1.8232600732600734,13.375120523533715,24.386323225600393,461
1.8272893772893761,13.422133249451234,24.526121507284774,462
1.7829670329670333,13.328107797616198,23.763576814980535,463
1.7829670329670333,13.398626886492474,23.889310025641805,464
1.7990842490842485,13.422133249451234,24.147548518197695,465
1.811172161172161,13.49265233832751,24.437516295553248,466
1.786996336996336,13.49265233832751,24.11132030495631,467
1.811172161172161,13.516158701286269,24.48009036575456,468
1.8313186813186833,13.563171427203784,24.838489212566078,469
1.8192307692307685,13.563171427203784,24.67453878872072,470
1.8192307692307685,13.563171427203784,24.67453878872072,471
1.7910256410256409,13.633690516080062,24.418289296107492,472
1.7829670329670333,13.633690516080062,24.30842072784605,473
1.8031135531135534,13.727715967915096,24.75263071504105,474
1.7829670329670333,13.751222330873855,24.51797607894817,475
1.7708791208791208,13.774728693832614,24.3933794396827,476
1.7547619047619056,13.774728693832614,24.171369160368194,477
1.766849816849816,13.821741419750131,24.42094129603103,478
1.8031135531135534,13.821741419750131,24.922169281582427,479
1.8192307692307685,13.892260508626407,25.273227771462647,480
1.811172161172161,13.915766871585166,25.203849559176867,481
1.7950549450549458,13.892260508626407,24.937370924001367,482
1.811172161172161,13.939273234543924,25.246423629378178,483
1.7789377289377284,14.009792323420202,24.922548138714355,484
1.8031135531135534,14.009792323420202,25.261246414665184,485
1.7950549450549458,14.05680504933772,25.232737415487005,486
1.8031135531135534,14.009792323420202,25.261246414665184,487
1.7990842490842485,14.103817775255235,25.37395641141614,488
1.7950549450549458,14.103817775255235,25.317127841625755,489
1.7910256410256409,14.150830501172752,25.34450026940812,490
1.786996336996336,14.127324138213995,25.245476486548327,491
1.7749084249084257,14.22134959004903,25.24159320094601,492
1.7829670329670333,14.174336864131512,25.272375342915804,493
1.7910256410256409,14.19784322709027,25.428701266980905,494
1.8192307692307685,14.268362315966547,25.95744375173913,495
1.7990842490842485,14.291868678925304,25.712275830235022,496
1.7990842490842485,14.315375041884064,25.754565757587383,497
1.8152014652014659,14.315375041884064,25.98528975093645,498
1.8232600732600734,14.4094004937191,26.272084599812022,499
1.7910256410256409,14.4094004937191,25.807605756058436,500
1.786996336996336,14.385894130760342,25.70754011608582,501
1.786996336996336,14.456413219636618,25.833557469596045,502
1.7749084249084257,14.503425945554135,25.742252900799485,503
1.7587912087912083,14.55043867147165,25.591183619439967,504
1.8192307692307685,14.526932308512894,26.427842238179217,505
1.8152014652014659,14.526932308512894,26.369308811295117,506
1.7950549450549458,14.597451397389168,26.203227316082653,507
1.8192307692307685,14.644464123306685,26.64165973201561,508
1.7829670329670333,14.644464123306685,26.110596747324287,509
1.7628205128205132,14.691476849224204,25.89843675344011,510
1.8232600732600734,14.691476849224204,26.786383156415194,511
1.8031135531135534,14.785502301059237,26.65993958863154,512
1.786996336996336,14.761995938100481,26.37963266814035,513
1.7910256410256409,14.809008664017998,26.523314235427105,514
1.8192307692307685,14.809008664017998,26.941004223386578,515
1.7950549450549458,14.832515026976756,26.625179446776418,516
1.8434065934065935,14.879527752894276,27.429019566461704,517
1.8434065934065935,14.926540478811791,27.515683135392067,518
1.807142857142856,14.97355320472931,27.059349719975092,519
1.7910256410256409,14.97355320472931,26.818017726931853,520
1.807142857142856,15.044072293605588,27.186787787730083,521
1.807142857142856,15.091085019523101,27.27174649956673,522
1.7789377289377284,15.091085019523101,26.8461005118366,523
1.7749084249084257,15.067578656564342,26.74357230050643,524
1.8313186813186833,15.044072293605588,27.550490634388723,525
1.8514652014652033,15.13809774544062,28.02766119206216,526
1.8514652014652033,15.185110471358135,28.11470361812446,527
1.8232600732600734,15.185110471358135,27.68640563047074,528
1.7950549450549458,15.208616834316896,27.30030285588644,529
1.8031135531135534,15.255629560234413,27.50763242133843,530
1.7950549450549458,15.302642286151931,27.469083708163943,531
1.7990842490842485,15.279135923193174,27.488452779034155,532
1.8272893772893761,15.255629560234413,27.876449839278138,533
1.7789377289377284,15.34965501206945,27.306080427148448,534
1.807142857142856,15.373161375028207,27.781498770586673,535
1.7910256410256409,15.420174100945724,27.6179272038733,536
1.8192307692307685,15.514199552780761,28.22390918640499,537
1.786996336996336,15.443680463904485,27.59780041873919,538
1.7749084249084257,15.467186826863243,27.45284020863219,539
1.7547619047619056,15.561212278698278,27.306222498572943,540
1.786996336996336,15.537705915739519,27.76582355675282,541
1.7950549450549458,15.584718641657034,27.975426264996457,542
1.807142857142856,15.584718641657034,28.163812973851623,543
1.7789377289377284,15.678744093492071,27.891509410272608,544
1.811172161172161,15.678744093492071,28.39690482427529,545
1.8192307692307685,15.70225045645083,28.56601717654323,546
1.7910256410256409,15.70225045645083,28.12313318931001,547
1.7829670329670333,15.70225045645083,27.99659490724338,548
1.7547619047619056,15.772769545327105,27.677455130728767,549
1.7990842490842485,15.796275908285864,28.41883118078608,550
1.7990842490842485,15.796275908285864,28.41883118078608,551
1.7708791208791208,15.819782271244625,28.014922121000783,552
1.7628205128205132,15.890301360120898,28.01174919252082,553
1.7789377289377284,15.890301360120898,28.267856613709565,554
1.811172161172161,15.937314086038418,28.865219596489723,555
1.8031135531135534,15.984326811955937,28.821556312034105,556
1.807142857142856,16.00783317491469,28.928441380381532,557
1.786996336996336,15.984326811955937,28.56393346231758,558
1.807142857142856,16.03133953787345,28.97092073629986,559
1.811172161172161,16.101858626749728,29.163238087898907,560
1.766849816849816,16.07835226379097,28.408033752525895,561
1.7990842490842485,16.07835226379097,28.9263103090144,562
1.8514652014652033,16.125364989708483,29.855552139370552,563
1.8152014652014659,16.19588407858476,29.398792509680153,564
1.7708791208791208,16.219390441543524,28.72257988631581,565
1.7587912087912083,16.24289680450228,28.56786410506142,566
1.7789377289377284,16.19588407858476,28.81146924089629,567
1.7950549450549458,16.313415893378558,29.283477870147127,568
1.7990842490842485,16.360428619296073,29.433789437242723,569
1.811172161172161,16.336922256337317,29.588978789912034,570
1.7789377289377284,16.336922256337317,29.062367376520935,571
1.811172161172161,16.383934982254836,29.67412693031466,572
1.835347985347986,16.383934982254836,30.070222061753803,573
1.8313186813186833,16.430947708172347,30.090301489746423,574
1.807142857142856,16.477960434089866,29.778028498748096,575
1.7829670329670333,16.501466797048625,29.421571294737802,576
1.7950549450549458,16.524973160007388,29.663234787771515,577
1.7829670329670333,16.54847952296614,29.505393435178647,578
1.7950549450549458,16.61899861184242,29.83201564004902,579
1.7789377289377284,16.64250497480118,29.60598000370766,580
1.8031135531135534,16.666011337759937,30.050710919459085,581
1.7829670329670333,16.64250497480118,29.673037716060353,582
1.8031135531135534,16.736530426636214,30.17786484436512,583
1.7950549450549458,16.80704951551249,30.169577344604022,584
1.7990842490842485,16.760036789594974,30.15271820223285,585
1.8192307692307685,16.783543152553733,30.533138119838124,586
1.7910256410256409,16.783543152553733,30.059756133484054,587
1.8192307692307685,16.854062241430007,30.661428616139965,588
1.807142857142856,16.854062241430007,30.457698193441352,589
1.811172161172161,16.830555878471245,30.483034264139583,590
1.8031135531135534,16.901074967347522,30.474557335812523,591
1.8232600732600734,16.948087693265038,30.90077160924056,592
1.8393772893772886,16.9715940562238,31.217164671548638,593
1.8232600732600734,17.01860678214132,31.029346248391363,594
1.8152014652014659,16.99510041918256,30.84953118214623,595
1.7990842490842485,17.04211314510008,30.660197330461173,596
1.766849816849816,17.065619508058834,30.152386702242396,597
1.7910256410256409,17.136138596935112,30.691263615279937,598
1.8434065934065935,17.136138596935112,31.588870875119397,599
1.8031135531135534,17.15964495989387,30.940788393801316,600
1.7950549450549458,17.136138596935112,30.760310327575294,601
1.8152014652014659,17.15964495989387,31.148212673536303,602
1.7990842490842485,17.206657685811386,30.95622682192769,603
1.7950549450549458,17.206657685811386,30.886895966783417,604
1.7829670329670333,17.324189500605183,30.888458752452653,605
1.8192307692307685,17.324189500605183,31.51669859148557,606
1.7950549450549458,17.39470858948146,31.22445767133844,607
1.8192307692307685,17.371202226522698,31.602225589020126,608
1.8152014652014659,17.441721315398976,31.66023808734786,609
1.8192307692307685,17.418214952440216,31.68775258655469,610
1.8152014652014659,17.418214952440216,31.61756930286356,611
1.8272893772893761,17.46522767835774,31.91402500860349,612
1.7950549450549458,17.53574676723401,31.47762894975469,613
1.7829670329670333,17.53574676723401,31.265658384436467,614
1.7829670329670333,17.582759493151528,31.34948052487732,615
1.7950549450549458,17.55925313019277,31.519824162824065,616
1.8031135531135534,17.606265856110287,31.74609658487286,617
1.7829670329670333,17.72379767090408,31.600946946199862,618
1.7628205128205132,17.653278582027802,31.119561602933633,619
1.7789377289377284,17.72379767090408,31.529532376829906,620
1.7789377289377284,17.770810396821595,31.61316508870478,621
1.7950549450549458,17.817823122739117,31.98397150658721,622
1.8272893772893761,17.794316759780358,32.51536599126896,623
1.807142857142856,17.794316759780358,32.15687243017449,624
1.811172161172161,17.841329485697873,32.313719282796015,625
1.8434065934065935,17.888342211615388,32.97548797800529,626
1.8031135531135534,17.911848574574147,32.297096926132326,627
1.8031135531135534,17.958861300491666,32.381866209403015,628
1.7789377289377284,17.958861300491666,31.947695936204305,629
1.7829670329670333,17.958861300491666,32.020057648404105,630
1.7789377289377284,18.02938038936794,32.073145004016624,631
1.8031135531135534,18.0528867523267,32.55140477594439,632
1.8232600732600734,18.02938038936794,32.87224940955272,633
1.7910256410256409,18.09989947824422,32.41738406552202,634
1.7708791208791208,18.146912204161737,32.13598793077652,635
1.8152014652014659,18.123405841202977,32.89763283739245,636
1.7910256410256409,18.217431293038015,32.62788655945398,637
1.8031135531135534,18.24093765599677,32.89048190902715,638
1.807142857142856,18.24093765599677,32.963980192622714,639
1.7708791208791208,18.217431293038015,32.26086871289095,640
1.7990842490842485,18.24093765599677,32.81698362543154,641
1.8192307692307685,18.31145674487305,33.31276553971134,642
1.7910256410256409,18.381975833749326,32.922590050958725,643
1.766849816849816,18.334963107831808,32.39512620902076,644
1.811172161172161,18.428988559666838,33.37807103782882,645
1.7990842490842485,18.4524949226256,33.19759297160279,646
1.7749084249084257,18.428988559666838,32.709767057093664,647
1.8313186813186833,18.4524949226256,33.792398668742415,648
1.8152014652014659,18.49950764854312,33.580333389141195,649
1.8192307692307685,18.523014011501875,33.69763702861686,650
1.8232600732600734,18.546520374460634,33.81513009665854,651
1.835347985347986,18.781584004048224,34.47074236347387,652
1.786996336996336,18.593533100378153,33.22657554219589,653
1.8031135531135534,18.617039463336912,33.56863617519266,654
1.835347985347986,18.68755855221319,34.298172939877006,655
1.7910256410256409,18.68755855221319,33.469896535181825,656
1.811172161172161,18.711064915171946,33.88895988024457,657
1.7990842490842485,18.734571278130705,33.705072099831106,658
1.8031135531135534,18.758077641089464,33.82294402500472,659
1.8232600732600734,18.852103092924498,34.372286866311974,660
1.7990842490842485,18.852103092924498,33.916521736592905,661
1.8031135531135534,18.828596729965735,33.95009794991075,662
1.8192307692307685,18.922622181800776,34.42461650766063,663
1.807142857142856,18.96963490771829,34.28084022609089,664
1.811172161172161,18.99314127067705,34.399848722660316,665
1.7950549450549458,18.99314127067705,34.093732160056014,666
1.8232600732600734,18.99314127067705,34.629436144613564,667
1.8192307692307685,19.063660359553328,34.68119750026431,668
1.8393772893772886,19.087166722512087,35.10850098794667,669
1.8192307692307685,19.110673085470843,34.76672449779887,670
1.7950549450549458,19.063660359553328,34.220317799264144,671
1.7829670329670333,19.134179448429602,34.11561115942531,672
1.7910256410256409,19.20469853730588,34.39610750848245,673
1.7950549450549458,19.228204900264632,34.51568429074977,674
1.8232600732600734,19.228204900264632,35.0580182751162,675
1.8152014652014659,19.20469853730588,34.86039692367008,676
1.7990842490842485,19.275217626182158,34.6777404289354,677
1.7950549450549458,19.322230352099673,34.68446514302728,678
1.7990842490842485,19.36924307801719,34.84690013834483,679
1.7950549450549458,19.36924307801719,34.768855569166035,680
1.7547619047619056,19.39274944097595,34.02965794761734,681
1.7910256410256409,19.416255803934707,34.77501199755998,682
1.8031135531135534,19.463268529852225,35.094483274065055,683
1.8031135531135534,19.51028125576974,35.17925255733574,684
1.7708791208791208,19.486774892810985,34.50872279095044,685
1.8031135531135534,19.5337876187285,35.22163719897108,686
1.8272893772893761,19.55729398168726,35.73683554126257,687
1.8031135531135534,19.627813070563537,35.391175765512465,688
1.8152014652014659,19.651319433522293,35.67110382887171,689
1.8192307692307685,19.627813070563537,35.70752147067903,690
1.7990842490842485,19.651319433522293,35.354379266573154,691
1.8232600732600734,19.674825796481052,35.872324323071226,692
1.8313186813186833,19.69833215943981,36.07392367440273,693
1.8232600732600734,19.72183852239857,35.95804074917176,694
1.8313186813186833,19.745344885357333,36.1600189576352,695
1.7708791208791208,19.768851248316086,35.0082459194081,696
1.7990842490842485,19.815863974233604,35.650408758039674,697
1.7789377289377284,19.862876700151126,35.33482076713697,698
1.7749084249084257,19.886383063109882,35.296508839669954,699
1.786996336996336,19.933395789027397,35.62090525889015,700
1.8031135531135534,19.909889426068638,35.89979146513659,701
1.7749084249084257,19.980408514944916,35.46339540628778,702
1.7749084249084257,20.027421240862434,35.54683868959669,703
1.766849816849816,20.027421240862434,35.3854455513919,704
1.8031135531135534,20.027421240862434,36.111714673313315,705
1.786996336996336,20.121446692697468,35.956951534917415,706
1.7990842490842485,20.07443396677995,36.115597958915636,707
1.7789377289377284,20.07443396677995,35.71116797057392,708
1.7749084249084257,20.14495305565623,35.75544689786898,709
1.8272893772893761,20.14495305565623,36.810658724593786,710
1.786996336996336,20.215472144532505,36.12497467293105,711
1.7990842490842485,20.262484870450024,36.45391737773453,712
1.7910256410256409,20.238978507491264,36.24852945508371,713
1.7910256410256409,20.333003959326295,36.41693145022927,714
1.807142857142856,20.285991233408783,36.659684157517276,715
1.7829670329670333,20.30949759636754,36.21116467044652,716
1.7547619047619056,20.380016685243817,35.76207689767786,717
1.786996336996336,20.45053577412009,36.54503251796513,718
1.7910256410256409,20.403523048202572,36.543232946588454,719
1.8031135531135534,20.45053577412009,36.87463822274951,720
1.7789377289377284,20.521054862996365,36.50567873338528,721
1.7749084249084257,20.521054862996365,36.42299316434027,722
1.8031135531135534,20.54456122595513,37.044176789290894,723
1.8272893772893761,20.591573951872643,37.6267643439255,724
1.811172161172161,20.638586677790162,37.380033636752174,725
1.8313186813186833,20.638586677790162,37.79582933905202,726
1.7910256410256409,20.638586677790162,36.96423793445238,727
1.786996336996336,20.709105766666436,37.00709614750262,728
1.8232600732600734,20.75611849258395,37.843802123383384,729
1.8232600732600734,20.709105766666436,37.75808569728286,730
1.8232600732600734,20.826637581460233,37.97237676253418,731
1.807142857142856,20.803131218501473,37.594229987720496,732
1.8192307692307685,20.803131218501473,37.84569640904305,733
1.7829670329670333,20.897156670336507,37.25894142595713,734
1.7829670329670333,20.873650307377744,37.217030355736696,735
1.7910256410256409,20.92066303329527,37.46944391988909,736
1.7749084249084257,20.944169396254026,37.173982714120484,737
1.7950549450549458,20.92066303329527,37.553739631744875,738
1.8152014652014659,20.99118212217154,38.103224544476596,739
1.807142857142856,21.06170121104782,38.061502902822106,740
1.7950549450549458,20.99118212217154,37.680325270953,741
1.7708791208791208,21.085207574006578,37.33935385221055,742
1.8272893772893761,21.0146884851303,38.39991703592397,743
1.811172161172161,21.085207574006578,38.18894097057711,744
1.7910256410256409,21.17923302584161,37.932549406539394,745
1.811172161172161,21.20273938880037,38.40181132158367,746
1.8232600732600734,21.20273938880037,38.65810817133841,747
1.8152014652014659,21.22624575175913,38.52991238931956,748
1.8192307692307685,21.296764840635404,38.743729883155936,749
1.8232600732600734,21.27325847767665,38.786682810489204,750
1.811172161172161,21.27325847767665,38.529533532187614,751
1.811172161172161,21.320271203594167,38.61468167259024,752
1.7910256410256409,21.367283929511686,38.26935339683054,753
1.7708791208791208,21.4142966554292,37.92213083541116,754
1.8232600732600734,21.39079029247044,39.00097387574053,755
1.8434065934065935,21.437803018387957,39.51858743224813,756
1.8313186813186833,21.4142966554292,39.21640151238769,757
1.7910256410256409,21.508322107264238,38.5219563895489,758
1.7829670329670333,21.55533483318175,38.432451392129,759
1.7829670329670333,21.55533483318175,38.432451392129,760
1.807142857142856,21.57884119614051,38.996048733025326,761
1.7950549450549458,21.649360285016787,38.861791236895534,762
1.786996336996336,21.672866647975546,38.72933331214236,763
1.766849816849816,21.649360285016787,38.251168254497586,764
1.7708791208791208,21.672866647975546,38.38002703649735,765
1.7789377289377284,21.743385736851824,38.68012924213218,766
1.7950549450549458,21.719879373893065,38.988376876103665,767
1.7950549450549458,21.837411188686854,39.19935294145054,768
1.7829670329670333,21.837411188686854,38.9353842347741,769
1.8031135531135534,21.766892099810583,39.2481781543288,770
1.786996336996336,21.860917551645617,39.06537958816963,771
1.7789377289377284,21.907930277563135,38.97284373369426,772
1.786996336996336,21.907930277563135,39.149391157176446,773
1.7950549450549458,21.931436640521888,39.36813379372804,774
1.786996336996336,21.97844936643941,39.27540851068667,775
1.807142857142856,22.001955729398166,39.760677139555234,776
1.8192307692307685,22.048968455315684,40.112161843708904,777
1.7910256410256409,22.095981181233203,39.57446885920869,778
1.7910256410256409,22.072474818274443,39.5323683604223,779
1.7789377289377284,22.14299390715072,39.39100729306866,780
1.7749084249084257,22.119487544191962,39.260064796843295,781
1.7990842490842485,22.190006633068236,39.92169142062806,782
1.7789377289377284,22.23701935898575,39.558272716818415,783
1.7910256410256409,22.260525721944514,39.86917235071344,784
1.8152014652014659,22.213512996026996,40.322001337660005,785
1.7910256410256409,22.307538447862033,39.95337334828623,786
1.8393772893772886,22.354551173779544,41.118453743272504,787
1.8232600732600734,22.28403208490327,40.62958597165056,788
1.7749084249084257,22.378057536738307,39.71900285504231,789
1.7910256410256409,22.401563899697063,40.121775343431786,790
1.7990842490842485,22.47208298857334,40.42917054885638,791
1.811172161172161,22.425070262655826,40.61566297205191,792
1.7749084249084257,22.47208298857334,39.88588942166014,793
1.7547619047619056,22.542602077449622,39.55689935971519,794
1.7789377289377284,22.542602077449622,40.10188534400515,795
1.8031135531135534,22.51909571449086,40.604486686659804,796
1.807142857142856,22.613121166325893,40.865140393431766,797
1.811172161172161,22.613121166325893,40.95625553366241,798
1.8031135531135534,22.68364025520217,40.90117917810722,799
1.7749084249084257,22.566108440408378,40.052775988277965,800
1.7708791208791208,22.73065298111969,40.2532387682136,801
1.8031135531135534,22.68364025520217,40.90117917810722,802
1.8152014652014659,22.801172069995967,41.38872094976742,803
1.8434065934065935,22.777665707037205,41.988499146763644,804
1.811172161172161,22.777665707037205,41.25427402507159,805
1.8272893772893761,22.848184795913486,41.750245367917344,806
1.811172161172161,22.824678432954723,41.33942216547422,807
1.811172161172161,22.848184795913486,41.38199623567554,808
1.7950549450549458,22.94221024774852,41.18252795571123,809
1.8232600732600734,22.895197521831,41.74389951095744,810
1.786996336996336,23.01272933662479,41.123663028836624,811
1.7910256410256409,22.965716610707275,41.132187314305206,812
1.786996336996336,23.01272933662479,41.123663028836624,813
1.7990842490842485,23.08324842550107,41.52870866001775,814
1.807142857142856,23.130261151418587,41.79968622363499,815
1.766849816849816,23.130261151418587,40.86769767907234,816
1.7749084249084257,23.130261151418587,41.054095387984916,817
1.7910256410256409,23.130261151418587,41.426890805809954,818
1.7910256410256409,23.22428660325362,41.59529280095552,819
1.786996336996336,23.177273877336102,41.417703520360476,820
1.7628205128205132,23.27129932917114,41.02312381744913,821
1.8152014652014659,23.27129932917114,42.242096639453344,822
1.766849816849816,23.247792966212383,41.07535874451479,823
1.7950549450549458,23.318312055088654,41.857651364821244,824
1.7990842490842485,23.341818418047417,41.99389786089372,825
1.7749084249084257,23.388831143964936,41.51303344618394,826
1.7507326007326007,23.341818418047417,40.86528246485627,827
1.786996336996336,23.435843869882447,41.879767149897965,828
1.766849816849816,23.435843869882447,41.40761644922268,829
1.8031135531135534,23.459350232841206,42.29987235207357,830
1.7950549450549458,23.553375684676244,42.27960349551501,831
1.8031135531135534,23.529869321717488,42.42702627697962,832
1.807142857142856,23.576882047635,42.606793986083225,833
1.7950549450549458,23.623894773552525,42.40618913472315,834
1.7789377289377284,23.64740113651128,42.06725407306484,835
1.7708791208791208,23.600388410593762,41.793435080958076,836
1.7990842490842485,23.64740113651128,42.5436669164744,837
1.8031135531135534,23.670907499470037,42.681334126791675,838
1.811172161172161,23.71792022538755,42.95723683312408,839
1.811172161172161,23.76493295130507,43.04238497352671,840
1.8031135531135534,23.81194567722259,42.93564197660374,841
1.8031135531135534,23.788439314263833,42.8932573349684,842
1.811172161172161,23.835452040181348,43.17010718413064,843
1.8313186813186833,23.882464766098867,43.73640388209209,844
1.8514652014652033,23.905971129057626,44.261073652682015,845
1.7749084249084257,23.882464766098867,42.38918792092751,846
1.786996336996336,23.95298385497514,42.80389440897295,847
1.7910256410256409,23.99999658089266,42.98460926090647,848
1.807142857142856,24.04700930681018,43.4563811044498,849
1.8031135531135534,24.023502943851422,43.317103751321845,850
1.807142857142856,24.070515669768934,43.49886046036812,851
1.807142857142856,24.11752839568645,43.58381917220477,852
1.7829670329670333,24.11752839568645,43.00075804615524,853
1.8031135531135534,24.164541121603968,43.5714116011339,854
1.7789377289377284,24.141034758645212,42.94539754775108,855
1.8393772893772886,24.18804748456273,44.49094521748414,856
1.8031135531135534,24.282072936397764,43.783334809310624,857
1.811172161172161,24.235060210480246,43.89386637755295,858
1.8152014652014659,24.305579299356523,44.11952315676238,859
1.807142857142856,24.3760983882328,44.051092087306394,860
1.8152014652014659,24.352592025274042,44.204860725730974,861
1.8031135531135534,24.329085662315286,43.868104092581326,862
1.835347985347986,24.399604751191557,44.78176542338657,863
1.8232600732600734,24.399604751191557,44.486825146174354,864
1.7789377289377284,24.423111114150313,43.447193819000354,865
1.7910256410256409,24.49363020302659,43.8687197354207,866
1.8152014652014659,24.54064292894411,44.54621100160534,867
1.807142857142856,24.517136565985346,44.30596822281635,868
1.8232600732600734,24.564149291902872,44.78683263752621,869
1.7990842490842485,24.61116201782039,44.277553937921176,870
1.7950549450549458,24.61116201782039,44.17838808363695,871
1.7950549450549458,24.658174743737902,44.26277850977569,872
1.766849816849816,24.681681106696665,43.60882374291256,873
1.7587912087912083,24.681681106696665,43.40992374864616,874
1.8031135531135534,24.75220019557294,44.631027642017514,875
1.7829670329670333,24.728693832614184,44.09044587188629,876
1.7990842490842485,24.822719284449214,44.65816328409241,877
1.807142857142856,24.822719284449214,44.85819984975463,878
1.7708791208791208,24.869732010366732,44.041289159017566,879
1.7829670329670333,24.846225647407973,44.3000012229884,880
1.7950549450549458,24.869732010366732,44.642535427400084,881
1.7910256410256409,24.96375746220177,44.71072971114855,882
1.8152014652014659,24.91674473628425,45.22891155335408,883
1.8031135531135534,24.96375746220177,45.01248941673561,884
1.7950549450549458,25.034276551078044,44.937901918885714,885
1.8192307692307685,25.010770188119288,45.500362688386225,886
1.7990842490842485,25.0577829140368,45.08106255761601,887
1.8031135531135534,25.0577829140368,45.18202798327698,888
1.8152014652014659,25.104795639954318,45.57026182922845,889
1.8031135531135534,25.151808365871837,45.351566549818365,890
1.8031135531135534,25.151808365871837,45.351566549818365,891
1.7829670329670333,25.198821091789352,44.92866727629476,892
1.7749084249084257,25.198821091789352,44.72559985357705,893
1.8031135531135534,25.24583381770687,45.52110511635974,894
1.7547619047619056,25.29284654362439,44.38292357774091,895
1.8152014652014659,25.31635290658315,45.95428088958712,896
1.7628205128205132,25.339859269541904,44.6696237123335,897
1.7547619047619056,25.31635290658315,44.42417164798045,898
1.7990842490842485,25.363365632500667,45.6308316131967,899
1.7950549450549458,25.410378358418185,45.613025327995736,900
1.807142857142856,25.457391084335697,46.00514245954948,901
1.786996336996336,25.504403810253216,45.57627618619789,902
1.7789377289377284,25.48089744729446,45.32892983618517,903
1.7910256410256409,25.504403810253216,45.67904118323556,904
1.811172161172161,25.574922899129493,46.320588379027754,905
1.8031135531135534,25.551416536170738,46.07210545761922,906
1.766849816849816,25.551416536170738,45.145515627186626,907
1.7990842490842485,25.645441988005768,46.138310741425016,908
1.7749084249084257,25.66894835096453,45.56003268666618,909
1.807142857142856,25.692454713923286,46.42993601873277,910
1.7708791208791208,25.66894835096453,45.45660468964763,911
1.7950549450549458,25.715961076882046,46.16156309789763,912
1.786996336996336,25.715961076882046,45.954328246728565,913
1.8192307692307685,25.809986528717083,46.95432164647375,914
1.8031135531135534,25.809986528717083,46.53833651560801,915
1.8313186813186833,25.904011980552117,47.438501061088076,916
1.786996336996336,25.833492891675842,46.16435716924561,917
1.766849816849816,25.904011980552117,45.768498823513944,918
1.766849816849816,25.951024706469635,45.85156324969092,919
1.7950549450549458,26.02154379534591,46.71010086779952,920
1.7990842490842485,25.951024706469635,46.688079797005706,921
1.7789377289377284,26.045050158304665,46.33252237868373,922
1.7708791208791208,26.02154379534591,46.081008600219704,923
1.7749084249084257,26.09206288422219,46.311022236446405,924
1.8031135531135534,26.139075610139702,47.13172149850282,925
1.7910256410256409,26.068556521263428,46.68945315410898,926
1.7829670329670333,26.16258197309846,46.647021155332155,927
1.766849816849816,26.18608833605722,46.2668853805758,928
1.8031135531135534,26.23310106197474,47.301260065044204,929
1.807142857142856,26.209594699015984,47.364481848936,930
1.8031135531135534,26.327126513809773,47.47079863158558,931
1.8031135531135534,26.280113787892255,47.386029348314885,932
1.7628205128205132,26.350632876768532,46.45143616097018,933
1.8192307692307685,26.374139239727292,47.98064561688848,934
1.7990842490842485,26.327126513809773,47.36471863464347,935
1.7950549450549458,26.374139239727292,47.34302906384016,936
1.8272893772893761,26.44465832860357,48.32204324990433,937
1.8031135531135534,26.421151965644807,47.64033719812695,938
1.8152014652014659,26.44465832860357,48.002382544833345,939
1.811172161172161,26.468164691562325,47.93840304667762,940
1.807142857142856,26.49167105452109,47.874234119955936,941
1.8031135531135534,26.60920286931488,47.97941433120972,942
1.7467032967032958,26.562190143397363,46.396265091131966,943
1.766849816849816,26.60920286931488,47.014465216168595,944
1.7587912087912083,26.63270923227364,46.84137486401533,945
1.8031135531135534,26.75024104706743,48.233722181021776,946
1.807142857142856,26.72673468410867,48.299027679139215,947
1.8232600732600734,26.75024104706743,48.772646451200785,948
1.8192307692307685,26.72673468410867,48.62209809839768,949
1.786996336996336,26.820760135943704,47.92860011838875,950
1.811172161172161,26.820760135943704,48.5770140996973,951
1.807142857142856,26.867772861861223,48.55390381464918,952
1.7990842490842485,26.844266498902467,48.29509703639539,953
1.7950549450549458,26.891279224819986,48.271323751366445,954
1.7587912087912083,26.9382919507375,47.37883106280809,955
1.7507326007326007,26.9382919507375,47.16174592620875,956
1.7628205128205132,27.00881103961378,47.6116861275243,957
1.786996336996336,26.98530467665502,48.22264060991262,958
1.811172161172161,27.032317402572538,48.96018073150912,959
1.8272893772893761,27.055823765531294,49.43881936056878,960
1.8031135531135534,27.10283649144881,48.86949180555193,961
1.7910256410256409,27.10283649144881,48.541875100710236,962
1.7386446886446894,27.14984921736633,47.20394113927815,963
1.7628205128205132,27.196861943283846,47.94318611796833,964
1.7708791208791208,27.196861943283846,48.162354968793316,965
1.786996336996336,27.290887395118883,48.768715808456925,966
1.7950549450549458,27.243874669201364,48.90425194740708,967
1.766849816849816,27.243874669201364,48.13583496955777,968
1.7829670329670333,27.290887395118883,48.658752525912526,969
1.7950549450549458,27.337900121036398,49.07303279968459,970
1.786996336996336,27.361406483995157,48.894733161967146,971
1.8152014652014659,27.408419209912672,49.75180270868949,972
1.7789377289377284,27.431925572871435,48.79968737899271,973
1.786996336996336,27.431925572871435,49.02075051547737,974
1.811172161172161,27.50244466174771,49.81166213553536,975
1.8031135531135534,27.54945738766523,49.674799996623484,976
1.7910256410256409,27.478938298788947,49.215483081292504,977
1.786996336996336,27.50244466174771,49.14676786898759,978
1.7990842490842485,27.54945738766523,49.5637948569662,979
1.8313186813186833,27.572963750623984,50.49488361584057,980
1.7910256410256409,27.666989202459025,49.552287071583656,981
1.811172161172161,27.69049556541778,50.152254697145864,982
1.7749084249084257,27.643482839500262,49.06465058564051,983
1.7950549450549458,27.714001928376543,49.74815620879462,984
1.7990842490842485,27.7375082913353,49.90211427578508,985
1.7990842490842485,27.714001928376543,49.859824348432724,986
1.8031135531135534,27.831533743170333,50.183415696247614,987
1.786996336996336,27.831533743170333,49.734848852035306,988
1.7829670329670333,27.902052832046607,49.748440351643545,989
1.7587912087912083,27.878546469087848,49.03254244370889,990
1.7950549450549458,27.878546469087848,50.04352270028024,991
1.811172161172161,27.949065557964126,50.62056946936029,992
1.786996336996336,27.996078283881644,50.028889343559165,993
1.7950549450549458,27.996078283881644,50.254498765627126,994
1.7910256410256409,27.97257192092289,50.099593555806756,995
1.7990842490842485,28.019584646840404,50.40959340401341,996
1.7829670329670333,28.04309100979916,49.99990677296609,997
1.8152014652014659,28.090103735716678,50.98919745873408,998
1.8192307692307685,28.160622824592952,51.23067152320177,999
1.875641025641026,28.18412918755171,52.86330897613867,1000
1.7990842490842485,28.160622824592952,50.66333296812756,1001
1.8313186813186833,28.23114191346923,51.70021758109508,1002
1.7910256410256409,28.278154639386745,50.64690004002985,1003
1.8152014652014659,28.278154639386745,51.33054773460845,1004
1.7990842490842485,28.23114191346923,50.79020275018464,1005
1.7789377289377284,28.325167365304267,50.388708904615434,1006
1.7547619047619056,28.39568645418054,49.82766884935969,1007
1.7507326007326007,28.4191928171393,49.754407351471535,1008
1.7708791208791208,28.39568645418054,50.285328264738396,1009
1.7467032967032958,28.46620554305682,49.72201506669098,1010
1.7587912087912083,28.489711906015575,50.10745484129441,1011
1.7789377289377284,28.489711906015575,50.68142339617751,1012
1.7950549450549458,28.513218268974338,51.18279345315341,1013
1.8031135531135534,28.536724631933094,51.45495494530794,1014
1.835347985347986,28.58373735785061,52.461104773447076,1015
1.7910256410256409,28.56023099489185,51.15210602546655,1016
1.7950549450549458,28.630750083768127,51.39376951850028,1017
1.8192307692307685,28.630750083768127,52.085941498547385,1018
1.7990842490842485,28.677762809685646,51.593711369879486,1019
1.766849816849816,28.65425644672689,50.627767754867065,1020
1.7829670329670333,28.724775535603165,51.2153278093584,1021
1.7910256410256409,28.865813713355717,51.69941250968966,1022
1.7708791208791208,28.724775535603165,50.868105247939006,1023
1.8272893772893761,28.74828189856192,52.531430128562654,1024
1.7910256410256409,28.889320076314473,51.74151300847605,1025
1.7829670329670333,28.889320076314473,51.50870530090136,1026
1.7708791208791208,28.912826439273235,51.20112066691079,1027
1.8393772893772886,28.93633280223199,53.2248333942886,1028
1.8192307692307685,28.95983916519075,52.684630481289304,1029
1.8152014652014659,29.053864617025788,52.73861762259023,1030
1.7829670329670333,29.00685189110827,51.71826065200349,1031
1.7628205128205132,29.03035825406703,51.17531102479766,1032
1.811172161172161,29.053864617025788,52.621550768821976,1033
1.807142857142856,29.124383705902062,52.63192198280869,1034
1.7910256410256409,29.147890068860825,52.20461849512637,1035
1.7950549450549458,29.147890068860825,52.32206420602657,1036
1.7910256410256409,29.218409157737096,52.33091999148554,1037
1.7910256410256409,29.17139643181958,52.24671899391276,1038
1.7829670329670333,29.265421883654614,52.17928242442815,1039
1.7708791208791208,29.28892824661337,51.867151504854334,1040
1.7708791208791208,29.218409157737096,51.74227072273992,1041
1.8152014652014659,29.312434609572133,53.20797425191749,1042
1.8232600732600734,29.28892824661337,53.401333460629324,1043
1.8152014652014659,29.382953698448407,53.33598060537038,1044
1.7950549450549458,29.429966424365922,52.82840676285907,1045
1.7749084249084257,29.382953698448407,52.15205206807026,1046
1.807142857142856,29.453472787324678,53.22663296566528,1047
1.8192307692307685,29.500485513242204,53.668190952936754,1048
1.786996336996336,29.523991876200963,52.7592653362807,1049
1.7789377289377284,29.547498239159715,52.563159413362314,1050
1.811172161172161,29.500485513242204,53.43045810264691,1051
1.8272893772893761,29.64152369099476,54.163641367226106,1052
1.766849816849816,29.618017328035997,52.33058849149507,1053
1.7910256410256409,29.64152369099476,53.08872896964061,1054
1.7910256410256409,29.688536416912267,53.17292996721338,1055
1.7950549450549458,29.71204277987103,53.33474931969159,1056
1.7950549450549458,29.618017328035997,53.16596846741409,1057
1.7990842490842485,29.735549142829786,53.4967581007357,1058
1.7990842490842485,29.7825618687473,53.58133795544041,1059
1.811172161172161,29.806068231706067,53.98392101526397,1060
1.8232600732600734,29.7825618687473,54.30135593468487,1061
1.811172161172161,29.853080957623582,54.06906915566659,1062
1.7829670329670333,29.92360004649986,53.35279239060004,1063
1.7507326007326007,29.92360004649986,52.38822213269087,1064
1.7990842490842485,29.94710640945862,53.877367446906945,1065
1.8232600732600734,30.041131861293653,54.77279627823779,1066
1.835347985347986,30.041131861293653,55.135930839198494,1067
1.8031135531135534,30.041131861293653,54.16757200996997,1068
1.811172161172161,30.01762549833489,54.36708764707577,1069
1.811172161172161,30.041131861293653,54.40966171727709,1070
1.8232600732600734,30.06463822425241,54.81565449128805,1071
1.835347985347986,30.182170039046202,55.39478497459379,1072
1.8031135531135534,30.182170039046202,54.42187985978203,1073
1.8031135531135534,30.20567640200497,54.46426450141739,1074
1.7829670329670333,30.20567640200497,53.85572523324513,1075
1.7829670329670333,30.229182764963728,53.89763630346556,1076
1.8031135531135534,30.229182764963728,54.506649143052734,1077
1.766849816849816,30.323208216798758,53.576554884149715,1078
1.7829670329670333,30.346714579757517,54.10719165456767,1079
1.7789377289377284,30.37022094271627,54.026731871172714,1080
1.7789377289377284,30.37022094271627,54.026731871172714,1081
1.7628205128205132,30.440740031592554,53.66156095312791,1082
1.7628205128205132,30.440740031592554,53.66156095312791,1083
1.7587912087912083,30.46424639455131,53.58024874118611,1084
1.7708791208791208,30.440740031592554,53.906870946056486,1085
1.8192307692307685,30.53476548342758,55.54978489869708,1086
1.835347985347986,30.558271846386347,56.08506266898126,1087
1.8031135531135534,30.53476548342758,55.05764948431219,1088
1.7749084249084257,30.605284572303862,54.32157743410199,1089
1.8272893772893761,30.628790935262618,55.967664315222514,1090
1.8031135531135534,30.675803661180137,55.311957334124266,1091
1.7910256410256409,30.628790935262618,54.856949918669066,1092
1.7628205128205132,30.6993100241389,54.117373439988455,1093
1.7950549450549458,30.76982911301517,55.233533907813516,1094
1.7950549450549458,30.76982911301517,55.233533907813516,1095
1.7990842490842485,30.840348201891448,55.48438468629663,1096
1.7950549450549458,30.840348201891448,55.36011954702165,1097
1.7950549450549458,30.863854564850204,55.40231476009102,1098
1.7789377289377284,30.88736092780897,54.94669170179642,1099
1.7829670329670333,30.981386379644,55.23879055051912,1100
1.7950549450549458,30.95788001668524,55.57109561236853,1101
1.7990842490842485,30.981386379644,55.73812425041079,1102
1.835347985347986,30.981386379644,56.86162507516715,1103
1.7950549450549458,31.051905468520278,55.73987646464604,1104
1.7910256410256409,31.098918194437793,55.698959894396914,1105
1.7708791208791208,31.075411831479038,55.030797985086224,1106
1.7547619047619056,31.122424557396556,54.612444997145886,1107
1.7628205128205132,31.075411831479038,54.78037342087652,1108
1.7910256410256409,31.216450009231586,55.909462388328876,1109
1.7829670329670333,31.169437283314068,55.57407911228251,1110
1.7990842490842485,31.145930920355312,56.03415374187731,1111
1.7829670329670333,31.216450009231586,55.65790125272336,1112
1.7950549450549458,31.263462735149105,56.11963338227042,1113
1.7950549450549458,31.28696909810787,56.16182859533981,1114
1.807142857142856,31.31047546106662,56.582502083213214,1115
1.8031135531135534,31.40450091290166,56.62588122481994,1116
1.811172161172161,31.428007275860416,56.921531859154506,1117
1.8434065934065935,31.357488186984142,57.80460047655593,1118
1.7990842490842485,31.428007275860416,56.54163287010564,1119
1.8031135531135534,31.498526364736694,56.79541979136132,1120
1.7950549450549458,31.40450091290166,56.37280466068668,1121
1.8152014652014659,31.522032727695457,57.21883999344135,1122
1.7990842490842485,31.54553909065421,56.753082506867436,1123
1.7708791208791208,31.592551816571728,55.94659038725861,1124
1.7749084249084257,31.616058179530484,56.1156080252436,1125
1.7789377289377284,31.616058179530484,56.24299873585705,1126
1.7587912087912083,31.663070905448,55.688730751834626,1127
1.7950549450549458,31.73358999432428,56.96353764365795,1128
1.8232600732600734,31.357488186984142,57.1728562090526,1129
1.7789377289377284,31.663070905448,56.32663144773193,1130
1.7749084249084257,31.757096357283043,56.36593787517035,1131
1.8272893772893761,31.780602720241795,58.07235775455168,1132
1.7950549450549458,31.827615446159317,57.13231849593546,1133
1.7708791208791208,31.80410908320056,56.321232733601875,1134
1.8272893772893761,31.874628172076836,58.24416946388469,1135
1.7950549450549458,31.945147260953107,57.34329456128233,1136
1.7789377289377284,31.945147260953107,56.82842771898122,1137
1.8313186813186833,31.99215998687063,58.58784023969226,1138
1.807142857142856,31.99215998687063,57.81440340484475,1139
1.7829670329670333,31.968653623911873,56.99905549977695,1140
1.7749084249084257,32.01566634982938,56.824875933369356,1141
1.8152014652014659,32.0626790757469,58.20022203658015,1142
1.7547619047619056,32.15670452758194,56.42736008768547,1143
1.8192307692307685,32.15670452758194,58.50046631363942,1144
1.8031135531135534,32.203717253499455,58.066959040421644,1145
1.8434065934065935,32.15670452758194,59.2778811483722,1146
1.8393772893772886,32.25072997941697,59.32126028997884,1147
1.7950549450549458,32.22722361645821,57.84963711811484,1148
1.786996336996336,32.22722361645821,57.58993055417263,1149
1.7950549450549458,32.29774270533449,57.97622275732299,1150
1.8313186813186833,32.39176815716952,59.319650147168204,1151
1.786996336996336,32.34475543125201,57.799959476689686,1152
1.7950549450549458,32.36826179421077,58.10280839653111,1153
1.8031135531135534,32.36826179421077,58.36365153186905,1154
1.7829670329670333,32.34475543125201,57.669632623303734,1155
1.7910256410256409,32.43878088308705,58.09868832522129,1156
1.766849816849816,32.462287246045804,57.35598627520214,1157
1.7708791208791208,32.509299971963316,57.57004055474602,1158
1.7950549450549458,32.556312697880834,58.44037010108612,1159
1.7990842490842485,32.53280633492208,58.52925945566657,1160
1.786996336996336,32.626831786757116,58.304028890730585,1161
1.7628205128205132,32.626831786757116,57.5152483420398,1162
1.8031135531135534,32.626831786757116,58.829882589857846,1163
1.7910256410256409,32.65033814971587,58.47759281429881,1164
1.8192307692307685,32.673844512674634,59.4412632865196,1165
1.8031135531135534,32.79137632746843,59.126575081305255,1166
1.8031135531135534,32.76786996450967,59.08419043966992,1167
1.7749084249084257,32.76786996450967,58.15996846631197,1168
1.786996336996336,32.81488269042718,58.640075166757846,1169
1.7950549450549458,32.885401779303464,59.0311030840574,1170
1.7708791208791208,32.861895416344694,58.1944444653181,1171
1.7829670329670333,32.81488269042718,58.50785402771221,1172
1.7749084249084257,32.90890814226222,58.4102983162387,1173
1.8152014652014659,32.95592086817973,59.82163584698341,1174
1.7587912087912083,33.049946320014776,58.12795503866334,1175
1.7789377289377284,33.049946320014776,58.79379644804092,1176
1.8232600732600734,33.02643995705601,60.215789335621366,1177
1.8152014652014659,33.00293359409725,59.90697341595201,1178
1.807142857142856,33.09695904593228,59.81093313300616,1179
1.8192307692307685,33.12046540889105,60.25376976309793,1180
1.7910256410256409,33.19098449776732,59.44590428638582,1181
1.7910256410256409,33.19098449776732,59.44590428638582,1182
1.8232600732600734,33.16747813480857,60.472938613922956,1183
1.8192307692307685,33.19098449776732,60.38206025939975,1184
1.8192307692307685,33.2615035866436,60.5103507557016,1185
1.7990842490842485,33.33202267551987,59.96711698564681,1186
1.7708791208791208,33.30851631256111,58.985356085376075,1187
1.7587912087912083,33.30851631256111,58.58272566841104,1188
1.811172161172161,33.402541764396155,60.497753756064746,1189
1.7950549450549458,33.402541764396155,59.959397771583674,1190
1.8152014652014659,33.37903540143739,60.589673967700755,1191
1.7749084249084257,33.449554490313666,59.36989607429119,1192
1.8313186813186833,33.449554490313666,61.25679401989866,1193
1.8272893772893761,33.47306085327243,61.16496852254557,1194
1.7990842490842485,33.567086305107466,60.39001625917042,1195
1.7467032967032958,33.61409903102498,58.71385759320239,1196
1.7547619047619056,33.52007357918995,58.81974816157858,1197
1.7789377289377284,33.61409903102498,59.79738899053947,1198
1.807142857142856,33.61409903102498,60.745478963209386,1199
1.7950549450549458,33.708124482860015,60.50793554148556,1200
1.807142857142856,33.68461811990126,60.87291703096438,1201
1.7708791208791208,33.68461811990126,59.65138692331964,1202
1.7829670329670333,33.708124482860015,60.100474696088334,1203
1.7507326007326007,33.802149934695045,59.17852586552197,1204
1.7950549450549458,33.802149934695045,60.67671639376305,1205
1.8031135531135534,33.802149934695045,60.94911467162505,1206
1.7990842490842485,33.802149934695045,60.812915532694014,1207
1.7990842490842485,33.919681749488845,61.02436516945583,1208
1.7950549450549458,33.896175386530075,60.84549724604055,1209
1.7708791208791208,33.96669447540636,60.15091005177731,1210
1.786996336996336,33.9431881124476,60.65635282292144,1211
1.7708791208791208,34.03721356428264,60.275790833891726,1212
1.8192307692307685,34.08422629020016,62.00707321255641,1213
1.811172161172161,34.01370720132387,61.604679581298846,1214
1.7708791208791208,34.08422629020016,60.35904468863467,1215
1.7950549450549458,34.10773265315891,61.22525416366495,1216
1.766849816849816,34.17825174203519,60.38783783066177,1217
1.7547619047619056,34.20175810499395,60.015942198525124,1218
1.786996336996336,34.17825174203519,61.076410667955514,1219
1.786996336996336,34.154745379076424,61.034404883452105,1220
1.7950549450549458,34.225264467952705,61.436230229011834,1221
1.7990842490842485,34.225264467952705,61.5741342250365,1222
1.7990842490842485,34.31928991978774,61.74329393444595,1223
1.7829670329670333,34.29578355682898,61.14825145159893,1224
1.766849816849816,34.342796282746505,60.6785633222812,1225
1.7587912087912083,34.36630264570526,60.44315097192445,1226
1.786996336996336,34.41331537162277,61.496468512989594,1227
1.807142857142856,34.41331537162277,62.18977706443255,1228
1.7990842490842485,34.38980900866402,61.87016371650303,1229
1.811172161172161,34.46032809754029,62.413586915123794,1230
1.8393772893772886,34.53084718641657,63.51525609765229,1231
1.8313186813186833,34.55435354937533,63.28003317586159,1232
1.811172161172161,34.577859912334084,62.62645726613035,1233
1.8031135531135534,34.60136627529285,62.39019248722676,1234
1.8031135531135534,34.6248726382516,62.4325771288621,1235
1.8272893772893761,34.648379001210365,63.312614889207985,1236
1.8031135531135534,34.71889809008664,62.602115695403484,1237
1.8031135531135534,34.71889809008664,62.602115695403484,1238
1.811172161172161,34.67188536416912,62.796753546935605,1239
1.7829670329670333,34.78941717896292,62.02838392622786,1240
1.807142857142856,34.76591081600416,62.826967403207476,1241
1.8232600732600734,34.85993626783919,63.55872995354197,1242
1.7950549450549458,34.88344263079795,62.61769619495437,1243
1.8232600732600734,34.88344263079795,63.601588166592244,1244
1.7950549450549458,34.88344263079795,62.61769619495437,1245
1.811172161172161,34.953961719674226,63.30764238935135,1246
1.7628205128205132,34.97746808263298,61.658998222590206,1247
1.7749084249084257,34.953961719674226,62.04008114017639,1248
1.786996336996336,35.0244808085505,62.58861891007821,1249
1.766849816849816,35.07149353446802,61.966061928024324,1250
1.766849816849816,35.07149353446802,61.966061928024324,1251
1.7628205128205132,35.07149353446802,61.82474821781223,1252
1.7829670329670333,35.11850626038554,62.615138909313785,1253
1.7628205128205132,35.1420126233443,61.94906071422875,1254
1.7910256410256409,35.165518986303056,62.982346184442775,1255
1.7829670329670333,35.1420126233443,62.657049979534214,1256
1.8031135531135534,35.283050801096856,63.61934709465176,1257
1.7507326007326007,35.212531712220574,61.6477272229151,1258
1.7910256410256409,35.212531712220574,63.06654718201556,1259
1.786996336996336,35.33006352701437,63.134694108622526,1260
1.7708791208791208,35.33006352701437,62.56527183932269,1261
1.807142857142856,35.33006352701437,63.84647194524735,1262
1.7990842490842485,35.35356988997312,63.60405073794979,1263
1.786996336996336,35.35356988997312,63.17669989312593,1264
1.7749084249084257,35.49460806772568,62.999678898228886,1265
1.811172161172161,35.471101704766916,64.24427193378021,1266
1.8031135531135534,35.49460806772568,64.00080886936985,1267
1.7990842490842485,35.518114430684435,63.90008022941632,1268
1.811172161172161,35.61213988251947,64.4997163549881,1269
1.8514652014652033,35.61213988251947,65.93463774219592,1270
1.7950549450549458,35.56512715660195,63.84135737396628,1271
1.7829670329670333,35.61213988251947,63.49527138394269,1272
1.8192307692307685,35.635646245478235,64.82946413119691,1273
1.8313186813186833,35.7061653343545,65.38936761505697,1274
1.8232600732600734,35.7061653343545,65.10162562335148,1275
1.8152014652014659,35.776684423230776,64.94188998509897,1276
1.7507326007326007,35.776684423230776,62.635407765872344,1277
1.7789377289377284,35.776684423230776,63.64449373678396,1278
1.7708791208791208,35.80019078618954,63.397810386752134,1279
1.7789377289377284,35.89421623802457,63.85357551647116,1280
1.8031135531135534,35.847203512107065,64.63657849390002,1281
1.811172161172161,35.87070987506582,64.96803112720254,1282
1.8152014652014659,35.91772260098333,65.19790269200475,1283
1.811172161172161,35.96473532690085,65.13832740800778,1284
1.8434065934065935,36.05876077873588,66.4709573695928,1285
1.807142857142856,35.98824168985961,65.03589391096055,1286
1.7749084249084257,35.98824168985961,63.875833372972465,1287
1.8031135531135534,36.05876077873588,65.0180402686181,1288
1.8192307692307685,36.1057735046534,65.6847341065425,1289
1.7990842490842485,36.15278623057092,65.04190826793004,1290
1.786996336996336,36.15278623057092,64.6048965662418,1291
1.8031135531135534,36.15278623057092,65.18757883515947,1292
1.7829670329670333,36.293824408323474,64.710692420335,1293
1.7910256410256409,36.19979895648844,64.83476813104404,1294
1.786996336996336,36.27031804536471,64.81492548875885,1295
1.8152014652014659,36.293824408323474,65.8806032437535,1296
1.7829670329670333,36.27031804536471,64.66878135011457,1297
1.7789377289377284,36.340837134240985,64.64808627928252,1298
1.8192307692307685,36.36434349719975,66.1551325929826,1299
1.7950549450549458,36.38784986015851,65.31818983139445,1300
1.8152014652014659,36.38784986015851,66.05127838169068,1301
1.8232600732600734,36.43486258607603,66.43023022790969,1302
1.7587912087912083,36.52888803791107,64.24668714799631,1303
1.7547619047619056,36.43486258607603,63.93450887128106,1304
1.7829670329670333,36.52888803791107,65.12980312253924,1305
1.7749084249084257,36.5053816749523,64.79370948937049,1306
1.7950549450549458,36.599407126787334,65.69794674901883,1307
1.8152014652014659,36.6229134897461,66.47796622653364,1308
1.811172161172161,36.6229134897461,66.33040137364452,1309
1.8152014652014659,36.599407126787334,66.43529744204935,1310
1.8192307692307685,36.74044530453989,66.83934857325909,1311
1.8514652014652033,36.76395166749865,68.0671771807224,1312
1.8474358974358962,36.716938941581134,67.83219104463895,1313
1.8232600732600734,36.716938941581134,66.94452878451285,1314
1.7990842490842485,36.810964393416164,66.22602623379613,1315
1.8031135531135534,36.83447075637492,66.41673344258446,1316
1.8232600732600734,36.92849620820996,67.33025270196524,1317
1.7829670329670333,36.857977119333675,65.71655810562517,1318
1.8031135531135534,36.95200257116871,66.62865665076117,1319
1.7950549450549458,36.9049898452512,66.24648451892072,1320
1.786996336996336,36.975508934127475,66.0750990238611,1321
1.8031135531135534,36.975508934127475,66.67104129239652,1322
1.8031135531135534,36.99901529708624,66.71342593403187,1323
1.8152014652014659,37.04602802300375,67.24600434725097,1324
1.7990842490842485,37.04602802300375,66.64892550731973,1325
1.7910256410256409,37.11654711188003,66.47668758371333,1326
1.807142857142856,37.06953438596251,66.98994428320364,1327
1.7910256410256409,37.187066200756306,66.6029890800725,1328
1.8152014652014659,37.187066200756306,67.50201705415675,1329
1.835347985347986,37.21057256371507,68.2943493884595,1330
1.8434065934065935,37.25758528963258,68.6808783773172,1331
1.8474358974358962,37.21057256371507,68.74414751835049,1332
1.8192307692307685,37.281091652591336,67.82290904490652,1333
1.7990842490842485,37.30459801555009,67.11411470819569,1334
1.786996336996336,37.30459801555009,66.6631800069088,1335
1.7547619047619056,37.44563619330265,65.7081758915811,1336
1.7426739926739931,37.39862346738513,65.17360847841934,1337
1.7789377289377284,37.46914255626141,66.65527136427967,1338
1.766849816849816,37.42212983034389,66.11928323687313,1339
1.786996336996336,37.46914255626141,66.95722049843266,1340
1.766849816849816,37.56316800809645,66.36847651540407,1341
1.7950549450549458,37.56316800809645,67.42795048486326,1342
1.8031135531135534,37.539661645137684,67.68827269164478,1343
1.811172161172161,37.610180734013966,68.11851232209965,1344
1.8031135531135534,37.610180734013966,67.81542661655084,1345
1.807142857142856,37.610180734013966,67.96696946932519,1346
1.811172161172161,37.633687096972714,68.16108639230094,1347
1.8272893772893761,37.65719345993147,68.81058958786375,1348
1.811172161172161,37.75121891176651,68.3739567433075,1349
1.8152014652014659,37.75121891176651,68.52606788177985,1350
1.786996336996336,37.86875072656031,67.6713188349906,1351
1.7628205128205132,37.79823163768403,66.63149807925072,1352
1.7708791208791208,37.77472527472528,66.8944722859558,1353
1.7547619047619056,37.89225708951906,66.49188922613229,1354
1.7628205128205132,37.84524436360155,66.71437307686172,1355
1.786996336996336,37.915763452477826,67.75533040399742,1356
1.7910256410256409,37.89225708951906,67.86600404366426,1357
1.7990842490842485,37.93926981543658,68.25594274670942,1358
1.7829670329670333,38.00978890431286,67.77020054642597,1359
1.811172161172161,38.00978890431286,68.84227151552196,1360
1.766849816849816,38.08030799318914,67.2821852033508,1361
1.7749084249084257,38.03329526727162,67.50561619691015,1362
1.786996336996336,38.103814356147886,68.09137668002467,1363
1.7749084249084257,38.127320719106656,67.67250276352797,1364
1.807142857142856,38.127320719106656,68.90151529952841,1365
1.8232600732600734,38.19783980798293,69.64459620667951,1366
1.8313186813186833,38.174333445024175,69.90936998476138,1367
1.7950549450549458,38.24485253390044,68.65161166387516,1368
1.811172161172161,38.268358896859205,69.31058628773638,1369
1.7990842490842485,38.268358896859205,68.84800172964246,1370
1.786996336996336,38.36238434869424,68.55344030956218,1371
1.8031135531135534,38.31537162277672,69.08696586561115,1372
1.8031135531135534,38.36238434869424,69.17173514888184,1373
1.8232600732600734,38.40939707461176,70.03032012413189,1374
1.8031135531135534,38.40939707461176,69.25650443215254,1375
1.7950549450549458,38.50342252644679,69.1157590076383,1376
1.7587912087912083,38.43290343757052,67.59545269432044,1377
1.786996336996336,38.50342252644679,68.80547501658262,1378
1.7829670329670333,38.57394161532307,68.77606623171614,1379
1.7426739926739931,38.57394161532307,67.22180484794856,1380
1.766849816849816,38.620954341240584,68.23742610438603,1381
1.7950549450549458,38.57394161532307,69.24234464684645,1382
1.7990842490842485,38.644460704199346,69.52464056728023,1383
1.807142857142856,38.6679670671581,69.87854048564995,1384
1.8152014652014659,38.691473430116865,70.23281926115172,1385
1.7829670329670333,38.73848615603438,69.06944372325911,1386
1.7950549450549458,38.7854988819519,69.62210156447084,1387
1.7829670329670333,38.80900524491066,69.1951769339204,1388
1.7708791208791208,38.80900524491066,68.72605709030057,1389
1.8031135531135534,38.80900524491066,69.97704333995338,1390
1.7910256410256409,38.87952433378694,69.63422499269275,1391
1.7628205128205132,38.92653705970445,68.62049802191491,1392
1.7789377289377284,38.85601797082818,69.12243636458864,1393
1.786996336996336,38.92653705970445,69.56157913764397,1394
1.7829670329670333,38.97354978562197,69.48855442546336,1395
1.7507326007326007,38.97354978562197,68.23226417596345,1396
1.7789377289377284,38.97354978562197,69.33151814427583,1397
1.7789377289377284,39.067575237457,69.49878356802559,1398
1.8031135531135534,39.09108160041576,70.48565903957751,1399
1.8031135531135534,39.11458796337452,70.52804368121285,1400
1.7950549450549458,39.13809432633328,70.25502976051148,1401
1.786996336996336,39.255626141127074,70.14966012069169,1402
1.8192307692307685,39.208613415209555,71.32951594382351,1403
1.8152014652014659,39.16160068929204,71.08619495083764,1404
1.8272893772893761,39.208613415209555,71.64548279185814,1405
1.811172161172161,39.32614523000335,71.22641944679543,1406
1.7950549450549458,39.23211977816832,70.42381061278898,1407
1.786996336996336,39.302638867044585,70.2336716896985,1408
1.8031135531135534,39.32614523000335,70.90950545593095,1409
1.807142857142856,39.42017068183838,71.23787987503646,1410
1.7789377289377284,39.4671834077559,70.20966161896207,1411
1.7789377289377284,39.44367704479714,70.16784526302463,1412
1.7990842490842485,39.349651592962104,70.79333838785102,1413
1.7587912087912083,39.49068977071467,69.45587799783385,1414
1.7789377289377284,39.514196133673416,70.29329433083696,1415
1.811172161172161,39.561208859590934,71.65216014880855,1416
1.7749084249084257,39.514196133673416,70.13407962114088,1417
1.786996336996336,39.561208859590934,70.695735319236,1418
1.7628205128205132,39.60822158550845,69.82218548727454,1419
1.7587912087912083,39.65523431142597,69.74527748949149,1420
1.811172161172161,39.678740674384734,71.86503049981512,1421
1.811172161172161,39.65523431142597,71.82245642961381,1422
1.8272893772893761,39.678740674384734,72.50454133852313,1423
1.7789377289377284,39.72575340030225,70.66964153427394,1424
1.786996336996336,39.772766126219764,71.07378737976667,1425
1.7950549450549458,39.819778852137276,71.47869093952337,1426
1.8232600732600734,39.843285215096046,72.64467112019801,1427
1.7829670329670333,39.866791578054794,71.08117509383946,1428
1.7990842490842485,39.91380430397232,71.80829664430769,1429
1.8232600732600734,39.96081702988983,72.85896218544933,1430
1.811172161172161,39.89029794101356,72.24819713162692,1431
1.7708791208791208,39.91380430397232,70.68252267675977,1432
1.7749084249084257,40.00782975580735,71.01023409588447,1433
1.7628205128205132,40.00782975580735,70.5266229669681,1434
1.7749084249084257,40.00782975580735,71.01023409588447,1435
1.7789377289377284,40.12536157060115,71.38051958521041,1436
1.7910256410256409,40.10185520764238,71.82345092958514,1437
1.8152014652014659,40.17237429651866,72.92095268366238,1438
1.7708791208791208,40.21938702243617,71.2236727325889,1439
1.7789377289377284,40.17237429651866,71.46415229708528,1440
1.8192307692307685,40.21938702243617,73.16834639081655,1441
1.7950549450549458,40.242893385394936,72.23820477477214,1442
1.8232600732600734,40.28990611131246,73.45897716815304,1443
1.8434065934065935,40.38393156314749,74.44400571118673,1444
1.7789377289377284,40.40743792610625,71.88231585645968,1445
1.7910256410256409,40.28990611131246,72.1602549198763,1446
1.7587912087912083,40.38393156314749,71.02690380968961,1447
1.7910256410256409,40.47795701498253,72.49705891016742,1448
1.7910256410256409,40.43094428906501,72.41285791259463,1449
1.7829670329670333,40.454450652023766,72.12895184935007,1450
1.7950549450549458,40.50146337794128,72.70235211853527,1451
1.7910256410256409,40.5484761038588,72.6233604065266,1452
1.7910256410256409,40.571982466817566,72.665460905313,1453
1.7829670329670333,40.52496974090005,72.25468506001137,1454
1.7708791208791208,40.595488829776315,71.88970357053245,1455
1.7950549450549458,40.61899519273508,72.91332818388217,1456
1.7950549450549458,40.66600791865259,72.99771861002091,1457
1.7950549450549458,40.68951428161135,73.0399138230903,1458
1.807142857142856,40.66600791865259,73.48928573870785,1459
1.811172161172161,40.713020644570115,73.73828958867286,1460
1.7829670329670333,40.78353973344639,72.71570683243603,1461
1.8031135531135534,40.76003337048763,73.49496859568696,1462
1.7749084249084257,40.78353973344639,72.38704827048153,1463
1.7749084249084257,40.807046096405145,72.42876991213598,1464
1.7749084249084257,40.807046096405145,72.42876991213598,1465
1.807142857142856,40.877565185281426,73.87159994197282,1466
1.7587912087912083,40.90107154824018,71.93644506918505,1467
1.7628205128205132,40.948084274157694,72.18412291918825,1468
1.7910256410256409,40.99509700007522,73.42326988346805,1469
1.8232600732600734,41.01860336303398,74.78758177271123,1470
1.8031135531135534,41.04210972599273,74.00358429531109,1471
1.811172161172161,41.11262881486901,74.46204878209517,1472
1.835347985347986,41.01860336303398,75.28341104413254,1473
1.8272893772893761,41.08912245191026,75.08171697851802,1474
1.7910256410256409,41.08912245191026,73.59167187861362,1475
1.7990842490842485,41.20665426670405,74.1342426486875,1476
1.7950549450549458,41.277173355580324,74.09479414982471,1477
1.8031135531135534,41.18314790374529,74.25789214512315,1478
1.7910256410256409,41.20665426670405,73.80217437254558,1479
1.7829670329670333,41.277173355580324,73.59583930706494,1480
1.811172161172161,41.3476924444566,74.88778948410828,1481
1.7587912087912083,41.3476924444566,72.72195797511293,1482
1.7789377289377284,41.32418608149784,73.51315373801985,1483
1.8152014652014659,41.39470517037411,75.13972947684577,1484
1.7749084249084257,41.39470517037411,73.47181095349738,1485
1.807142857142856,41.46522425925039,74.93358383993102,1486
1.7950549450549458,41.48873062220916,74.47455106744911,1487
1.766849816849816,41.48873062220916,73.30435610118161,1488
1.7829670329670333,41.5122369851679,74.01495000926916,1489
1.786996336996336,41.5122369851679,74.18221543301887,1490
1.7910256410256409,41.60626243700295,74.51788285191425,1491
1.786996336996336,41.653275162920465,74.43425014003932,1492
1.7910256410256409,41.653275162920465,74.60208384948703,1493
1.7950549450549458,41.67678152587922,74.8121127720041,1494
1.7789377289377284,41.74730061475549,74.26584814489377,1495
1.8031135531135534,41.74730061475549,75.2751235443714,1496
1.7950549450549458,41.74730061475549,74.93869841121221,1497
1.7950549450549458,41.794313340673014,75.02308883735098,1498
1.7829670329670333,41.84132606659054,74.60170499235512,1499
1.7749084249084257,41.794313340673014,74.18107886162315,1500
1.8031135531135534,41.84132606659054,75.4446621109128,1501
1.786996336996336,41.88833879250805,74.8543079850734,1502
1.7990842490842485,41.91184515546681,75.4029404692583,1503
1.7990842490842485,41.93535151842558,75.44523039661068,1504
1.7950549450549458,41.98236424434308,75.360650541906,1505
1.7749084249084257,42.05288333321936,74.64001691982217,1506
1.7708791208791208,42.0293769702606,74.42894614019225,1507
1.7910256410256409,41.98236424434308,75.19149083249651,1508
1.766849816849816,42.0293769702606,74.25959700221681,1509
1.7789377289377284,42.09989605913687,74.89309348395535,1510
1.8192307692307685,42.09989605913687,76.58942629219897,1511
1.7990842490842485,42.12340242209564,75.78354981542954,1512
1.7990842490842485,42.170415148013156,75.86812967013427,1513
1.786996336996336,42.21742787393067,75.44238896812111,1514
1.7950549450549458,42.21742787393067,75.78260267259975,1515
1.8313186813186833,42.264440599848186,77.39965962598579,1516
1.8192307692307685,42.311453325765704,76.9742977811045,1517
1.7708791208791208,42.311453325765704,74.92846926864992,1518
1.7950549450549458,42.38197241464198,76.07796916408539,1519
1.7789377289377284,42.38197241464198,75.39488975520466,1520
1.7628205128205132,42.33495968872447,74.62893534871301,1521
1.7950549450549458,42.428985140559504,76.16235959022416,1522
1.7910256410256409,42.45249150351826,76.03350080822436,1523
1.7628205128205132,42.49950422943578,74.91899784035155,1524
1.7829670329670333,42.49950422943578,75.77521495852699,1525
1.7426739926739931,42.5465169553533,74.14470857695727,1526
1.7628205128205132,42.523010592394535,74.96043533915704,1527
1.7587912087912083,42.640542407188335,74.99581112385155,1528
1.7749084249084257,42.570023318312046,75.5578930362202,1529
1.7749084249084257,42.570023318312046,75.5578930362202,1530
1.7829670329670333,42.640542407188335,76.02668137984955,1531
1.7829670329670333,42.73456785902337,76.19432566073125,1532
1.7910256410256409,42.7110614960646,76.49660629487467,1533
1.8031135531135534,42.7110614960646,77.01289385142053,1534
1.7708791208791208,42.78158058494088,75.76100781607937,1535
1.7910256410256409,42.8285933108584,76.70710878880665,1536
1.786996336996336,42.75807422198212,76.4085220116995,1537
1.835347985347986,42.85209967381716,78.6485148042714,1538
1.807142857142856,42.87560603677591,77.48234519503072,1539
1.8192307692307685,42.8285933108584,77.91509475398468,1540
1.7950549450549458,42.94612512565219,77.09065427775042,1541
1.8152014652014659,43.016644214528476,78.08387560626225,1542
1.786996336996336,43.040150577487225,76.9125914257404,1543
1.7708791208791208,43.040150577487225,76.21890401716556,1544
1.7789377289377284,42.96963148861095,76.44029865364067,1545
1.766849816849816,43.06365694044598,76.08701437811028,1546
1.7950549450549458,43.06365694044598,77.3016303430973,1547
1.7950549450549458,43.13417602932226,77.42821598230543,1548
1.7708791208791208,43.15768239228102,76.42703865402292,1549
1.7587912087912083,43.204695118198536,75.98803795239202,1550
1.7950549450549458,43.204695118198536,77.55480162151356,1551
1.7990842490842485,43.2282014811573,77.77117640099048,1552
1.7910256410256409,43.29872057003357,77.54911876453448,1553
1.7789377289377284,43.27521420707482,76.9839112808274,1554
1.7587912087912083,43.27521420707482,76.11206630595959,1555
1.7950549450549458,43.32222693299233,77.76577768686043,1556
1.8232600732600734,43.41625238482737,79.15911950383818,1557
1.7749084249084257,43.369239658909855,76.97642885247173,1558
1.7829670329670333,43.43975874778613,77.45165776734396,1559
1.811172161172161,43.46326511074488,78.71945580222638,1560
1.7587912087912083,43.53378419962117,76.56683693570731,1561
1.8031135531135534,43.48677147370365,78.4115870253869,1562
1.7749084249084257,43.48677147370365,77.185037060744,1563
1.8031135531135534,43.557290562579915,78.53874095029292,1564
1.7789377289377284,43.557290562579915,77.48570755207666,1565
1.811172161172161,43.60430328849744,78.97490022343428,1566
1.7910256410256409,43.60430328849744,78.09642524875758,1567
1.8232600732600734,43.6278096514562,79.54484342129057,1568
1.807142857142856,43.67482237737371,78.92664329625387,1569
1.7910256410256409,43.65131601441495,78.18062624633036,1570
1.786996336996336,43.768847829208745,78.21477074534606,1571
1.786996336996336,43.768847829208745,78.21477074534606,1572
1.811172161172161,43.768847829208745,79.27291871484344,1573
1.786996336996336,43.862873281043775,78.38279388335968,1574
1.7789377289377284,43.83936691808503,77.98750382332595,1575
1.7910256410256409,43.93339236992006,78.68583223176707,1576
1.8152014652014659,43.909886006961294,79.70528941666548,1577
1.786996336996336,43.886379644002545,78.42479966786311,1578
1.7910256410256409,43.95689873287882,78.72793273055348,1579
1.7789377289377284,44.027417821755094,78.32203467082547,1580
1.786996336996336,44.05092418471386,78.71884015938697,1581
1.8232600732600734,44.05092418471386,80.31629125619533,1582
1.766849816849816,44.07443054767261,77.87289954091528,1583
1.7789377289377284,44.121443273590124,78.48930009457523,1584
1.7910256410256409,44.14494963654889,79.0647367208446,1585
1.8031135531135534,44.121443273590124,79.55597234954118,1586
1.7749084249084257,44.121443273590124,78.3115213854143,1587
1.7305860805860807,44.16845599950765,76.4373151537267,1588
1.8031135531135534,44.21546872542516,79.72551091608256,1589
1.811172161172161,44.21546872542516,80.08182604866838,1590
1.7910256410256409,44.3094941772602,79.35944021234936,1591
1.7950549450549458,44.3094941772602,79.53797663577424,1592
1.8031135531135534,44.28598781430144,79.8526648409886,1593
1.8272893772893761,44.3094941772602,80.96626802317303,1594
1.8192307692307685,44.42702599205399,80.82301267015973,1595
1.7910256410256409,44.403519629095236,79.52784220749493,1596
1.7708791208791208,44.403519629095236,78.63326580471096,1597
1.7749084249084257,44.45053235501275,78.89562436857669,1598
1.7910256410256409,44.52105144388903,79.73834470142688,1599
1.807142857142856,44.56806416980654,80.54085882115034,1600
1.7950549450549458,44.56806416980654,80.00212397953737,1601
1.807142857142856,44.56806416980654,80.54085882115034,1602
1.7950549450549458,44.63858325868283,80.12870961874553,1603
1.7990842490842485,44.615076895724066,80.26628211477973,1604
1.7950549450549458,44.66208962164158,80.17090483181488,1605
1.8031135531135534,44.615076895724066,80.44604982388343,1606
1.7507326007326007,44.68559598460034,78.23252967340561,1607
1.7749084249084257,44.756115073476614,79.43800571008462,1608
1.8192307692307685,44.756115073476614,81.42170165290166,1609
1.786996336996336,44.803127799394126,80.06302526349602,1610
1.7950549450549458,44.77962143643538,80.38188089716178,1611
1.8152014652014659,44.803127799394126,81.32670322706875,1612
1.7829670329670333,44.803127799394126,79.88249984012855,1613
1.811172161172161,44.87364688827041,81.27390001430513,1614
1.786996336996336,44.92065961418792,80.27305418601306,1615
1.766849816849816,44.967672340105445,79.45112363827783,1616
1.766849816849816,45.01468506602296,79.53418806445481,1617
1.786996336996336,45.03819142898172,80.48308310853011,1618
1.7789377289377284,45.01468506602296,80.07832162019797,1619
1.7910256410256409,45.03819142898172,80.66455567472751,1620
1.8152014652014659,45.085204154899245,81.83872864088032,1621
1.7749084249084257,45.20273596969303,80.2307169015193,1622
1.766849816849816,45.06169779194048,79.6172524906318,1623
1.7910256410256409,45.20273596969303,80.95925916623226,1624
1.8031135531135534,45.132216880816756,81.378511939861,1625
1.7910256410256409,45.15572324377551,80.87505816865946,1626
1.7950549450549458,45.343774147445586,81.39456601082681,1627
1.7910256410256409,45.32026778448682,81.16976166016421,1628
1.7587912087912083,45.249748695610556,79.58486020585129,1629
1.7829670329670333,45.343774147445586,80.84645445519833,1630
1.7829670329670333,45.343774147445586,80.84645445519833,1631
1.766849816849816,45.3907868733631,80.19870347387062,1632
1.8152014652014659,45.343774147445586,82.30808527020757,1633
1.8031135531135534,45.43779959928062,81.92951228112048,1634
1.807142857142856,45.43779959928062,82.1125949901285,1635
1.7990842490842485,45.46130596223938,81.7887194994647,1636
1.835347985347986,45.55533141407441,83.60988573268128,1637
1.7950549450549458,45.531825051115646,81.73212771538181,1638
1.8152014652014659,45.484812325198135,82.56409797711335,1639
1.7950549450549458,45.602344139991935,81.85871335458995,1640
1.7910256410256409,45.625850502950684,81.71706814438731,1641
1.786996336996336,45.625850502950684,81.53322772111531,1642
1.8031135531135534,45.69636959182697,82.39574333910927,1643
1.7749084249084257,45.74338231774448,81.19031465957178,1644
1.8192307692307685,45.790395043662,83.30329559866199,1645
1.7910256410256409,45.74338231774448,81.92757063831927,1646
1.7829670329670333,45.74338231774448,81.55894264894552,1647
1.7910256410256409,45.74338231774448,81.92757063831927,1648
1.811172161172161,45.837407769579514,83.01943689255893,1649
1.8192307692307685,45.837407769579514,83.38882259619655,1650
1.7910256410256409,45.81390140662076,82.05387213467846,1651
1.7950549450549458,45.86091413253828,82.32286069835308,1652
1.7789377289377284,45.86091413253828,81.58371043394581,1653
1.7950549450549458,45.97844594733206,82.53383676369995,1654
1.807142857142856,45.954939584373314,83.04714082033172,1655
1.7990842490842485,46.09597776212586,82.93054753797843,1656
1.8031135531135534,46.0724713991671,83.07389760527475,1657
1.786996336996336,46.04896503620835,82.28933184217667,1658
1.8031135531135534,46.09597776212586,83.1162822469101,1659
1.8272893772893761,46.11948412508462,84.27364342783314,1660
1.7910256410256409,46.213509576919655,82.76958061404711,1661
1.7749084249084257,46.16649685100214,81.941304209352,1662
1.7789377289377284,46.23701593987842,82.25277212894486,1663
1.7749084249084257,46.28402866579593,82.14991241762428,1664
1.786996336996336,46.260522302837174,82.66738390270733,1665
1.7990842490842485,46.28402866579593,83.2688669567973,1666
1.7829670329670333,46.354547754672204,82.64863047467655,1667
1.7587912087912083,46.33104139171344,81.4866282938872,1668
1.7910256410256409,46.37805411763097,83.06428410555186,1669
1.7829670329670333,46.40156048058973,82.73245261511742,1670
1.807142857142856,46.37805411763097,83.81176922686163,1671
1.811172161172161,46.44857320650724,84.12636271779304,1672
1.7749084249084257,46.49558593242477,82.5254071925144,1673
1.7950549450549458,46.49558593242477,83.46213145122626,1674
1.811172161172161,46.519092295383516,84.25408492839698,1675
1.7990842490842485,46.5896113842598,83.818636012378,1676
1.7910256410256409,46.54259865834228,83.35898759705661,1677
1.7789377289377284,46.566105021301034,82.83820111206902,1678
1.811172161172161,46.63662411017731,84.46695527940355,1679
1.8152014652014659,46.63662411017731,84.65486841684385,1680
1.7990842490842485,46.683636836094834,83.98779572178744,1681
1.7950549450549458,46.683636836094834,83.79969315578126,1682
1.7789377289377284,46.75415592497111,83.17273195956854,1683
1.7910256410256409,46.80116865088862,83.82209308370692,1684
1.7950549450549458,46.824675013847376,84.05286443419749,1685
1.766849816849816,46.77766228792987,82.64910404609144,1686
1.7950549450549458,46.91870046568241,84.22164528647501,1687
1.8031135531135534,46.871687739764894,84.51497542087645,1688
1.8232600732600734,46.942206828641176,85.58785146137782,1689
1.7910256410256409,46.871687739764894,83.9483945800661,1690
1.8152014652014659,46.96571319159994,85.25223139962402,1691
1.8192307692307685,46.989219554558694,85.48423403579328,1692
1.7789377289377284,46.96571319159994,83.5490791630055,1693
1.8192307692307685,47.01272591751746,85.52699753456058,1694
1.786996336996336,47.059738643434976,84.09558057582322,1695
1.7749084249084257,47.083245006393724,83.56844823387578,1696
1.807142857142856,47.10675136935249,85.1286292603298,1697
1.7708791208791208,47.17727045822876,83.54524323454467,1698
1.7749084249084257,47.15376409527,83.69361315883916,1699
1.7587912087912083,47.200776821187524,83.01631132122046,1700
1.7829670329670333,47.200776821187524,84.15742900261183,1701
1.7829670329670333,47.27129591006379,84.2831622132731,1702
1.7789377289377284,47.29480227302256,84.13450814612968,1703
1.7990842490842485,47.31830863598132,85.12962376030116,1704
1.8152014652014659,47.29480227302256,85.84959438240418,1705
1.7789377289377284,47.365321361898836,84.25995721394199,1706
1.7950549450549458,47.38882772485759,85.06554954786253,1707
1.7789377289377284,47.34181499894007,84.21814085800455,1708
1.766849816849816,47.4358404507751,83.81200601256909,1709
1.7789377289377284,47.52986590261014,84.55267170550405,1710
1.8152014652014659,47.48285317669263,86.19094465827854,1711
1.8272893772893761,47.5533722655689,86.89377199516129,1712
1.8232600732600734,47.5533722655689,86.7021650006847,1713
1.8393772893772886,47.60038499148643,87.55506711895568,1714
1.766849816849816,47.60038499148643,84.10273150418853,1715
1.807142857142856,47.60038499148643,86.0206957346147,1716
1.7708791208791208,47.64739771740394,84.37778178197412,1717
1.7829670329670333,47.717916806280215,85.07947254746117,1718
1.7789377289377284,47.69441044332145,84.84538619706613,1719
1.7910256410256409,47.717916806280215,85.46401253637623,1720
1.7708791208791208,47.69441044332145,84.46103563671706,1721
1.7829670329670333,47.83544862107401,85.28902789856329,1722
1.7829670329670333,47.81194225811525,85.24711682834287,1723
1.807142857142856,47.85895498403277,86.48796864971631,1724
1.7950549450549458,47.83544862107401,85.86725859618069,1725
1.7789377289377284,47.88246134699152,85.17991704456566,1726
1.807142857142856,47.85895498403277,86.48796864971631,1727
1.807142857142856,47.929474072909045,86.61540671747129,1728
1.8152014652014659,47.99999316178532,87.12965791693306,1729
1.8031135531135534,47.976486798826556,86.50705357773764,1730
1.7950549450549458,48.070512250661594,86.28921072687444,1731
1.7789377289377284,48.02349952474408,85.43081518019032,1732
1.7547619047619056,48.11752497657911,84.43479978033054,1733
1.811172161172161,48.070512250661594,87.0639735616836,1734
1.8152014652014659,48.14103133953787,87.38567062383882,1735
1.7829670329670333,48.21155042841415,85.95960502209007,1736
1.7789377289377284,48.2350567913729,85.80716238362726,1737
1.807142857142856,48.25856315433167,87.21011770032788,1738
1.7749084249084257,48.399601332084224,85.90486016652535,1739
1.8031135531135534,48.3525886061667,87.18520784390316,1740
1.7749084249084257,48.3525886061667,85.82141688321643,1741
1.7789377289377284,48.399601332084224,86.09987687518937,1742
1.766849816849816,48.446614058001735,85.59789117537409,1743
1.807142857142856,48.49362678391925,87.63491125951116,1744
1.8031135531135534,48.47012042096049,87.39713105207987,1745
1.811172161172161,48.47012042096049,87.7877327551059,1746
1.7708791208791208,48.54063950983677,85.95960502209006,1747
1.7950549450549458,48.54063950983677,87.13311498826198,1748
1.7789377289377284,48.56414587279553,86.39259136675143,1749
1.7829670329670333,48.587652235754284,86.63018214561686,1750
1.7708791208791208,48.61115859871305,86.08448580420448,1751
1.7708791208791208,48.705184050548084,86.25099351369036,1752
1.811172161172161,48.705184050548084,88.21347345711904,1753
1.7789377289377284,48.775703139424365,86.76893857018841,1754
1.7749084249084257,48.72869041350684,86.48896314968773,1755
1.7990842490842485,48.775703139424365,87.7515992561475,1756
1.7829670329670333,48.82271586534188,87.0492928478211,1757
1.7749084249084257,48.89323495421815,86.78101464126892,1758
1.8232600732600734,48.846222228300626,89.05936671844923,1759
1.8272893772893761,48.86972859125939,89.2991359258232,1760
1.7910256410256409,48.91674131717691,87.61113797448222,1761
1.7789377289377284,48.94024768013566,87.06165306175046,1762
1.7386446886446894,48.91674131717691,85.04883247691585,1763
1.7990842490842485,48.98726040605318,88.13220860231873,1764
1.7547619047619056,48.963754043094426,85.91973030895383,1765
1.811172161172161,48.98726040605318,88.72436229953477,1766
1.7547619047619056,49.128298583805744,86.2084668006306,1767
1.7547619047619056,49.128298583805744,86.2084668006306,1768
1.7749084249084257,49.15180494676449,87.23995269946793,1769
1.8031135531135534,49.08128585788822,88.49913173459882,1770
1.8031135531135534,49.19881767268202,88.71105494277556,1771
1.7789377289377284,49.22232403564078,87.56344933299977,1772
1.7547619047619056,49.29284312451705,86.49720329230735,1773
1.7628205128205132,49.24583039859953,86.81155999753125,1774
1.7910256410256409,49.29284312451705,88.28474595506451,1775
1.7749084249084257,49.36336221339333,87.61544747435805,1776
1.786996336996336,49.36336221339333,88.21214745715723,1777
1.7547619047619056,49.33985585043457,86.57969943278641,1778
1.7950549450549458,49.4338813022696,88.73653308489827,1779
1.7708791208791208,49.41037493931084,87.49980133483453,1780
1.7829670329670333,49.45738766522837,88.18089174377258,1781
1.7789377289377284,49.45738766522837,87.98161289237417,1782
1.7547619047619056,49.50440039114588,86.86843592446317,1783
1.8031135531135534,49.50440039114588,89.26205528403503,1784
1.8514652014652033,49.62193220593967,91.87328070876275,1785
1.8232600732600734,49.5514131170634,90.34511310995717,1786
1.8232600732600734,49.62193220593967,90.47368774910797,1787
1.8232600732600734,49.59842584298091,90.43082953605769,1788
1.7950549450549458,49.64543856889843,89.11629000252265,1789
1.8031135531135534,49.66894493185718,89.55874777548243,1790
1.811172161172161,49.76297038369222,90.12930661617808,1791
1.8031135531135534,49.739464020733465,89.68590170038847,1792
1.7829670329670333,49.76297038369222,88.72573565663807,1793
1.7950549450549458,49.78647674665098,89.36946128093892,1794
1.7950549450549458,49.76297038369222,89.32726606786953,1795
1.7910256410256409,49.8334894725685,89.25305742715153,1796
1.811172161172161,49.951021287362295,90.46989917778859,1797
1.766849816849816,49.78647674665098,87.96522732141791,1798
1.7910256410256409,49.951021287362295,89.46355992108349,1799
1.7829670329670333,49.951021287362295,89.06102421840147,1800
1.7628205128205132,49.99803401327981,88.13755995930738,1801
1.7628205128205132,49.97452765032105,88.09612246050187,1802
1.766849816849816,50.045046739197325,88.42208166539127,1803
1.811172161172161,50.06855310215609,90.68276952879515,1804
1.8031135531135534,50.1155658280736,90.36405596655396,1805
1.786996336996336,50.1155658280736,89.55633256126627,1806
1.807142857142856,50.162578553991125,90.65094552971247,1807
1.7789377289377284,50.13907219103236,89.19428721455992,1808
1.786996336996336,50.209591279908636,89.72435569927991,1809
1.7789377289377284,50.25660400582616,89.40336899424713,1810
1.7467032967032958,50.18608491694989,87.66019997306792,1811
1.766849816849816,50.28011036878492,88.83740379627616,1812
1.7628205128205132,50.30361673174367,88.67624744377893,1813
1.786996336996336,50.374135820619955,90.01839619080377,1814
1.786996336996336,50.397642183578704,90.06040197530717,1815
1.811172161172161,50.397642183578704,91.27880651161351,1816
1.7950549450549458,50.46816127245498,90.59312245995082,1817
1.786996336996336,50.374135820619955,90.01839619080377,1818
1.8272893772893761,50.515173998372504,92.30584083915058,1819
1.8232600732600734,50.44465490949622,91.97372520586721,1820
1.8434065934065935,50.515173998372504,93.12000481568118,1821
1.8192307692307685,50.58569308724878,92.02704934718716,1822
1.7789377289377284,50.53868036133127,89.90516526549642,1823
1.766849816849816,50.58569308724878,89.3773225664265,1824
1.807142857142856,50.65621217612505,91.54301200399736,1825
1.7829670329670333,50.65621217612505,90.3183563250142,1826
1.8031135531135534,50.70322490204257,91.42367200743757,1827
1.7910256410256409,50.726731265001334,90.85287638103443,1828
1.811172161172161,50.726731265001334,91.87484349443189,1829
1.8192307692307685,50.77374399091885,92.36915733732542,1830
1.7990842490842485,50.82075671683637,91.43082293580284,1831
1.786996336996336,50.79725035387761,90.77450031186511,1832
1.8232600732600734,50.77374399091885,92.57374018857092,1833
1.786996336996336,50.84426307979512,90.85851188087192,1834
1.7628205128205132,50.84426307979512,89.62930991630552,1835
1.8232600732600734,50.96179489458892,92.91660589297302,1836
1.8152014652014659,50.93828853163016,92.46325597747008,1837
1.807142857142856,51.00880762050643,92.18020234277228,1838
1.786996336996336,51.00880762050643,91.15255237239577,1839
1.7950549450549458,51.00880762050643,91.56361236054647,1840
1.8152014652014659,51.07932670938271,92.71926868437588,1841
1.7950549450549458,51.102833072341475,91.732393212824,1842
1.7990842490842485,51.07932670938271,91.89601213667879,1843
1.8031135531135534,51.102833072341475,92.14421091523845,1844
1.811172161172161,51.14984579825899,92.64117675805551,1845
1.786996336996336,51.1968585241765,91.48859864842304,1846
1.8272893772893761,51.290883976011536,93.72328744114776,1847
1.8031135531135534,51.1968585241765,92.3137494817798,1848
1.8031135531135534,51.243871250094024,92.3985187650505,1849
1.835347985347986,51.290883976011536,94.13662057209007,1850
1.8514652014652033,51.290883976011536,94.96328683397456,1851
1.7910256410256409,51.33789670192906,91.94748934948063,1852
1.811172161172161,51.361403064887824,93.02434338986733,1853
1.766849816849816,51.408415790805336,90.83095002452359,1854
1.7789377289377284,51.43192215376409,91.49418679111913,1855
1.7749084249084257,51.47893487968161,91.37039522325911,1856
1.7587912087912083,51.502441242640366,90.58204088884163,1857
1.786996336996336,51.47893487968161,91.99266806246395,1858
1.7950549450549458,51.52594760559913,92.49190704807276,1859
1.8031135531135534,51.57296033151665,92.99190374794533,1860
1.7547619047619056,51.619973057434166,90.58076224602142,1861
1.8031135531135534,51.666985783351684,93.1614423144867,1862
1.8192307692307685,51.619973057434166,93.9086432929475,1863
1.7829670329670333,51.666985783351684,92.12053234449245,1864
1.7547619047619056,51.73750487222795,90.7870025972191,1865
1.8192307692307685,51.69049214631044,94.03693378924935,1866
1.8152014652014659,51.761011235186714,93.95666343442046,1867
1.7749084249084257,51.73750487222795,91.82933328145812,1868
1.786996336996336,51.78451759814548,92.53874326100826,1869
1.786996336996336,51.83153032406299,92.62275483001507,1870
1.7628205128205132,51.80802396110423,91.3282473673312,1871
1.7789377289377284,51.85503668702175,92.24688119799306,1872
1.7507326007326007,51.85503668702175,90.78430324015402,1873
1.7789377289377284,51.99607486477429,92.49777933361769,1874
1.811172161172161,51.94906213885678,94.08869514490011,1875
1.766849816849816,51.94906213885678,91.78619092555881,1876
1.7910256410256409,52.01958122773306,93.16840381428601,1877
1.7950549450549458,52.04308759069182,93.42020173559904,1878
1.8272893772893761,52.06659395365058,95.14073404314497,1879
1.7749084249084257,52.01958122773306,92.3299929813116,1880
1.8031135531135534,52.11360667956809,93.96675050555824,1881
1.7910256410256409,52.11360667956809,93.33680580943157,1882
1.7910256410256409,52.11360667956809,93.33680580943157,1883
1.7950549450549458,52.18412576844438,93.67337301401531,1884
1.786996336996336,52.137113042526856,93.16883002855938,1885
1.811172161172161,52.278151220279405,94.68473212771849,1886
1.786996336996336,52.32516394619692,93.50487630458665,1887
1.8152014652014659,52.30165758323817,94.93804547755929,1888
1.7910256410256409,52.30165758323817,93.67360979972271,1889
1.786996336996336,52.3956830350732,93.63089365809687,1890
1.7789377289377284,52.348670309155686,93.1250246726793,1891
1.7829670329670333,52.32516394619692,93.29404231066431,1892
1.786996336996336,52.3956830350732,93.63089365809687,1893
1.7990842490842485,52.513214849867,94.47569770517278,1894
1.7829670329670333,52.44269576099071,93.50359766176642,1895
1.7789377289377284,52.489708486908235,93.37592280830394,1896
1.7950549450549458,52.60724030170203,94.43288684926407,1897
1.7910256410256409,52.53672121282576,94.09461478758665,1898
1.7708791208791208,52.58373393874327,93.11943652998328,1899
1.7829670329670333,52.58373393874327,93.75506408308898,1900
1.766849816849816,52.654253027619546,93.03215731821346,1901
1.7910256410256409,52.6777593905783,94.34721778030497,1902
1.811172161172161,52.654253027619546,95.36591725093949,1903
1.7990842490842485,52.6777593905783,94.77172719663928,1904
1.7708791208791208,52.771784842413346,93.45245194895506,1905
1.7749084249084257,52.72477211649582,93.58164223094528,1906
1.7829670329670333,52.79529120537209,94.13226371507278,1907
1.7910256410256409,52.748278479454584,94.47351927666416,1908
1.8192307692307685,52.88931665720714,96.21787222638065,1909
1.7829670329670333,52.86581029424838,94.25799692573408,1910
1.8393772893772886,52.86581029424838,97.24017083976854,1911
1.8272893772893761,52.959835746083414,96.7729452818084,1912
1.7950549450549458,52.959835746083414,95.06581504530472,1913
1.811172161172161,53.03035483495968,96.04710237416047,1914
1.7950549450549458,52.98334210904218,95.1080102583741,1915
1.7587912087912083,53.10087392383596,93.39335023637301,1916
1.766849816849816,53.0773675608772,93.77973715380624,1917
1.7708791208791208,53.0773675608772,93.99360200478418,1918
1.7749084249084257,53.124380286794725,94.29091013907104,1919
1.766849816849816,53.14788664975348,93.90433379307171,1920
1.7829670329670333,53.14788664975348,94.76092976837916,1921
1.7910256410256409,53.19489937567099,95.2734287536056,1922
1.7990842490842485,53.21840573862976,95.74439552574358,1923
1.7910256410256409,53.28892482750603,95.44183074875117,1924
1.8152014652014659,53.28892482750603,96.73013442589972,1925
1.7910256410256409,53.24191210158852,95.35762975117841,1926
1.7749084249084257,53.38295027934107,94.74984819727005,1927
1.766849816849816,53.38295027934107,94.31965592395659,1928
1.7950549450549458,53.335937553423555,95.74093845441475,1929
1.7789377289377284,53.45346936821734,95.090393401739,1930
1.811172161172161,53.40645664229982,96.72828749738149,1931
1.7628205128205132,53.50048209413486,94.3117472813275,1932
1.811172161172161,53.50048209413486,96.89858377818673,1933
1.786996336996336,53.50048209413486,95.60516552975706,1934
1.7829670329670333,53.5945075459699,95.55724010256722,1935
1.7950549450549458,53.57100118301114,96.1628905851085,1936
1.7910256410256409,53.5945075459699,95.98913723297429,1937
1.8031135531135534,53.66502663484617,96.76413685349095,1938
1.7910256410256409,53.66502663484617,96.11543872933346,1939
1.7789377289377284,53.688532997804934,95.5085569611134,1940
1.7829670329670333,53.688532997804934,95.72488438344892,1941
1.7990842490842485,53.75905208668121,96.71706385484786,1942
1.786996336996336,53.735545723722446,96.02522337479114,1943
1.7990842490842485,53.75905208668121,96.71706385484786,1944
1.8232600732600734,53.75905208668121,98.01673324595448,1945
1.8272893772893761,53.82957117555749,98.3622035931386,1946
1.7910256410256409,53.876583901475,96.49434321841099,1947
1.7990842490842485,53.876583901475,96.92851349160966,1948
1.8152014652014659,53.94710299035128,97.92486039146003,1949
1.7910256410256409,53.97060935331004,96.66274521355656,1950
1.7789377289377284,53.97060935331004,96.01035323236268,1951
1.7950549450549458,54.01762207922756,96.96459963342664,1952
1.7829670329670333,54.04112844218631,96.35355043675528,1953
1.811172161172161,53.99411571626879,97.79263925241428,1954
1.7789377289377284,54.064634805145076,96.17761865611244,1955
1.7950549450549458,54.11164753106259,97.13338048570415,1956
1.786996336996336,54.064634805145076,96.61330435783887,1957
1.8152014652014659,54.11164753106259,98.22354188285009,1958
1.786996336996336,54.1586602569801,96.78132749585248,1959
1.8192307692307685,54.18216661993887,98.56986465858105,1960
1.8031135531135534,54.2761920717739,97.86613753600992,1961
1.7910256410256409,54.252685708815136,97.16795119899325,1962
1.7789377289377284,54.22917934585639,96.47033314767452,1963
1.8192307692307685,54.32320479769142,98.82644565118473,1964
1.807142857142856,54.32320479769142,98.16979152725658,1965
1.7950549450549458,54.32320479769142,97.51313740332853,1966
1.7708791208791208,54.39372388656769,96.32470993758663,1967
1.8031135531135534,54.4407366124852,98.1628300274573,1968
1.786996336996336,54.48774933840273,97.36940847890021,1969
1.807142857142856,54.4407366124852,98.3821883068482,1970
1.7749084249084257,54.4407366124852,96.62732207172057,1971
1.786996336996336,54.48774933840273,97.36940847890021,1972
1.7829670329670333,54.581774790237766,97.31750505182505,1973
1.7910256410256409,54.53476206432025,97.67315718442997,1974
1.8031135531135534,54.558268427279,98.37475323563405,1975
1.7789377289377284,54.628787516155285,97.18121119861101,1976
1.7950549450549458,54.628787516155285,98.06167517323043,1977
1.8313186813186833,54.628787516155285,100.04271911612405,1978
1.7990842490842485,54.675800242072796,98.36637102158991,1979
1.7950549450549458,54.722812967990315,98.23045602550793,1980
1.7587912087912083,54.675800242072796,96.16331679938186,1981
1.7749084249084257,54.79333205686658,97.25314669653741,1982
1.7749084249084257,54.86385114574287,97.3783116215008,1983
1.7467032967032958,54.816838419825345,95.74875238276081,1984
1.7990842490842485,54.84034478278411,98.66240051305643,1985
1.8031135531135534,54.86385114574287,98.92575357689353,1986
1.8232600732600734,54.91086387166038,100.11678568541743,1987
1.811172161172161,54.934370234619145,99.4956020604668,1988
1.7950549450549458,54.887357508701626,98.52582251699356,1989
1.7950549450549458,54.98138296053667,98.69460336927109,1990
1.7950549450549458,55.00488932349542,98.73679858234044,1991
1.8031135531135534,55.00488932349542,99.18006142670558,1992
1.7990842490842485,55.09891477533046,99.1275897139324,1993
1.7628205128205132,55.00488932349542,96.96374720487977,1994
1.7990842490842485,55.14592750124797,99.21216956863711,1995
1.7749084249084257,55.12242113828922,97.83724967969982,1996
1.786996336996336,55.14592750124797,98.54557044499562,1997
1.7829670329670333,55.21644659012425,98.44910394777649,1998
1.807142857142856,55.23995295308301,99.82648640807139,1999
1.811172161172161,55.23995295308301,100.04906497308386,2000
1.7950549450549458,55.21644659012425,99.11655549996483,2001
1.7990842490842485,55.3574847678768,99.59277891480835,2002
1.7749084249084257,55.286965679000524,98.12930117128101,2003
1.7950549450549458,55.31047204195929,99.28533635224234,2004
1.8232600732600734,55.451510219711835,101.1025245855735,2005
1.7910256410256409,55.38099113083556,99.18877514074009,2006
1.8232600732600734,55.42800385675309,101.05966637252327,2007
1.8031135531135534,55.451510219711835,99.98536961777712,2008
1.7708791208791208,55.4750165826706,98.23954859667435,2009
1.7587912087912083,55.4750165826706,97.56897147314754,2010
1.7950549450549458,55.56904203450563,99.74948369600547,2011
1.7950549450549458,55.52202930858811,99.66509326986672,2012
1.8031135531135534,55.59254839746439,100.23967746758919,2013
1.7547619047619056,55.6395611233819,97.6341822569821,2014
1.786996336996336,55.61605476042314,99.38568613506378,2015
1.8031135531135534,55.68657384929943,100.40921603413058,2016
1.811172161172161,55.73358657521694,100.9431204473114,2017
1.811172161172161,55.710080212258184,100.90054637711009,2018
1.807142857142856,55.710080212258184,100.67607352643795,2019
1.8031135531135534,55.780599301134465,100.57875460067196,2020
1.8031135531135534,55.757092938175695,100.53636995903659,2021
1.8393772893772886,55.85111839001073,102.73127875290798,2022
1.7789377289377284,55.921637478887014,99.48111077517022,2023
1.811172161172161,55.921637478887014,101.28371300892191,2024
1.7990842490842485,55.89813111592825,100.56544724391264,2025
1.811172161172161,55.921637478887014,101.28371300892191,2026
1.7910256410256409,55.968650204804526,100.2412876103999,2027
1.7749084249084257,56.015662930722044,99.42267206256915,2028
1.766849816849816,56.03916929368081,99.01279600295577,2029
1.7950549450549458,56.015662930722044,100.55119274432363,2030
1.8031135531135534,56.015662930722044,101.00260101702538,2031
1.8152014652014659,56.06267565663956,101.76505099504669,2032
1.7628205128205132,56.180207471433356,99.03562214515497,2033
1.7910256410256409,56.180207471433356,100.62019209947742,2034
1.8031135531135534,56.15670110847459,101.25690886683745,2035
1.8152014652014659,56.180207471433356,101.97839491746817,2036
1.8393772893772886,56.25072656030963,103.46630894600538,2037
1.8031135531135534,56.22722019735088,101.3840627917435,2038
1.8031135531135534,56.25072656030963,101.42644743337883,2039
1.7910256410256409,56.27423292326839,100.788594094623,2040
1.8313186813186833,56.34475201214467,103.185196954109,2041
1.807142857142856,56.36825837510342,101.86549549215113,2042
1.7990842490842485,56.39176473806219,101.45353571831222,2043
1.7749084249084257,56.41527110102094,100.1319399706949,2044
1.7386446886446894,56.39176473806219,98.04524224513271,2045
1.811172161172161,56.4387774639797,102.22034255335076,2046
1.807142857142856,56.48579018989722,102.07789227174278,2047
1.786996336996336,56.53280291581474,101.02391173069672,2048
1.8272893772893761,56.50929655285598,103.2588373091289,2049
1.7950549450549458,56.55630927877349,101.52168264491927,2050
1.7628205128205132,56.60332200469101,99.78149712365405,2051
1.807142857142856,56.67384109356728,102.41772711908939,2052
1.7910256410256409,56.62682836764977,101.42010157641887,2053
1.7829670329670333,56.60332200469101,100.92185709078151,2054
1.7749084249084257,56.72085381948481,100.67432131220285,2055
1.7829670329670333,56.74436018244357,101.17332351210408,2056
1.807142857142856,56.76786654540232,102.5876445427627,2057
1.8272893772893761,56.697347456526046,103.60246072779488,2058
1.7950549450549458,56.81487927131984,101.98582998868241,2059
1.7789377289377284,56.8383856342786,101.11194865673038,2060
1.807142857142856,56.88539836019612,102.80004132235436,2061
1.8031135531135534,56.908904723154876,102.61321739916846,2062
1.7789377289377284,56.86189199723736,101.15376501266782,2063
1.7990842490842485,56.88539836019612,102.34162419271178,2064
1.811172161172161,57.00293017498991,103.24212023818227,2065
1.766849816849816,57.026436537948676,100.75714895267227,2066
1.7910256410256409,57.049942900907425,102.17791055457393,2067
1.7950549450549458,57.00293017498991,102.32339169323743,2068
1.7789377289377284,57.07344926386619,101.53011221610478,2069
1.7990842490842485,57.14396835274246,102.80681339358773,2070
1.7950549450549458,57.09695562682495,102.49217254551493,2071
1.7708791208791208,57.1204619897837,101.1534335126774,2072
1.7346153846153844,57.09695562682495,99.0412576449925,2073
1.7829670329670333,57.214487441618736,102.01154491651255,2074
1.7628205128205132,57.2379938045775,100.90030959140266,2075
1.7749084249084257,57.28500653049502,101.6756407119098,2076
1.7990842490842485,57.30851289345378,103.10284288505427,2077
1.7789377289377284,57.261500167536255,101.8646430636043,2078
1.7749084249084257,57.332019256412536,101.7590839952187,2079
1.7789377289377284,57.35552561937129,102.03190848735406,2080
1.7144688644688644,57.402538345288804,98.41486473447775,2081
1.786996336996336,57.402538345288804,102.57812575732281,2082
1.7749084249084257,57.42604470824757,101.92597056183652,2083
1.7386446886446894,57.44955107120633,99.88435683497471,2084
1.7386446886446894,57.49656379712384,99.96609526118989,2085
1.7426739926739931,57.44955107120633,100.11583854258761,2086
1.786996336996336,57.56708288600012,102.87216624884668,2087
1.8031135531135534,57.5200701600826,103.71521808168741,2088
1.7950549450549458,57.6376019748764,103.46266244611058,2089
1.7789377289377284,57.59058924895889,102.4500720467285,2090
1.7708791208791208,57.66110833783516,102.11085284222126,2091
1.7990842490842485,57.70812106375268,103.82177165004438,2092
1.811172161172161,57.731627426711434,104.56191641442295,2093
1.807142857142856,57.731627426711434,104.32929813541418,2094
1.7990842490842485,57.731627426711434,103.86406157739674,2095
1.7749084249084257,57.778640152628945,102.55179518665337,2096
1.7467032967032958,57.82565287854647,101.00425851697754,2097
1.7990842490842485,57.778640152628945,103.94864143210145,2098
1.786996336996336,57.87266560446398,103.41824144739098,2099
1.7749084249084257,57.87266560446398,102.7186817532712,2100
1.7628205128205132,57.896171967422745,102.06055955795678,2101
1.7628205128205132,57.9196783303815,102.10199705676229,2102
1.7950549450549458,57.96669105629901,104.05339542908185,2103
1.8031135531135534,57.99019741925778,104.56291091439431,2104
1.7587912087912083,58.037210145175294,102.07533498610223,2105
1.7990842490842485,58.01370378221654,104.37154070562507,2106
1.7950549450549458,58.107729234051575,104.30656670749812,2107
1.7587912087912083,58.107729234051575,102.1993633396698,2108
1.8272893772893761,58.107729234051575,106.17963636778978,2109
1.835347985347986,58.15474195996909,106.73418849466124,2110
1.8192307692307685,58.13123559701033,105.75413245148414,2111
1.8232600732600734,58.248767411804124,106.20265193855496,2112
1.8192307692307685,58.29578013772165,106.05347694285511,2113
1.7829670329670333,58.248767411804124,103.85563200621122,2114
1.786996336996336,58.29578013772165,104.17434556845235,2115
1.7950549450549458,58.31928650068039,104.68632362512248,2116
1.7950549450549458,58.29578013772165,104.64412841205313,2117
1.8152014652014659,58.34279286363916,105.90392309002343,2118
1.7789377289377284,58.366299226597924,103.83001179266401,2119
1.8031135531135534,58.38980558955667,105.28344982219515,2120
1.7950549450549458,58.413311952515436,104.8551044774,2121
1.8031135531135534,58.48383104139171,105.45298838873653,2122
1.8031135531135534,58.43681831547419,105.36821910546584,2123
1.786996336996336,58.53084376730923,104.59440341348642,2124
1.7749084249084257,58.53084376730923,103.88688771959598,2125
1.8192307692307685,58.53084376730923,106.4811119305279,2126
1.8232600732600734,58.60136285618551,106.84552513430894,2127
1.786996336996336,58.57785649322674,104.67841498249322,2128
1.807142857142856,58.624869219144266,105.94351366031064,2129
1.7910256410256409,58.67188194506178,105.082844970835,2130
1.8192307692307685,58.7188946709793,106.82321992066615,2131
1.7950549450549458,58.7188946709793,105.4036422473019,2132
1.807142857142856,58.67188194506178,106.02847237214729,2133
1.7950549450549458,58.765907396896814,105.48803267344064,2134
1.7708791208791208,58.765907396896814,104.06731842868045,2135
1.7910256410256409,58.81292012281435,105.33544796355338,2136
1.8272893772893761,58.88343921169061,107.59708296978697,2137
1.7990842490842485,58.859932848731845,105.89397809031001,2138
1.8152014652014659,58.906945574649356,106.92797391764651,2139
1.8031135531135534,58.906945574649356,106.21591193817271,2140
1.7749084249084257,58.95395830056689,104.63787726937619,2141
1.7547619047619056,59.00097102648441,103.53265630123579,2142
1.7547619047619056,58.95395830056689,103.45016016075671,2143
1.7789377289377284,59.09499647831943,105.12631882672463,2144
1.8152014652014659,59.09499647831943,107.2693241935209,2145
1.7910256410256409,59.024477389443156,105.71435245263088,2146
1.786996336996336,59.11850284127819,105.64454802607162,2147
1.8031135531135534,59.14200920423695,106.63975835452617,2148
1.7749084249084257,59.165515567195726,105.0133720442663,2149
1.7950549450549458,59.23603465607199,106.33193693482818,2150
1.7628205128205132,59.23603465607199,104.42249698987052,2151
1.7749084249084257,59.21252829311322,105.09681532757519,2152
1.7950549450549458,59.30655374494827,106.45852257403631,2153
1.7829670329670333,59.30655374494827,105.7416301661303,2154
1.766849816849816,59.377072833824535,104.91037026152105,2155
1.811172161172161,59.353566470865786,107.49952725831349,2156
1.8031135531135534,59.377072833824535,107.0636047708796,2157
1.8031135531135534,59.377072833824535,107.0636047708796,2158
1.7587912087912083,59.47109828565957,104.59724484197595,2159
1.7547619047619056,59.47109828565957,104.35761770602649,2160
1.7829670329670333,59.42408555974206,105.95118551723243,2161
1.7990842490842485,59.518111011577105,107.07809605617614,2162
1.7990842490842485,59.47109828565957,106.9935162014714,2163
1.786996336996336,59.54161737453586,106.40065214713297,2164
1.766849816849816,59.612136463412135,105.32569239240597,2165
1.7990842490842485,59.659149189329646,107.33183562029028,2166
1.7910256410256409,59.659149189329646,106.85106591986347,2167
1.7950549450549458,59.6826555522884,107.13364598314631,2168
1.786996336996336,59.659149189329646,106.61068106965,2169
1.7587912087912083,59.72966827820593,105.05201547172369,2170
1.7910256410256409,59.706161915247165,106.93526691743627,2171
1.7950549450549458,59.7531746411647,107.26023162235448,2172
1.7910256410256409,59.80018736708219,107.10366891258181,2173
1.807142857142856,59.84720009299972,108.15244016806372,2174
1.7789377289377284,59.84720009299972,106.46444221672273,2175
1.7829670329670333,59.84720009299972,106.70558478120007,2176
1.8031135531135534,59.91771918187598,108.03845152849252,2177
1.8434065934065935,59.94122554483475,110.4960503862201,2178
1.7910256410256409,59.94122554483475,107.35627190530018,2179
1.7950549450549458,60.011744633711025,107.72437896611758,2180
1.7789377289377284,59.98823827075228,106.71534035234738,2181
1.766849816849816,60.058757359628544,106.11480444108723,2182
1.7708791208791208,60.011744633711025,106.27354557936847,2183
1.786996336996336,60.058757359628544,107.32477940620794,2184
1.8152014652014659,60.152782811463574,109.18941949531423,2185
1.8031135531135534,60.12927644850482,108.41991330321062,2186
1.7950549450549458,60.12927644850482,107.93535503146447,2187
1.7829670329670333,60.17628917442235,107.29233976428603,2188
1.811172161172161,60.22330190033986,109.07476785576206,2189
1.8192307692307685,60.1997955373811,109.51732034300481,2190
1.807142857142856,60.24680826329862,108.8745892186753,2191
1.7749084249084257,60.29382098921614,107.01601084368019,2192
1.7789377289377284,60.29382098921614,107.2589529795341,2193
1.766849816849816,60.27031462625737,106.4885943588836,2194
1.7950549450549458,60.364340078092404,108.35730716215822,2195
1.7547619047619056,60.434859166968685,106.04878858584749,2196
1.7749084249084257,60.4818718928862,107.34978397691583,2197
1.7990842490842485,60.458365529927455,108.76969315027054,2198
1.7950549450549458,60.458365529927455,108.52608801443576,2199
1.8031135531135534,60.52888461880373,109.1404522110115,2200
1.786996336996336,60.57589734472124,108.24890666528293,2201
1.786996336996336,60.57589734472124,108.24890666528293,2202
1.7910256410256409,60.622910070638746,108.57718637010554,2203
1.8192307692307685,60.646416433597516,110.32982681958313,2204
1.7950549450549458,60.646416433597516,108.86364971899074,2205
1.8031135531135534,60.622910070638746,109.30999077755284,2206
1.7467032967032958,60.71693552247378,106.05447144282641,2207
1.7708791208791208,60.693429159515034,107.48072647314117,2208
1.8393772893772886,60.74044188543254,111.72458935080563,2209
1.855494505494506,60.787454611350064,112.79078803435672,2210
1.8192307692307685,60.810960974308834,110.6291713109541,2211
1.7910256410256409,60.83446733726758,108.95609085918308,2212
1.8232600732600734,60.810960974308834,110.87419716103379,2213
1.7628205128205132,60.83446733726758,107.2402469086448,2214
1.722527472527473,60.88148006318511,104.87002197696998,2215
1.6217948717948727,60.83446733726758,98.66102715595325,2216
1.5815018315018314,60.90498642614386,96.32134758054069,2217
1.5331501831501837,60.92849278910262,93.41252987867733,2218
1.4727106227106224,60.951999152061376,89.76465662668963,2219
1.4525641025641023,60.97550551502014,88.5708304468177,2220
1.4646520146520137,61.02251824093765,89.37675428072858,2221
1.440476190476191,60.999011877978894,87.86762425280295,2222
1.4082417582417583,61.02251824093765,85.9344583799578,2223
1.3760073260073258,61.04602460389641,83.99977707858493,2224
1.327655677655677,61.116543692772694,81.14172623240091,2225
1.3437728937728932,61.116543692772694,82.12675477543463,2226
1.3437728937728932,61.14005005573145,82.1583419888098,2227
1.3357142857142856,61.09303732981393,81.60284271910861,2228
1.327655677655677,61.116543692772694,81.14172623240091,2229
1.3195970695970705,61.23407550756649,80.80430659927048,2230
1.2873626373626368,61.16355641869021,78.73967730164347,2231
1.2712454212454216,61.16355641869021,77.75389104434595,2232
1.2913919413919417,61.16355641869021,78.98612386596791,2233
1.2430402930402928,61.23407550756649,76.11642316297687,2234
1.2269230769230766,61.257581870525236,75.1583408334521,2235
1.2108058608058603,61.23407550756649,74.14257750559008,2236
1.2148351648351652,61.304594596442755,74.47497728172252,2237
1.1463369963369963,61.281088233484,70.24877861783449,2238
1.1624542124542125,61.304594596442755,71.26378423143264,2239
1.1342490842490849,61.304594596442755,69.5346802812766,2240
1.13021978021978,61.3986200482778,69.39393485676231,2241
1.13021978021978,61.35160732236027,69.34080014400827,2242
1.1181318681318686,61.37511368531903,68.62547052177158,2243
1.085897435897436,61.42212641123654,66.69812957732995,2244
1.1020146520146512,61.42212641123654,67.68808326307875,2245
1.0818681318681311,61.44563277419532,66.4760719408739,2246
1.0939560439560447,61.51615186307159,67.29596613152506,2247
1.041575091575091,61.46913913715407,64.02472422582326,2248
1.0133699633699633,61.44563277419532,62.26715863363053,2249
1.021428571428571,61.5631645889891,62.88237525875312,2250
0.9972527472527482,61.51615186307159,61.34715144586541,2251
0.9932234432234432,61.53965822603034,61.122631238051746,2252
0.9771062271062281,61.44563277419532,60.03891041214878,2253
0.9408424908424906,61.53965822603034,57.89912533097395,2254
0.9489010989010993,61.53965822603034,58.39504931667827,2255
0.9448717948717944,61.5631645889891,58.16929782318583,2256
0.912637362637363,61.63368367786538,56.24920252139254,2257
0.8804029304029304,61.610177314906615,54.24178065068793,2258
0.8924908424908429,61.53965822603034,54.92358141674835,2259
0.8804029304029304,61.586670951947866,54.22108557985593,2260
0.8683150183150179,61.63368367786538,53.517453171567695,2261
0.8683150183150179,61.63368367786538,53.517453171567695,2262
0.844139194139194,61.586670951947866,51.987722787092984,2263
0.8723443223443228,61.680696403782896,53.8068053060839,2264
0.8360805860805864,61.704202766741666,51.58968601285272,2265
0.823992673992674,61.65719004082415,50.805072892613154,2266
0.8119047619047626,61.77472185561794,50.15519083991842,2267
0.8360805860805864,61.704202766741666,51.58968601285272,2268
0.7917582417582425,61.680696403782896,48.8361997350831,2269
0.7554945054945061,61.704202766741666,46.61718615619223,2270
0.7756410256410262,61.72770912970041,47.87854361983176,2271
0.7514652014652012,61.77472185561794,46.421553804688706,2272
0.7071428571428573,61.77472185561794,43.68355331218698,2273
0.6990842490842486,61.798228218576696,43.20216796892071,2274
0.7192307692307687,61.82173458153545,44.464093718258155,2275
0.7031135531135524,61.798228218576696,43.451171818885655,2276
0.7111721611721611,61.77472185561794,43.93246244786894,2277
0.6628205128205122,61.84524094449421,40.99229431833779,2278
0.6869963369963372,61.91576003337048,42.53590034526974,2279
0.7031135531135524,61.86874730745297,43.50075474602779,2280
0.7272893772893774,61.82173458153545,44.96229084675409,2281
0.6668498168498171,61.82173458153545,41.22581238303492,2282
0.6467032967032971,61.86874730745297,40.01072284663307,2283
0.6144688644688645,61.91576003337048,38.04530676043186,2284
0.6346153846153846,61.89225367041173,39.27777636776129,2285
0.6507326007326009,61.89225367041173,40.27530719614889,2286
0.602380952380952,61.798228218576696,37.226075569761655,2287
0.6225274725274721,61.939266396329245,38.55889495991263,2288
0.6104395604395607,61.939266396329245,37.81017855292408,2289
0.6184981684981683,61.89225367041173,38.280245539373695,2290
0.5540293040293043,61.89225367041173,34.29012222582337,2291
0.5661172161172157,61.962772759288,35.07819241739177,2292
0.537912087912088,61.939266396329245,33.3178801109925,2293
0.5419413919413918,61.91576003337048,33.554713175593996,2294
0.5056776556776554,61.962772759288,31.333189668204046,2295
0.5500000000000005,62.009785485205526,34.10538201686307,2296
0.537912087912088,61.986279122246756,33.343168824549224,2297
0.49358974358974406,61.91576003337048,30.56098411903546,2298
0.5177655677655668,62.056798211123045,32.13087335949533,2299
0.5258241758241755,62.033291848164275,32.618604559721526,2300
0.5097069597069603,61.962772759288,31.58285651814995,2301
0.48956043956044026,62.103810937040556,30.403568980716052,2302
0.4653846153846153,62.033291848164275,28.869339667799522,2303
0.4452380952380952,62.103810937040556,27.65098248863472,2304
0.4694139194139202,62.056798211123045,29.13032487456202,2305
0.48150183150183157,61.986279122246756,29.846506925345558,2306
0.4694139194139202,62.056798211123045,29.13032487456202,2307
0.42912087912087893,62.056798211123045,26.62986780378411,2308
0.4412087912087914,62.08030457408179,27.39037613900423,2309
0.47747252747252666,62.103810937040556,29.6528635737847,2310
0.4573260073260066,62.08030457408179,28.39093782444725,2311
0.40494505494505506,62.103810937040556,25.1486311321972,2312
0.3888278388278388,62.056798211123045,24.129410733006264,2313
0.3767399267399263,62.103810937040556,23.39698518269089,2314
0.41300366300366376,62.103810937040556,25.649101403484746,2315
0.40897435897435885,62.150823662958075,25.418093267286693,2316
0.41300366300366376,62.17433002591683,25.678226045502328,2317
0.3807692307692301,62.08030457408179,23.638269818592637,2318
0.39688644688644636,62.08030457408179,24.638831504035725,2319
0.3928571428571437,62.150823662958075,24.416395010447868,2320
0.3646520146520149,62.150823662958075,22.663423060979785,2321
0.36062271062271,62.17433002591683,22.421475425097075,2322
0.3727106227106236,62.17433002591683,23.173033260575284,2323
0.34450549450549484,62.12731729999932,21.40320216873605,2324
0.33644688644688614,62.19783638887559,20.926268396770027,2325
0.3001831501831498,62.19783638887559,18.67074246178882,2326
0.32032967032966986,62.150823662958075,19.908752854672805,2327
0.2921245421245422,62.150823662958075,18.15578090520479,2328
0.31227106227106227,62.19783638887559,19.422584440115912,2329
0.31630036630036606,62.19783638887559,19.673198432891585,2330
0.33241758241758235,62.150823662958075,20.660026547301992,2331
0.31630036630036606,62.22134275183435,19.68063350410583,2332
0.31227106227106227,62.24484911479311,19.437265153978434,2333
0.296153846153846,62.22134275183435,18.42708996881247,2334
0.3082417582417585,62.291861840710624,19.200953017933344,2335
0.296153846153846,62.24484911479311,18.434051468611795,2336
0.25989010989010963,62.17433002591683,16.158493462779468,2337
0.2800366300366297,62.19783638887559,17.417672497910377,2338
0.2760073260073259,62.26835547775186,17.186522290287915,2339
0.25183150183150205,62.26835547775186,15.681133476540088,2340
0.2800366300366297,62.24484911479311,17.430837783245156,2341
0.2760073260073259,62.26835547775186,17.186522290287915,2342
0.2840659340659346,62.22134275183435,17.674963847636494,2343
0.2719780219780221,62.291861840710624,16.942017368764713,2344
0.22765567765567818,62.24484911479311,14.170393305803666,2345
0.24377289377289335,62.291861840710624,15.1850674194113,2346
0.24377289377289335,62.291861840710624,15.1850674194113,2347
0.25183150183150205,62.24484911479311,15.67521383385359,2348
0.23571428571428577,62.338874566628135,14.694163290705207,2349
0.23168498168498197,62.26835547775186,14.426642798416887,2350
0.2639194139194134,62.26835547775186,16.43382788341397,2351
0.2034798534798532,62.31536820366938,12.679921991625749,2352
0.22362637362637328,62.291861840710624,13.930103169873178,2353
0.2034798534798532,62.362380929586905,12.689488134207135,2354
0.19139194139194182,62.338874566628135,11.931158227495704,2355
0.1994505494505494,62.26835547775186,12.419457713419737,2356
0.18333333333333313,62.291861840710624,11.420174670796936,2357
0.18736263736263803,62.31536820366938,11.67557173486337,2358
0.1954212454212445,62.362380929586905,12.18693414869394,2359
0.17527472527472443,62.385887292545654,10.934669256220861,2360
0.19139194139194182,62.338874566628135,11.931158227495704,2361
0.14304029304029298,62.362380929586905,8.92033324285849,2362
0.19139194139194182,62.338874566628135,11.931158227495704,2363
0.17930402930402933,62.338874566628135,11.1776113920749,2364
0.17527472527472443,62.31536820366938,10.922309042291449,2365
0.13498168498168428,62.385887292545654,8.420952185825257,2366
0.17124542124542175,62.338874566628135,10.675246835127743,2367
0.14706959706959677,62.409393655504424,9.178524378272884,2368
0.13901098901098918,62.385887292545654,8.672323892864874,2369
0.13901098901098918,62.338874566628135,8.665788607338976,2370
0.1269230769230767,62.362380929586905,7.91522527183217,2371
0.10274725274725283,62.385887292545654,6.409978529508817,2372
0.1148351648351642,62.362380929586905,7.161394293562413,2373
0.16721611721611795,62.385887292545654,10.431925842141837,2374
0.1269230769230767,62.338874566628135,7.912241771918172,2375
0.08663003663003654,62.338874566628135,5.400418987182249,2376
0.09468864468864413,62.409393655504424,5.90946090107978,2377
0.09065934065934145,62.385887292545654,5.655863408390177,2378
0.08663003663003654,62.385887292545654,5.404491701350562,2379
0.1148351648351642,62.409393655504424,7.166793007692502,2380
0.1148351648351642,62.338874566628135,7.158694936497367,2381
0.1148351648351642,62.385887292545654,7.164093650627456,2382
0.09065934065934145,62.31536820366938,5.649470194288757,2383
0.08663003663003654,62.43290001846317,5.408564415518874,2384
0.07454212454212406,62.409393655504424,4.652128794467058,2385
0.046336996336996394,62.409393655504424,2.8918638452092744,2386
0.1148351648351642,62.362380929586905,7.161394293562413,2387
0.08663003663003654,62.409393655504424,5.406528058434718,2388
0.08663003663003654,62.385887292545654,5.404491701350562,2389
0.0503663003663013,62.4799127443807,3.146882052143775,2390
0.022161172161172527,62.385887292545654,1.3825443887176097,2391
0.09065934065934145,62.43290001846317,5.660125551124458,2392
0.08663003663003654,62.45640638142194,5.410600772603031,2393
0.034249084249083905,62.385887292545654,2.136659509836249,2394
0.034249084249083905,62.45640638142194,2.1390747240523416,2395
0.0060439560439562445,62.385887292545654,0.37705756055935435,2396
0.0382783882783877,62.43290001846317,2.3898307882524916,2397
0.05439560439560398,62.409393655504424,3.3947966878543356,2398
0.046336996336996394,62.362380929586905,2.889685416700642,2399
0.022161172161172527,62.45640638142194,1.384107174386846,2400
0.034249084249083905,62.52692547029821,2.1414899382684336,2401
0.062454212454212676,62.43290001846317,3.8991976018857173,2402
0.0503663003663013,62.4799127443807,3.146882052143775,2403
0.034249084249083905,62.4799127443807,2.1398797954577056,2404
0.0423076923076926,62.4799127443807,2.6433809238007404,2405
0.0060439560439562445,62.409393655504424,0.37719963198383044,2406
0.0382783882783877,62.45640638142194,2.39073057394084,2407
0.01410256410256383,62.4799127443807,0.8811269746002236,2408
0.030219780219780112,62.43290001846317,1.8867085170414628,2409
0.018131868131867623,62.43290001846317,1.13202511022485,2410
0.0382783882783877,62.409393655504424,2.388931002564144,2411
0.018131868131867623,62.4799127443807,1.1328775387717063,2412
-0.01410256410256383,62.4799127443807,-0.8811269746002236,2413
-0.010073260073260037,62.43290001846317,-0.6289028390138209,2414
-0.018131868131867623,62.503419107339454,-1.1333037530451342,2415
-0.010073260073260037,62.4799127443807,-0.629376410428741,2416
0.0060439560439562445,62.4799127443807,0.37762584625725854,2417
0.07051282051282137,62.43290001846317,4.402319873096816,2418
0.030219780219780112,62.4799127443807,1.8881292312862232,2419
0.07051282051282137,62.4799127443807,4.405634873001257,2420
-0.0020146520146524516,62.4799127443807,-0.12587528208577595,2421
-0.010073260073260037,62.503419107339454,-0.629613196136201,2422
-0.01410256410256383,62.52692547029821,-0.8817899745811116,2423
-0.0020146520146524516,62.4799127443807,-0.12587528208577595,2424
-0.046336996336996394,62.45640638142194,-2.894042273717907,2425
-0.0423076923076926,62.503419107339454,-2.6443754237720722,2426
-0.058424908424908883,62.4799127443807,-3.65038318048674,2427
-0.034249084249083905,62.4799127443807,-2.1398797954577056,2428
-0.02619047619047632,62.503419107339454,-1.6369943099541366,2429
-0.022161172161172527,62.503419107339454,-1.3851490314996702,2430
-0.018131868131867623,62.503419107339454,-1.1333037530451342,2431
0.0060439560439562445,62.503419107339454,0.3777679176817345,2432
-0.0020146520146524516,62.4799127443807,-0.12587528208577595,2433
-0.018131868131867623,62.550431833256965,-1.13415618159199,2434
-0.02619047619047632,62.45640638142194,-1.6357630242753447,2435
0.018131868131867623,62.45640638142194,1.1324513244982781,2436
-0.0060439560439562445,62.52692547029821,-0.3779099891062105,2437
-0.030219780219780112,62.503419107339454,-1.888839588408603,2438
-0.030219780219780112,62.503419107339454,-1.888839588408603,2439
-0.010073260073260037,62.4799127443807,-0.629376410428741,2440
-0.02619047619047632,62.52692547029821,-1.6376099527935326,2441
-0.010073260073260037,62.4799127443807,-0.629376410428741,2442
-0.02619047619047632,62.4799127443807,-1.6363786671147407,2443
-0.018131868131867623,62.52692547029821,-1.1337299673185621,2444
-0.0423076923076926,62.503419107339454,-2.6443754237720722,2445
-0.034249084249083905,62.52692547029821,-2.1414899382684336,2446
-0.03827838827838881,62.52692547029821,-2.3934299310059535,2447
-0.03827838827838881,62.550431833256965,-2.3943297166943016,2448
-0.06648351648351647,62.52692547029821,-4.157009880168177,2449
-0.03827838827838881,62.52692547029821,-2.3934299310059535,2450
-0.034249084249083905,62.52692547029821,-2.1414899382684336,2451
-0.07857142857142896,62.52692547029821,-4.912829858380598,2452
-0.08260073260073275,62.503419107339454,-5.162828208316877,2453
-0.046336996336996394,62.45640638142194,-2.894042273717907,2454
-0.05439560439560398,62.503419107339454,-3.3999112591354717,2455
-0.05036630036630019,62.52692547029821,-3.1492499092183053,2456
-0.07454212454212406,62.550431833256965,-4.662642079878282,2457
-0.07051282051282026,62.45640638142194,-4.403977373048967,2458
-0.034249084249083905,62.4799127443807,-2.1398797954577056,2459
-0.06648351648351647,62.550431833256965,-4.158572665837413,2460
-0.062454212454212676,62.52692547029821,-3.9050698874307264,2461
-0.08663003663003654,62.550431833256965,-5.418746200939655,2462
-0.09065934065934034,62.57393819621574,-5.672911979327231,2463
-0.10274725274725283,62.59744455917449,-6.431715457453648,2464
-0.07454212454212406,62.52692547029821,-4.660889865643078,2465
-0.07051282051282026,62.4799127443807,-4.405634873001188,2466
-0.02619047619047632,62.503419107339454,-1.6369943099541366,2467
-0.022161172161172527,62.52692547029821,-1.385669960056082,2468
-0.058424908424908883,62.59744455917449,-3.6572499660030804,2469
-0.05036630036630019,62.550431833256965,-3.1504338377556054,2470
-0.07857142857142896,62.52692547029821,-4.912829858380598,2471
-0.10274725274725283,62.57393819621574,-6.429300243237557,2472
-0.07051282051282026,62.52692547029821,-4.408949872905628,2473
-0.09468864468864413,62.59744455917449,-5.927267186280773,2474
-0.08663003663003654,62.52692547029821,-5.416709843855499,2475
-0.07454212454212406,62.52692547029821,-4.660889865643078,2476
-0.08260073260073275,62.503419107339454,-5.162828208316877,2477
-0.10274725274725283,62.52692547029821,-6.42446981480537,2478
-0.07857142857142896,62.57393819621574,-4.916523715416975,2479
-0.10677655677655773,62.550431833256965,-6.6789197360419665,2480
-0.08663003663003654,62.550431833256965,-5.418746200939655,2481
-0.08663003663003654,62.52692547029821,-5.416709843855499,2482
-0.09468864468864413,62.4799127443807,-5.916138258030152,2483
-0.1148351648351642,62.4799127443807,-7.174891078887634,2484
-0.046336996336996394,62.62095092213324,-2.901666773498119,2485
-0.10274725274725283,62.52692547029821,-6.42446981480537,2486
-0.09065934065934034,62.66796364805076,-5.68143626479579,2487
-0.062454212454212676,62.57393819621574,-3.9080060302032313,2488
-0.11080586080586041,62.59744455917449,-6.936163728626453,2489
-0.11080586080586041,62.550431833256965,-6.9309544430623315,2490
-0.1228937728937729,62.52692547029821,-7.684169778492692,2491
-0.08260073260073275,62.62095092213324,-5.172536422322737,2492
-0.09468864468864413,62.59744455917449,-5.927267186280773,2493
-0.07454212454212406,62.644457285092,-4.669650936819099,2494
-0.11886446886446911,62.57393819621574,-7.437817928451301,2495
-0.08260073260073275,62.52692547029821,-5.164769851118049,2496
-0.11080586080586041,62.550431833256965,-6.9309544430623315,2497
-0.1269230769230778,62.503419107339454,-7.933126271316216,2498
-0.09468864468864413,62.57393819621574,-5.92504140063065,2499
-0.1148351648351642,62.57393819621574,-7.1856885071478125,2500
-0.1228937728937729,62.59744455917449,-7.69283613538573,2501
-0.11886446886446911,62.62095092213324,-7.443406071147354,2502
-0.09065934065934034,62.52692547029821,-5.66864983659295,2503
-0.13498168498168428,62.52692547029821,-8.439989756705044,2504
-0.15915750915750926,62.503419107339454,-9.947888498952018,2505
-0.09065934065934034,62.57393819621574,-5.672911979327231,2506
-0.11080586080586041,62.57393819621574,-6.933559085844394,2507
-0.07454212454212406,62.52692547029821,-4.660889865643078,2508
-0.10677655677655773,62.57393819621574,-6.681429664541045,2509
-0.08260073260073275,62.550431833256965,-5.1667114939192205,2510
-0.09065934065934034,62.503419107339454,-5.66651876522581,2511
-0.08663003663003654,62.62095092213324,-5.424855272192123,2512
-0.08663003663003654,62.59744455917449,-5.4228189151079675,2513
-0.09065934065934034,62.52692547029821,-5.66864983659295,2514
-0.13901098901098918,62.52692547029821,-8.691929749442565,2515
-0.11080586080586041,62.57393819621574,-6.933559085844394,2516
-0.10677655677655773,62.550431833256965,-6.6789197360419665,2517
-0.10677655677655773,62.503419107339454,-6.673899879043814,2518
-0.11080586080586041,62.62095092213324,-6.9387683714085115,2519
-0.1228937728937729,62.550431833256965,-7.687058564123705,2520
-0.09871794871794903,62.57393819621574,-6.177170821934138,2521
-0.08663003663003654,62.59744455917449,-5.4228189151079675,2522
-0.09468864468864413,62.59744455917449,-5.927267186280773,2523
-0.1309523809523805,62.52692547029821,-8.188049763967594,2524
-0.17930402930402933,62.59744455917449,-11.223974033595574,2525
-0.1269230769230778,62.550431833256965,-7.939093271144208,2526
-0.09871794871794903,62.57393819621574,-6.177170821934138,2527
-0.13498168498168428,62.4799127443807,-8.433643899745116,2528
-0.10677655677655773,62.644457285092,-6.688959450038272,2529
-0.08260073260073275,62.62095092213324,-5.172536422322737,2530
-0.07857142857142896,62.52692547029821,-4.912829858380598,2531
-0.1228937728937729,62.550431833256965,-7.687058564123705,2532
-0.1228937728937729,62.59744455917449,-7.69283613538573,2533
-0.1269230769230778,62.550431833256965,-7.939093271144208,2534
-0.13901098901098918,62.59744455917449,-8.70173267773141,2535
-0.1148351648351642,62.644457285092,-7.1937865783429435,2536
-0.09065934065934034,62.52692547029821,-5.66864983659295,2537
-0.1309523809523805,62.52692547029821,-8.188049763967594,2538
-0.13901098901098918,62.57393819621574,-8.698465034968462,2539
-0.1309523809523805,62.59744455917449,-8.197284406558536,2540
-0.13498168498168428,62.59744455917449,-8.449508542144939,2541
-0.11080586080586041,62.503419107339454,-6.925745157498212,2542
-0.1148351648351642,62.57393819621574,-7.1856885071478125,2543
-0.11080586080586041,62.62095092213324,-6.9387683714085115,2544
-0.09065934065934034,62.59744455917449,-5.67504305069437,2545
-0.11886446886446911,62.550431833256965,-7.43502385710327,2546
-0.09871794871794903,62.57393819621574,-6.177170821934138,2547
-0.07857142857142896,62.714976373968284,-4.927605286526104,2548
-0.08260073260073275,62.59744455917449,-5.170594779521565,2549
-0.1228937728937729,62.57393819621574,-7.689947349754719,2550
-0.15915750915750926,62.57393819621574,-9.959112141485626,2551
-0.11080586080586041,62.57393819621574,-6.933559085844394,2552
-0.1309523809523805,62.57393819621574,-8.194206192361555,2553
-0.1309523809523805,62.57393819621574,-8.194206192361555,2554
-0.1309523809523805,62.57393819621574,-8.194206192361555,2555
-0.13498168498168428,62.59744455917449,-8.449508542144939,2556
-0.1269230769230778,62.62095092213324,-7.948043770886197,2557
-0.11080586080586041,62.550431833256965,-6.9309544430623315,2558
-0.14304029304029298,62.57393819621574,-8.950594456271881,2559
-0.17124542124542064,62.57393819621574,-10.715500405395881,2560
-0.1269230769230778,62.52692547029821,-7.936109771230212,2561
-0.08260073260073275,62.62095092213324,-5.172536422322737,2562
-0.1309523809523805,62.62095092213324,-8.200362620755515,2563
-0.1309523809523805,62.550431833256965,-8.191127978164573,2564
-0.17527472527472554,62.57393819621574,-10.967629826699369,2565
-0.16721611721611795,62.57393819621574,-10.463370984092531,2566
-0.1269230769230778,62.57393819621574,-7.942076771058207,2567
-0.13901098901098918,62.59744455917449,-8.70173267773141,2568
-0.17527472527472554,62.52692547029821,-10.959389684079758,2569
-0.15109890109890056,62.57393819621574,-9.454853298878719,2570
-0.1148351648351642,62.550431833256965,-7.182989150082766,2571
-0.1228937728937729,62.59744455917449,-7.69283613538573,2572
-0.1269230769230778,62.62095092213324,-7.948043770886197,2573
-0.13901098901098918,62.62095092213324,-8.705000320494356,2574
-0.13901098901098918,62.57393819621574,-8.698465034968462,2575
-0.1309523809523805,62.52692547029821,-8.188049763967594,2576
-0.1228937728937729,62.644457285092,-7.698613706647754,2577
-0.14304029304029298,62.59744455917449,-8.953956813317813,2578
-0.16318681318681305,62.57393819621574,-10.211241562789043,2579
-0.1228937728937729,62.52692547029821,-7.684169778492692,2580
-0.1228937728937729,62.52692547029821,-7.684169778492692,2581
-0.14706959706959788,62.59744455917449,-9.206180948904285,2582
-0.14304029304029298,62.62095092213324,-8.957319170363743,2583
-0.1228937728937729,62.59744455917449,-7.69283613538573,2584
-0.15915750915750926,62.57393819621574,-9.959112141485626,2585
-0.15109890109890056,62.62095092213324,-9.461956870102517,2586
-0.15512820512820436,62.59744455917449,-9.71062922007702,2587
-0.13901098901098918,62.62095092213324,-8.705000320494356,2588
-0.15915750915750926,62.59744455917449,-9.962853355663492,2589
-0.15512820512820436,62.644457285092,-9.717922219866788,2590
-0.1309523809523805,62.550431833256965,-8.191127978164573,2591
-0.11080586080586041,62.52692547029821,-6.928349800280271,2592
-0.14304029304029298,62.550431833256965,-8.947232099225946,2593
-0.14706959706959788,62.57393819621574,-9.20272387757537,2594
-0.13901098901098918,62.550431833256965,-8.695197392205513,2595
-0.16721611721611795,62.59744455917449,-10.467301626836367,2596
-0.16721611721611795,62.57393819621574,-10.463370984092531,2597
-0.15512820512820436,62.550431833256965,-9.70333622028725,2598
-0.18333333333333313,62.57393819621574,-11.471888669306207,2599
