2024-11-16 13:56:53,982 [INFO] Activator:176 - 


2024-11-16 13:56:53,998 [INFO] Activator:177 - !SESSION log4j initialized
2024-11-16 13:57:12,609 [INFO] LogOutputStream:77 - [STDOUT_REDIRECT] 
2024-11-16 13:57:15,207 [INFO] ApplicationProperties:184 - Using Application install path: C:\ST\STM32CubeIDE_1.16.1\STM32CubeIDE\plugins\com.st.stm32cube.common.mx_6.12.1.202409122256
2024-11-16 13:57:15,245 [INFO] DbMcusXml:78 - Set database path to: C:\ST\STM32CubeIDE_1.16.1\STM32CubeIDE\plugins\com.st.stm32cube.common.mx_6.12.1.202409122256\\db\/mcu/
2024-11-16 13:57:15,246 [INFO] ApiDb:274 - Set plugin database path to: C:\ST\STM32CubeIDE_1.16.1\STM32CubeIDE\plugins\com.st.stm32cube.common.mx_6.12.1.202409122256\\db\/plugins/boardmanager/
2024-11-16 13:57:15,248 [WARN] ApiDb:259 - Overriding images path with different value:  => C:\ST\STM32CubeIDE_1.16.1\STM32CubeIDE\plugins\com.st.stm32cube.common.mx_6.12.1.202409122256\\db\/plugins/mcufinder/images/
2024-11-16 13:57:15,263 [INFO] ApiDb:250 - Set database path to: C:\Users\mridu\.stmcufinder\plugins\mcufinder//mcu/
2024-11-16 13:57:15,266 [INFO] DbMcusAds:125 - Set database path to: C:\Users\mridu\.stmcufinder\plugins\mcufinder//mcu/
2024-11-16 13:57:15,272 [INFO] CrossReferenceDbSqlite:203 - Set database path to: C:\Users\mridu\.stmcufinder\plugins\mcufinder//mcu/cs/
2024-11-16 13:57:15,514 [INFO] RulesReader:64 - Compatibility file has been processed (297 Rules)
2024-11-16 13:57:15,694 [INFO] DbMcusXml:78 - Set database path to: C:\ST\STM32CubeIDE_1.16.1\STM32CubeIDE\plugins\com.st.stm32cube.common.mx_6.12.1.202409122256\\db\/mcu/
2024-11-16 13:57:15,694 [INFO] ApiDb:274 - Set plugin database path to: C:\ST\STM32CubeIDE_1.16.1\STM32CubeIDE\plugins\com.st.stm32cube.common.mx_6.12.1.202409122256\\db\/plugins/boardmanager/
2024-11-16 13:57:15,694 [INFO] ApiDb:261 - Set plugin images path to: C:\ST\STM32CubeIDE_1.16.1\STM32CubeIDE\plugins\com.st.stm32cube.common.mx_6.12.1.202409122256\\db\/plugins/mcufinder/images/
2024-11-16 13:57:15,695 [WARN] DbFile:41 - Overriding database path with different value: C:\Users\mridu\.stmcufinder\plugins\mcufinder/ => C:\Users\mridu\.stmcufinder\plugins\mcufinder
2024-11-16 13:57:15,695 [INFO] ApiDb:250 - Set database path to: C:\Users\mridu\.stmcufinder\plugins\mcufinder//mcu/
2024-11-16 13:57:15,695 [WARN] DbFile:41 - Overriding database path with different value: C:\Users\mridu\.stmcufinder\plugins\mcufinder/ => C:\Users\mridu\.stmcufinder\plugins\mcufinder
2024-11-16 13:57:15,695 [INFO] DbMcusAds:125 - Set database path to: C:\Users\mridu\.stmcufinder\plugins\mcufinder//mcu/
2024-11-16 13:57:15,695 [WARN] DbFile:41 - Overriding database path with different value: C:\Users\mridu\.stmcufinder\plugins\mcufinder/ => C:\Users\mridu\.stmcufinder\plugins\mcufinder
2024-11-16 13:57:15,695 [WARN] DbFile:41 - Overriding database path with different value: C:\Users\mridu\.stmcufinder\plugins\mcufinder/ => C:\Users\mridu\.stmcufinder\plugins\mcufinder
2024-11-16 13:57:15,695 [INFO] CrossReferenceDbSqlite:203 - Set database path to: C:\Users\mridu\.stmcufinder\plugins\mcufinder//mcu/cs/
2024-11-16 13:57:15,896 [INFO] MainPanel:268 - HeapMemory: 268435456
2024-11-16 13:57:16,136 [INFO] DbMcusXml:78 - Set database path to: C:\ST\STM32CubeIDE_1.16.1\STM32CubeIDE\plugins\com.st.stm32cube.common.mx_6.12.1.202409122256\\db\/mcu/
2024-11-16 13:57:16,137 [INFO] ApiDb:274 - Set plugin database path to: C:\ST\STM32CubeIDE_1.16.1\STM32CubeIDE\plugins\com.st.stm32cube.common.mx_6.12.1.202409122256\\db\/plugins/boardmanager/
2024-11-16 13:57:16,137 [INFO] ApiDb:261 - Set plugin images path to: C:\ST\STM32CubeIDE_1.16.1\STM32CubeIDE\plugins\com.st.stm32cube.common.mx_6.12.1.202409122256\\db\/plugins/mcufinder/images/
2024-11-16 13:57:16,137 [WARN] DbFile:41 - Overriding database path with different value: C:\Users\mridu\.stmcufinder\plugins\mcufinder/ => C:\Users\mridu\.stmcufinder\plugins\mcufinder
2024-11-16 13:57:16,138 [INFO] ApiDb:250 - Set database path to: C:\Users\mridu\.stmcufinder\plugins\mcufinder//mcu/
2024-11-16 13:57:16,138 [WARN] DbFile:41 - Overriding database path with different value: C:\Users\mridu\.stmcufinder\plugins\mcufinder/ => C:\Users\mridu\.stmcufinder\plugins\mcufinder
2024-11-16 13:57:16,138 [INFO] DbMcusAds:125 - Set database path to: C:\Users\mridu\.stmcufinder\plugins\mcufinder//mcu/
2024-11-16 13:57:16,138 [WARN] DbFile:41 - Overriding database path with different value: C:\Users\mridu\.stmcufinder\plugins\mcufinder/ => C:\Users\mridu\.stmcufinder\plugins\mcufinder
2024-11-16 13:57:16,138 [WARN] DbFile:41 - Overriding database path with different value: C:\Users\mridu\.stmcufinder\plugins\mcufinder/ => C:\Users\mridu\.stmcufinder\plugins\mcufinder
2024-11-16 13:57:16,139 [INFO] CrossReferenceDbSqlite:203 - Set database path to: C:\Users\mridu\.stmcufinder\plugins\mcufinder//mcu/cs/
2024-11-16 13:57:16,175 [INFO] ApplicationProperties:184 - Using Application install path: C:\ST\STM32CubeIDE_1.16.1\STM32CubeIDE\plugins\com.st.stm32cube.common.mx_6.12.1.202409122256
2024-11-16 13:57:16,177 [INFO] PluginManage:196 - Search for loadable plugins [exclusion list=, ]
2024-11-16 13:57:16,179 [INFO] PluginManage:310 - Check plugin analytics
2024-11-16 13:57:16,601 [INFO] AnalyticsPlugin:253 - Accepted Software Licenses: 
2024-11-16 13:57:16,602 [INFO] AnalyticsPlugin:255 - Accepted CMSIS Pack Licenses: 
2024-11-16 13:57:16,603 [INFO] AnalyticsPlugin:257 - Accepted Firmware Licenses: 
2024-11-16 13:57:16,607 [INFO] PluginManage:359 - Loaded plugin analytics (category:tool,tabindex:-1)
2024-11-16 13:57:16,610 [INFO] PluginManage:310 - Check plugin cadmodel
2024-11-16 13:57:16,643 [INFO] CADModel:105 - Init CAD model plugin
2024-11-16 13:57:16,644 [INFO] PluginManage:359 - Loaded plugin cadmodel (category:power,tabindex:5)
2024-11-16 13:57:16,644 [INFO] PluginManage:310 - Check plugin clock
2024-11-16 13:57:16,695 [INFO] PluginManage:359 - Loaded plugin clock (category:base,tabindex:2)
2024-11-16 13:57:16,696 [INFO] PluginManage:310 - Check plugin ddr
2024-11-16 13:57:16,703 [INFO] PluginManage:359 - Loaded plugin ddr (category:tool,tabindex:6)
2024-11-16 13:57:16,703 [INFO] PluginManage:310 - Check plugin filemanager
2024-11-16 13:57:17,010 [INFO] PluginManage:359 - Loaded plugin filemanager (category:base,tabindex:10)
2024-11-16 13:57:17,010 [INFO] PluginManage:310 - Check plugin ipmanager
2024-11-16 13:57:17,028 [INFO] PluginManage:359 - Loaded plugin ipmanager (category:base,tabindex:5)
2024-11-16 13:57:17,028 [INFO] PluginManage:310 - Check plugin lpbam
2024-11-16 13:57:17,072 [INFO] PluginManage:359 - Loaded plugin lpbam (category:base,tabindex:0)
2024-11-16 13:57:17,072 [INFO] PluginManage:310 - Check plugin memorymap
2024-11-16 13:57:17,129 [INFO] PluginManage:359 - Loaded plugin memorymap (category:base,tabindex:4)
2024-11-16 13:57:17,129 [INFO] PluginManage:310 - Check plugin pinoutandconfiguration
2024-11-16 13:57:17,175 [INFO] PluginManage:359 - Loaded plugin pinoutandconfiguration (category:base,tabindex:1)
2024-11-16 13:57:17,175 [INFO] PluginManage:310 - Check plugin pinoutconfig
2024-11-16 13:57:17,364 [WARN] SupportedApi:132 - Cannot load RTOS API schema: s4s-elt-must-match.1: The content of 'definitions' must match (annotation?, (simpleType | complexType)?, (unique | key | keyref)*)). A problem was found starting at: attribute.
2024-11-16 13:57:18,254 [INFO] PluginManage:359 - Loaded plugin pinoutconfig (category:base,tabindex:0)
2024-11-16 13:57:18,254 [INFO] PluginManage:310 - Check plugin power
2024-11-16 13:57:18,329 [INFO] PluginManage:359 - Loaded plugin power (category:power,tabindex:4)
2024-11-16 13:57:18,336 [INFO] PluginManage:310 - Check plugin projectmanager
2024-11-16 13:57:18,394 [INFO] PluginManage:359 - Loaded plugin projectmanager (category:projectmanager,tabindex:4)
2024-11-16 13:57:18,394 [INFO] PluginManage:310 - Check plugin rif
2024-11-16 13:57:18,426 [INFO] PluginManage:359 - Loaded plugin rif (category:base,tabindex:3)
2024-11-16 13:57:18,426 [INFO] PluginManage:310 - Check plugin thirdparty
2024-11-16 13:57:19,330 [WARN] IntegrityCheckThread:84 - waiting for thirdparty lock release [integrity check]
2024-11-16 13:57:19,333 [INFO] IntegrityCheckThread:86 - entering critical section [integrity check]
2024-11-16 13:57:19,333 [INFO] PluginManage:359 - Loaded plugin thirdparty (category:base,tabindex:-1)
2024-11-16 13:57:19,333 [INFO] PluginManage:310 - Check plugin tools
2024-11-16 13:57:19,333 [INFO] ThirdPartyUpdaterWithRetryManager:70 - Updater plugin not ready yet. [1/15]
2024-11-16 13:57:19,412 [INFO] PluginManage:359 - Loaded plugin tools (category:base,tabindex:7)
2024-11-16 13:57:19,412 [INFO] PluginManage:310 - Check plugin tutovideos
2024-11-16 13:57:20,149 [INFO] PluginManage:359 - Loaded plugin tutovideos (category:base,tabindex:-1)
2024-11-16 13:57:20,149 [INFO] PluginManage:310 - Check plugin updater
2024-11-16 13:57:20,209 [INFO] PluginManage:359 - Loaded plugin updater (category:base,tabindex:12)
2024-11-16 13:57:20,209 [INFO] PluginManage:310 - Check plugin userauth
2024-11-16 13:57:20,231 [INFO] UserAuth:113 - Init User Auth plugin
2024-11-16 13:57:20,231 [INFO] PluginManage:359 - Loaded plugin userauth (category:base,tabindex:14)
2024-11-16 13:57:20,234 [INFO] PluginManage:283 - PluginManage : Loaded plugins [18]
2024-11-16 13:57:20,979 [INFO] PinOutPanel:1561 - setPackage(No Configuration,No Configuration)
2024-11-16 13:57:21,283 [INFO] CADModel:165 - CPN selected for project level
2024-11-16 13:57:21,289 [INFO] CADModel:114 - Register for checkConnection events
2024-11-16 13:57:21,371 [INFO] IPUIPlugin:80 - create IPUIPlugin
2024-11-16 13:57:21,379 [INFO] PluginManager:220 - loadIPPluginJar : add adc
2024-11-16 13:57:21,510 [INFO] IPUIPlugin:80 - create IPUIPlugin
2024-11-16 13:57:21,510 [INFO] PluginManager:220 - loadIPPluginJar : add aes
2024-11-16 13:57:21,611 [INFO] IPUIPlugin:80 - create IPUIPlugin
2024-11-16 13:57:21,611 [INFO] PluginManager:220 - loadIPPluginJar : add can
2024-11-16 13:57:21,669 [INFO] IPUIPlugin:80 - create IPUIPlugin
2024-11-16 13:57:21,669 [INFO] PluginManager:220 - loadIPPluginJar : add comp
2024-11-16 13:57:21,751 [INFO] IPUIPlugin:80 - create IPUIPlugin
2024-11-16 13:57:21,751 [INFO] PluginManager:220 - loadIPPluginJar : add cryp
2024-11-16 13:57:21,782 [INFO] IPUIPlugin:80 - create IPUIPlugin
2024-11-16 13:57:21,782 [INFO] PluginManager:220 - loadIPPluginJar : add ddr_ctrl_phy
2024-11-16 13:57:21,852 [INFO] IPUIPlugin:80 - create IPUIPlugin
2024-11-16 13:57:21,854 [INFO] PluginManager:220 - loadIPPluginJar : add dfsdm
2024-11-16 13:57:21,887 [INFO] IPUIPlugin:80 - create IPUIPlugin
2024-11-16 13:57:21,887 [INFO] PluginManager:220 - loadIPPluginJar : add dma
2024-11-16 13:57:22,019 [INFO] IPUIPlugin:80 - create IPUIPlugin
2024-11-16 13:57:22,019 [INFO] PluginManager:220 - loadIPPluginJar : add dma3
2024-11-16 13:57:22,127 [INFO] IPUIPlugin:80 - create IPUIPlugin
2024-11-16 13:57:22,129 [INFO] PluginManager:220 - loadIPPluginJar : add extmemmanager
2024-11-16 13:57:22,179 [INFO] IPUIPlugin:80 - create IPUIPlugin
2024-11-16 13:57:22,179 [INFO] PluginManager:220 - loadIPPluginJar : add fatfs
2024-11-16 13:57:22,292 [INFO] IPUIPlugin:80 - create IPUIPlugin
2024-11-16 13:57:22,292 [INFO] PluginManager:220 - loadIPPluginJar : add fmc
2024-11-16 13:57:22,330 [INFO] IPUIPlugin:80 - create IPUIPlugin
2024-11-16 13:57:22,332 [INFO] PluginManager:220 - loadIPPluginJar : add freertos
2024-11-16 13:57:22,350 [INFO] ThirdPartyUpdaterWithRetryManager:70 - Updater plugin not ready yet. [2/15]
2024-11-16 13:57:22,374 [INFO] IPUIPlugin:80 - create IPUIPlugin
2024-11-16 13:57:22,374 [INFO] PluginManager:220 - loadIPPluginJar : add genericplugin
2024-11-16 13:57:22,619 [INFO] IPUIPlugin:80 - create IPUIPlugin
2024-11-16 13:57:22,619 [INFO] PluginManager:220 - loadIPPluginJar : add gfxmmu
2024-11-16 13:57:22,970 [INFO] IPUIPlugin:80 - create IPUIPlugin
2024-11-16 13:57:22,970 [INFO] PluginManager:220 - loadIPPluginJar : add gic
2024-11-16 13:57:23,004 [INFO] IPUIPlugin:80 - create IPUIPlugin
2024-11-16 13:57:23,004 [INFO] PluginManager:220 - loadIPPluginJar : add gpio
2024-11-16 13:57:23,206 [INFO] IPUIPlugin:80 - create IPUIPlugin
2024-11-16 13:57:23,209 [INFO] PluginManager:220 - loadIPPluginJar : add gtzc
2024-11-16 13:57:23,286 [INFO] IPUIPlugin:80 - create IPUIPlugin
2024-11-16 13:57:23,286 [INFO] PluginManager:220 - loadIPPluginJar : add hash
2024-11-16 13:57:23,424 [INFO] IPUIPlugin:80 - create IPUIPlugin
2024-11-16 13:57:23,424 [INFO] PluginManager:220 - loadIPPluginJar : add i2c
2024-11-16 13:57:23,519 [INFO] IPUIPlugin:80 - create IPUIPlugin
2024-11-16 13:57:23,519 [INFO] PluginManager:220 - loadIPPluginJar : add i2s
2024-11-16 13:57:23,627 [INFO] IPUIPlugin:80 - create IPUIPlugin
2024-11-16 13:57:23,627 [INFO] PluginManager:220 - loadIPPluginJar : add i3c
2024-11-16 13:57:23,880 [INFO] IPUIPlugin:80 - create IPUIPlugin
2024-11-16 13:57:23,880 [INFO] PluginManager:220 - loadIPPluginJar : add ipddr
2024-11-16 13:57:24,109 [INFO] IPUIPlugin:80 - create IPUIPlugin
2024-11-16 13:57:24,109 [INFO] PluginManager:220 - loadIPPluginJar : add linkedlist
2024-11-16 13:57:24,198 [INFO] IPUIPlugin:80 - create IPUIPlugin
2024-11-16 13:57:24,199 [INFO] PluginManager:220 - loadIPPluginJar : add lorawan
2024-11-16 13:57:24,283 [INFO] IPUIPlugin:80 - create IPUIPlugin
2024-11-16 13:57:24,283 [INFO] PluginManager:220 - loadIPPluginJar : add ltdc
2024-11-16 13:57:24,316 [INFO] IPUIPlugin:80 - create IPUIPlugin
2024-11-16 13:57:24,316 [INFO] PluginManager:220 - loadIPPluginJar : add mdma
2024-11-16 13:57:24,342 [INFO] IPUIPlugin:80 - create IPUIPlugin
2024-11-16 13:57:24,342 [INFO] PluginManager:220 - loadIPPluginJar : add nvic
2024-11-16 13:57:24,429 [INFO] IPUIPlugin:80 - create IPUIPlugin
2024-11-16 13:57:24,429 [INFO] PluginManager:220 - loadIPPluginJar : add opamp
2024-11-16 13:57:24,570 [INFO] IPUIPlugin:80 - create IPUIPlugin
2024-11-16 13:57:24,570 [INFO] PluginManager:220 - loadIPPluginJar : add openamp
2024-11-16 13:57:24,669 [INFO] IPUIPlugin:80 - create IPUIPlugin
2024-11-16 13:57:24,669 [INFO] PluginManager:220 - loadIPPluginJar : add pdm2pcm
2024-11-16 13:57:24,709 [INFO] IPUIPlugin:80 - create IPUIPlugin
2024-11-16 13:57:24,717 [INFO] PluginManager:220 - loadIPPluginJar : add plateformsettings
2024-11-16 13:57:24,769 [INFO] IPUIPlugin:80 - create IPUIPlugin
2024-11-16 13:57:24,769 [INFO] PluginManager:220 - loadIPPluginJar : add quadspi
2024-11-16 13:57:24,831 [INFO] IPUIPlugin:80 - create IPUIPlugin
2024-11-16 13:57:24,831 [INFO] PluginManager:220 - loadIPPluginJar : add radio
2024-11-16 13:57:24,864 [INFO] IPUIPlugin:80 - create IPUIPlugin
2024-11-16 13:57:24,864 [INFO] PluginManager:220 - loadIPPluginJar : add resmgrutility
2024-11-16 13:57:24,979 [INFO] IPUIPlugin:80 - create IPUIPlugin
2024-11-16 13:57:24,979 [INFO] PluginManager:220 - loadIPPluginJar : add sai
2024-11-16 13:57:25,076 [INFO] IPUIPlugin:80 - create IPUIPlugin
2024-11-16 13:57:25,076 [INFO] PluginManager:220 - loadIPPluginJar : add spi
2024-11-16 13:57:25,319 [INFO] IPUIPlugin:80 - create IPUIPlugin
2024-11-16 13:57:25,319 [INFO] PluginManager:220 - loadIPPluginJar : add stm32_wpan
2024-11-16 13:57:25,352 [INFO] ThirdPartyUpdaterWithRetryManager:70 - Updater plugin not ready yet. [3/15]
2024-11-16 13:57:25,411 [INFO] IPUIPlugin:80 - create IPUIPlugin
2024-11-16 13:57:25,411 [INFO] PluginManager:220 - loadIPPluginJar : add tim
2024-11-16 13:57:25,619 [INFO] IPUIPlugin:80 - create IPUIPlugin
2024-11-16 13:57:25,622 [INFO] PluginManager:220 - loadIPPluginJar : add touchsensing
2024-11-16 13:57:25,804 [INFO] IPUIPlugin:80 - create IPUIPlugin
2024-11-16 13:57:25,804 [INFO] PluginManager:220 - loadIPPluginJar : add tracer_emb
2024-11-16 13:57:25,902 [INFO] IPUIPlugin:80 - create IPUIPlugin
2024-11-16 13:57:25,902 [INFO] PluginManager:220 - loadIPPluginJar : add ts
2024-11-16 13:57:26,011 [INFO] IPUIPlugin:80 - create IPUIPlugin
2024-11-16 13:57:26,011 [INFO] PluginManager:220 - loadIPPluginJar : add tsc
2024-11-16 13:57:26,105 [INFO] IPUIPlugin:80 - create IPUIPlugin
2024-11-16 13:57:26,105 [INFO] PluginManager:220 - loadIPPluginJar : add ucpd
2024-11-16 13:57:26,270 [INFO] IPUIPlugin:80 - create IPUIPlugin
2024-11-16 13:57:26,270 [INFO] PluginManager:220 - loadIPPluginJar : add usart
2024-11-16 13:57:26,455 [INFO] IPUIPlugin:80 - create IPUIPlugin
2024-11-16 13:57:26,459 [INFO] PluginManager:220 - loadIPPluginJar : add usbx
2024-11-16 13:57:26,684 [INFO] CADModel:165 - CPN selected for project level
2024-11-16 13:57:26,684 [INFO] CADModel:114 - Register for checkConnection events
2024-11-16 13:57:26,684 [FATAL] Updater:334 - Updater called before beeing initialized
2024-11-16 13:57:26,684 [ERROR] CADModel:125 - Updater not yet initialized, retry later 
2024-11-16 13:57:27,226 [INFO] CADModel:165 - CPN selected for project level
2024-11-16 13:57:27,226 [INFO] CADModel:114 - Register for checkConnection events
2024-11-16 13:57:27,226 [FATAL] Updater:334 - Updater called before beeing initialized
2024-11-16 13:57:27,226 [ERROR] CADModel:125 - Updater not yet initialized, retry later 
2024-11-16 13:57:27,234 [FATAL] Updater:334 - Updater called before beeing initialized
2024-11-16 13:57:27,849 [FATAL] Updater:334 - Updater called before beeing initialized
2024-11-16 13:57:27,874 [INFO] DbMcusAds:53 - JSON generation date=Fri Sep 20 06:04:38 PDT 2024 (1726837478367)
2024-11-16 13:57:27,874 [FATAL] Updater:334 - Updater called before beeing initialized
2024-11-16 13:57:27,977 [WARN] DetailPanel:346 - Failed to get advertising image, set to default
2024-11-16 13:57:28,361 [INFO] ThirdPartyUpdaterWithRetryManager:70 - Updater plugin not ready yet. [4/15]
2024-11-16 13:57:28,453 [FATAL] Updater:334 - Updater called before beeing initialized
2024-11-16 13:57:28,460 [FATAL] Updater:334 - Updater called before beeing initialized
2024-11-16 13:57:28,460 [FATAL] Updater:334 - Updater called before beeing initialized
2024-11-16 13:57:28,464 [WARN] DetailPanel:346 - Failed to get advertising image, set to default
2024-11-16 13:57:28,466 [FATAL] Updater:334 - Updater called before beeing initialized
2024-11-16 13:57:28,609 [ERROR] Updater:1164 - MainUpdater not yet initialized. External WinMGr cannot be set.
2024-11-16 13:57:28,637 [INFO] Updater:1100 - Updater Version found : 6.12.1
2024-11-16 13:57:28,688 [INFO] ApplicationProperties:184 - Using Application install path: C:\ST\STM32CubeIDE_1.16.1\STM32CubeIDE\plugins\com.st.stm32cube.common.mx_6.12.1.202409122256
2024-11-16 13:57:30,369 [ERROR] LogOutputStream:75 - [STDERR_REDIRECT] Nov 16, 2024 1:57:30 PM java.util.prefs.WindowsPreferences <init>
2024-11-16 13:57:30,371 [ERROR] LogOutputStream:75 - [STDERR_REDIRECT] WARNING: Could not open/create prefs root node Software\JavaSoft\Prefs at root 0xffffffff80000002. Windows RegCreateKeyEx(...) returned error code 5.
2024-11-16 13:57:30,373 [ERROR] LogOutputStream:75 - [STDERR_REDIRECT] 
2024-11-16 13:57:31,368 [FATAL] Updater:334 - Updater called before beeing initialized
2024-11-16 13:57:31,369 [ERROR] IntegrityCheckThread:130 - Cannot retrieve database content from updater: error 21
2024-11-16 13:57:31,369 [INFO] ThirdParty:978 - Integrity check success = false
2024-11-16 13:57:31,369 [INFO] IntegrityCheckThread:100 - exiting critical section [integrity check]
2024-11-16 13:57:31,369 [INFO] IntegrityCheckThread:103 - End integrity checks thread
2024-11-16 13:57:31,429 [INFO] MainUpdater:2873 - connection check result : 10
2024-11-16 13:57:31,434 [INFO] MainUpdater:290 - Updater Check For Update Now.
2024-11-16 13:57:31,434 [INFO] MicroXplorer:498 - Change Database Version : DB.6.0.121
2024-11-16 13:57:31,816 [INFO] McuFinderGlobals:63 - Set McuFinder mode to 2 (CubeIDE integrated)
2024-11-16 13:57:31,870 [INFO] UserAuth:417 - Internet connection configuration mode: 1
2024-11-16 13:57:31,958 [INFO] JxBrowserEngine:152 - Initiate JxBrowser Engine with user profile folder
2024-11-16 13:57:32,926 [INFO] CheckServerUpdateThread:120 - End of CheckServer Thread
2024-11-16 13:57:49,813 [INFO] WebApp:167 - Instantiating new browser for Auth
2024-11-16 13:57:52,378 [INFO] WebApp:448 - Apply proxy settings
2024-11-16 13:57:52,381 [INFO] WebApp:533 - Chromium requires no authentication
2024-11-16 13:57:52,421 [INFO] WebApp:476 - Direct internet connection detected
2024-11-16 13:57:52,527 [INFO] WebApp:869 - Register for checkConnection events
2024-11-16 13:57:52,527 [INFO] WebApp:448 - Apply proxy settings
2024-11-16 13:57:52,527 [INFO] WebApp:533 - Chromium requires no authentication
2024-11-16 13:57:52,531 [INFO] WebApp:476 - Direct internet connection detected
2024-11-16 13:57:52,981 [INFO] WebApp:186 - Connection restablished
2024-11-16 13:57:53,361 [INFO] WebApp:220 - Starting web application
2024-11-16 13:57:53,365 [INFO] WebApp:578 - Web application path used C:\ST\STM32CubeIDE_1.16.1\STM32CubeIDE\plugins\com.st.stm32cube.common.mx_6.12.1.202409122256\db\plugins\mcufinder\reactClient1\index.html
2024-11-16 13:57:53,851 [INFO] UserAuth:417 - Internet connection configuration mode: 1
2024-11-16 14:01:07,343 [INFO] McuFinderGlobals:63 - Set McuFinder mode to 2 (CubeIDE integrated)
2024-11-16 14:01:09,122 [INFO] MainUpdater:2873 - connection check result : 10
2024-11-16 14:01:09,134 [INFO] MainUpdater:2873 - connection check result : 10
2024-11-16 14:01:09,487 [INFO] RulesReader:64 - Compatibility file has been processed (297 Rules)
2024-11-16 14:01:09,506 [INFO] RulesReader:64 - Compatibility file has been processed (297 Rules)
2024-11-16 14:01:09,524 [INFO] MicroXplorer:468 - Change Database Path : 
2024-11-16 14:01:09,524 [INFO] MicroXplorer:498 - Change Database Version : DB.6.0.121
2024-11-16 14:01:09,560 [WARN] ThirdParty:871 - waiting for thirdparty lock release [close project]
2024-11-16 14:01:09,561 [INFO] ThirdParty:873 - entering critical section [close project]
2024-11-16 14:01:09,563 [INFO] ThirdParty:883 - exiting critical section [close project]
2024-11-16 14:01:09,566 [INFO] PinOutPanel:1561 - setPackage(No Configuration,No Configuration)
2024-11-16 14:01:09,576 [INFO] UtilMem:75 - Begin LoadConfig() Used Memory: 682161232 Bytes (806354944)
2024-11-16 14:01:09,579 [INFO] MicroXplorer:468 - Change Database Path : 
2024-11-16 14:01:09,579 [INFO] MicroXplorer:498 - Change Database Version : DB.6.0.121
2024-11-16 14:01:09,579 [INFO] OpenFileManager:332 - Change cursor
2024-11-16 14:01:09,686 [WARN] IntegrityCheckThread:84 - waiting for thirdparty lock release [integrity check]
2024-11-16 14:01:09,687 [INFO] IntegrityCheckThread:86 - entering critical section [integrity check]
2024-11-16 14:01:10,098 [WARN] PackLoader:240 - Cannot read IP mode file for STMicroelectronics.FP-SNS-MOTENVWB1.1.4.0
2024-11-16 14:01:10,128 [WARN] PackLoader:240 - Cannot read IP mode file for STMicroelectronics.FP-ATR-ASTRA1.2.0.1
2024-11-16 14:01:10,152 [WARN] PackLoader:240 - Cannot read IP mode file for STMicroelectronics.X-CUBE-SMBUS.2.1.0
2024-11-16 14:01:10,180 [WARN] PackLoader:240 - Cannot read IP mode file for STMicroelectronics.X-CUBE-WB05N.1.1.0
2024-11-16 14:01:10,235 [WARN] PackLoader:240 - Cannot read IP mode file for STMicroelectronics.X-CUBE-AZRTOS-F7.1.1.0
2024-11-16 14:01:10,264 [WARN] PackLoader:240 - Cannot read IP mode file for STMicroelectronics.FP-SNS-FLIGHT1.5.0.2
2024-11-16 14:01:10,293 [WARN] PackLoader:240 - Cannot read IP mode file for STMicroelectronics.X-CUBE-DISPLAY.3.0.0
2024-11-16 14:01:10,324 [WARN] PackLoader:240 - Cannot read IP mode file for STMicroelectronics.X-CUBE-BLE1.7.0.0
2024-11-16 14:01:10,351 [WARN] PackLoader:240 - Cannot read IP mode file for emotas.I-CUBE-CANOPEN.1.3.0
2024-11-16 14:01:10,382 [WARN] PackLoader:240 - Cannot read IP mode file for STMicroelectronics.X-CUBE-BLEMGR.3.1.0
2024-11-16 14:01:10,406 [WARN] PackLoader:240 - Cannot read IP mode file for STMicroelectronics.FP-SNS-SMARTAG2.1.2.0
2024-11-16 14:01:10,439 [INFO] LogOutputStream:77 - [STDOUT_REDIRECT] 1 : Invalid condition id : UX_CORESTACK_Condition cause : null
2024-11-16 14:01:10,439 [INFO] LogOutputStream:77 - [STDOUT_REDIRECT] 1 : Invalid condition id : UX_CORESTACK_Condition cause : null
2024-11-16 14:01:10,442 [INFO] LogOutputStream:77 - [STDOUT_REDIRECT] 1 : Invalid condition id : UX_CORESTACK_Condition cause : null
2024-11-16 14:01:10,446 [INFO] LogOutputStream:77 - [STDOUT_REDIRECT] 1 : Invalid condition id : UX_CORESTACK_Condition cause : null
2024-11-16 14:01:10,449 [INFO] LogOutputStream:77 - [STDOUT_REDIRECT] 1 : Invalid condition id : UX_CORESTACK_Condition cause : null
2024-11-16 14:01:10,451 [WARN] PackLoader:240 - Cannot read IP mode file for STMicroelectronics.X-CUBE-AZRTOS-WL.2.0.0
2024-11-16 14:01:10,472 [WARN] PackLoader:240 - Cannot read IP mode file for STMicroelectronics.FP-SNS-MOTENV1.5.0.0
2024-11-16 14:01:10,489 [WARN] PackLoader:240 - Cannot read IP mode file for wolfSSL.I-CUBE-wolfMQTT.1.19.0
2024-11-16 14:01:10,507 [WARN] PackLoader:240 - Cannot read IP mode file for WES.I-CUBE-Cesium.1.3.0
2024-11-16 14:01:10,526 [WARN] PackLoader:240 - Cannot read IP mode file for STMicroelectronics.X-CUBE-BLE2.3.3.0
2024-11-16 14:01:10,543 [WARN] PackLoader:240 - Cannot read IP mode file for STMicroelectronics.X-CUBE-TCPP.4.1.0
2024-11-16 14:01:10,583 [WARN] PackLoader:240 - Cannot read IP mode file for STMicroelectronics.X-CUBE-AZRTOS-G0.1.1.0
2024-11-16 14:01:10,610 [WARN] PackLoader:240 - Cannot read IP mode file for STMicroelectronics.X-CUBE-SAFEA1.1.2.2
2024-11-16 14:01:10,635 [WARN] PackLoader:240 - Cannot read IP mode file for STMicroelectronics.X-CUBE-NFC4.3.0.0
2024-11-16 14:01:10,667 [WARN] PackLoader:240 - Cannot read IP mode file for EmbeddedOffice.I-CUBE-FS-RTOS.1.0.1
2024-11-16 14:01:10,667 [ERROR] ConditionMgr:805 - Attr not supported : Dmpu
2024-11-16 14:01:10,667 [ERROR] ConditionMgr:805 - Attr not supported : Dmpu
2024-11-16 14:01:10,667 [ERROR] ConditionMgr:805 - Attr not supported : Dmpu
2024-11-16 14:01:10,667 [ERROR] ConditionMgr:805 - Attr not supported : Dmpu
2024-11-16 14:01:10,667 [ERROR] ConditionMgr:805 - Attr not supported : Dmpu
2024-11-16 14:01:10,667 [ERROR] ConditionMgr:805 - Attr not supported : Dmpu
2024-11-16 14:01:10,667 [ERROR] ConditionMgr:805 - Attr not supported : Dmpu
2024-11-16 14:01:10,667 [ERROR] ConditionMgr:805 - Attr not supported : Dmpu
2024-11-16 14:01:10,667 [ERROR] ConditionMgr:805 - Attr not supported : Dmpu
2024-11-16 14:01:10,667 [ERROR] ConditionMgr:805 - Attr not supported : Dmpu
2024-11-16 14:01:10,667 [ERROR] ConditionMgr:805 - Attr not supported : Dmpu
2024-11-16 14:01:10,667 [ERROR] ConditionMgr:805 - Attr not supported : Dmpu
2024-11-16 14:01:10,668 [ERROR] ConditionMgr:805 - Attr not supported : Dmpu
2024-11-16 14:01:10,668 [ERROR] ConditionMgr:805 - Attr not supported : Dmpu
2024-11-16 14:01:10,668 [ERROR] ConditionMgr:805 - Attr not supported : Dmpu
2024-11-16 14:01:10,668 [ERROR] ConditionMgr:805 - Attr not supported : Dmpu
2024-11-16 14:01:10,668 [ERROR] ConditionMgr:805 - Attr not supported : Dmpu
2024-11-16 14:01:10,668 [ERROR] ConditionMgr:805 - Attr not supported : Dmpu
2024-11-16 14:01:10,668 [ERROR] ConditionMgr:805 - Attr not supported : Dmpu
2024-11-16 14:01:10,668 [ERROR] ConditionMgr:805 - Attr not supported : Dmpu
2024-11-16 14:01:10,668 [ERROR] ConditionMgr:805 - Attr not supported : Dmpu
2024-11-16 14:01:10,668 [ERROR] ConditionMgr:805 - Attr not supported : Dmpu
2024-11-16 14:01:10,668 [ERROR] ConditionMgr:805 - Attr not supported : Dmpu
2024-11-16 14:01:10,668 [ERROR] ConditionMgr:805 - Attr not supported : Dmpu
2024-11-16 14:01:10,668 [ERROR] ConditionMgr:805 - Attr not supported : Dmpu
2024-11-16 14:01:10,668 [ERROR] ConditionMgr:805 - Attr not supported : Dmpu
2024-11-16 14:01:10,668 [ERROR] ConditionMgr:805 - Attr not supported : Dmpu
2024-11-16 14:01:10,668 [ERROR] ConditionMgr:805 - Attr not supported : Dmpu
2024-11-16 14:01:10,668 [ERROR] ConditionMgr:805 - Attr not supported : Dmpu
2024-11-16 14:01:10,668 [ERROR] ConditionMgr:805 - Attr not supported : Dmpu
2024-11-16 14:01:10,668 [ERROR] ConditionMgr:805 - Attr not supported : Dmpu
2024-11-16 14:01:10,668 [ERROR] ConditionMgr:805 - Attr not supported : Dmpu
2024-11-16 14:01:10,668 [ERROR] ConditionMgr:805 - Attr not supported : Dmpu
2024-11-16 14:01:10,668 [ERROR] ConditionMgr:805 - Attr not supported : Dmpu
2024-11-16 14:01:10,668 [ERROR] ConditionMgr:805 - Attr not supported : Dmpu
2024-11-16 14:01:10,669 [ERROR] ConditionMgr:805 - Attr not supported : Dmpu
2024-11-16 14:01:10,669 [ERROR] ConditionMgr:805 - Attr not supported : Dmpu
2024-11-16 14:01:10,669 [ERROR] ConditionMgr:805 - Attr not supported : Dmpu
2024-11-16 14:01:10,669 [ERROR] ConditionMgr:805 - Attr not supported : Dmpu
2024-11-16 14:01:10,670 [ERROR] ConditionMgr:805 - Attr not supported : Dmpu
2024-11-16 14:01:10,670 [ERROR] ConditionMgr:805 - Attr not supported : Dmpu
2024-11-16 14:01:10,670 [ERROR] ConditionMgr:805 - Attr not supported : Dmpu
2024-11-16 14:01:10,670 [ERROR] ConditionMgr:805 - Attr not supported : Dmpu
2024-11-16 14:01:10,670 [ERROR] ConditionMgr:805 - Attr not supported : Dmpu
2024-11-16 14:01:10,671 [ERROR] ConditionMgr:805 - Attr not supported : Dmpu
2024-11-16 14:01:10,671 [ERROR] ConditionMgr:805 - Attr not supported : Dmpu
2024-11-16 14:01:10,671 [ERROR] ConditionMgr:805 - Attr not supported : Dmpu
2024-11-16 14:01:10,671 [ERROR] ConditionMgr:805 - Attr not supported : Dmpu
2024-11-16 14:01:10,671 [ERROR] ConditionMgr:805 - Attr not supported : Dmpu
2024-11-16 14:01:10,671 [ERROR] ConditionMgr:805 - Attr not supported : Dmpu
2024-11-16 14:01:10,671 [ERROR] ConditionMgr:805 - Attr not supported : Dmpu
2024-11-16 14:01:10,672 [ERROR] ConditionMgr:805 - Attr not supported : Dmpu
2024-11-16 14:01:10,672 [ERROR] ConditionMgr:805 - Attr not supported : Dmpu
2024-11-16 14:01:10,672 [ERROR] ConditionMgr:805 - Attr not supported : Dmpu
2024-11-16 14:01:10,672 [ERROR] ConditionMgr:805 - Attr not supported : Dmpu
2024-11-16 14:01:10,672 [ERROR] ConditionMgr:805 - Attr not supported : Dmpu
2024-11-16 14:01:10,672 [ERROR] ConditionMgr:805 - Attr not supported : Dmpu
2024-11-16 14:01:10,673 [ERROR] ConditionMgr:805 - Attr not supported : Dmpu
2024-11-16 14:01:10,673 [ERROR] ConditionMgr:805 - Attr not supported : Dmpu
2024-11-16 14:01:10,673 [ERROR] ConditionMgr:805 - Attr not supported : Dmpu
2024-11-16 14:01:10,673 [ERROR] ConditionMgr:805 - Attr not supported : Dmpu
2024-11-16 14:01:10,673 [ERROR] ConditionMgr:805 - Attr not supported : Dmpu
2024-11-16 14:01:10,673 [ERROR] ConditionMgr:805 - Attr not supported : Dmpu
2024-11-16 14:01:10,673 [ERROR] ConditionMgr:805 - Attr not supported : Dmpu
2024-11-16 14:01:10,697 [WARN] PackLoader:240 - Cannot read IP mode file for RealThread.X-CUBE-RT-Thread_Nano.4.1.1
2024-11-16 14:01:10,713 [WARN] PackLoader:240 - Cannot read IP mode file for STMicroelectronics.FP-ATR-SIGFOX1.3.2.0
2024-11-16 14:01:10,732 [WARN] ConditionMgr:438 - getConditionDescription Invalid condition id : Cortex-A Device cause : null
2024-11-16 14:01:10,776 [WARN] ConditionMgr:1039 - genDependencies : Invalid condition id : Cortex-A Device cause : null
2024-11-16 14:01:10,777 [WARN] ConditionMgr:1039 - genDependencies : Invalid condition id : Cortex-A Device cause : null
2024-11-16 14:01:10,777 [WARN] ConditionMgr:1039 - genDependencies : Invalid condition id : Cortex-A Device cause : null
2024-11-16 14:01:10,812 [WARN] PackLoader:240 - Cannot read IP mode file for STMicroelectronics.X-CUBE-EEPRMA1.5.1.0
2024-11-16 14:01:10,836 [WARN] PackLoader:240 - Cannot read IP mode file for wolfSSL.I-CUBE-wolfSSL.5.7.4
2024-11-16 14:01:10,859 [WARN] PackLoader:240 - Cannot read IP mode file for ITTIA_DB.I-CUBE-ITTIADB.8.9.0
2024-11-16 14:01:10,910 [WARN] PackLoader:240 - Cannot read IP mode file for SEGGER.I-CUBE-embOS.1.3.1
2024-11-16 14:01:10,983 [WARN] PackLoader:240 - Cannot read IP mode file for STMicroelectronics.X-CUBE-ALGOBUILD.1.4.0
2024-11-16 14:01:11,028 [WARN] PackLoader:240 - Cannot read IP mode file for STMicroelectronics.X-CUBE-AZRTOS-F4.1.1.0
2024-11-16 14:01:11,049 [WARN] PackLoader:240 - Cannot read IP mode file for STMicroelectronics.X-CUBE-FREERTOS.1.2.0
2024-11-16 14:01:11,101 [WARN] PackLoader:240 - Cannot read IP mode file for STMicroelectronics.X-CUBE-AZRTOS-L5.2.0.0
2024-11-16 14:01:11,137 [WARN] PackLoader:240 - Cannot read IP mode file for STMicroelectronics.X-CUBE-NFC6.3.1.0
2024-11-16 14:01:11,169 [WARN] PackLoader:240 - Cannot read IP mode file for STMicroelectronics.X-CUBE-NFC7.1.0.1
2024-11-16 14:01:11,221 [WARN] ConditionMgr:438 - getConditionDescription Invalid condition id : LAN8742 Phy interface Condition cause : null
2024-11-16 14:01:11,221 [WARN] PackLoader:240 - Cannot read IP mode file for STMicroelectronics.X-CUBE-AZRTOS-L4.2.0.0
2024-11-16 14:01:11,223 [WARN] ConditionMgr:1039 - genDependencies : Invalid condition id : LAN8742 Phy interface Condition cause : null
2024-11-16 14:01:11,223 [WARN] ConditionMgr:1039 - genDependencies : Invalid condition id : LAN8742 Phy interface Condition cause : null
2024-11-16 14:01:11,224 [WARN] ConditionMgr:1039 - genDependencies : Invalid condition id : LAN8742 Phy interface Condition cause : null
2024-11-16 14:01:11,255 [WARN] PackLoader:240 - Cannot read IP mode file for STMicroelectronics.X-CUBE-SFXS2LP1.4.0.0
2024-11-16 14:01:11,317 [WARN] PackLoader:240 - Cannot read IP mode file for STMicroelectronics.X-CUBE-AZRTOS-H7.3.3.0
2024-11-16 14:01:11,369 [WARN] ConditionMgr:438 - getConditionDescription Invalid condition id : UX DEVICE CLASS RTOS Condition cause : null
2024-11-16 14:01:11,371 [WARN] ConditionMgr:438 - getConditionDescription Invalid condition id : UX DEVICE CLASS RTOS Condition cause : null
2024-11-16 14:01:11,374 [WARN] PackLoader:240 - Cannot read IP mode file for STMicroelectronics.X-CUBE-AZRTOS-WB.2.0.0
2024-11-16 14:01:11,375 [WARN] ConditionMgr:1039 - genDependencies : Invalid condition id : UX DEVICE CLASS RTOS Condition cause : null
2024-11-16 14:01:11,375 [WARN] ConditionMgr:1039 - genDependencies : Invalid condition id : UX DEVICE CLASS RTOS Condition cause : null
2024-11-16 14:01:11,376 [WARN] ConditionMgr:1039 - genDependencies : Invalid condition id : UX DEVICE CLASS RTOS Condition cause : null
2024-11-16 14:01:11,376 [WARN] ConditionMgr:1039 - genDependencies : Invalid condition id : UX DEVICE CLASS RTOS Condition cause : null
2024-11-16 14:01:11,377 [WARN] ConditionMgr:1039 - genDependencies : Invalid condition id : UX DEVICE CLASS RTOS Condition cause : null
2024-11-16 14:01:11,417 [WARN] PackLoader:240 - Cannot read IP mode file for STMicroelectronics.X-CUBE-SUBG2.5.0.0
2024-11-16 14:01:11,444 [WARN] PackLoader:240 - Cannot read IP mode file for Cesanta.I-CUBE-Mongoose.7.13.0
2024-11-16 14:01:11,491 [WARN] PackLoader:240 - Cannot read IP mode file for STMicroelectronics.X-CUBE-AZRTOS-G4.2.0.0
2024-11-16 14:01:11,525 [WARN] PackLoader:240 - Cannot read IP mode file for STMicroelectronics.X-CUBE-ALS.1.0.2
2024-11-16 14:01:11,551 [WARN] PackLoader:240 - Cannot read IP mode file for STMicroelectronics.X-CUBE-TOUCHGFX.4.24.1
2024-11-16 14:01:11,576 [WARN] PackLoader:240 - Cannot read IP mode file for wolfSSL.I-CUBE-wolfTPM.3.4.0
2024-11-16 14:01:11,600 [WARN] PackLoader:240 - Cannot read IP mode file for portGmbH.I-Cube-SoM-uGOAL.1.1.0
2024-11-16 14:01:11,658 [WARN] PackLoader:240 - Cannot read IP mode file for STMicroelectronics.X-CUBE-AZRTOS-H7RS.1.0.0
2024-11-16 14:01:11,704 [WARN] PackLoader:240 - Cannot read IP mode file for STMicroelectronics.FP-ATR-ASTRA1.2.0.0
2024-11-16 14:01:11,779 [WARN] PackLoader:240 - Cannot read IP mode file for Infineon.AIROC-Wi-Fi-Bluetooth-STM32.1.6.1
2024-11-16 14:01:11,803 [WARN] PackLoader:240 - Cannot read IP mode file for wolfSSL.I-CUBE-wolfSSH.1.4.17
2024-11-16 14:01:11,804 [INFO] ThirdParty:978 - Integrity check success = true
2024-11-16 14:01:11,804 [INFO] IntegrityCheckThread:100 - exiting critical section [integrity check]
2024-11-16 14:01:11,804 [INFO] IntegrityCheckThread:103 - End integrity checks thread
2024-11-16 14:01:11,845 [INFO] Mcu:2032 - Initializing MCU STM32F103R(8-B)Tx STM32F103RBTx STM32F103RBT6
2024-11-16 14:01:13,694 [INFO] Context:742 - Trying to add GPIOservice into a context  which must be forbidden
2024-11-16 14:01:14,339 [INFO] RtosManager:555 - Registered RTOS mode: class=CMSIS, group=RTOS, mode=CMSIS_V1, owner=FREERTOS
2024-11-16 14:01:14,340 [INFO] RtosManager:555 - Registered RTOS mode: class=CMSIS, group=RTOS2, mode=CMSIS_V2, owner=FREERTOS
2024-11-16 14:01:14,340 [INFO] RtosManager:555 - Registered RTOS mode: class=RTOS, group=Core, mode=CMSIS_V1, owner=FREERTOS
2024-11-16 14:01:14,340 [INFO] RtosManager:555 - Registered RTOS mode: class=RTOS, group=Core, mode=CMSIS_V2, owner=FREERTOS
2024-11-16 14:01:14,340 [WARN] ModelIntegratedComponent:184 - Missing modes for component STMicroelectronics:FreeRTOS:0.0.1:STMicroelectronics:RTOS:FreeRTOS:Core:::10.2.0:
2024-11-16 14:01:14,360 [WARN] ModelIntegratedComponent:63 - No mode defined for component null
2024-11-16 14:01:14,360 [WARN] ModelIntegratedComponent:63 - No mode defined for component null
2024-11-16 14:01:14,360 [WARN] ModelIntegratedComponent:63 - No mode defined for component null
2024-11-16 14:01:14,361 [WARN] ModelIntegratedComponent:63 - No mode defined for component null
2024-11-16 14:01:14,361 [WARN] ModelIntegratedComponent:63 - No mode defined for component null
2024-11-16 14:01:14,361 [WARN] ModelIntegratedComponent:63 - No mode defined for component null
2024-11-16 14:01:14,361 [WARN] ModelIntegratedComponent:63 - No mode defined for component null
2024-11-16 14:01:14,361 [WARN] ModelIntegratedComponent:63 - No mode defined for component null
2024-11-16 14:01:14,361 [WARN] ModelIntegratedComponent:63 - No mode defined for component null
2024-11-16 14:01:14,361 [WARN] ModelIntegratedComponent:63 - No mode defined for component null
2024-11-16 14:01:14,361 [WARN] ModelIntegratedComponent:63 - No mode defined for component null
2024-11-16 14:01:14,361 [WARN] ModelIntegratedComponent:63 - No mode defined for component null
2024-11-16 14:01:14,361 [WARN] ModelIntegratedComponent:63 - No mode defined for component null
2024-11-16 14:01:14,361 [WARN] ModelIntegratedComponent:63 - No mode defined for component null
2024-11-16 14:01:14,361 [WARN] ModelIntegratedComponent:63 - No mode defined for component null
2024-11-16 14:01:14,361 [WARN] ModelIntegratedComponent:63 - No mode defined for component null
2024-11-16 14:01:14,362 [WARN] ModelIntegratedComponent:63 - No mode defined for component null
2024-11-16 14:01:14,362 [WARN] ModelIntegratedComponent:63 - No mode defined for component null
2024-11-16 14:01:14,362 [WARN] ModelIntegratedComponent:63 - No mode defined for component null
2024-11-16 14:01:14,362 [WARN] ModelIntegratedComponent:63 - No mode defined for component null
2024-11-16 14:01:14,362 [WARN] ModelIntegratedComponent:63 - No mode defined for component null
2024-11-16 14:01:14,362 [WARN] ModelIntegratedComponent:63 - No mode defined for component null
2024-11-16 14:01:14,362 [WARN] ModelIntegratedComponent:63 - No mode defined for component null
2024-11-16 14:01:14,362 [WARN] ModelIntegratedComponent:63 - No mode defined for component null
2024-11-16 14:01:14,362 [WARN] ModelIntegratedComponent:63 - No mode defined for component null
2024-11-16 14:01:14,362 [WARN] ModelIntegratedComponent:63 - No mode defined for component null
2024-11-16 14:01:14,362 [WARN] ModelIntegratedComponent:63 - No mode defined for component null
2024-11-16 14:01:14,362 [WARN] ModelIntegratedComponent:63 - No mode defined for component null
2024-11-16 14:01:14,362 [WARN] ModelIntegratedComponent:63 - No mode defined for component null
2024-11-16 14:01:14,362 [WARN] ModelIntegratedComponent:63 - No mode defined for component null
2024-11-16 14:01:14,362 [WARN] ModelIntegratedComponent:63 - No mode defined for component null
2024-11-16 14:01:14,363 [WARN] ModelIntegratedComponent:63 - No mode defined for component null
2024-11-16 14:01:14,363 [WARN] ModelIntegratedComponent:63 - No mode defined for component null
2024-11-16 14:01:14,363 [WARN] ModelIntegratedComponent:63 - No mode defined for component null
2024-11-16 14:01:14,363 [WARN] ModelIntegratedComponent:63 - No mode defined for component null
2024-11-16 14:01:14,364 [WARN] ModelPack:524 - Component already loaded: STMicroelectronics:HAL Drivers:0.0.0:STMicroelectronics:Device:STMicro_Driver:XSPI:HAL::0.0.1:HAL_XSPI
2024-11-16 14:01:14,389 [INFO] ThirdPartyModel:298 - Start build external matchings
2024-11-16 14:01:14,463 [INFO] ThirdPartyModel:316 - End build external matchings
2024-11-16 14:01:14,481 [INFO] ImportTextPane:205 - (OptionalMessage_ERROR) IP (DMA) : Parameter (Instance) has Id (I2C1_RX) currently not set
2024-11-16 14:01:14,481 [INFO] ImportTextPane:205 - (OptionalMessage_ERROR) IP (DMA) : Parameter (Direction) has Id (I2C1_RX) currently not set
2024-11-16 14:01:14,482 [INFO] ImportTextPane:205 - (OptionalMessage_ERROR) IP (DMA) : Parameter (PeriphInc) has Id (I2C1_RX) currently not set
2024-11-16 14:01:14,482 [INFO] ImportTextPane:205 - (OptionalMessage_ERROR) IP (DMA) : Parameter (MemInc) has Id (I2C1_RX) currently not set
2024-11-16 14:01:14,482 [INFO] ImportTextPane:205 - (OptionalMessage_ERROR) IP (DMA) : Parameter (PeriphDataAlignment) has Id (I2C1_RX) currently not set
2024-11-16 14:01:14,482 [INFO] ImportTextPane:205 - (OptionalMessage_ERROR) IP (DMA) : Parameter (MemDataAlignment) has Id (I2C1_RX) currently not set
2024-11-16 14:01:14,483 [INFO] ImportTextPane:205 - (OptionalMessage_ERROR) IP (DMA) : Parameter (Mode) has Id (I2C1_RX) currently not set
2024-11-16 14:01:14,483 [INFO] ImportTextPane:205 - (OptionalMessage_ERROR) IP (DMA) : Parameter (Priority) has Id (I2C1_RX) currently not set
2024-11-16 14:01:14,484 [INFO] ImportTextPane:205 - (OptionalMessage_ERROR) IP (RCC) : Parameter (ADCFreqValue) has invalid value (32000000)
2024-11-16 14:01:14,484 [INFO] ImportTextPane:205 - (OptionalMessage_ERROR) IP (RCC) : Invalid parameter (FamilyName)
2024-11-16 14:01:14,484 [INFO] ImportTextPane:205 - (OptionalMessage_ERROR) IP (RCC) : Parameter (MCOFreq_Value) has invalid value (64000000)
2024-11-16 14:01:14,485 [INFO] ImportTextPane:205 - (OptionalMessage_ERROR) IP (RCC) : Parameter (USBFreq_Value) has invalid value (64000000)
2024-11-16 14:01:14,959 [INFO] ApiDb:581 - Connected to CubeFinder SQLite database (C:\Users\mridu\.stmcufinder\plugins\mcufinder\mcu\cube-finder-db.db)
2024-11-16 14:01:15,071 [INFO] ApiDb:668 - CubeFinder database Data Model version=2.1
2024-11-16 14:01:15,072 [INFO] ApiDb:669 - CubeFinder database Configuration version=3.0.39
2024-11-16 14:01:15,072 [INFO] ApiDb:670 - CubeFinder database generation date=2024-10-15 (1729006872)
2024-11-16 14:01:15,072 [INFO] ApiDb:671 - CubeFinder database FW Pack versions=[FP-ATR-ASTRA1_V2.0.0, FP-SNS-FLIGHT1_V5.0.2, FP-SNS-MOTENV1_V5.0.0, FP-SNS-MOTENVWB1_V1.4.0, FP-SNS-SMARTAG2_V1.2.0, FP-SNS-STBOX1_V2.0.0, STM32Cube_FW_C0_V1.2.0, STM32Cube_FW_F4_V1.28.1, STM32Cube_FW_F7_V1.17.2, STM32Cube_FW_G0_V1.6.2, STM32Cube_FW_G4_V1.6.0, STM32Cube_FW_H5_V1.3.0, STM32Cube_FW_H7RS_V1.1.0, STM32Cube_FW_H7_V1.11.2, STM32Cube_FW_L0_V1.12.2, STM32Cube_FW_L5_V1.5.1, STM32Cube_FW_U0_V1.1.0, STM32Cube_FW_U5_V1.6.0, STM32Cube_FW_WB0_V1.0.0, STM32Cube_FW_WBA_V1.4.1, STM32Cube_FW_WB_V1.20.0, STM32Cube_FW_WL_V1.3.0, X-CUBE-ALGOBUILD_V1.4.0, X-CUBE-ALS_V1.0.2, X-CUBE-AZRTOS-F4_V1.1.0, X-CUBE-AZRTOS-F7_V1.1.0, X-CUBE-AZRTOS-G0_V1.1.0, X-CUBE-AZRTOS-G4_V2.0.0, X-CUBE-AZRTOS-H7RS_V1.0.0, X-CUBE-AZRTOS-H7_V3.3.0, X-CUBE-AZRTOS-L4_V2.0.0, X-CUBE-AZRTOS-L5_V2.0.0, X-CUBE-AZRTOS-WB_V2.0.0, X-CUBE-AZRTOS-WL_V2.0.0, X-CUBE-BLE1_V7.0.0, X-CUBE-BLE2_V3.3.0, X-CUBE-BLEMGR_V3.1.0, X-CUBE-EEPRMA1_V5.1.0, X-CUBE-FREERTOS_V1.2.0, X-CUBE-GNSS1_V6.0.0, X-CUBE-MEMS1_V11.0.0, X-CUBE-NFC4_V3.0.0, X-CUBE-NFC7_V1.0.1, X-CUBE-SFXS2LP1_V4.0.0, X-CUBE-SUBG2_V5.0.0, X-CUBE-TOF1_V3.4.2]
2024-11-16 14:01:15,329 [INFO] DbBoardsSqlite:226 - include board P-NUCLEO-WB55-NUCLEO as a kit item of type 'Nucleo-64'
2024-11-16 14:01:15,329 [INFO] DbBoardsSqlite:226 - include board P-NUCLEO-WB55-USBDONGLE as a kit item of type 'Nucleo USB Dongle'
2024-11-16 14:01:15,331 [INFO] DbBoardsSqlite:226 - include board STEVAL-IDP005V1 as a kit item of type 'Evaluation Board'
2024-11-16 14:01:15,332 [INFO] DbBoardsSqlite:226 - include board STEVAL-IDP005V2 as a kit item of type 'Evaluation Board'
2024-11-16 14:01:16,409 [INFO] ApiDb:240 - Found 646 in-development CPN: [B-G473E-ZEST1S, B-WB1M-WPAN1, B-WL5M-SUBG1, NUCLEO-C031C6, NUCLEO-C071RB, NUCLEO-H503RB, NUCLEO-H533RE, NUCLEO-H563ZI, NUCLEO-H7S3L8, NUCLEO-U031R8, NUCLEO-U083RC, NUCLEO-U545RE-Q, NUCLEO-U5A5ZJ-Q, NUCLEO-WB05KZ, NUCLEO-WB07CC, NUCLEO-WB09KE, NUCLEO-WBA52CG, NUCLEO-WBA55CG, STEVAL-PROTEUS1, STEVAL-SMARTAG2, STEVAL-STWINBX1, STM320518-EVAL, STM32C0116-DK, STM32C011D6Y3TR, STM32C011D6Y6TR, STM32C011F4P3, STM32C011F4P6, STM32C011F4U3, STM32C011F4U6TR, STM32C011F6P3, STM32C011F6P6, STM32C011F6U3, STM32C011F6U6TR, STM32C011J4M3, STM32C011J4M6, STM32C011J6M3, STM32C011J6M6, STM32C0316-DK, STM32C031C4T3, STM32C031C4T6, STM32C031C4U3, STM32C031C4U6, STM32C031C6T3, STM32C031C6T6, STM32C031C6U3, STM32C031C6U6, STM32C031F4P3, STM32C031F4P6, STM32C031F6P3, STM32C031F6P6, STM32C031G4U3, STM32C031G4U6, STM32C031G6U3, STM32C031G6U6, STM32C031K4T3, STM32C031K4T6, STM32C031K4U3, STM32C031K4U6, STM32C031K6T3, STM32C031K6T6, STM32C031K6U3, STM32C031K6U6, STM32C071C8T6, STM32C071C8T6N, STM32C071C8U6, STM32C071C8U6N, STM32C071CBT6, STM32C071CBT6N, STM32C071CBU6, STM32C071CBU6N, STM32C071F8P6, STM32C071F8P6N, STM32C071FBP6, STM32C071FBP6N, STM32C071FBY6TR, STM32C071G8U6, STM32C071G8U6N, STM32C071GBU6, STM32C071GBU6N, STM32C071K8T6, STM32C071K8T6N, STM32C071K8U6, STM32C071K8U6N, STM32C071KBT6, STM32C071KBT6N, STM32C071KBU6, STM32C071KBU6N, STM32C071R8T6, STM32C071R8T6N, STM32C071RBI6N, STM32C071RBT6, STM32C071RBT6N, STM32G071K8TXN, STM32G071K8UXN, STM32G081GBU6N, STM32G081KBT6N, STM32G081KBUXN, STM32G0B1CCT6N, STM32G0B1KCT6, STM32G0B1NEY6TR, STM32G0B1RCT6N, STM32G0C1CCT6, STM32G0C1CCT6N, STM32G0C1CCU6N, STM32G0C1CET6N, STM32G0C1CEU6N, STM32G0C1KCT6, STM32G0C1NEY6TR, STM32G0C1RCI6N, STM32G0C1RCT6N, STM32G0C1REI6N, STM32G0C1RET6N, STM32G0C1VCI6, STM32G0C1VEI6, STM32G411C6T3, STM32G411C6T6, STM32G411C6U3, STM32G411C6U6, STM32G411C8T3, STM32G411C8T6, STM32G411C8U3, STM32G411C8U6, STM32G411CBT3, STM32G411CBT6, STM32G411CBU3, STM32G411CBU6, STM32G411K6T3, STM32G411K6T6, STM32G411K6U3, STM32G411K6U6, STM32G411K8T3, STM32G411K8T6, STM32G411K8U3, STM32G411K8U6, STM32G411KBT3, STM32G411KBT6, STM32G411KBU3, STM32G411KBU6, STM32G411M6T3, STM32G411M6T6, STM32G411M8T3, STM32G411M8T6, STM32G411MBT3, STM32G411MBT6, STM32G411R6T3, STM32G411R6T6, STM32G411R8T3, STM32G411R8T6, STM32G411RBT3, STM32G411RBT6, STM32G414CBT3, STM32G414CBT6, STM32G414CBU3, STM32G414CBU6, STM32G414CCT3, STM32G414CCT6, STM32G414CCU3, STM32G414CCU6, STM32G414MBT3, STM32G414MBT6, STM32G414MCT3, STM32G414MCT6, STM32G414RBT3, STM32G414RBT6, STM32G414RCT3, STM32G414RCT6, STM32G414VBT3, STM32G414VBT6, STM32G414VCT3, STM32G414VCT6, STM32G431CBT3Z, STM32G431RBT3Z, STM32G471CCT6, STM32G471CCU6, STM32G471CET3, STM32G471CET6, STM32G471CEU3, STM32G471CEU6, STM32G471MCT6, STM32G471MET3, STM32G471MET6, STM32G471MEY6TR, STM32G471QCT6, STM32G471QET3, STM32G471RCT6, STM32G471RET3, STM32G471RET6, STM32G471VCH6, STM32G471VCI6, STM32G471VCT6, STM32G471VEH3, STM32G471VEH6, STM32G471VEI3, STM32G471VEI6, STM32G471VET3, STM32G471VET6, STM32G473QET3Z, STM32G473RET3Z, STM32G474CCT6, STM32G491RET3Z, STM32H503CBT6, STM32H503CBU6, STM32H503EBY6TR, STM32H503KBU6, STM32H503RBT6, STM32H523CCT6, STM32H523CCU6, STM32H523CET6, STM32H523CEU6, STM32H523HEY6TR, STM32H523RCT6, STM32H523RET6, STM32H523VCI6, STM32H523VCT6, STM32H523VEI6, STM32H523VET6, STM32H523ZCJ6, STM32H523ZCT6, STM32H523ZEJ6, STM32H523ZET6, STM32H533CET6, STM32H533CEU6, STM32H533HEY6TR, STM32H533RET6, STM32H533VEI6, STM32H533VET6, STM32H533ZEJ6, STM32H533ZET6, STM32H562AGI6, STM32H562AII6, STM32H562IGK6, STM32H562IGT6, STM32H562IIK6, STM32H562IIT6, STM32H562RGT6, STM32H562RGV6, STM32H562RIT6, STM32H562RIV6, STM32H562VGT6, STM32H562VIT6, STM32H562ZGT6, STM32H562ZIT6, STM32H563AGI6, STM32H563AII3Q, STM32H563AII6, STM32H563IGK6, STM32H563IGT6, STM32H563IIK3Q, STM32H563IIK6, STM32H563IIT3Q, STM32H563IIT6, STM32H563MIY3QTR, STM32H563RGT6, STM32H563RGV6, STM32H563RIT6, STM32H563RIV6, STM32H563VGT6, STM32H563VIT3Q, STM32H563VIT6, STM32H563ZGT6, STM32H563ZIT3Q, STM32H563ZIT6, STM32H573AII3Q, STM32H573AII6, STM32H573I-DK, STM32H573IIK3Q, STM32H573IIK6, STM32H573IIT3Q, STM32H573IIT6, STM32H573MIY3QTR, STM32H573RIT6, STM32H573RIV6, STM32H573VIT3Q, STM32H573VIT6, STM32H573ZIT3Q, STM32H573ZIT6, STM32H7R3A8I6, STM32H7R3I8K6, STM32H7R3I8T6, STM32H7R3L8H6, STM32H7R3L8H6H, STM32H7R3R8V6, STM32H7R3V8H6, STM32H7R3V8T6, STM32H7R3V8Y6TR, STM32H7R3Z8J6, STM32H7R3Z8T6, STM32H7R7A8I6, STM32H7R7I8K6, STM32H7R7I8T6, STM32H7R7L8H6, STM32H7R7L8H6H, STM32H7R7Z8J6, STM32H7S3A8I6, STM32H7S3I8K6, STM32H7S3I8T6, STM32H7S3L8H6, STM32H7S3L8H6H, STM32H7S3R8V6, STM32H7S3V8H6, STM32H7S3V8T6, STM32H7S3V8Y6TR, STM32H7S3Z8J6, STM32H7S3Z8T6, STM32H7S78-DK, STM32H7S7A8I6, STM32H7S7I8K6, STM32H7S7I8T6, STM32H7S7L8H6, STM32H7S7L8H6H, STM32H7S7Z8J6, STM32L4R5QGI6STR, STM32MP131AAE3, STM32MP131AAF3, STM32MP131AAG3, STM32MP131CAE3, STM32MP131CAF3, STM32MP131CAG3, STM32MP131DAE7, STM32MP131DAF7, STM32MP131DAG7, STM32MP131FAE7, STM32MP131FAF7, STM32MP131FAG7, STM32MP133AAE3, STM32MP133AAF3, STM32MP133AAG3, STM32MP133CAE3, STM32MP133CAF3, STM32MP133CAG3, STM32MP133DAE7, STM32MP133DAF7, STM32MP133DAG7, STM32MP133FAE7, STM32MP133FAF7, STM32MP133FAG7, STM32MP135AAE3, STM32MP135AAF3, STM32MP135AAG3, STM32MP135CAE3, STM32MP135CAF3, STM32MP135CAG3, STM32MP135DAE7, STM32MP135DAF7, STM32MP135DAG7, STM32MP135F-DK, STM32MP135FAE7, STM32MP135FAF7, STM32MP135FAF7T, STM32MP135FAF7U, STM32MP135FAG7, STM32MP251AAI3, STM32MP251AAK3, STM32MP251AAL3, STM32MP251CAI3, STM32MP251CAK3, STM32MP251CAL3, STM32MP251DAI3, STM32MP251DAK3, STM32MP251DAL3, STM32MP251FAI3, STM32MP251FAK3, STM32MP251FAL3, STM32MP253AAI3, STM32MP253AAK3, STM32MP253AAL3, STM32MP253CAI3, STM32MP253CAK3, STM32MP253CAL3, STM32MP253DAI3, STM32MP253DAK3, STM32MP253DAL3, STM32MP253FAI3, STM32MP253FAK3, STM32MP253FAL3, STM32MP255AAI3, STM32MP255AAK3, STM32MP255AAL3, STM32MP255CAI3, STM32MP255CAK3, STM32MP255CAL3, STM32MP255DAI3, STM32MP255DAK3, STM32MP255DAL3, STM32MP255FAI3, STM32MP255FAK3, STM32MP255FAL3, STM32MP257AAI3, STM32MP257AAK3, STM32MP257AAL3, STM32MP257CAI3, STM32MP257CAK3, STM32MP257CAL3, STM32MP257DAI3, STM32MP257DAK3, STM32MP257DAL3, STM32MP257F-DK, STM32MP257F-EV1, STM32MP257FAI3, STM32MP257FAK3, STM32MP257FAL3, STM32U031C6T6, STM32U031C6U6, STM32U031C8T6, STM32U031C8U6, STM32U031F4P6, STM32U031F6P6, STM32U031F8P6, STM32U031G6Y6TR, STM32U031G8Y6TR, STM32U031K4U6, STM32U031K6U6, STM32U031K8U6, STM32U031R6I6, STM32U031R6T6, STM32U031R8I6, STM32U031R8T6, STM32U073C8T6, STM32U073C8U6, STM32U073CBT6, STM32U073CBU6, STM32U073CCT6, STM32U073CCU6, STM32U073H8Y6TR, STM32U073HBY6TR, STM32U073HCY6TR, STM32U073K8U6, STM32U073KBU6, STM32U073KCU6, STM32U073M8I6, STM32U073M8T6, STM32U073MBI6, STM32U073MBT6, STM32U073MCI6, STM32U073MCT6, STM32U073R8I6, STM32U073R8T6, STM32U073RBI6, STM32U073RBT6, STM32U073RCI6, STM32U073RCT6, STM32U083C-DK, STM32U083CCT6, STM32U083CCU6, STM32U083HCY6TR, STM32U083KCU6, STM32U083MCI6, STM32U083MCT6, STM32U083RCI6, STM32U083RCT6, STM32U535CBT6, STM32U535CBT6Q, STM32U535CBU6, STM32U535CBU6Q, STM32U535CCT6, STM32U535CCT6Q, STM32U535CCU6, STM32U535CCU6Q, STM32U535CET6, STM32U535CET6Q, STM32U535CEU6, STM32U535CEU6Q, STM32U535JEY6QTR, STM32U535NCY6QTR, STM32U535NEY6QTR, STM32U535RBI6, STM32U535RBI6Q, STM32U535RBT6, STM32U535RBT6Q, STM32U535RCI6, STM32U535RCI6Q, STM32U535RCT6, STM32U535RCT6Q, STM32U535REI6, STM32U535REI6Q, STM32U535RET6, STM32U535RET6Q, STM32U535VCI6, STM32U535VCI6Q, STM32U535VCT6, STM32U535VCT6Q, STM32U535VEI6, STM32U535VEI6Q, STM32U535VET6, STM32U535VET6Q, STM32U545CET6, STM32U545CET6Q, STM32U545CEU6, STM32U545CEU6Q, STM32U545JEY6QTR, STM32U545NEY6QTR, STM32U545REI6, STM32U545REI6Q, STM32U545RET6, STM32U545RET6Q, STM32U545VEI6, STM32U545VEI6Q, STM32U545VET6, STM32U545VET6Q, STM32U595AIH6, STM32U595AIH6Q, STM32U595AJH6, STM32U595AJH6Q, STM32U595QII6, STM32U595QII6Q, STM32U595QJI6, STM32U595QJI6Q, STM32U595RIT6, STM32U595RIT6Q, STM32U595RJT6, STM32U595RJT6Q, STM32U595VIT6, STM32U595VIT6Q, STM32U595VJT6, STM32U595VJT6Q, STM32U595ZIT6, STM32U595ZIT6Q, STM32U595ZIY6QTR, STM32U595ZJT6, STM32U595ZJT6Q, STM32U595ZJY6QTR, STM32U599BJY6QTR, STM32U599NIH6Q, STM32U599NJH6Q, STM32U599VIT6Q, STM32U599VJT6, STM32U599VJT6Q, STM32U599ZIT6Q, STM32U599ZIY6QTR, STM32U599ZJT6Q, STM32U599ZJY6QTR, STM32U5A5AJH6, STM32U5A5AJH6Q, STM32U5A5QII3Q , STM32U5A5QJI6, STM32U5A5QJI6Q, STM32U5A5RJT6, STM32U5A5RJT6Q, STM32U5A5VJT6, STM32U5A5VJT6Q, STM32U5A5ZJT6, STM32U5A5ZJT6Q, STM32U5A5ZJY6QTR, STM32U5A9BJY6QTR, STM32U5A9J-DK, STM32U5A9NJH6Q, STM32U5A9VJT6Q, STM32U5A9ZJT6Q, STM32U5A9ZJY6QTR, STM32U5F7VIT6, STM32U5F7VIT6Q, STM32U5F7VJT6, STM32U5F7VJT6Q, STM32U5F9BJY6QTR, STM32U5F9NJH6Q, STM32U5F9VIT6Q, STM32U5F9VJT6Q, STM32U5F9ZIJ6QTR, STM32U5F9ZIT6Q, STM32U5F9ZJJ6QTR, STM32U5F9ZJT6Q, STM32U5G7VJT6, STM32U5G7VJT6Q, STM32U5G9BJY6QTR, STM32U5G9J-DK1, STM32U5G9J-DK2, STM32U5G9NJH6Q, STM32U5G9VJT6Q, STM32U5G9ZJJ6QTR, STM32U5G9ZJT6Q, STM32WB05KZV6TR, STM32WB05KZV7TR, STM32WB05TZF6TR, STM32WB05TZF7TR, STM32WB06CCF6TR, STM32WB06CCF7TR, STM32WB06CCV6TR, STM32WB06CCV7TR, STM32WB06KCV6TR, STM32WB06KCV7TR, STM32WB07CCF6TR, STM32WB07CCF7TR, STM32WB07CCV6TR, STM32WB07CCV7TR, STM32WB07KCV6TR, STM32WB07KCV7TR, STM32WB09KEV6TR, STM32WB09KEV7TR, STM32WB09TEF6TR, STM32WB09TEF7TR, STM32WB1MMCH6, STM32WBA50KGU6, STM32WBA50KGU6TR, STM32WBA52CEU6, STM32WBA52CEU6TR, STM32WBA52CEU7, STM32WBA52CEU7TR, STM32WBA52CGU6, STM32WBA52CGU6TR, STM32WBA52CGU6U, STM32WBA52CGU7, STM32WBA52CGU7TR, STM32WBA52KEU6, STM32WBA52KEU6TR, STM32WBA52KGU6, STM32WBA52KGU6TR, STM32WBA54CEU6, STM32WBA54CEU6TR, STM32WBA54CEU7, STM32WBA54CEU7TR, STM32WBA54CGU6, STM32WBA54CGU6TR, STM32WBA54CGU7, STM32WBA54CGU7TR, STM32WBA54KEU6, STM32WBA54KEU6TR, STM32WBA54KEU7, STM32WBA54KEU7TR, STM32WBA54KGU6, STM32WBA54KGU6TR, STM32WBA54KGU7, STM32WBA54KGU7TR, STM32WBA55CEU6, STM32WBA55CEU6TR, STM32WBA55CEU7, STM32WBA55CEU7TR, STM32WBA55CGU6, STM32WBA55CGU6TR, STM32WBA55CGU6U, STM32WBA55CGU7, STM32WBA55CGU7TR, STM32WBA55G-DK1, STM32WBA55HEF6, STM32WBA55HEF7, STM32WBA55HGF6, STM32WBA55HGF7, STM32WBA55UEI6, STM32WBA55UEI6TR, STM32WBA55UEI7, STM32WBA55UEI7TR, STM32WBA55UGI6, STM32WBA55UGI6TR, STM32WBA55UGI7, STM32WBA55UGI7TR, STM32WL5MOCH6, STM32WL5MOCH6TR]
2024-11-16 14:01:16,642 [INFO] BoardInfo:889 - No configuration file found for board P-NUCLEO-WB55
2024-11-16 14:01:16,643 [INFO] DbBoards:161 - Kit is not supported: P-NUCLEO-WB55
2024-11-16 14:01:16,650 [INFO] BoardInfo:889 - No configuration file found for board STEVAL-BFA001V1B
2024-11-16 14:01:16,651 [INFO] DbBoards:161 - Kit is not supported: STEVAL-BFA001V1B
2024-11-16 14:01:16,653 [INFO] BoardInfo:889 - No configuration file found for board STEVAL-BFA001V2B
2024-11-16 14:01:16,653 [INFO] DbBoards:161 - Kit is not supported: STEVAL-BFA001V2B
2024-11-16 14:01:16,880 [INFO] DbBoards:168 - Found 201 boards, 198 are supported
2024-11-16 14:01:16,881 [INFO] DbBoards:169 - Found 201 boards, 25 of them is supported for  Bsp
2024-11-16 14:01:16,897 [INFO] ApiDb:668 - CubeFinder database Data Model version=2.1
2024-11-16 14:01:16,897 [INFO] ApiDb:669 - CubeFinder database Configuration version=3.0.39
2024-11-16 14:01:16,897 [INFO] ApiDb:670 - CubeFinder database generation date=2024-10-15 (1729006872)
2024-11-16 14:01:16,897 [INFO] ApiDb:671 - CubeFinder database FW Pack versions=[FP-ATR-ASTRA1_V2.0.0, FP-SNS-FLIGHT1_V5.0.2, FP-SNS-MOTENV1_V5.0.0, FP-SNS-MOTENVWB1_V1.4.0, FP-SNS-SMARTAG2_V1.2.0, FP-SNS-STBOX1_V2.0.0, STM32Cube_FW_C0_V1.2.0, STM32Cube_FW_F4_V1.28.1, STM32Cube_FW_F7_V1.17.2, STM32Cube_FW_G0_V1.6.2, STM32Cube_FW_G4_V1.6.0, STM32Cube_FW_H5_V1.3.0, STM32Cube_FW_H7RS_V1.1.0, STM32Cube_FW_H7_V1.11.2, STM32Cube_FW_L0_V1.12.2, STM32Cube_FW_L5_V1.5.1, STM32Cube_FW_U0_V1.1.0, STM32Cube_FW_U5_V1.6.0, STM32Cube_FW_WB0_V1.0.0, STM32Cube_FW_WBA_V1.4.1, STM32Cube_FW_WB_V1.20.0, STM32Cube_FW_WL_V1.3.0, X-CUBE-ALGOBUILD_V1.4.0, X-CUBE-ALS_V1.0.2, X-CUBE-AZRTOS-F4_V1.1.0, X-CUBE-AZRTOS-F7_V1.1.0, X-CUBE-AZRTOS-G0_V1.1.0, X-CUBE-AZRTOS-G4_V2.0.0, X-CUBE-AZRTOS-H7RS_V1.0.0, X-CUBE-AZRTOS-H7_V3.3.0, X-CUBE-AZRTOS-L4_V2.0.0, X-CUBE-AZRTOS-L5_V2.0.0, X-CUBE-AZRTOS-WB_V2.0.0, X-CUBE-AZRTOS-WL_V2.0.0, X-CUBE-BLE1_V7.0.0, X-CUBE-BLE2_V3.3.0, X-CUBE-BLEMGR_V3.1.0, X-CUBE-EEPRMA1_V5.1.0, X-CUBE-FREERTOS_V1.2.0, X-CUBE-GNSS1_V6.0.0, X-CUBE-MEMS1_V11.0.0, X-CUBE-NFC4_V3.0.0, X-CUBE-NFC7_V1.0.1, X-CUBE-SFXS2LP1_V4.0.0, X-CUBE-SUBG2_V5.0.0, X-CUBE-TOF1_V3.4.2]
2024-11-16 14:01:19,324 [INFO] ApiDb:240 - Found 646 in-development CPN: [B-G473E-ZEST1S, B-WB1M-WPAN1, B-WL5M-SUBG1, NUCLEO-C031C6, NUCLEO-C071RB, NUCLEO-H503RB, NUCLEO-H533RE, NUCLEO-H563ZI, NUCLEO-H7S3L8, NUCLEO-U031R8, NUCLEO-U083RC, NUCLEO-U545RE-Q, NUCLEO-U5A5ZJ-Q, NUCLEO-WB05KZ, NUCLEO-WB07CC, NUCLEO-WB09KE, NUCLEO-WBA52CG, NUCLEO-WBA55CG, STEVAL-PROTEUS1, STEVAL-SMARTAG2, STEVAL-STWINBX1, STM320518-EVAL, STM32C0116-DK, STM32C011D6Y3TR, STM32C011D6Y6TR, STM32C011F4P3, STM32C011F4P6, STM32C011F4U3, STM32C011F4U6TR, STM32C011F6P3, STM32C011F6P6, STM32C011F6U3, STM32C011F6U6TR, STM32C011J4M3, STM32C011J4M6, STM32C011J6M3, STM32C011J6M6, STM32C0316-DK, STM32C031C4T3, STM32C031C4T6, STM32C031C4U3, STM32C031C4U6, STM32C031C6T3, STM32C031C6T6, STM32C031C6U3, STM32C031C6U6, STM32C031F4P3, STM32C031F4P6, STM32C031F6P3, STM32C031F6P6, STM32C031G4U3, STM32C031G4U6, STM32C031G6U3, STM32C031G6U6, STM32C031K4T3, STM32C031K4T6, STM32C031K4U3, STM32C031K4U6, STM32C031K6T3, STM32C031K6T6, STM32C031K6U3, STM32C031K6U6, STM32C071C8T6, STM32C071C8T6N, STM32C071C8U6, STM32C071C8U6N, STM32C071CBT6, STM32C071CBT6N, STM32C071CBU6, STM32C071CBU6N, STM32C071F8P6, STM32C071F8P6N, STM32C071FBP6, STM32C071FBP6N, STM32C071FBY6TR, STM32C071G8U6, STM32C071G8U6N, STM32C071GBU6, STM32C071GBU6N, STM32C071K8T6, STM32C071K8T6N, STM32C071K8U6, STM32C071K8U6N, STM32C071KBT6, STM32C071KBT6N, STM32C071KBU6, STM32C071KBU6N, STM32C071R8T6, STM32C071R8T6N, STM32C071RBI6N, STM32C071RBT6, STM32C071RBT6N, STM32G071K8TXN, STM32G071K8UXN, STM32G081GBU6N, STM32G081KBT6N, STM32G081KBUXN, STM32G0B1CCT6N, STM32G0B1KCT6, STM32G0B1NEY6TR, STM32G0B1RCT6N, STM32G0C1CCT6, STM32G0C1CCT6N, STM32G0C1CCU6N, STM32G0C1CET6N, STM32G0C1CEU6N, STM32G0C1KCT6, STM32G0C1NEY6TR, STM32G0C1RCI6N, STM32G0C1RCT6N, STM32G0C1REI6N, STM32G0C1RET6N, STM32G0C1VCI6, STM32G0C1VEI6, STM32G411C6T3, STM32G411C6T6, STM32G411C6U3, STM32G411C6U6, STM32G411C8T3, STM32G411C8T6, STM32G411C8U3, STM32G411C8U6, STM32G411CBT3, STM32G411CBT6, STM32G411CBU3, STM32G411CBU6, STM32G411K6T3, STM32G411K6T6, STM32G411K6U3, STM32G411K6U6, STM32G411K8T3, STM32G411K8T6, STM32G411K8U3, STM32G411K8U6, STM32G411KBT3, STM32G411KBT6, STM32G411KBU3, STM32G411KBU6, STM32G411M6T3, STM32G411M6T6, STM32G411M8T3, STM32G411M8T6, STM32G411MBT3, STM32G411MBT6, STM32G411R6T3, STM32G411R6T6, STM32G411R8T3, STM32G411R8T6, STM32G411RBT3, STM32G411RBT6, STM32G414CBT3, STM32G414CBT6, STM32G414CBU3, STM32G414CBU6, STM32G414CCT3, STM32G414CCT6, STM32G414CCU3, STM32G414CCU6, STM32G414MBT3, STM32G414MBT6, STM32G414MCT3, STM32G414MCT6, STM32G414RBT3, STM32G414RBT6, STM32G414RCT3, STM32G414RCT6, STM32G414VBT3, STM32G414VBT6, STM32G414VCT3, STM32G414VCT6, STM32G431CBT3Z, STM32G431RBT3Z, STM32G471CCT6, STM32G471CCU6, STM32G471CET3, STM32G471CET6, STM32G471CEU3, STM32G471CEU6, STM32G471MCT6, STM32G471MET3, STM32G471MET6, STM32G471MEY6TR, STM32G471QCT6, STM32G471QET3, STM32G471RCT6, STM32G471RET3, STM32G471RET6, STM32G471VCH6, STM32G471VCI6, STM32G471VCT6, STM32G471VEH3, STM32G471VEH6, STM32G471VEI3, STM32G471VEI6, STM32G471VET3, STM32G471VET6, STM32G473QET3Z, STM32G473RET3Z, STM32G474CCT6, STM32G491RET3Z, STM32H503CBT6, STM32H503CBU6, STM32H503EBY6TR, STM32H503KBU6, STM32H503RBT6, STM32H523CCT6, STM32H523CCU6, STM32H523CET6, STM32H523CEU6, STM32H523HEY6TR, STM32H523RCT6, STM32H523RET6, STM32H523VCI6, STM32H523VCT6, STM32H523VEI6, STM32H523VET6, STM32H523ZCJ6, STM32H523ZCT6, STM32H523ZEJ6, STM32H523ZET6, STM32H533CET6, STM32H533CEU6, STM32H533HEY6TR, STM32H533RET6, STM32H533VEI6, STM32H533VET6, STM32H533ZEJ6, STM32H533ZET6, STM32H562AGI6, STM32H562AII6, STM32H562IGK6, STM32H562IGT6, STM32H562IIK6, STM32H562IIT6, STM32H562RGT6, STM32H562RGV6, STM32H562RIT6, STM32H562RIV6, STM32H562VGT6, STM32H562VIT6, STM32H562ZGT6, STM32H562ZIT6, STM32H563AGI6, STM32H563AII3Q, STM32H563AII6, STM32H563IGK6, STM32H563IGT6, STM32H563IIK3Q, STM32H563IIK6, STM32H563IIT3Q, STM32H563IIT6, STM32H563MIY3QTR, STM32H563RGT6, STM32H563RGV6, STM32H563RIT6, STM32H563RIV6, STM32H563VGT6, STM32H563VIT3Q, STM32H563VIT6, STM32H563ZGT6, STM32H563ZIT3Q, STM32H563ZIT6, STM32H573AII3Q, STM32H573AII6, STM32H573I-DK, STM32H573IIK3Q, STM32H573IIK6, STM32H573IIT3Q, STM32H573IIT6, STM32H573MIY3QTR, STM32H573RIT6, STM32H573RIV6, STM32H573VIT3Q, STM32H573VIT6, STM32H573ZIT3Q, STM32H573ZIT6, STM32H7R3A8I6, STM32H7R3I8K6, STM32H7R3I8T6, STM32H7R3L8H6, STM32H7R3L8H6H, STM32H7R3R8V6, STM32H7R3V8H6, STM32H7R3V8T6, STM32H7R3V8Y6TR, STM32H7R3Z8J6, STM32H7R3Z8T6, STM32H7R7A8I6, STM32H7R7I8K6, STM32H7R7I8T6, STM32H7R7L8H6, STM32H7R7L8H6H, STM32H7R7Z8J6, STM32H7S3A8I6, STM32H7S3I8K6, STM32H7S3I8T6, STM32H7S3L8H6, STM32H7S3L8H6H, STM32H7S3R8V6, STM32H7S3V8H6, STM32H7S3V8T6, STM32H7S3V8Y6TR, STM32H7S3Z8J6, STM32H7S3Z8T6, STM32H7S78-DK, STM32H7S7A8I6, STM32H7S7I8K6, STM32H7S7I8T6, STM32H7S7L8H6, STM32H7S7L8H6H, STM32H7S7Z8J6, STM32L4R5QGI6STR, STM32MP131AAE3, STM32MP131AAF3, STM32MP131AAG3, STM32MP131CAE3, STM32MP131CAF3, STM32MP131CAG3, STM32MP131DAE7, STM32MP131DAF7, STM32MP131DAG7, STM32MP131FAE7, STM32MP131FAF7, STM32MP131FAG7, STM32MP133AAE3, STM32MP133AAF3, STM32MP133AAG3, STM32MP133CAE3, STM32MP133CAF3, STM32MP133CAG3, STM32MP133DAE7, STM32MP133DAF7, STM32MP133DAG7, STM32MP133FAE7, STM32MP133FAF7, STM32MP133FAG7, STM32MP135AAE3, STM32MP135AAF3, STM32MP135AAG3, STM32MP135CAE3, STM32MP135CAF3, STM32MP135CAG3, STM32MP135DAE7, STM32MP135DAF7, STM32MP135DAG7, STM32MP135F-DK, STM32MP135FAE7, STM32MP135FAF7, STM32MP135FAF7T, STM32MP135FAF7U, STM32MP135FAG7, STM32MP251AAI3, STM32MP251AAK3, STM32MP251AAL3, STM32MP251CAI3, STM32MP251CAK3, STM32MP251CAL3, STM32MP251DAI3, STM32MP251DAK3, STM32MP251DAL3, STM32MP251FAI3, STM32MP251FAK3, STM32MP251FAL3, STM32MP253AAI3, STM32MP253AAK3, STM32MP253AAL3, STM32MP253CAI3, STM32MP253CAK3, STM32MP253CAL3, STM32MP253DAI3, STM32MP253DAK3, STM32MP253DAL3, STM32MP253FAI3, STM32MP253FAK3, STM32MP253FAL3, STM32MP255AAI3, STM32MP255AAK3, STM32MP255AAL3, STM32MP255CAI3, STM32MP255CAK3, STM32MP255CAL3, STM32MP255DAI3, STM32MP255DAK3, STM32MP255DAL3, STM32MP255FAI3, STM32MP255FAK3, STM32MP255FAL3, STM32MP257AAI3, STM32MP257AAK3, STM32MP257AAL3, STM32MP257CAI3, STM32MP257CAK3, STM32MP257CAL3, STM32MP257DAI3, STM32MP257DAK3, STM32MP257DAL3, STM32MP257F-DK, STM32MP257F-EV1, STM32MP257FAI3, STM32MP257FAK3, STM32MP257FAL3, STM32U031C6T6, STM32U031C6U6, STM32U031C8T6, STM32U031C8U6, STM32U031F4P6, STM32U031F6P6, STM32U031F8P6, STM32U031G6Y6TR, STM32U031G8Y6TR, STM32U031K4U6, STM32U031K6U6, STM32U031K8U6, STM32U031R6I6, STM32U031R6T6, STM32U031R8I6, STM32U031R8T6, STM32U073C8T6, STM32U073C8U6, STM32U073CBT6, STM32U073CBU6, STM32U073CCT6, STM32U073CCU6, STM32U073H8Y6TR, STM32U073HBY6TR, STM32U073HCY6TR, STM32U073K8U6, STM32U073KBU6, STM32U073KCU6, STM32U073M8I6, STM32U073M8T6, STM32U073MBI6, STM32U073MBT6, STM32U073MCI6, STM32U073MCT6, STM32U073R8I6, STM32U073R8T6, STM32U073RBI6, STM32U073RBT6, STM32U073RCI6, STM32U073RCT6, STM32U083C-DK, STM32U083CCT6, STM32U083CCU6, STM32U083HCY6TR, STM32U083KCU6, STM32U083MCI6, STM32U083MCT6, STM32U083RCI6, STM32U083RCT6, STM32U535CBT6, STM32U535CBT6Q, STM32U535CBU6, STM32U535CBU6Q, STM32U535CCT6, STM32U535CCT6Q, STM32U535CCU6, STM32U535CCU6Q, STM32U535CET6, STM32U535CET6Q, STM32U535CEU6, STM32U535CEU6Q, STM32U535JEY6QTR, STM32U535NCY6QTR, STM32U535NEY6QTR, STM32U535RBI6, STM32U535RBI6Q, STM32U535RBT6, STM32U535RBT6Q, STM32U535RCI6, STM32U535RCI6Q, STM32U535RCT6, STM32U535RCT6Q, STM32U535REI6, STM32U535REI6Q, STM32U535RET6, STM32U535RET6Q, STM32U535VCI6, STM32U535VCI6Q, STM32U535VCT6, STM32U535VCT6Q, STM32U535VEI6, STM32U535VEI6Q, STM32U535VET6, STM32U535VET6Q, STM32U545CET6, STM32U545CET6Q, STM32U545CEU6, STM32U545CEU6Q, STM32U545JEY6QTR, STM32U545NEY6QTR, STM32U545REI6, STM32U545REI6Q, STM32U545RET6, STM32U545RET6Q, STM32U545VEI6, STM32U545VEI6Q, STM32U545VET6, STM32U545VET6Q, STM32U595AIH6, STM32U595AIH6Q, STM32U595AJH6, STM32U595AJH6Q, STM32U595QII6, STM32U595QII6Q, STM32U595QJI6, STM32U595QJI6Q, STM32U595RIT6, STM32U595RIT6Q, STM32U595RJT6, STM32U595RJT6Q, STM32U595VIT6, STM32U595VIT6Q, STM32U595VJT6, STM32U595VJT6Q, STM32U595ZIT6, STM32U595ZIT6Q, STM32U595ZIY6QTR, STM32U595ZJT6, STM32U595ZJT6Q, STM32U595ZJY6QTR, STM32U599BJY6QTR, STM32U599NIH6Q, STM32U599NJH6Q, STM32U599VIT6Q, STM32U599VJT6, STM32U599VJT6Q, STM32U599ZIT6Q, STM32U599ZIY6QTR, STM32U599ZJT6Q, STM32U599ZJY6QTR, STM32U5A5AJH6, STM32U5A5AJH6Q, STM32U5A5QII3Q , STM32U5A5QJI6, STM32U5A5QJI6Q, STM32U5A5RJT6, STM32U5A5RJT6Q, STM32U5A5VJT6, STM32U5A5VJT6Q, STM32U5A5ZJT6, STM32U5A5ZJT6Q, STM32U5A5ZJY6QTR, STM32U5A9BJY6QTR, STM32U5A9J-DK, STM32U5A9NJH6Q, STM32U5A9VJT6Q, STM32U5A9ZJT6Q, STM32U5A9ZJY6QTR, STM32U5F7VIT6, STM32U5F7VIT6Q, STM32U5F7VJT6, STM32U5F7VJT6Q, STM32U5F9BJY6QTR, STM32U5F9NJH6Q, STM32U5F9VIT6Q, STM32U5F9VJT6Q, STM32U5F9ZIJ6QTR, STM32U5F9ZIT6Q, STM32U5F9ZJJ6QTR, STM32U5F9ZJT6Q, STM32U5G7VJT6, STM32U5G7VJT6Q, STM32U5G9BJY6QTR, STM32U5G9J-DK1, STM32U5G9J-DK2, STM32U5G9NJH6Q, STM32U5G9VJT6Q, STM32U5G9ZJJ6QTR, STM32U5G9ZJT6Q, STM32WB05KZV6TR, STM32WB05KZV7TR, STM32WB05TZF6TR, STM32WB05TZF7TR, STM32WB06CCF6TR, STM32WB06CCF7TR, STM32WB06CCV6TR, STM32WB06CCV7TR, STM32WB06KCV6TR, STM32WB06KCV7TR, STM32WB07CCF6TR, STM32WB07CCF7TR, STM32WB07CCV6TR, STM32WB07CCV7TR, STM32WB07KCV6TR, STM32WB07KCV7TR, STM32WB09KEV6TR, STM32WB09KEV7TR, STM32WB09TEF6TR, STM32WB09TEF7TR, STM32WB1MMCH6, STM32WBA50KGU6, STM32WBA50KGU6TR, STM32WBA52CEU6, STM32WBA52CEU6TR, STM32WBA52CEU7, STM32WBA52CEU7TR, STM32WBA52CGU6, STM32WBA52CGU6TR, STM32WBA52CGU6U, STM32WBA52CGU7, STM32WBA52CGU7TR, STM32WBA52KEU6, STM32WBA52KEU6TR, STM32WBA52KGU6, STM32WBA52KGU6TR, STM32WBA54CEU6, STM32WBA54CEU6TR, STM32WBA54CEU7, STM32WBA54CEU7TR, STM32WBA54CGU6, STM32WBA54CGU6TR, STM32WBA54CGU7, STM32WBA54CGU7TR, STM32WBA54KEU6, STM32WBA54KEU6TR, STM32WBA54KEU7, STM32WBA54KEU7TR, STM32WBA54KGU6, STM32WBA54KGU6TR, STM32WBA54KGU7, STM32WBA54KGU7TR, STM32WBA55CEU6, STM32WBA55CEU6TR, STM32WBA55CEU7, STM32WBA55CEU7TR, STM32WBA55CGU6, STM32WBA55CGU6TR, STM32WBA55CGU6U, STM32WBA55CGU7, STM32WBA55CGU7TR, STM32WBA55G-DK1, STM32WBA55HEF6, STM32WBA55HEF7, STM32WBA55HGF6, STM32WBA55HGF7, STM32WBA55UEI6, STM32WBA55UEI6TR, STM32WBA55UEI7, STM32WBA55UEI7TR, STM32WBA55UGI6, STM32WBA55UGI6TR, STM32WBA55UGI7, STM32WBA55UGI7TR, STM32WL5MOCH6, STM32WL5MOCH6TR]
2024-11-16 14:01:19,331 [INFO] DbMcus:218 - Found 4252 MCUs, 4252 are supported
2024-11-16 14:01:19,332 [INFO] ApiDb:423 - Load user favorites file C:\Users\mridu/.stm32cubeide/favorites.mcus.txt: 0 item(s)
2024-11-16 14:01:19,332 [INFO] ApiDb:427 - User favorites MCUs=[]
2024-11-16 14:01:19,333 [INFO] DbMcus:224 - Set 0 / 0 favorites MCUs
2024-11-16 14:01:19,868 [INFO] ApiDb:423 - Load user favorites file C:\Users\mridu/.stm32cubeide/favorites.boards.txt: 0 item(s)
2024-11-16 14:01:19,868 [INFO] ApiDb:427 - User favorites Boards=[]
2024-11-16 14:01:19,868 [INFO] DbBoards:198 - Set 0 / 0 favorites Boards
2024-11-16 14:01:19,994 [INFO] UtilMem:75 - End LoadConfig() Used Memory: 671906448 Bytes (995098624)
2024-11-16 14:01:20,314 [WARN] ThirdParty:833 - waiting for thirdparty lock release [change project]
2024-11-16 14:01:20,315 [INFO] ThirdParty:835 - entering critical section [change project]
2024-11-16 14:01:20,315 [INFO] ThirdParty:1030 - CMSIS Pack Vendor :STMicroelectronics USBPD 4.1
2024-11-16 14:01:20,315 [INFO] ThirdParty:1030 - CMSIS Pack Vendor :STMicroelectronics X-CUBE-AZRTOS-H7 3.3.0
2024-11-16 14:01:20,315 [INFO] ThirdParty:1030 - CMSIS Pack Vendor :STMicroelectronics USB_HOST 2.0.0
2024-11-16 14:01:20,316 [INFO] ThirdParty:1030 - CMSIS Pack Vendor :STMicroelectronics FP-SNS-MOTENVWB1 1.4.0
2024-11-16 14:01:20,316 [INFO] ThirdParty:1030 - CMSIS Pack Vendor :STMicroelectronics X-CUBE-AZRTOS-F4 1.1.0
2024-11-16 14:01:20,316 [INFO] ThirdParty:1030 - CMSIS Pack Vendor :STMicroelectronics LIBJPEG 8.0.0
2024-11-16 14:01:20,316 [INFO] ThirdParty:1030 - CMSIS Pack Vendor :STMicroelectronics FP-ATR-ASTRA1 2.0.1
2024-11-16 14:01:20,316 [INFO] ThirdParty:1030 - CMSIS Pack Vendor :STMicroelectronics X-CUBE-SMBUS 2.1.0
2024-11-16 14:01:20,316 [INFO] ThirdParty:1030 - CMSIS Pack Vendor :STMicroelectronics X-CUBE-WB05N 1.1.0
2024-11-16 14:01:20,316 [INFO] ThirdParty:1030 - CMSIS Pack Vendor :STMicroelectronics USB_DEVICE 3.0.0
2024-11-16 14:01:20,316 [INFO] ThirdParty:1030 - CMSIS Pack Vendor :STMicroelectronics X-CUBE-TCPP 4.1.0
2024-11-16 14:01:20,316 [INFO] ThirdParty:1030 - CMSIS Pack Vendor :STMicroelectronics X-CUBE-FREERTOS 1.2.0
2024-11-16 14:01:20,316 [INFO] ThirdParty:1030 - CMSIS Pack Vendor :STMicroelectronics X-CUBE-AZRTOS-WB 2.0.0
2024-11-16 14:01:20,316 [INFO] ThirdParty:1030 - CMSIS Pack Vendor :STMicroelectronics X-CUBE-AZRTOS-F7 1.1.0
2024-11-16 14:01:20,317 [INFO] ThirdParty:1030 - CMSIS Pack Vendor :STMicroelectronics X-CUBE-AZRTOS-L5 2.0.0
2024-11-16 14:01:20,317 [INFO] ThirdParty:1030 - CMSIS Pack Vendor :STMicroelectronics USB_DEVICE 2.0.0
2024-11-16 14:01:20,317 [INFO] ThirdParty:1030 - CMSIS Pack Vendor :STMicroelectronics X-CUBE-NFC6 3.1.0
2024-11-16 14:01:20,317 [INFO] ThirdParty:1030 - CMSIS Pack Vendor :STMicroelectronics FreeRTOS 0.0.1
2024-11-16 14:01:20,317 [INFO] ThirdParty:1030 - CMSIS Pack Vendor :STMicroelectronics X-CUBE-AZRTOS-G0 1.1.0
2024-11-16 14:01:20,317 [INFO] ThirdParty:1030 - CMSIS Pack Vendor :STMicroelectronics X-CUBE-SAFEA1 1.2.2
2024-11-16 14:01:20,317 [INFO] ThirdParty:1030 - CMSIS Pack Vendor :STMicroelectronics X-CUBE-NFC4 3.0.0
2024-11-16 14:01:20,317 [INFO] ThirdParty:1030 - CMSIS Pack Vendor :STMicroelectronics X-CUBE-SUBG2 5.0.0
2024-11-16 14:01:20,317 [INFO] ThirdParty:1030 - CMSIS Pack Vendor :STMicroelectronics STM32_WPAN 1.0.0
2024-11-16 14:01:20,317 [INFO] ThirdParty:1030 - CMSIS Pack Vendor :EmbeddedOffice I-CUBE-FS-RTOS 1.0.1
2024-11-16 14:01:20,317 [INFO] ThirdParty:1030 - CMSIS Pack Vendor :STMicroelectronics lwIP 2.0.3
2024-11-16 14:01:20,317 [INFO] ThirdParty:1030 - CMSIS Pack Vendor :STMicroelectronics FP-SNS-FLIGHT1 5.0.2
2024-11-16 14:01:20,318 [INFO] ThirdParty:1030 - CMSIS Pack Vendor :Cesanta I-CUBE-Mongoose 7.13.0
2024-11-16 14:01:20,318 [INFO] ThirdParty:1030 - CMSIS Pack Vendor :STMicroelectronics USB_HOST 1.0.0
2024-11-16 14:01:20,318 [INFO] ThirdParty:1030 - CMSIS Pack Vendor :STMicroelectronics X-CUBE-AZRTOS-G4 2.0.0
2024-11-16 14:01:20,318 [INFO] ThirdParty:1030 - CMSIS Pack Vendor :STMicroelectronics PDM2PCM 3.1.0
2024-11-16 14:01:20,318 [INFO] ThirdParty:1030 - CMSIS Pack Vendor :STMicroelectronics PDM2PCM 3.3.0
2024-11-16 14:01:20,318 [INFO] ThirdParty:1030 - CMSIS Pack Vendor :STMicroelectronics X-CUBE-DISPLAY 3.0.0
2024-11-16 14:01:20,318 [INFO] ThirdParty:1030 - CMSIS Pack Vendor :RealThread X-CUBE-RT-Thread_Nano 4.1.1
2024-11-16 14:01:20,318 [INFO] ThirdParty:1030 - CMSIS Pack Vendor :STMicroelectronics X-CUBE-BLE1 7.0.0
2024-11-16 14:01:20,318 [INFO] ThirdParty:1030 - CMSIS Pack Vendor :STMicroelectronics FP-ATR-SIGFOX1 3.2.0
2024-11-16 14:01:20,318 [INFO] ThirdParty:1030 - CMSIS Pack Vendor :quantropi X-CUBE-qispace-sdk-base 1.9.3
2024-11-16 14:01:20,318 [INFO] ThirdParty:1030 - CMSIS Pack Vendor :STMicroelectronics X-CUBE-EEPRMA1 5.1.0
2024-11-16 14:01:20,318 [INFO] ThirdParty:1030 - CMSIS Pack Vendor :STMicroelectronics HAL Drivers 0.0.0
2024-11-16 14:01:20,318 [INFO] ThirdParty:1030 - CMSIS Pack Vendor :STMicroelectronics MBEDTLS 2.16.2
2024-11-16 14:01:20,319 [INFO] ThirdParty:1030 - CMSIS Pack Vendor :STMicroelectronics X-CUBE-ALS 1.0.2
2024-11-16 14:01:20,319 [INFO] ThirdParty:1030 - CMSIS Pack Vendor :emotas I-CUBE-CANOPEN 1.3.0
2024-11-16 14:01:20,319 [INFO] ThirdParty:1030 - CMSIS Pack Vendor :wolfSSL I-CUBE-wolfSSL 5.7.4
2024-11-16 14:01:20,319 [INFO] ThirdParty:1030 - CMSIS Pack Vendor :STMicroelectronics X-CUBE-NFC7 1.0.1
2024-11-16 14:01:20,319 [INFO] ThirdParty:1030 - CMSIS Pack Vendor :STMicroelectronics MBEDTLS 2.14.1
2024-11-16 14:01:20,319 [INFO] ThirdParty:1030 - CMSIS Pack Vendor :ITTIA_DB I-CUBE-ITTIADB 8.9.0
2024-11-16 14:01:20,319 [INFO] ThirdParty:1030 - CMSIS Pack Vendor :STMicroelectronics X-CUBE-TOUCHGFX 4.24.1
2024-11-16 14:01:20,319 [INFO] ThirdParty:1030 - CMSIS Pack Vendor :wolfSSL I-CUBE-wolfTPM 3.4.0
2024-11-16 14:01:20,319 [INFO] ThirdParty:1030 - CMSIS Pack Vendor :portGmbH I-Cube-SoM-uGOAL 1.1.0
2024-11-16 14:01:20,319 [INFO] ThirdParty:1030 - CMSIS Pack Vendor :STMicroelectronics X-CUBE-BLEMGR 3.1.0
2024-11-16 14:01:20,319 [INFO] ThirdParty:1030 - CMSIS Pack Vendor :STMicroelectronics ThreadX 1.0.0
2024-11-16 14:01:20,319 [INFO] ThirdParty:1030 - CMSIS Pack Vendor :STMicroelectronics FP-SNS-SMARTAG2 1.2.0
2024-11-16 14:01:20,319 [INFO] ThirdParty:1030 - CMSIS Pack Vendor :STMicroelectronics X-CUBE-AZRTOS-WL 2.0.0
2024-11-16 14:01:20,319 [INFO] ThirdParty:1030 - CMSIS Pack Vendor :SEGGER I-CUBE-embOS 1.3.1
2024-11-16 14:01:20,320 [INFO] ThirdParty:1030 - CMSIS Pack Vendor :STMicroelectronics X-CUBE-ALGOBUILD 1.4.0
2024-11-16 14:01:20,320 [INFO] ThirdParty:1030 - CMSIS Pack Vendor :STMicroelectronics FP-SNS-MOTENV1 5.0.0
2024-11-16 14:01:20,321 [INFO] ThirdParty:1030 - CMSIS Pack Vendor :STMicroelectronics USB_DEVICE 1.0.0
2024-11-16 14:01:20,321 [INFO] ThirdParty:1030 - CMSIS Pack Vendor :STMicroelectronics X-CUBE-AZRTOS-H7RS 1.0.0
2024-11-16 14:01:20,321 [INFO] ThirdParty:1030 - CMSIS Pack Vendor :wolfSSL I-CUBE-wolfMQTT 1.19.0
2024-11-16 14:01:20,321 [INFO] ThirdParty:1030 - CMSIS Pack Vendor :STMicroelectronics X-CUBE-AZRTOS-L4 2.0.0
2024-11-16 14:01:20,321 [INFO] ThirdParty:1030 - CMSIS Pack Vendor :STMicroelectronics ThreadX 0.0.2
2024-11-16 14:01:20,321 [INFO] ThirdParty:1030 - CMSIS Pack Vendor :WES I-CUBE-Cesium 1.3.0
2024-11-16 14:01:20,321 [INFO] ThirdParty:1030 - CMSIS Pack Vendor :STMicroelectronics FP-ATR-ASTRA1 2.0.0
2024-11-16 14:01:20,321 [INFO] ThirdParty:1030 - CMSIS Pack Vendor :STMicroelectronics lwIP 2.1.2
2024-11-16 14:01:20,322 [INFO] ThirdParty:1030 - CMSIS Pack Vendor :STMicroelectronics X-CUBE-SFXS2LP1 4.0.0
2024-11-16 14:01:20,322 [INFO] ThirdParty:1030 - CMSIS Pack Vendor :STMicroelectronics X-CUBE-BLE2 3.3.0
2024-11-16 14:01:20,322 [INFO] ThirdParty:1030 - CMSIS Pack Vendor :Infineon AIROC-Wi-Fi-Bluetooth-STM32 1.6.1
2024-11-16 14:01:20,322 [INFO] ThirdParty:1030 - CMSIS Pack Vendor :STMicroelectronics PDM2PCM 3.2.0
2024-11-16 14:01:20,322 [INFO] ThirdParty:1030 - CMSIS Pack Vendor :wolfSSL I-CUBE-wolfSSH 1.4.17
2024-11-16 14:01:20,322 [INFO] ThirdParty:841 - exiting critical section [change project]
2024-11-16 14:01:20,822 [INFO] PinOutPanel:1561 - setPackage(No Configuration,No Configuration)
2024-11-16 14:01:20,826 [INFO] PinOutPanel:1561 - setPackage(STM32F103RBTx,LQFP64)
2024-11-16 14:01:21,610 [INFO] UtilMem:75 - Before build in PCC Used Memory: 579331576 Bytes (995098624)
2024-11-16 14:01:23,113 [INFO] UtilMem:75 - After build in PCC Used Memory: 645452368 Bytes (995098624)
2024-11-16 14:01:23,158 [INFO] IPUIPlugin:80 - create IPUIPlugin
2024-11-16 14:01:23,159 [INFO] IPUIPlugin:80 - create IPUIPlugin
2024-11-16 14:01:23,159 [INFO] IPUIPlugin:80 - create IPUIPlugin
2024-11-16 14:01:23,159 [INFO] IPUIPlugin:80 - create IPUIPlugin
2024-11-16 14:01:23,159 [INFO] IPUIPlugin:80 - create IPUIPlugin
2024-11-16 14:01:23,159 [INFO] IPUIPlugin:80 - create IPUIPlugin
2024-11-16 14:01:23,160 [INFO] IPUIPlugin:80 - create IPUIPlugin
2024-11-16 14:01:23,160 [INFO] IPUIPlugin:80 - create IPUIPlugin
2024-11-16 14:01:23,160 [INFO] IPUIPlugin:80 - create IPUIPlugin
2024-11-16 14:01:23,160 [INFO] IPUIPlugin:80 - create IPUIPlugin
2024-11-16 14:01:23,160 [INFO] IPUIPlugin:80 - create IPUIPlugin
2024-11-16 14:01:23,160 [INFO] IPUIPlugin:80 - create IPUIPlugin
2024-11-16 14:01:23,161 [INFO] IPUIPlugin:80 - create IPUIPlugin
2024-11-16 14:01:23,161 [INFO] IPUIPlugin:80 - create IPUIPlugin
2024-11-16 14:01:23,161 [INFO] IPUIPlugin:80 - create IPUIPlugin
2024-11-16 14:01:23,161 [INFO] IPUIPlugin:80 - create IPUIPlugin
2024-11-16 14:01:23,162 [INFO] IPUIPlugin:80 - create IPUIPlugin
2024-11-16 14:01:23,162 [INFO] IPUIPlugin:80 - create IPUIPlugin
2024-11-16 14:01:23,162 [INFO] IPUIPlugin:80 - create IPUIPlugin
2024-11-16 14:01:23,162 [INFO] IPUIPlugin:80 - create IPUIPlugin
2024-11-16 14:01:23,163 [INFO] IPUIPlugin:80 - create IPUIPlugin
2024-11-16 14:01:23,163 [INFO] IPUIPlugin:80 - create IPUIPlugin
2024-11-16 14:01:23,163 [INFO] IPUIPlugin:80 - create IPUIPlugin
2024-11-16 14:01:23,164 [INFO] IPUIPlugin:80 - create IPUIPlugin
2024-11-16 14:01:23,164 [INFO] IPUIPlugin:80 - create IPUIPlugin
2024-11-16 14:01:23,164 [INFO] IPUIPlugin:80 - create IPUIPlugin
2024-11-16 14:01:23,165 [INFO] IPUIPlugin:80 - create IPUIPlugin
2024-11-16 14:01:23,187 [WARN] IP:2191 - I2C_Coeff_DF not found: check if there is a RefParameter without a condition.
2024-11-16 14:01:23,187 [WARN] IP:2191 - Analog_Filter not found: check if there is a RefParameter without a condition.
2024-11-16 14:01:23,556 [INFO] CADModel:165 - CPN selected for project levelSTM32F103RBT6
2024-11-16 14:01:23,556 [INFO] CADModel:114 - Register for checkConnection events
2024-11-16 14:01:23,664 [INFO] OpenFileManager:363 - Restore cursor
2024-11-16 14:01:23,899 [WARN] IP:2191 - I2C_Coeff_DF not found: check if there is a RefParameter without a condition.
2024-11-16 14:01:23,901 [WARN] IP:2191 - Analog_Filter not found: check if there is a RefParameter without a condition.
2024-11-16 14:01:23,903 [WARN] IP:2191 - I2C_Coeff_DF not found: check if there is a RefParameter without a condition.
2024-11-16 14:01:23,903 [WARN] IP:2191 - Analog_Filter not found: check if there is a RefParameter without a condition.
2024-11-16 14:01:56,479 [WARN] IP:2191 - I2C_Coeff_DF not found: check if there is a RefParameter without a condition.
2024-11-16 14:01:56,482 [WARN] IP:2191 - Analog_Filter not found: check if there is a RefParameter without a condition.
2024-11-16 14:01:56,536 [WARN] IP:2191 - I2C_Coeff_DF not found: check if there is a RefParameter without a condition.
2024-11-16 14:01:56,536 [WARN] IP:2191 - Analog_Filter not found: check if there is a RefParameter without a condition.
2024-11-16 14:01:56,537 [WARN] IP:2191 - I2C_Coeff_DF not found: check if there is a RefParameter without a condition.
2024-11-16 14:01:56,537 [WARN] IP:2191 - Analog_Filter not found: check if there is a RefParameter without a condition.
2024-11-16 14:01:56,664 [WARN] IP:2191 - I2C_Coeff_DF not found: check if there is a RefParameter without a condition.
2024-11-16 14:01:56,664 [WARN] IP:2191 - Analog_Filter not found: check if there is a RefParameter without a condition.
2024-11-16 14:01:56,672 [WARN] IP:2191 - I2C_Coeff_DF not found: check if there is a RefParameter without a condition.
2024-11-16 14:01:56,672 [WARN] IP:2191 - Analog_Filter not found: check if there is a RefParameter without a condition.
2024-11-16 14:01:56,705 [WARN] IP:2191 - I2C_Coeff_DF not found: check if there is a RefParameter without a condition.
2024-11-16 14:01:56,705 [WARN] IP:2191 - Analog_Filter not found: check if there is a RefParameter without a condition.
2024-11-16 14:01:56,737 [WARN] IP:2191 - I2C_Coeff_DF not found: check if there is a RefParameter without a condition.
2024-11-16 14:01:56,737 [WARN] IP:2191 - Analog_Filter not found: check if there is a RefParameter without a condition.
2024-11-16 14:04:11,810 [INFO] UtilMem:75 - End SaveConfig() Used Memory: 635243152 Bytes (1073741824)
2024-11-16 14:04:16,369 [INFO] UtilMem:75 - End SaveConfig() Used Memory: 739578512 Bytes (1073741824)
2024-11-16 14:04:17,147 [INFO] BlockDiagram:2766 - set Specific Code input for plugin: NVIC
2024-11-16 14:04:17,147 [INFO] BlockDiagram:2766 - set Specific Code input for plugin: USART
2024-11-16 14:04:17,147 [INFO] BlockDiagram:2766 - set Specific Code input for plugin: DMA
2024-11-16 14:04:17,147 [INFO] BlockDiagram:2766 - set Specific Code input for plugin: SYS
2024-11-16 14:04:17,148 [INFO] BlockDiagram:2766 - set Specific Code input for plugin: GPIO
2024-11-16 14:04:17,148 [INFO] BlockDiagram:2766 - set Specific Code input for plugin: RCC
2024-11-16 14:04:17,148 [INFO] BlockDiagram:2766 - set Specific Code input for plugin: I2C
2024-11-16 14:04:17,151 [INFO] CodeGenerator:807 - code generatio: config db path: C:\ST\STM32CubeIDE_1.16.1\STM32CubeIDE\plugins\com.st.stm32cube.common.mx_6.12.1.202409122256\\db\
2024-11-16 14:04:17,160 [WARN] IP:2191 - I2C_Coeff_DF not found: check if there is a RefParameter without a condition.
2024-11-16 14:04:17,160 [WARN] IP:2191 - Analog_Filter not found: check if there is a RefParameter without a condition.
2024-11-16 14:04:17,483 [INFO] CodeEngine:255 - oldGeneratedFile, C:\DEV\solar_sandbox\Projects\IMU_proof_of_concept\MXTmpFiles\license.tmp_save
2024-11-16 14:04:18,267 [INFO] CodeEngine:279 - Generated code: C:\DEV\solar_sandbox\Projects\IMU_proof_of_concept\MXTmpFiles\license.tmp
2024-11-16 14:04:18,446 [INFO] CodeEngine:255 - oldGeneratedFile, C:\DEV\solar_sandbox\Projects\IMU_proof_of_concept\MXTmpFiles\gpio.tmp_save
2024-11-16 14:04:18,770 [INFO] CodeEngine:279 - Generated code: C:\DEV\solar_sandbox\Projects\IMU_proof_of_concept\MXTmpFiles\gpio.tmp
2024-11-16 14:04:19,151 [INFO] CodeEngine:255 - oldGeneratedFile, C:\DEV\solar_sandbox\Projects\IMU_proof_of_concept\MXTmpFiles\dma.tmp_save
2024-11-16 14:04:19,308 [INFO] CodeEngine:279 - Generated code: C:\DEV\solar_sandbox\Projects\IMU_proof_of_concept\MXTmpFiles\dma.tmp
2024-11-16 14:04:19,333 [INFO] CodeEngine:255 - oldGeneratedFile, C:\DEV\solar_sandbox\Projects\IMU_proof_of_concept\MXTmpFiles\dma_GV.tmp_save
2024-11-16 14:04:19,430 [INFO] CodeEngine:279 - Generated code: C:\DEV\solar_sandbox\Projects\IMU_proof_of_concept\MXTmpFiles\dma_GV.tmp
2024-11-16 14:04:19,518 [INFO] CodeEngine:255 - oldGeneratedFile, C:\DEV\solar_sandbox\Projects\IMU_proof_of_concept\Core\Src\stm32f1xx_it.c_save
2024-11-16 14:04:19,888 [INFO] CodeEngine:279 - Generated code: C:\DEV\solar_sandbox\Projects\IMU_proof_of_concept\Core\Src\stm32f1xx_it.c
2024-11-16 14:04:19,955 [INFO] CodeEngine:255 - oldGeneratedFile, C:\DEV\solar_sandbox\Projects\IMU_proof_of_concept\Core\Inc\stm32f1xx_it.h_save
2024-11-16 14:04:20,118 [INFO] CodeEngine:279 - Generated code: C:\DEV\solar_sandbox\Projects\IMU_proof_of_concept\Core\Inc\stm32f1xx_it.h
2024-11-16 14:04:20,209 [INFO] CodeEngine:255 - oldGeneratedFile, C:\DEV\solar_sandbox\Projects\IMU_proof_of_concept\Core\Src\stm32f1xx_hal_msp.c_save
2024-11-16 14:04:20,613 [INFO] CodeEngine:279 - Generated code: C:\DEV\solar_sandbox\Projects\IMU_proof_of_concept\Core\Src\stm32f1xx_hal_msp.c
2024-11-16 14:04:20,669 [INFO] CodeEngine:255 - oldGeneratedFile, C:\DEV\solar_sandbox\Projects\IMU_proof_of_concept\MXTmpFiles\system.tmp_save
2024-11-16 14:04:20,884 [INFO] CodeEngine:279 - Generated code: C:\DEV\solar_sandbox\Projects\IMU_proof_of_concept\MXTmpFiles\system.tmp
2024-11-16 14:04:20,961 [INFO] CodeEngine:311 - oldGeneratedFile, C:\DEV\solar_sandbox\Projects\IMU_proof_of_concept\Core\Inc\stm32f1xx_hal_conf.h_save
2024-11-16 14:04:21,230 [INFO] CodeEngine:335 - Generated code: C:\DEV\solar_sandbox\Projects\IMU_proof_of_concept\Core\Inc\stm32f1xx_hal_conf.h
2024-11-16 14:04:21,523 [INFO] CodeEngine:255 - oldGeneratedFile, C:\DEV\solar_sandbox\Projects\IMU_proof_of_concept\Core\Inc\main.h_save
2024-11-16 14:04:21,786 [INFO] CodeEngine:279 - Generated code: C:\DEV\solar_sandbox\Projects\IMU_proof_of_concept\Core\Inc\main.h
2024-11-16 14:04:21,866 [INFO] CodeEngine:255 - oldGeneratedFile, C:\DEV\solar_sandbox\Projects\IMU_proof_of_concept\Core\Src\main.c_save
2024-11-16 14:04:22,183 [INFO] CodeEngine:279 - Generated code: C:\DEV\solar_sandbox\Projects\IMU_proof_of_concept\Core\Src\main.c
2024-11-16 14:04:22,783 [INFO] ProjectBuilder:3249 - Time for Copy HAL[1] : 280mS.
2024-11-16 14:04:22,790 [INFO] ProjectBuilder:4828 - Project Generator version: 4.5.0-B34
2024-11-16 14:04:22,908 [INFO] ConfigFileManager:1531 - The Die is : DIE410
2024-11-16 14:04:22,942 [INFO] ApiDbMcu:508 - Load IP Config File for FATFS
2024-11-16 14:04:22,978 [INFO] ApiDbMcu:508 - Load IP Config File for FREERTOS
2024-11-16 14:04:23,008 [INFO] ApiDbMcu:508 - Load IP Config File for USB_DEVICE
2024-11-16 14:04:24,660 [INFO] LogOutputStream:77 - [STDOUT_REDIRECT] 
2024-11-16 14:04:29,906 [INFO] ProjectBuilder:5097 - Time for Generating toolchain IDE Files: 7115mS.
2024-11-16 14:04:29,906 [INFO] ProjectBuilder:3107 - Time for Copy CMSIS : 0mS.
2024-11-16 14:04:29,914 [INFO] ProjectBuilder:3107 - Time for Copy CMSIS : 0mS.
2024-11-16 14:05:29,583 [WARN] IP:2191 - I2C_Coeff_DF not found: check if there is a RefParameter without a condition.
2024-11-16 14:05:29,584 [WARN] IP:2191 - Analog_Filter not found: check if there is a RefParameter without a condition.
2024-11-16 14:05:38,176 [WARN] IP:2191 - I2C_Coeff_DF not found: check if there is a RefParameter without a condition.
2024-11-16 14:05:38,176 [WARN] IP:2191 - Analog_Filter not found: check if there is a RefParameter without a condition.
2024-11-16 14:05:47,492 [INFO] NvicIntPanel:101 - NVIC parent = com.st.microxplorer.plugins.ip.nvic.MultiNvicIntPanel[,0,0,450x220,layout=javax.swing.BoxLayout,alignmentX=0.0,alignmentY=0.0,border=,flags=9,maximumSize=,minimumSize=,preferredSize=]
2024-11-16 14:32:43,484 [INFO] WebApp:189 - Connection lost
2024-11-16 14:32:43,759 [INFO] WebApp:186 - Connection restablished
2024-11-16 15:01:09,058 [INFO] UtilMem:75 - End SaveConfig() Used Memory: 259303840 Bytes (780140544)
2024-11-16 15:01:11,507 [INFO] UtilMem:75 - End SaveConfig() Used Memory: 338114848 Bytes (780140544)
2024-11-16 15:01:11,987 [INFO] BlockDiagram:2766 - set Specific Code input for plugin: NVIC
2024-11-16 15:01:11,987 [INFO] BlockDiagram:2766 - set Specific Code input for plugin: USART
2024-11-16 15:01:11,987 [INFO] BlockDiagram:2766 - set Specific Code input for plugin: DMA
2024-11-16 15:01:11,987 [INFO] BlockDiagram:2766 - set Specific Code input for plugin: SYS
2024-11-16 15:01:11,988 [INFO] BlockDiagram:2766 - set Specific Code input for plugin: GPIO
2024-11-16 15:01:11,988 [INFO] BlockDiagram:2766 - set Specific Code input for plugin: RCC
2024-11-16 15:01:11,988 [INFO] BlockDiagram:2766 - set Specific Code input for plugin: I2C
2024-11-16 15:01:11,991 [INFO] CodeGenerator:807 - code generatio: config db path: C:\ST\STM32CubeIDE_1.16.1\STM32CubeIDE\plugins\com.st.stm32cube.common.mx_6.12.1.202409122256\\db\
2024-11-16 15:01:11,994 [WARN] IP:2191 - I2C_Coeff_DF not found: check if there is a RefParameter without a condition.
2024-11-16 15:01:11,994 [WARN] IP:2191 - Analog_Filter not found: check if there is a RefParameter without a condition.
2024-11-16 15:01:11,997 [INFO] Argument:325 - Argument : hdmavalue: null
2024-11-16 15:01:11,997 [INFO] Argument:327 - 	 sub Args: 
2024-11-16 15:01:11,998 [INFO] Argument:325 - Argument : Instancevalue: DMA1_Channel7
2024-11-16 15:01:11,998 [INFO] Argument:335 - Argument : Instancevalue: DMA1_Channel7
2024-11-16 15:01:11,998 [INFO] Argument:325 - Argument : Initvalue: null
2024-11-16 15:01:11,998 [INFO] Argument:327 - 	 sub Args: 
2024-11-16 15:01:11,998 [INFO] Argument:325 - Argument : Directionvalue: DMA_PERIPH_TO_MEMORY
2024-11-16 15:01:11,998 [INFO] Argument:335 - Argument : Directionvalue: DMA_PERIPH_TO_MEMORY
2024-11-16 15:01:11,999 [INFO] Argument:325 - Argument : PeriphIncvalue: DMA_PINC_DISABLE
2024-11-16 15:01:11,999 [INFO] Argument:335 - Argument : PeriphIncvalue: DMA_PINC_DISABLE
2024-11-16 15:01:11,999 [INFO] Argument:325 - Argument : MemIncvalue: DMA_MINC_ENABLE
2024-11-16 15:01:11,999 [INFO] Argument:335 - Argument : MemIncvalue: DMA_MINC_ENABLE
2024-11-16 15:01:11,999 [INFO] Argument:325 - Argument : PeriphDataAlignmentvalue: DMA_PDATAALIGN_BYTE
2024-11-16 15:01:11,999 [INFO] Argument:335 - Argument : PeriphDataAlignmentvalue: DMA_PDATAALIGN_BYTE
2024-11-16 15:01:11,999 [INFO] Argument:325 - Argument : MemDataAlignmentvalue: DMA_MDATAALIGN_BYTE
2024-11-16 15:01:11,999 [INFO] Argument:335 - Argument : MemDataAlignmentvalue: DMA_MDATAALIGN_BYTE
2024-11-16 15:01:11,999 [INFO] Argument:325 - Argument : Modevalue: DMA_NORMAL
2024-11-16 15:01:11,999 [INFO] Argument:335 - Argument : Modevalue: DMA_NORMAL
2024-11-16 15:01:12,000 [INFO] Argument:325 - Argument : Priorityvalue: DMA_PRIORITY_LOW
2024-11-16 15:01:12,000 [INFO] Argument:335 - Argument : Priorityvalue: DMA_PRIORITY_LOW
2024-11-16 15:01:12,000 [INFO] Argument:325 - Argument : Lockvalue: null
2024-11-16 15:01:12,000 [INFO] Argument:335 - Argument : Lockvalue: null
2024-11-16 15:01:12,000 [INFO] Argument:325 - Argument : Statevalue: null
2024-11-16 15:01:12,000 [INFO] Argument:335 - Argument : Statevalue: null
2024-11-16 15:01:12,000 [INFO] Argument:325 - Argument : Parentvalue: null
2024-11-16 15:01:12,000 [INFO] Argument:335 - Argument : Parentvalue: null
2024-11-16 15:01:12,000 [INFO] Argument:325 - Argument : XferCpltCallbackvalue: null
2024-11-16 15:01:12,000 [INFO] Argument:335 - Argument : XferCpltCallbackvalue: null
2024-11-16 15:01:12,000 [INFO] Argument:325 - Argument : XferHalfCpltCallbackvalue: null
2024-11-16 15:01:12,000 [INFO] Argument:335 - Argument : XferHalfCpltCallbackvalue: null
2024-11-16 15:01:12,001 [INFO] Argument:325 - Argument : XferErrorCallbackvalue: null
2024-11-16 15:01:12,001 [INFO] Argument:335 - Argument : XferErrorCallbackvalue: null
2024-11-16 15:01:12,001 [INFO] Argument:325 - Argument : ErrorCodevalue: null
2024-11-16 15:01:12,001 [INFO] Argument:335 - Argument : ErrorCodevalue: null
2024-11-16 15:01:12,122 [INFO] CodeEngine:255 - oldGeneratedFile, C:\DEV\solar_sandbox\Projects\IMU_proof_of_concept\MXTmpFiles\license.tmp_save
2024-11-16 15:01:12,315 [INFO] CodeEngine:279 - Generated code: C:\DEV\solar_sandbox\Projects\IMU_proof_of_concept\MXTmpFiles\license.tmp
2024-11-16 15:01:12,365 [INFO] CodeEngine:255 - oldGeneratedFile, C:\DEV\solar_sandbox\Projects\IMU_proof_of_concept\MXTmpFiles\gpio.tmp_save
2024-11-16 15:01:12,540 [INFO] CodeEngine:279 - Generated code: C:\DEV\solar_sandbox\Projects\IMU_proof_of_concept\MXTmpFiles\gpio.tmp
2024-11-16 15:01:12,656 [INFO] CodeEngine:255 - oldGeneratedFile, C:\DEV\solar_sandbox\Projects\IMU_proof_of_concept\MXTmpFiles\dma.tmp_save
2024-11-16 15:01:12,804 [INFO] CodeEngine:279 - Generated code: C:\DEV\solar_sandbox\Projects\IMU_proof_of_concept\MXTmpFiles\dma.tmp
2024-11-16 15:01:12,812 [INFO] CodeEngine:255 - oldGeneratedFile, C:\DEV\solar_sandbox\Projects\IMU_proof_of_concept\MXTmpFiles\dma_GV.tmp_save
2024-11-16 15:01:12,917 [INFO] CodeEngine:279 - Generated code: C:\DEV\solar_sandbox\Projects\IMU_proof_of_concept\MXTmpFiles\dma_GV.tmp
2024-11-16 15:01:12,961 [INFO] CodeEngine:255 - oldGeneratedFile, C:\DEV\solar_sandbox\Projects\IMU_proof_of_concept\Core\Src\stm32f1xx_it.c_save
2024-11-16 15:01:13,233 [INFO] CodeEngine:279 - Generated code: C:\DEV\solar_sandbox\Projects\IMU_proof_of_concept\Core\Src\stm32f1xx_it.c
2024-11-16 15:01:13,261 [INFO] CodeEngine:255 - oldGeneratedFile, C:\DEV\solar_sandbox\Projects\IMU_proof_of_concept\Core\Inc\stm32f1xx_it.h_save
2024-11-16 15:01:13,376 [INFO] CodeEngine:279 - Generated code: C:\DEV\solar_sandbox\Projects\IMU_proof_of_concept\Core\Inc\stm32f1xx_it.h
2024-11-16 15:01:13,428 [INFO] CodeEngine:255 - oldGeneratedFile, C:\DEV\solar_sandbox\Projects\IMU_proof_of_concept\Core\Src\stm32f1xx_hal_msp.c_save
2024-11-16 15:01:13,631 [INFO] CodeEngine:279 - Generated code: C:\DEV\solar_sandbox\Projects\IMU_proof_of_concept\Core\Src\stm32f1xx_hal_msp.c
2024-11-16 15:01:13,650 [INFO] CodeEngine:255 - oldGeneratedFile, C:\DEV\solar_sandbox\Projects\IMU_proof_of_concept\MXTmpFiles\system.tmp_save
2024-11-16 15:01:13,741 [INFO] CodeEngine:279 - Generated code: C:\DEV\solar_sandbox\Projects\IMU_proof_of_concept\MXTmpFiles\system.tmp
2024-11-16 15:01:13,786 [INFO] CodeEngine:311 - oldGeneratedFile, C:\DEV\solar_sandbox\Projects\IMU_proof_of_concept\Core\Inc\stm32f1xx_hal_conf.h_save
2024-11-16 15:01:13,935 [INFO] CodeEngine:335 - Generated code: C:\DEV\solar_sandbox\Projects\IMU_proof_of_concept\Core\Inc\stm32f1xx_hal_conf.h
2024-11-16 15:01:14,009 [INFO] CodeEngine:255 - oldGeneratedFile, C:\DEV\solar_sandbox\Projects\IMU_proof_of_concept\Core\Inc\main.h_save
2024-11-16 15:01:14,134 [INFO] CodeEngine:279 - Generated code: C:\DEV\solar_sandbox\Projects\IMU_proof_of_concept\Core\Inc\main.h
2024-11-16 15:01:14,161 [INFO] CodeEngine:255 - oldGeneratedFile, C:\DEV\solar_sandbox\Projects\IMU_proof_of_concept\Core\Src\main.c_save
2024-11-16 15:01:14,358 [INFO] CodeEngine:279 - Generated code: C:\DEV\solar_sandbox\Projects\IMU_proof_of_concept\Core\Src\main.c
2024-11-16 15:01:15,004 [INFO] ProjectBuilder:3249 - Time for Copy HAL[1] : 324mS.
2024-11-16 15:01:15,008 [INFO] ProjectBuilder:4828 - Project Generator version: 4.5.0-B34
2024-11-16 15:01:15,118 [INFO] ConfigFileManager:1531 - The Die is : DIE410
2024-11-16 15:01:17,066 [INFO] ProjectBuilder:5097 - Time for Generating toolchain IDE Files: 2058mS.
2024-11-16 15:01:17,068 [INFO] ProjectBuilder:3107 - Time for Copy CMSIS : 1mS.
2024-11-16 15:01:17,076 [INFO] ProjectBuilder:3107 - Time for Copy CMSIS : 1mS.
2024-11-16 15:01:29,481 [INFO] UtilMem:75 - End SaveConfig() Used Memory: 432102960 Bytes (780140544)
2024-11-16 15:01:31,698 [INFO] UtilMem:75 - End SaveConfig() Used Memory: 508678920 Bytes (780140544)
2024-11-16 15:01:32,079 [INFO] BlockDiagram:2766 - set Specific Code input for plugin: NVIC
2024-11-16 15:01:32,081 [INFO] BlockDiagram:2766 - set Specific Code input for plugin: USART
2024-11-16 15:01:32,081 [INFO] BlockDiagram:2766 - set Specific Code input for plugin: DMA
2024-11-16 15:01:32,082 [INFO] BlockDiagram:2766 - set Specific Code input for plugin: SYS
2024-11-16 15:01:32,082 [INFO] BlockDiagram:2766 - set Specific Code input for plugin: GPIO
2024-11-16 15:01:32,083 [INFO] BlockDiagram:2766 - set Specific Code input for plugin: RCC
2024-11-16 15:01:32,083 [INFO] BlockDiagram:2766 - set Specific Code input for plugin: I2C
2024-11-16 15:01:32,085 [INFO] CodeGenerator:807 - code generatio: config db path: C:\ST\STM32CubeIDE_1.16.1\STM32CubeIDE\plugins\com.st.stm32cube.common.mx_6.12.1.202409122256\\db\
2024-11-16 15:01:32,087 [WARN] IP:2191 - I2C_Coeff_DF not found: check if there is a RefParameter without a condition.
2024-11-16 15:01:32,088 [WARN] IP:2191 - Analog_Filter not found: check if there is a RefParameter without a condition.
2024-11-16 15:01:32,088 [INFO] Argument:325 - Argument : hdmavalue: null
2024-11-16 15:01:32,089 [INFO] Argument:327 - 	 sub Args: 
2024-11-16 15:01:32,089 [INFO] Argument:325 - Argument : Instancevalue: DMA1_Channel7
2024-11-16 15:01:32,089 [INFO] Argument:335 - Argument : Instancevalue: DMA1_Channel7
2024-11-16 15:01:32,089 [INFO] Argument:325 - Argument : Initvalue: null
2024-11-16 15:01:32,089 [INFO] Argument:327 - 	 sub Args: 
2024-11-16 15:01:32,089 [INFO] Argument:325 - Argument : Directionvalue: DMA_PERIPH_TO_MEMORY
2024-11-16 15:01:32,089 [INFO] Argument:335 - Argument : Directionvalue: DMA_PERIPH_TO_MEMORY
2024-11-16 15:01:32,089 [INFO] Argument:325 - Argument : PeriphIncvalue: DMA_PINC_DISABLE
2024-11-16 15:01:32,090 [INFO] Argument:335 - Argument : PeriphIncvalue: DMA_PINC_DISABLE
2024-11-16 15:01:32,090 [INFO] Argument:325 - Argument : MemIncvalue: DMA_MINC_ENABLE
2024-11-16 15:01:32,090 [INFO] Argument:335 - Argument : MemIncvalue: DMA_MINC_ENABLE
2024-11-16 15:01:32,090 [INFO] Argument:325 - Argument : PeriphDataAlignmentvalue: DMA_PDATAALIGN_BYTE
2024-11-16 15:01:32,090 [INFO] Argument:335 - Argument : PeriphDataAlignmentvalue: DMA_PDATAALIGN_BYTE
2024-11-16 15:01:32,090 [INFO] Argument:325 - Argument : MemDataAlignmentvalue: DMA_MDATAALIGN_BYTE
2024-11-16 15:01:32,090 [INFO] Argument:335 - Argument : MemDataAlignmentvalue: DMA_MDATAALIGN_BYTE
2024-11-16 15:01:32,090 [INFO] Argument:325 - Argument : Modevalue: DMA_NORMAL
2024-11-16 15:01:32,090 [INFO] Argument:335 - Argument : Modevalue: DMA_NORMAL
2024-11-16 15:01:32,090 [INFO] Argument:325 - Argument : Priorityvalue: DMA_PRIORITY_LOW
2024-11-16 15:01:32,090 [INFO] Argument:335 - Argument : Priorityvalue: DMA_PRIORITY_LOW
2024-11-16 15:01:32,090 [INFO] Argument:325 - Argument : Lockvalue: null
2024-11-16 15:01:32,090 [INFO] Argument:335 - Argument : Lockvalue: null
2024-11-16 15:01:32,090 [INFO] Argument:325 - Argument : Statevalue: null
2024-11-16 15:01:32,090 [INFO] Argument:335 - Argument : Statevalue: null
2024-11-16 15:01:32,090 [INFO] Argument:325 - Argument : Parentvalue: null
2024-11-16 15:01:32,090 [INFO] Argument:335 - Argument : Parentvalue: null
2024-11-16 15:01:32,090 [INFO] Argument:325 - Argument : XferCpltCallbackvalue: null
2024-11-16 15:01:32,090 [INFO] Argument:335 - Argument : XferCpltCallbackvalue: null
2024-11-16 15:01:32,090 [INFO] Argument:325 - Argument : XferHalfCpltCallbackvalue: null
2024-11-16 15:01:32,090 [INFO] Argument:335 - Argument : XferHalfCpltCallbackvalue: null
2024-11-16 15:01:32,090 [INFO] Argument:325 - Argument : XferErrorCallbackvalue: null
2024-11-16 15:01:32,090 [INFO] Argument:335 - Argument : XferErrorCallbackvalue: null
2024-11-16 15:01:32,091 [INFO] Argument:325 - Argument : ErrorCodevalue: null
2024-11-16 15:01:32,091 [INFO] Argument:335 - Argument : ErrorCodevalue: null
2024-11-16 15:01:32,188 [INFO] CodeEngine:255 - oldGeneratedFile, C:\DEV\solar_sandbox\Projects\IMU_proof_of_concept\MXTmpFiles\license.tmp_save
2024-11-16 15:01:32,328 [INFO] CodeEngine:279 - Generated code: C:\DEV\solar_sandbox\Projects\IMU_proof_of_concept\MXTmpFiles\license.tmp
2024-11-16 15:01:32,365 [INFO] CodeEngine:255 - oldGeneratedFile, C:\DEV\solar_sandbox\Projects\IMU_proof_of_concept\MXTmpFiles\gpio.tmp_save
2024-11-16 15:01:32,491 [INFO] CodeEngine:279 - Generated code: C:\DEV\solar_sandbox\Projects\IMU_proof_of_concept\MXTmpFiles\gpio.tmp
2024-11-16 15:01:32,580 [INFO] CodeEngine:255 - oldGeneratedFile, C:\DEV\solar_sandbox\Projects\IMU_proof_of_concept\MXTmpFiles\dma.tmp_save
2024-11-16 15:01:32,751 [INFO] CodeEngine:279 - Generated code: C:\DEV\solar_sandbox\Projects\IMU_proof_of_concept\MXTmpFiles\dma.tmp
2024-11-16 15:01:32,764 [INFO] CodeEngine:255 - oldGeneratedFile, C:\DEV\solar_sandbox\Projects\IMU_proof_of_concept\MXTmpFiles\dma_GV.tmp_save
2024-11-16 15:01:32,874 [INFO] CodeEngine:279 - Generated code: C:\DEV\solar_sandbox\Projects\IMU_proof_of_concept\MXTmpFiles\dma_GV.tmp
2024-11-16 15:01:32,919 [INFO] CodeEngine:255 - oldGeneratedFile, C:\DEV\solar_sandbox\Projects\IMU_proof_of_concept\Core\Src\stm32f1xx_it.c_save
2024-11-16 15:01:33,028 [INFO] CodeEngine:279 - Generated code: C:\DEV\solar_sandbox\Projects\IMU_proof_of_concept\Core\Src\stm32f1xx_it.c
2024-11-16 15:01:33,036 [INFO] CodeEngine:255 - oldGeneratedFile, C:\DEV\solar_sandbox\Projects\IMU_proof_of_concept\Core\Inc\stm32f1xx_it.h_save
2024-11-16 15:01:33,100 [INFO] CodeEngine:279 - Generated code: C:\DEV\solar_sandbox\Projects\IMU_proof_of_concept\Core\Inc\stm32f1xx_it.h
2024-11-16 15:01:33,130 [INFO] CodeEngine:255 - oldGeneratedFile, C:\DEV\solar_sandbox\Projects\IMU_proof_of_concept\Core\Src\stm32f1xx_hal_msp.c_save
2024-11-16 15:01:33,291 [INFO] CodeEngine:279 - Generated code: C:\DEV\solar_sandbox\Projects\IMU_proof_of_concept\Core\Src\stm32f1xx_hal_msp.c
2024-11-16 15:01:33,298 [INFO] CodeEngine:255 - oldGeneratedFile, C:\DEV\solar_sandbox\Projects\IMU_proof_of_concept\MXTmpFiles\system.tmp_save
2024-11-16 15:01:33,379 [INFO] CodeEngine:279 - Generated code: C:\DEV\solar_sandbox\Projects\IMU_proof_of_concept\MXTmpFiles\system.tmp
2024-11-16 15:01:33,411 [INFO] CodeEngine:311 - oldGeneratedFile, C:\DEV\solar_sandbox\Projects\IMU_proof_of_concept\Core\Inc\stm32f1xx_hal_conf.h_save
2024-11-16 15:01:33,529 [INFO] CodeEngine:335 - Generated code: C:\DEV\solar_sandbox\Projects\IMU_proof_of_concept\Core\Inc\stm32f1xx_hal_conf.h
2024-11-16 15:01:33,592 [INFO] CodeEngine:255 - oldGeneratedFile, C:\DEV\solar_sandbox\Projects\IMU_proof_of_concept\Core\Inc\main.h_save
2024-11-16 15:01:33,675 [INFO] CodeEngine:279 - Generated code: C:\DEV\solar_sandbox\Projects\IMU_proof_of_concept\Core\Inc\main.h
2024-11-16 15:01:33,695 [INFO] CodeEngine:255 - oldGeneratedFile, C:\DEV\solar_sandbox\Projects\IMU_proof_of_concept\Core\Src\main.c_save
2024-11-16 15:01:33,843 [INFO] CodeEngine:279 - Generated code: C:\DEV\solar_sandbox\Projects\IMU_proof_of_concept\Core\Src\main.c
2024-11-16 15:01:34,203 [INFO] ProjectBuilder:3249 - Time for Copy HAL[1] : 194mS.
2024-11-16 15:01:34,206 [INFO] ProjectBuilder:4828 - Project Generator version: 4.5.0-B34
2024-11-16 15:01:34,271 [INFO] ConfigFileManager:1531 - The Die is : DIE410
2024-11-16 15:01:35,385 [INFO] ProjectBuilder:5097 - Time for Generating toolchain IDE Files: 1179mS.
2024-11-16 15:01:35,387 [INFO] ProjectBuilder:3107 - Time for Copy CMSIS : 1mS.
2024-11-16 15:01:35,394 [INFO] ProjectBuilder:3107 - Time for Copy CMSIS : 0mS.
2024-11-16 15:06:05,450 [INFO] MainUpdater:2873 - connection check result : 10
2024-11-16 15:06:05,450 [INFO] MainUpdater:2873 - connection check result : 10
2024-11-16 15:06:05,531 [INFO] MicroXplorer:468 - Change Database Path : 
2024-11-16 15:06:05,532 [INFO] MicroXplorer:498 - Change Database Version : DB.6.0.121
2024-11-16 15:06:05,586 [ERROR] ProjectManagerView:394 - 
java.lang.NullPointerException: Cannot invoke "javax.swing.JTextField.getText()" because the return value of "java.util.List.get(int)" is null
	at com.st.microxplorer.plugins.projectmanager.gui.ProjectChoiceTab$10.caretUpdate(ProjectChoiceTab.java:2622) ~[filemanager.jar:?]
	at javax.swing.text.JTextComponent.fireCaretUpdate(JTextComponent.java:412) ~[?:?]
	at javax.swing.text.JTextComponent$MutableCaretEvent.fire(JTextComponent.java:4491) ~[?:?]
	at javax.swing.text.JTextComponent$MutableCaretEvent.stateChanged(JTextComponent.java:4513) ~[?:?]
	at javax.swing.text.DefaultCaret.fireStateChanged(DefaultCaret.java:842) ~[?:?]
	at javax.swing.text.DefaultCaret.changeCaretPosition(DefaultCaret.java:1313) ~[?:?]
	at javax.swing.text.DefaultCaret.handleSetDot(DefaultCaret.java:1212) ~[?:?]
	at javax.swing.text.DefaultCaret.setDot(DefaultCaret.java:1193) ~[?:?]
	at javax.swing.text.DefaultCaret$Handler.insertUpdate(DefaultCaret.java:1789) ~[?:?]
	at javax.swing.text.AbstractDocument.fireInsertUpdate(AbstractDocument.java:226) ~[?:?]
	at javax.swing.text.AbstractDocument.handleInsertString(AbstractDocument.java:780) ~[?:?]
	at javax.swing.text.AbstractDocument.insertString(AbstractDocument.java:739) ~[?:?]
	at javax.swing.text.PlainDocument.insertString(PlainDocument.java:131) ~[?:?]
	at javax.swing.text.AbstractDocument.replace(AbstractDocument.java:698) ~[?:?]
	at javax.swing.text.JTextComponent.setText(JTextComponent.java:1729) ~[?:?]
	at com.st.microxplorer.plugins.projectmanager.gui.ProjectChoiceTab.createHeapStackFields(ProjectChoiceTab.java:972) ~[filemanager.jar:?]
	at com.st.microxplorer.plugins.projectmanager.gui.ProjectChoiceTab.buildLinkSettingsPanel(ProjectChoiceTab.java:3597) ~[filemanager.jar:?]
	at com.st.microxplorer.plugins.projectmanager.gui.ProjectChoiceTab.defineWindowsFields(ProjectChoiceTab.java:1940) ~[filemanager.jar:?]
	at com.st.microxplorer.plugins.projectmanager.gui.ProjectChoiceTab.updateSettings(ProjectChoiceTab.java:550) ~[filemanager.jar:?]
	at com.st.microxplorer.plugins.projectmanager.gui.ProjectSettingsPanel.UpdateDialog(ProjectSettingsPanel.java:245) ~[filemanager.jar:?]
	at com.st.microxplorer.plugins.projectmanager.ProjectManagerView.propertyChange(ProjectManagerView.java:391) ~[filemanager.jar:?]
	at java.beans.PropertyChangeSupport.fire(PropertyChangeSupport.java:343) ~[?:?]
	at java.beans.PropertyChangeSupport.firePropertyChange(PropertyChangeSupport.java:335) ~[?:?]
	at java.beans.PropertyChangeSupport.firePropertyChange(PropertyChangeSupport.java:268) ~[?:?]
	at com.st.microxplorer.util.MXPropertyChangeSupport.firePropertyChange(MXPropertyChangeSupport.java:54) ~[STM32CubeMX.jar:?]
	at com.st.microxplorer.mxsystem.MxSystem.closeConfig(MxSystem.java:900) ~[STM32CubeMX.jar:?]
	at com.st.microxplorer.maingui.MainPanel.closeConfig(MainPanel.java:781) ~[STM32CubeMX.jar:?]
	at com.st.microxplorer.plugins.filemanager.engine.OpenFileManager.loadConfigurationFile(OpenFileManager.java:265) ~[filemanager.jar:?]
	at com.st.microxplorer.plugins.filemanager.engine.MainFileManager.userLoadConfig(MainFileManager.java:352) ~[filemanager.jar:?]
	at com.st.microxplorer.plugins.filemanager.engine.MainFileManager.userLoadConfig(MainFileManager.java:330) ~[filemanager.jar:?]
	at com.st.microxplorer.plugins.filemanager.FileManagerView.getSpecificTask(FileManagerView.java:246) ~[filemanager.jar:?]
	at com.st.stm32cube.common.mx.editor.CubeMxEditor.getMxTabbedPaneInstance(CubeMxEditor.java:1198) ~[com.st.stm32cube.common.mx_6.12.1.202409122256/:?]
	at com.st.stm32cube.common.mx.editor.CubeMxEditor$12$1.createSwingComponent(CubeMxEditor.java:1068) ~[com.st.stm32cube.common.mx_6.12.1.202409122256/:?]
	at com.st.stm32cube.common.mx.oss.core.awtswtbridge.EmbeddedSwingComposite.doComponentCreation(EmbeddedSwingComposite.java:492) ~[com.st.stm32cube.common.mx.oss_6.12.1.202409122256/:?]
	at com.st.stm32cube.common.mx.oss.core.awtswtbridge.EmbeddedSwingComposite$4.run(EmbeddedSwingComposite.java:291) ~[com.st.stm32cube.common.mx.oss_6.12.1.202409122256/:?]
	at com.st.stm32cube.common.mx.oss.core.awtswtbridge.AwtEnvironment$2.run(AwtEnvironment.java:166) ~[com.st.stm32cube.common.mx.oss_6.12.1.202409122256/:?]
	at java.awt.event.InvocationEvent.dispatch(InvocationEvent.java:318) ~[?:?]
	at java.awt.EventQueue.dispatchEventImpl(EventQueue.java:773) ~[?:?]
	at java.awt.EventQueue$4.run(EventQueue.java:720) ~[?:?]
	at java.awt.EventQueue$4.run(EventQueue.java:714) ~[?:?]
	at java.security.AccessController.doPrivileged(AccessController.java:399) ~[?:?]
	at java.security.ProtectionDomain$JavaSecurityAccessImpl.doIntersectionPrivilege(ProtectionDomain.java:86) ~[?:?]
	at java.awt.EventQueue.dispatchEvent(EventQueue.java:742) ~[?:?]
	at java.awt.EventDispatchThread.pumpOneEventForFilters(EventDispatchThread.java:203) ~[?:?]
	at java.awt.EventDispatchThread.pumpEventsForFilter(EventDispatchThread.java:124) ~[?:?]
	at java.awt.EventDispatchThread.pumpEventsForHierarchy(EventDispatchThread.java:113) ~[?:?]
	at java.awt.EventDispatchThread.pumpEvents(EventDispatchThread.java:109) ~[?:?]
	at java.awt.EventDispatchThread.pumpEvents(EventDispatchThread.java:101) ~[?:?]
	at java.awt.EventDispatchThread.run(EventDispatchThread.java:90) ~[?:?]
2024-11-16 15:06:05,608 [WARN] ThirdParty:871 - waiting for thirdparty lock release [close project]
2024-11-16 15:06:05,608 [INFO] ThirdParty:873 - entering critical section [close project]
2024-11-16 15:06:05,608 [INFO] ThirdParty:883 - exiting critical section [close project]
2024-11-16 15:06:05,610 [INFO] PinOutPanel:1561 - setPackage(No Configuration,No Configuration)
2024-11-16 15:06:05,635 [INFO] UtilMem:75 - Begin LoadConfig() Used Memory: 440095512 Bytes (780140544)
2024-11-16 15:06:10,790 [INFO] ServerAccessManage:473 - Download File stm32cube_db_v60120.zip
2024-11-16 15:06:12,668 [INFO] FileExtend:240 - Unzip File : stm32cube_db_v60120.zip
2024-11-16 15:06:12,668 [INFO] FileExtend:255 - Standard Zip Deflate
2024-11-16 15:06:31,746 [INFO] LoadServerPackagesThread:196 - End of LoadServerPackages Thread
2024-11-16 15:06:31,979 [INFO] CheckServerUpdateThread:120 - End of CheckServer Thread
2024-11-16 15:06:31,992 [INFO] MicroXplorer:468 - Change Database Path : C:/Users/mridu/.stm32cubemx/databases/DB.6.0.120/db/
2024-11-16 15:06:31,992 [INFO] MicroXplorer:498 - Change Database Version : DB.6.0.120
2024-11-16 15:06:31,992 [INFO] OpenFileManager:332 - Change cursor
2024-11-16 15:06:32,014 [INFO] RulesReader:64 - Compatibility file has been processed (297 Rules)
2024-11-16 15:06:32,020 [INFO] Mcu:2032 - Initializing MCU STM32F103R(C-D-E)Tx STM32F103RCTx STM32F103RCT6
2024-11-16 15:06:33,335 [INFO] Context:742 - Trying to add GPIOservice into a context  which must be forbidden
2024-11-16 15:06:33,643 [INFO] RtosManager:555 - Registered RTOS mode: class=CMSIS, group=RTOS, mode=CMSIS_V1, owner=FREERTOS
2024-11-16 15:06:33,643 [INFO] RtosManager:555 - Registered RTOS mode: class=CMSIS, group=RTOS2, mode=CMSIS_V2, owner=FREERTOS
2024-11-16 15:06:33,643 [INFO] RtosManager:555 - Registered RTOS mode: class=RTOS, group=Core, mode=CMSIS_V1, owner=FREERTOS
2024-11-16 15:06:33,643 [INFO] RtosManager:555 - Registered RTOS mode: class=RTOS, group=Core, mode=CMSIS_V2, owner=FREERTOS
2024-11-16 15:06:33,644 [WARN] ModelIntegratedComponent:184 - Missing modes for component STMicroelectronics:FreeRTOS:0.0.1:STMicroelectronics:RTOS:FreeRTOS:Core:::10.2.0:
2024-11-16 15:06:33,653 [WARN] ModelIntegratedComponent:63 - No mode defined for component null
2024-11-16 15:06:33,654 [WARN] ModelIntegratedComponent:63 - No mode defined for component null
2024-11-16 15:06:33,654 [WARN] ModelIntegratedComponent:63 - No mode defined for component null
2024-11-16 15:06:33,654 [WARN] ModelIntegratedComponent:63 - No mode defined for component null
2024-11-16 15:06:33,654 [WARN] ModelIntegratedComponent:63 - No mode defined for component null
2024-11-16 15:06:33,654 [WARN] ModelIntegratedComponent:63 - No mode defined for component null
2024-11-16 15:06:33,654 [WARN] ModelIntegratedComponent:63 - No mode defined for component null
2024-11-16 15:06:33,654 [WARN] ModelIntegratedComponent:63 - No mode defined for component null
2024-11-16 15:06:33,654 [WARN] ModelIntegratedComponent:63 - No mode defined for component null
2024-11-16 15:06:33,654 [WARN] ModelIntegratedComponent:63 - No mode defined for component null
2024-11-16 15:06:33,654 [WARN] ModelIntegratedComponent:63 - No mode defined for component null
2024-11-16 15:06:33,654 [WARN] ModelIntegratedComponent:63 - No mode defined for component null
2024-11-16 15:06:33,654 [WARN] ModelIntegratedComponent:63 - No mode defined for component null
2024-11-16 15:06:33,654 [WARN] ModelIntegratedComponent:63 - No mode defined for component null
2024-11-16 15:06:33,654 [WARN] ModelIntegratedComponent:63 - No mode defined for component null
2024-11-16 15:06:33,654 [WARN] ModelIntegratedComponent:63 - No mode defined for component null
2024-11-16 15:06:33,654 [WARN] ModelIntegratedComponent:63 - No mode defined for component null
2024-11-16 15:06:33,654 [WARN] ModelIntegratedComponent:63 - No mode defined for component null
2024-11-16 15:06:33,654 [WARN] ModelIntegratedComponent:63 - No mode defined for component null
2024-11-16 15:06:33,655 [WARN] ModelIntegratedComponent:63 - No mode defined for component null
2024-11-16 15:06:33,655 [WARN] ModelIntegratedComponent:63 - No mode defined for component null
2024-11-16 15:06:33,655 [WARN] ModelIntegratedComponent:63 - No mode defined for component null
2024-11-16 15:06:33,655 [WARN] ModelIntegratedComponent:63 - No mode defined for component null
2024-11-16 15:06:33,655 [WARN] ModelIntegratedComponent:63 - No mode defined for component null
2024-11-16 15:06:33,655 [WARN] ModelIntegratedComponent:63 - No mode defined for component null
2024-11-16 15:06:33,655 [WARN] ModelIntegratedComponent:63 - No mode defined for component null
2024-11-16 15:06:33,655 [WARN] ModelIntegratedComponent:63 - No mode defined for component null
2024-11-16 15:06:33,655 [WARN] ModelIntegratedComponent:63 - No mode defined for component null
2024-11-16 15:06:33,655 [WARN] ModelIntegratedComponent:63 - No mode defined for component null
2024-11-16 15:06:33,655 [WARN] ModelIntegratedComponent:63 - No mode defined for component null
2024-11-16 15:06:33,655 [WARN] ModelIntegratedComponent:63 - No mode defined for component null
2024-11-16 15:06:33,655 [WARN] ModelIntegratedComponent:63 - No mode defined for component null
2024-11-16 15:06:33,655 [WARN] ModelIntegratedComponent:63 - No mode defined for component null
2024-11-16 15:06:33,655 [WARN] ModelIntegratedComponent:63 - No mode defined for component null
2024-11-16 15:06:33,655 [WARN] ModelIntegratedComponent:63 - No mode defined for component null
2024-11-16 15:06:33,655 [WARN] ModelPack:524 - Component already loaded: STMicroelectronics:HAL Drivers:0.0.0:STMicroelectronics:Device:STMicro_Driver:XSPI:HAL::0.0.1:HAL_XSPI
2024-11-16 15:06:33,673 [INFO] ThirdPartyModel:298 - Start build external matchings
2024-11-16 15:06:33,740 [INFO] ThirdPartyModel:316 - End build external matchings
2024-11-16 15:06:33,748 [INFO] RtosManager:919 - Current active RTOS is FREERTOS [Cortex-M3NS]
2024-11-16 15:06:33,753 [INFO] ImportTextPane:205 - (OptionalMessage_ERROR) IP (DMA) : Parameter (Instance) has Id (USART1_TX) currently not set
2024-11-16 15:06:33,753 [INFO] ImportTextPane:205 - (OptionalMessage_ERROR) IP (DMA) : Parameter (Direction) has Id (USART1_TX) currently not set
2024-11-16 15:06:33,754 [INFO] ImportTextPane:205 - (OptionalMessage_ERROR) IP (DMA) : Parameter (PeriphInc) has Id (USART1_TX) currently not set
2024-11-16 15:06:33,754 [INFO] ImportTextPane:205 - (OptionalMessage_ERROR) IP (DMA) : Parameter (MemInc) has Id (USART1_TX) currently not set
2024-11-16 15:06:33,754 [INFO] ImportTextPane:205 - (OptionalMessage_ERROR) IP (DMA) : Parameter (PeriphDataAlignment) has Id (USART1_TX) currently not set
2024-11-16 15:06:33,754 [INFO] ImportTextPane:205 - (OptionalMessage_ERROR) IP (DMA) : Parameter (MemDataAlignment) has Id (USART1_TX) currently not set
2024-11-16 15:06:33,754 [INFO] ImportTextPane:205 - (OptionalMessage_ERROR) IP (DMA) : Parameter (Mode) has Id (USART1_TX) currently not set
2024-11-16 15:06:33,754 [INFO] ImportTextPane:205 - (OptionalMessage_ERROR) IP (DMA) : Parameter (Priority) has Id (USART1_TX) currently not set
2024-11-16 15:06:33,759 [INFO] ImportTextPane:205 - (OptionalMessage_ERROR) IP (RCC) : Parameter (ADCFreqValue) has invalid value (36000000)
2024-11-16 15:06:33,759 [INFO] ImportTextPane:205 - (OptionalMessage_ERROR) IP (RCC) : Invalid parameter (FamilyName)
2024-11-16 15:06:33,759 [INFO] ImportTextPane:205 - (OptionalMessage_ERROR) IP (RCC) : Parameter (MCOFreq_Value) has invalid value (72000000)
2024-11-16 15:06:33,759 [INFO] ImportTextPane:205 - (OptionalMessage_ERROR) IP (RCC) : Parameter (USBFreq_Value) has invalid value (72000000)
2024-11-16 15:06:34,242 [INFO] UtilMem:75 - End LoadConfig() Used Memory: 481924184 Bytes (816840704)
2024-11-16 15:06:34,598 [WARN] ThirdParty:833 - waiting for thirdparty lock release [change project]
2024-11-16 15:06:34,598 [INFO] ThirdParty:835 - entering critical section [change project]
2024-11-16 15:06:34,598 [INFO] ThirdParty:1030 - CMSIS Pack Vendor :STMicroelectronics USBPD 4.1
2024-11-16 15:06:34,598 [INFO] ThirdParty:1030 - CMSIS Pack Vendor :STMicroelectronics X-CUBE-AZRTOS-H7 3.3.0
2024-11-16 15:06:34,598 [INFO] ThirdParty:1030 - CMSIS Pack Vendor :STMicroelectronics USB_HOST 2.0.0
2024-11-16 15:06:34,598 [INFO] ThirdParty:1030 - CMSIS Pack Vendor :STMicroelectronics FP-SNS-MOTENVWB1 1.4.0
2024-11-16 15:06:34,598 [INFO] ThirdParty:1030 - CMSIS Pack Vendor :STMicroelectronics X-CUBE-AZRTOS-F4 1.1.0
2024-11-16 15:06:34,598 [INFO] ThirdParty:1030 - CMSIS Pack Vendor :STMicroelectronics LIBJPEG 8.0.0
2024-11-16 15:06:34,598 [INFO] ThirdParty:1030 - CMSIS Pack Vendor :STMicroelectronics FP-ATR-ASTRA1 2.0.1
2024-11-16 15:06:34,598 [INFO] ThirdParty:1030 - CMSIS Pack Vendor :STMicroelectronics X-CUBE-SMBUS 2.1.0
2024-11-16 15:06:34,599 [INFO] ThirdParty:1030 - CMSIS Pack Vendor :STMicroelectronics X-CUBE-WB05N 1.1.0
2024-11-16 15:06:34,599 [INFO] ThirdParty:1030 - CMSIS Pack Vendor :STMicroelectronics USB_DEVICE 3.0.0
2024-11-16 15:06:34,599 [INFO] ThirdParty:1030 - CMSIS Pack Vendor :STMicroelectronics X-CUBE-TCPP 4.1.0
2024-11-16 15:06:34,599 [INFO] ThirdParty:1030 - CMSIS Pack Vendor :STMicroelectronics X-CUBE-FREERTOS 1.2.0
2024-11-16 15:06:34,599 [INFO] ThirdParty:1030 - CMSIS Pack Vendor :STMicroelectronics X-CUBE-AZRTOS-WB 2.0.0
2024-11-16 15:06:34,599 [INFO] ThirdParty:1030 - CMSIS Pack Vendor :STMicroelectronics X-CUBE-AZRTOS-F7 1.1.0
2024-11-16 15:06:34,599 [INFO] ThirdParty:1030 - CMSIS Pack Vendor :STMicroelectronics X-CUBE-AZRTOS-L5 2.0.0
2024-11-16 15:06:34,599 [INFO] ThirdParty:1030 - CMSIS Pack Vendor :STMicroelectronics USB_DEVICE 2.0.0
2024-11-16 15:06:34,599 [INFO] ThirdParty:1030 - CMSIS Pack Vendor :STMicroelectronics X-CUBE-NFC6 3.1.0
2024-11-16 15:06:34,599 [INFO] ThirdParty:1030 - CMSIS Pack Vendor :STMicroelectronics FreeRTOS 0.0.1
2024-11-16 15:06:34,599 [INFO] ThirdParty:1030 - CMSIS Pack Vendor :STMicroelectronics X-CUBE-AZRTOS-G0 1.1.0
2024-11-16 15:06:34,599 [INFO] ThirdParty:1030 - CMSIS Pack Vendor :STMicroelectronics X-CUBE-SAFEA1 1.2.2
2024-11-16 15:06:34,599 [INFO] ThirdParty:1030 - CMSIS Pack Vendor :STMicroelectronics X-CUBE-NFC4 3.0.0
2024-11-16 15:06:34,599 [INFO] ThirdParty:1030 - CMSIS Pack Vendor :STMicroelectronics X-CUBE-SUBG2 5.0.0
2024-11-16 15:06:34,599 [INFO] ThirdParty:1030 - CMSIS Pack Vendor :STMicroelectronics STM32_WPAN 1.0.0
2024-11-16 15:06:34,599 [INFO] ThirdParty:1030 - CMSIS Pack Vendor :EmbeddedOffice I-CUBE-FS-RTOS 1.0.1
2024-11-16 15:06:34,599 [INFO] ThirdParty:1030 - CMSIS Pack Vendor :STMicroelectronics lwIP 2.0.3
2024-11-16 15:06:34,599 [INFO] ThirdParty:1030 - CMSIS Pack Vendor :STMicroelectronics FP-SNS-FLIGHT1 5.0.2
2024-11-16 15:06:34,599 [INFO] ThirdParty:1030 - CMSIS Pack Vendor :Cesanta I-CUBE-Mongoose 7.13.0
2024-11-16 15:06:34,599 [INFO] ThirdParty:1030 - CMSIS Pack Vendor :STMicroelectronics USB_HOST 1.0.0
2024-11-16 15:06:34,599 [INFO] ThirdParty:1030 - CMSIS Pack Vendor :STMicroelectronics X-CUBE-AZRTOS-G4 2.0.0
2024-11-16 15:06:34,599 [INFO] ThirdParty:1030 - CMSIS Pack Vendor :STMicroelectronics PDM2PCM 3.1.0
2024-11-16 15:06:34,599 [INFO] ThirdParty:1030 - CMSIS Pack Vendor :STMicroelectronics PDM2PCM 3.3.0
2024-11-16 15:06:34,599 [INFO] ThirdParty:1030 - CMSIS Pack Vendor :STMicroelectronics X-CUBE-DISPLAY 3.0.0
2024-11-16 15:06:34,599 [INFO] ThirdParty:1030 - CMSIS Pack Vendor :RealThread X-CUBE-RT-Thread_Nano 4.1.1
2024-11-16 15:06:34,599 [INFO] ThirdParty:1030 - CMSIS Pack Vendor :STMicroelectronics X-CUBE-BLE1 7.0.0
2024-11-16 15:06:34,599 [INFO] ThirdParty:1030 - CMSIS Pack Vendor :STMicroelectronics FP-ATR-SIGFOX1 3.2.0
2024-11-16 15:06:34,599 [INFO] ThirdParty:1030 - CMSIS Pack Vendor :quantropi X-CUBE-qispace-sdk-base 1.9.3
2024-11-16 15:06:34,599 [INFO] ThirdParty:1030 - CMSIS Pack Vendor :STMicroelectronics X-CUBE-EEPRMA1 5.1.0
2024-11-16 15:06:34,599 [INFO] ThirdParty:1030 - CMSIS Pack Vendor :STMicroelectronics HAL Drivers 0.0.0
2024-11-16 15:06:34,599 [INFO] ThirdParty:1030 - CMSIS Pack Vendor :STMicroelectronics MBEDTLS 2.16.2
2024-11-16 15:06:34,599 [INFO] ThirdParty:1030 - CMSIS Pack Vendor :STMicroelectronics X-CUBE-ALS 1.0.2
2024-11-16 15:06:34,599 [INFO] ThirdParty:1030 - CMSIS Pack Vendor :emotas I-CUBE-CANOPEN 1.3.0
2024-11-16 15:06:34,599 [INFO] ThirdParty:1030 - CMSIS Pack Vendor :wolfSSL I-CUBE-wolfSSL 5.7.4
2024-11-16 15:06:34,599 [INFO] ThirdParty:1030 - CMSIS Pack Vendor :STMicroelectronics X-CUBE-NFC7 1.0.1
2024-11-16 15:06:34,599 [INFO] ThirdParty:1030 - CMSIS Pack Vendor :STMicroelectronics MBEDTLS 2.14.1
2024-11-16 15:06:34,599 [INFO] ThirdParty:1030 - CMSIS Pack Vendor :ITTIA_DB I-CUBE-ITTIADB 8.9.0
2024-11-16 15:06:34,599 [INFO] ThirdParty:1030 - CMSIS Pack Vendor :STMicroelectronics X-CUBE-TOUCHGFX 4.24.1
2024-11-16 15:06:34,599 [INFO] ThirdParty:1030 - CMSIS Pack Vendor :wolfSSL I-CUBE-wolfTPM 3.4.0
2024-11-16 15:06:34,599 [INFO] ThirdParty:1030 - CMSIS Pack Vendor :portGmbH I-Cube-SoM-uGOAL 1.1.0
2024-11-16 15:06:34,599 [INFO] ThirdParty:1030 - CMSIS Pack Vendor :STMicroelectronics X-CUBE-BLEMGR 3.1.0
2024-11-16 15:06:34,599 [INFO] ThirdParty:1030 - CMSIS Pack Vendor :STMicroelectronics ThreadX 1.0.0
2024-11-16 15:06:34,600 [INFO] ThirdParty:1030 - CMSIS Pack Vendor :STMicroelectronics FP-SNS-SMARTAG2 1.2.0
2024-11-16 15:06:34,600 [INFO] ThirdParty:1030 - CMSIS Pack Vendor :STMicroelectronics X-CUBE-AZRTOS-WL 2.0.0
2024-11-16 15:06:34,600 [INFO] ThirdParty:1030 - CMSIS Pack Vendor :SEGGER I-CUBE-embOS 1.3.1
2024-11-16 15:06:34,600 [INFO] ThirdParty:1030 - CMSIS Pack Vendor :STMicroelectronics X-CUBE-ALGOBUILD 1.4.0
2024-11-16 15:06:34,600 [INFO] ThirdParty:1030 - CMSIS Pack Vendor :STMicroelectronics FP-SNS-MOTENV1 5.0.0
2024-11-16 15:06:34,600 [INFO] ThirdParty:1030 - CMSIS Pack Vendor :STMicroelectronics USB_DEVICE 1.0.0
2024-11-16 15:06:34,600 [INFO] ThirdParty:1030 - CMSIS Pack Vendor :STMicroelectronics X-CUBE-AZRTOS-H7RS 1.0.0
2024-11-16 15:06:34,600 [INFO] ThirdParty:1030 - CMSIS Pack Vendor :wolfSSL I-CUBE-wolfMQTT 1.19.0
2024-11-16 15:06:34,600 [INFO] ThirdParty:1030 - CMSIS Pack Vendor :STMicroelectronics X-CUBE-AZRTOS-L4 2.0.0
2024-11-16 15:06:34,600 [INFO] ThirdParty:1030 - CMSIS Pack Vendor :STMicroelectronics ThreadX 0.0.2
2024-11-16 15:06:34,600 [INFO] ThirdParty:1030 - CMSIS Pack Vendor :WES I-CUBE-Cesium 1.3.0
2024-11-16 15:06:34,600 [INFO] ThirdParty:1030 - CMSIS Pack Vendor :STMicroelectronics FP-ATR-ASTRA1 2.0.0
2024-11-16 15:06:34,600 [INFO] ThirdParty:1030 - CMSIS Pack Vendor :STMicroelectronics lwIP 2.1.2
2024-11-16 15:06:34,600 [INFO] ThirdParty:1030 - CMSIS Pack Vendor :STMicroelectronics X-CUBE-SFXS2LP1 4.0.0
2024-11-16 15:06:34,600 [INFO] ThirdParty:1030 - CMSIS Pack Vendor :STMicroelectronics X-CUBE-BLE2 3.3.0
2024-11-16 15:06:34,600 [INFO] ThirdParty:1030 - CMSIS Pack Vendor :Infineon AIROC-Wi-Fi-Bluetooth-STM32 1.6.1
2024-11-16 15:06:34,600 [INFO] ThirdParty:1030 - CMSIS Pack Vendor :STMicroelectronics PDM2PCM 3.2.0
2024-11-16 15:06:34,600 [INFO] ThirdParty:1030 - CMSIS Pack Vendor :wolfSSL I-CUBE-wolfSSH 1.4.17
2024-11-16 15:06:34,600 [INFO] ThirdParty:841 - exiting critical section [change project]
2024-11-16 15:06:34,815 [INFO] PinOutPanel:1561 - setPackage(No Configuration,No Configuration)
2024-11-16 15:06:34,817 [INFO] PinOutPanel:1561 - setPackage(STM32F103RCTx,LQFP64)
2024-11-16 15:06:35,276 [INFO] UtilMem:75 - Before build in PCC Used Memory: 308013608 Bytes (816840704)
2024-11-16 15:06:35,602 [INFO] UtilMem:75 - After build in PCC Used Memory: 351537720 Bytes (816840704)
2024-11-16 15:06:35,610 [INFO] ApiDbMcu:508 - Load IP Config File for FREERTOS
2024-11-16 15:06:35,633 [INFO] IPUIPlugin:80 - create IPUIPlugin
2024-11-16 15:06:35,633 [INFO] IPUIPlugin:80 - create IPUIPlugin
2024-11-16 15:06:35,633 [INFO] IPUIPlugin:80 - create IPUIPlugin
2024-11-16 15:06:35,634 [INFO] IPUIPlugin:80 - create IPUIPlugin
2024-11-16 15:06:35,634 [INFO] IPUIPlugin:80 - create IPUIPlugin
2024-11-16 15:06:35,634 [INFO] IPUIPlugin:80 - create IPUIPlugin
2024-11-16 15:06:35,634 [INFO] IPUIPlugin:80 - create IPUIPlugin
2024-11-16 15:06:35,634 [INFO] IPUIPlugin:80 - create IPUIPlugin
2024-11-16 15:06:35,634 [INFO] IPUIPlugin:80 - create IPUIPlugin
2024-11-16 15:06:35,634 [INFO] IPUIPlugin:80 - create IPUIPlugin
2024-11-16 15:06:35,634 [INFO] IPUIPlugin:80 - create IPUIPlugin
2024-11-16 15:06:35,634 [INFO] IPUIPlugin:80 - create IPUIPlugin
2024-11-16 15:06:35,634 [INFO] IPUIPlugin:80 - create IPUIPlugin
2024-11-16 15:06:35,634 [INFO] IPUIPlugin:80 - create IPUIPlugin
2024-11-16 15:06:35,635 [INFO] IPUIPlugin:80 - create IPUIPlugin
2024-11-16 15:06:35,635 [INFO] IPUIPlugin:80 - create IPUIPlugin
2024-11-16 15:06:35,635 [INFO] IPUIPlugin:80 - create IPUIPlugin
2024-11-16 15:06:35,635 [INFO] IPUIPlugin:80 - create IPUIPlugin
2024-11-16 15:06:35,635 [INFO] IPUIPlugin:80 - create IPUIPlugin
2024-11-16 15:06:35,635 [INFO] IPUIPlugin:80 - create IPUIPlugin
2024-11-16 15:06:35,635 [INFO] IPUIPlugin:80 - create IPUIPlugin
2024-11-16 15:06:35,635 [INFO] IPUIPlugin:80 - create IPUIPlugin
2024-11-16 15:06:35,635 [INFO] IPUIPlugin:80 - create IPUIPlugin
2024-11-16 15:06:35,636 [INFO] IPUIPlugin:80 - create IPUIPlugin
2024-11-16 15:06:35,636 [INFO] IPUIPlugin:80 - create IPUIPlugin
2024-11-16 15:06:35,636 [INFO] IPUIPlugin:80 - create IPUIPlugin
2024-11-16 15:06:35,636 [INFO] IPUIPlugin:80 - create IPUIPlugin
2024-11-16 15:06:35,636 [INFO] IPUIPlugin:80 - create IPUIPlugin
2024-11-16 15:06:35,636 [INFO] IPUIPlugin:80 - create IPUIPlugin
2024-11-16 15:06:35,636 [INFO] IPUIPlugin:80 - create IPUIPlugin
2024-11-16 15:06:35,637 [INFO] IPUIPlugin:80 - create IPUIPlugin
2024-11-16 15:06:35,637 [INFO] IPUIPlugin:80 - create IPUIPlugin
2024-11-16 15:06:35,637 [INFO] IPUIPlugin:80 - create IPUIPlugin
2024-11-16 15:06:35,637 [INFO] IPUIPlugin:80 - create IPUIPlugin
2024-11-16 15:06:35,637 [INFO] IPUIPlugin:80 - create IPUIPlugin
2024-11-16 15:06:35,638 [INFO] IPUIPlugin:80 - create IPUIPlugin
2024-11-16 15:06:35,638 [INFO] IPUIPlugin:80 - create IPUIPlugin
2024-11-16 15:06:35,638 [INFO] IPUIPlugin:80 - create IPUIPlugin
2024-11-16 15:06:35,638 [INFO] IPUIPlugin:80 - create IPUIPlugin
2024-11-16 15:06:35,644 [INFO] Can:71 - Can Add PropertyChangeListener com.st.microxplorer.plugins.ip.can.Can@6aa20674
2024-11-16 15:06:35,686 [WARN] FreeRTOS:1023 - Null or empty value: should not occur! (nothing added to the table)
2024-11-16 15:06:35,759 [INFO] CADModel:165 - CPN selected for project levelSTM32F103RCT6
2024-11-16 15:06:35,759 [INFO] CADModel:114 - Register for checkConnection events
2024-11-16 15:06:35,762 [INFO] RtosManager:697 - Active RTOS found at IOC load: FREERTOS [Cortex-M3NS]
2024-11-16 15:06:35,856 [INFO] OpenFileManager:363 - Restore cursor
2024-11-16 15:13:38,138 [ERROR] LogOutputStream:75 - [STDERR_REDIRECT] [Fatal Error] :1:1: Premature end of file.
2024-11-16 15:13:38,138 [ERROR] LogOutputStream:75 - [STDERR_REDIRECT] 
2024-11-16 15:13:38,203 [ERROR] LogOutputStream:75 - [STDERR_REDIRECT] 
2024-11-16 15:13:38,203 [ERROR] LogOutputStream:75 - [STDERR_REDIRECT] 
2024-11-16 15:22:37,393 [INFO] Activator:176 - 


2024-11-16 15:22:37,395 [INFO] Activator:177 - !SESSION log4j initialized
2024-11-16 15:22:46,195 [INFO] LogOutputStream:77 - [STDOUT_REDIRECT] 
2024-11-16 15:22:50,999 [INFO] ApplicationProperties:184 - Using Application install path: C:\ST\STM32CubeIDE_1.16.1\STM32CubeIDE\plugins\com.st.stm32cube.common.mx_6.12.1.202409122256
2024-11-16 15:22:51,069 [INFO] DbMcusXml:78 - Set database path to: C:\ST\STM32CubeIDE_1.16.1\STM32CubeIDE\plugins\com.st.stm32cube.common.mx_6.12.1.202409122256\\db\/mcu/
2024-11-16 15:22:51,069 [INFO] ApiDb:274 - Set plugin database path to: C:\ST\STM32CubeIDE_1.16.1\STM32CubeIDE\plugins\com.st.stm32cube.common.mx_6.12.1.202409122256\\db\/plugins/boardmanager/
2024-11-16 15:22:51,069 [WARN] ApiDb:259 - Overriding images path with different value:  => C:\ST\STM32CubeIDE_1.16.1\STM32CubeIDE\plugins\com.st.stm32cube.common.mx_6.12.1.202409122256\\db\/plugins/mcufinder/images/
2024-11-16 15:22:51,084 [INFO] ApiDb:250 - Set database path to: C:\Users\mridu\.stmcufinder\plugins\mcufinder//mcu/
2024-11-16 15:22:51,087 [INFO] DbMcusAds:125 - Set database path to: C:\Users\mridu\.stmcufinder\plugins\mcufinder//mcu/
2024-11-16 15:22:51,094 [INFO] CrossReferenceDbSqlite:203 - Set database path to: C:\Users\mridu\.stmcufinder\plugins\mcufinder//mcu/cs/
2024-11-16 15:22:51,367 [INFO] RulesReader:64 - Compatibility file has been processed (297 Rules)
2024-11-16 15:22:51,547 [INFO] DbMcusXml:78 - Set database path to: C:\ST\STM32CubeIDE_1.16.1\STM32CubeIDE\plugins\com.st.stm32cube.common.mx_6.12.1.202409122256\\db\/mcu/
2024-11-16 15:22:51,548 [INFO] ApiDb:274 - Set plugin database path to: C:\ST\STM32CubeIDE_1.16.1\STM32CubeIDE\plugins\com.st.stm32cube.common.mx_6.12.1.202409122256\\db\/plugins/boardmanager/
2024-11-16 15:22:51,548 [INFO] ApiDb:261 - Set plugin images path to: C:\ST\STM32CubeIDE_1.16.1\STM32CubeIDE\plugins\com.st.stm32cube.common.mx_6.12.1.202409122256\\db\/plugins/mcufinder/images/
2024-11-16 15:22:51,549 [WARN] DbFile:41 - Overriding database path with different value: C:\Users\mridu\.stmcufinder\plugins\mcufinder/ => C:\Users\mridu\.stmcufinder\plugins\mcufinder
2024-11-16 15:22:51,549 [INFO] ApiDb:250 - Set database path to: C:\Users\mridu\.stmcufinder\plugins\mcufinder//mcu/
2024-11-16 15:22:51,549 [WARN] DbFile:41 - Overriding database path with different value: C:\Users\mridu\.stmcufinder\plugins\mcufinder/ => C:\Users\mridu\.stmcufinder\plugins\mcufinder
2024-11-16 15:22:51,549 [INFO] DbMcusAds:125 - Set database path to: C:\Users\mridu\.stmcufinder\plugins\mcufinder//mcu/
2024-11-16 15:22:51,550 [WARN] DbFile:41 - Overriding database path with different value: C:\Users\mridu\.stmcufinder\plugins\mcufinder/ => C:\Users\mridu\.stmcufinder\plugins\mcufinder
2024-11-16 15:22:51,550 [WARN] DbFile:41 - Overriding database path with different value: C:\Users\mridu\.stmcufinder\plugins\mcufinder/ => C:\Users\mridu\.stmcufinder\plugins\mcufinder
2024-11-16 15:22:51,550 [INFO] CrossReferenceDbSqlite:203 - Set database path to: C:\Users\mridu\.stmcufinder\plugins\mcufinder//mcu/cs/
2024-11-16 15:22:51,737 [INFO] MainPanel:268 - HeapMemory: 268435456
2024-11-16 15:22:51,990 [INFO] DbMcusXml:78 - Set database path to: C:\ST\STM32CubeIDE_1.16.1\STM32CubeIDE\plugins\com.st.stm32cube.common.mx_6.12.1.202409122256\\db\/mcu/
2024-11-16 15:22:51,991 [INFO] ApiDb:274 - Set plugin database path to: C:\ST\STM32CubeIDE_1.16.1\STM32CubeIDE\plugins\com.st.stm32cube.common.mx_6.12.1.202409122256\\db\/plugins/boardmanager/
2024-11-16 15:22:51,991 [INFO] ApiDb:261 - Set plugin images path to: C:\ST\STM32CubeIDE_1.16.1\STM32CubeIDE\plugins\com.st.stm32cube.common.mx_6.12.1.202409122256\\db\/plugins/mcufinder/images/
2024-11-16 15:22:51,991 [WARN] DbFile:41 - Overriding database path with different value: C:\Users\mridu\.stmcufinder\plugins\mcufinder/ => C:\Users\mridu\.stmcufinder\plugins\mcufinder
2024-11-16 15:22:51,991 [INFO] ApiDb:250 - Set database path to: C:\Users\mridu\.stmcufinder\plugins\mcufinder//mcu/
2024-11-16 15:22:51,991 [WARN] DbFile:41 - Overriding database path with different value: C:\Users\mridu\.stmcufinder\plugins\mcufinder/ => C:\Users\mridu\.stmcufinder\plugins\mcufinder
2024-11-16 15:22:51,992 [INFO] DbMcusAds:125 - Set database path to: C:\Users\mridu\.stmcufinder\plugins\mcufinder//mcu/
2024-11-16 15:22:51,992 [WARN] DbFile:41 - Overriding database path with different value: C:\Users\mridu\.stmcufinder\plugins\mcufinder/ => C:\Users\mridu\.stmcufinder\plugins\mcufinder
2024-11-16 15:22:51,992 [WARN] DbFile:41 - Overriding database path with different value: C:\Users\mridu\.stmcufinder\plugins\mcufinder/ => C:\Users\mridu\.stmcufinder\plugins\mcufinder
2024-11-16 15:22:51,992 [INFO] CrossReferenceDbSqlite:203 - Set database path to: C:\Users\mridu\.stmcufinder\plugins\mcufinder//mcu/cs/
2024-11-16 15:22:52,013 [INFO] ApplicationProperties:184 - Using Application install path: C:\ST\STM32CubeIDE_1.16.1\STM32CubeIDE\plugins\com.st.stm32cube.common.mx_6.12.1.202409122256
2024-11-16 15:22:52,015 [INFO] PluginManage:196 - Search for loadable plugins [exclusion list=, ]
2024-11-16 15:22:52,017 [INFO] PluginManage:310 - Check plugin analytics
2024-11-16 15:22:52,328 [INFO] AnalyticsPlugin:253 - Accepted Software Licenses: 
2024-11-16 15:22:52,328 [INFO] AnalyticsPlugin:255 - Accepted CMSIS Pack Licenses: 
2024-11-16 15:22:52,328 [INFO] AnalyticsPlugin:257 - Accepted Firmware Licenses: 
2024-11-16 15:22:52,334 [INFO] PluginManage:359 - Loaded plugin analytics (category:tool,tabindex:-1)
2024-11-16 15:22:52,335 [INFO] PluginManage:310 - Check plugin cadmodel
2024-11-16 15:22:52,367 [INFO] CADModel:105 - Init CAD model plugin
2024-11-16 15:22:52,368 [INFO] PluginManage:359 - Loaded plugin cadmodel (category:power,tabindex:5)
2024-11-16 15:22:52,368 [INFO] PluginManage:310 - Check plugin clock
2024-11-16 15:22:52,400 [INFO] PluginManage:359 - Loaded plugin clock (category:base,tabindex:2)
2024-11-16 15:22:52,400 [INFO] PluginManage:310 - Check plugin ddr
2024-11-16 15:22:52,404 [INFO] PluginManage:359 - Loaded plugin ddr (category:tool,tabindex:6)
2024-11-16 15:22:52,404 [INFO] PluginManage:310 - Check plugin filemanager
2024-11-16 15:22:52,623 [INFO] PluginManage:359 - Loaded plugin filemanager (category:base,tabindex:10)
2024-11-16 15:22:52,624 [INFO] PluginManage:310 - Check plugin ipmanager
2024-11-16 15:22:52,633 [INFO] PluginManage:359 - Loaded plugin ipmanager (category:base,tabindex:5)
2024-11-16 15:22:52,633 [INFO] PluginManage:310 - Check plugin lpbam
2024-11-16 15:22:52,658 [INFO] PluginManage:359 - Loaded plugin lpbam (category:base,tabindex:0)
2024-11-16 15:22:52,659 [INFO] PluginManage:310 - Check plugin memorymap
2024-11-16 15:22:52,685 [INFO] PluginManage:359 - Loaded plugin memorymap (category:base,tabindex:4)
2024-11-16 15:22:52,685 [INFO] PluginManage:310 - Check plugin pinoutandconfiguration
2024-11-16 15:22:52,711 [INFO] PluginManage:359 - Loaded plugin pinoutandconfiguration (category:base,tabindex:1)
2024-11-16 15:22:52,711 [INFO] PluginManage:310 - Check plugin pinoutconfig
2024-11-16 15:22:52,855 [WARN] SupportedApi:132 - Cannot load RTOS API schema: s4s-elt-must-match.1: The content of 'definitions' must match (annotation?, (simpleType | complexType)?, (unique | key | keyref)*)). A problem was found starting at: attribute.
2024-11-16 15:22:53,051 [INFO] PluginManage:359 - Loaded plugin pinoutconfig (category:base,tabindex:0)
2024-11-16 15:22:53,051 [INFO] PluginManage:310 - Check plugin power
2024-11-16 15:22:53,082 [INFO] PluginManage:359 - Loaded plugin power (category:power,tabindex:4)
2024-11-16 15:22:53,082 [INFO] PluginManage:310 - Check plugin projectmanager
2024-11-16 15:22:53,109 [INFO] PluginManage:359 - Loaded plugin projectmanager (category:projectmanager,tabindex:4)
2024-11-16 15:22:53,109 [INFO] PluginManage:310 - Check plugin rif
2024-11-16 15:22:53,136 [INFO] PluginManage:359 - Loaded plugin rif (category:base,tabindex:3)
2024-11-16 15:22:53,137 [INFO] PluginManage:310 - Check plugin thirdparty
2024-11-16 15:22:53,519 [INFO] PluginManage:359 - Loaded plugin thirdparty (category:base,tabindex:-1)
2024-11-16 15:22:53,519 [INFO] PluginManage:310 - Check plugin tools
2024-11-16 15:22:53,519 [WARN] IntegrityCheckThread:84 - waiting for thirdparty lock release [integrity check]
2024-11-16 15:22:53,520 [INFO] IntegrityCheckThread:86 - entering critical section [integrity check]
2024-11-16 15:22:53,520 [INFO] ThirdPartyUpdaterWithRetryManager:70 - Updater plugin not ready yet. [1/15]
2024-11-16 15:22:53,572 [INFO] PluginManage:359 - Loaded plugin tools (category:base,tabindex:7)
2024-11-16 15:22:53,572 [INFO] PluginManage:310 - Check plugin tutovideos
2024-11-16 15:22:53,823 [INFO] PluginManage:359 - Loaded plugin tutovideos (category:base,tabindex:-1)
2024-11-16 15:22:53,824 [INFO] PluginManage:310 - Check plugin updater
2024-11-16 15:22:53,877 [INFO] PluginManage:359 - Loaded plugin updater (category:base,tabindex:12)
2024-11-16 15:22:53,877 [INFO] PluginManage:310 - Check plugin userauth
2024-11-16 15:22:53,886 [INFO] UserAuth:113 - Init User Auth plugin
2024-11-16 15:22:53,886 [INFO] PluginManage:359 - Loaded plugin userauth (category:base,tabindex:14)
2024-11-16 15:22:53,887 [INFO] PluginManage:283 - PluginManage : Loaded plugins [18]
2024-11-16 15:22:54,283 [INFO] PinOutPanel:1561 - setPackage(No Configuration,No Configuration)
2024-11-16 15:22:54,407 [INFO] CADModel:165 - CPN selected for project level
2024-11-16 15:22:54,407 [INFO] CADModel:114 - Register for checkConnection events
2024-11-16 15:22:54,447 [INFO] IPUIPlugin:80 - create IPUIPlugin
2024-11-16 15:22:54,447 [INFO] PluginManager:220 - loadIPPluginJar : add adc
2024-11-16 15:22:54,510 [INFO] IPUIPlugin:80 - create IPUIPlugin
2024-11-16 15:22:54,510 [INFO] PluginManager:220 - loadIPPluginJar : add aes
2024-11-16 15:22:54,595 [INFO] IPUIPlugin:80 - create IPUIPlugin
2024-11-16 15:22:54,596 [INFO] PluginManager:220 - loadIPPluginJar : add can
2024-11-16 15:22:54,647 [INFO] IPUIPlugin:80 - create IPUIPlugin
2024-11-16 15:22:54,647 [INFO] PluginManager:220 - loadIPPluginJar : add comp
2024-11-16 15:22:54,698 [INFO] IPUIPlugin:80 - create IPUIPlugin
2024-11-16 15:22:54,700 [INFO] PluginManager:220 - loadIPPluginJar : add cryp
2024-11-16 15:22:54,717 [INFO] IPUIPlugin:80 - create IPUIPlugin
2024-11-16 15:22:54,718 [INFO] PluginManager:220 - loadIPPluginJar : add ddr_ctrl_phy
2024-11-16 15:22:54,773 [INFO] IPUIPlugin:80 - create IPUIPlugin
2024-11-16 15:22:54,773 [INFO] PluginManager:220 - loadIPPluginJar : add dfsdm
2024-11-16 15:22:54,797 [INFO] IPUIPlugin:80 - create IPUIPlugin
2024-11-16 15:22:54,799 [INFO] PluginManager:220 - loadIPPluginJar : add dma
2024-11-16 15:22:54,893 [INFO] IPUIPlugin:80 - create IPUIPlugin
2024-11-16 15:22:54,893 [INFO] PluginManager:220 - loadIPPluginJar : add dma3
2024-11-16 15:22:54,966 [INFO] IPUIPlugin:80 - create IPUIPlugin
2024-11-16 15:22:54,967 [INFO] PluginManager:220 - loadIPPluginJar : add extmemmanager
2024-11-16 15:22:55,009 [INFO] IPUIPlugin:80 - create IPUIPlugin
2024-11-16 15:22:55,010 [INFO] PluginManager:220 - loadIPPluginJar : add fatfs
2024-11-16 15:22:55,094 [INFO] IPUIPlugin:80 - create IPUIPlugin
2024-11-16 15:22:55,094 [INFO] PluginManager:220 - loadIPPluginJar : add fmc
2024-11-16 15:22:55,123 [INFO] IPUIPlugin:80 - create IPUIPlugin
2024-11-16 15:22:55,123 [INFO] PluginManager:220 - loadIPPluginJar : add freertos
2024-11-16 15:22:55,163 [INFO] IPUIPlugin:80 - create IPUIPlugin
2024-11-16 15:22:55,164 [INFO] PluginManager:220 - loadIPPluginJar : add genericplugin
2024-11-16 15:22:55,344 [INFO] IPUIPlugin:80 - create IPUIPlugin
2024-11-16 15:22:55,344 [INFO] PluginManager:220 - loadIPPluginJar : add gfxmmu
2024-11-16 15:22:55,559 [INFO] IPUIPlugin:80 - create IPUIPlugin
2024-11-16 15:22:55,559 [INFO] PluginManager:220 - loadIPPluginJar : add gic
2024-11-16 15:22:55,597 [INFO] IPUIPlugin:80 - create IPUIPlugin
2024-11-16 15:22:55,598 [INFO] PluginManager:220 - loadIPPluginJar : add gpio
2024-11-16 15:22:55,742 [INFO] IPUIPlugin:80 - create IPUIPlugin
2024-11-16 15:22:55,742 [INFO] PluginManager:220 - loadIPPluginJar : add gtzc
2024-11-16 15:22:55,801 [INFO] IPUIPlugin:80 - create IPUIPlugin
2024-11-16 15:22:55,801 [INFO] PluginManager:220 - loadIPPluginJar : add hash
2024-11-16 15:22:55,866 [INFO] IPUIPlugin:80 - create IPUIPlugin
2024-11-16 15:22:55,867 [INFO] PluginManager:220 - loadIPPluginJar : add i2c
2024-11-16 15:22:55,918 [INFO] IPUIPlugin:80 - create IPUIPlugin
2024-11-16 15:22:55,918 [INFO] PluginManager:220 - loadIPPluginJar : add i2s
2024-11-16 15:22:55,969 [INFO] IPUIPlugin:80 - create IPUIPlugin
2024-11-16 15:22:55,969 [INFO] PluginManager:220 - loadIPPluginJar : add i3c
2024-11-16 15:22:56,106 [INFO] IPUIPlugin:80 - create IPUIPlugin
2024-11-16 15:22:56,106 [INFO] PluginManager:220 - loadIPPluginJar : add ipddr
2024-11-16 15:22:56,222 [INFO] IPUIPlugin:80 - create IPUIPlugin
2024-11-16 15:22:56,222 [INFO] PluginManager:220 - loadIPPluginJar : add linkedlist
2024-11-16 15:22:56,270 [INFO] IPUIPlugin:80 - create IPUIPlugin
2024-11-16 15:22:56,270 [INFO] PluginManager:220 - loadIPPluginJar : add lorawan
2024-11-16 15:22:56,327 [INFO] IPUIPlugin:80 - create IPUIPlugin
2024-11-16 15:22:56,327 [INFO] PluginManager:220 - loadIPPluginJar : add ltdc
2024-11-16 15:22:56,347 [INFO] IPUIPlugin:80 - create IPUIPlugin
2024-11-16 15:22:56,347 [INFO] PluginManager:220 - loadIPPluginJar : add mdma
2024-11-16 15:22:56,363 [INFO] IPUIPlugin:80 - create IPUIPlugin
2024-11-16 15:22:56,364 [INFO] PluginManager:220 - loadIPPluginJar : add nvic
2024-11-16 15:22:56,417 [INFO] IPUIPlugin:80 - create IPUIPlugin
2024-11-16 15:22:56,417 [INFO] PluginManager:220 - loadIPPluginJar : add opamp
2024-11-16 15:22:56,493 [INFO] IPUIPlugin:80 - create IPUIPlugin
2024-11-16 15:22:56,494 [INFO] PluginManager:220 - loadIPPluginJar : add openamp
2024-11-16 15:22:56,522 [INFO] ThirdPartyUpdaterWithRetryManager:70 - Updater plugin not ready yet. [2/15]
2024-11-16 15:22:56,548 [INFO] IPUIPlugin:80 - create IPUIPlugin
2024-11-16 15:22:56,548 [INFO] PluginManager:220 - loadIPPluginJar : add pdm2pcm
2024-11-16 15:22:56,567 [INFO] IPUIPlugin:80 - create IPUIPlugin
2024-11-16 15:22:56,570 [INFO] PluginManager:220 - loadIPPluginJar : add plateformsettings
2024-11-16 15:22:56,599 [INFO] IPUIPlugin:80 - create IPUIPlugin
2024-11-16 15:22:56,600 [INFO] PluginManager:220 - loadIPPluginJar : add quadspi
2024-11-16 15:22:56,647 [INFO] IPUIPlugin:80 - create IPUIPlugin
2024-11-16 15:22:56,648 [INFO] PluginManager:220 - loadIPPluginJar : add radio
2024-11-16 15:22:56,668 [INFO] IPUIPlugin:80 - create IPUIPlugin
2024-11-16 15:22:56,669 [INFO] PluginManager:220 - loadIPPluginJar : add resmgrutility
2024-11-16 15:22:56,729 [INFO] IPUIPlugin:80 - create IPUIPlugin
2024-11-16 15:22:56,729 [INFO] PluginManager:220 - loadIPPluginJar : add sai
2024-11-16 15:22:56,777 [INFO] IPUIPlugin:80 - create IPUIPlugin
2024-11-16 15:22:56,777 [INFO] PluginManager:220 - loadIPPluginJar : add spi
2024-11-16 15:22:56,867 [INFO] IPUIPlugin:80 - create IPUIPlugin
2024-11-16 15:22:56,867 [INFO] PluginManager:220 - loadIPPluginJar : add stm32_wpan
2024-11-16 15:22:56,898 [INFO] IPUIPlugin:80 - create IPUIPlugin
2024-11-16 15:22:56,898 [INFO] PluginManager:220 - loadIPPluginJar : add tim
2024-11-16 15:22:56,972 [INFO] IPUIPlugin:80 - create IPUIPlugin
2024-11-16 15:22:56,973 [INFO] PluginManager:220 - loadIPPluginJar : add touchsensing
2024-11-16 15:22:57,002 [INFO] IPUIPlugin:80 - create IPUIPlugin
2024-11-16 15:22:57,002 [INFO] PluginManager:220 - loadIPPluginJar : add tracer_emb
2024-11-16 15:22:57,032 [INFO] IPUIPlugin:80 - create IPUIPlugin
2024-11-16 15:22:57,032 [INFO] PluginManager:220 - loadIPPluginJar : add ts
2024-11-16 15:22:57,072 [INFO] IPUIPlugin:80 - create IPUIPlugin
2024-11-16 15:22:57,072 [INFO] PluginManager:220 - loadIPPluginJar : add tsc
2024-11-16 15:22:57,105 [INFO] IPUIPlugin:80 - create IPUIPlugin
2024-11-16 15:22:57,105 [INFO] PluginManager:220 - loadIPPluginJar : add ucpd
2024-11-16 15:22:57,173 [INFO] IPUIPlugin:80 - create IPUIPlugin
2024-11-16 15:22:57,173 [INFO] PluginManager:220 - loadIPPluginJar : add usart
2024-11-16 15:22:57,247 [INFO] IPUIPlugin:80 - create IPUIPlugin
2024-11-16 15:22:57,248 [INFO] PluginManager:220 - loadIPPluginJar : add usbx
2024-11-16 15:22:57,416 [INFO] CADModel:165 - CPN selected for project level
2024-11-16 15:22:57,416 [INFO] CADModel:114 - Register for checkConnection events
2024-11-16 15:22:57,417 [FATAL] Updater:334 - Updater called before beeing initialized
2024-11-16 15:22:57,417 [ERROR] CADModel:125 - Updater not yet initialized, retry later 
2024-11-16 15:22:57,673 [INFO] CADModel:165 - CPN selected for project level
2024-11-16 15:22:57,673 [INFO] CADModel:114 - Register for checkConnection events
2024-11-16 15:22:57,674 [FATAL] Updater:334 - Updater called before beeing initialized
2024-11-16 15:22:57,674 [ERROR] CADModel:125 - Updater not yet initialized, retry later 
2024-11-16 15:22:57,678 [FATAL] Updater:334 - Updater called before beeing initialized
2024-11-16 15:22:57,870 [FATAL] Updater:334 - Updater called before beeing initialized
2024-11-16 15:22:57,884 [INFO] DbMcusAds:53 - JSON generation date=Fri Sep 20 06:04:38 PDT 2024 (1726837478367)
2024-11-16 15:22:57,884 [FATAL] Updater:334 - Updater called before beeing initialized
2024-11-16 15:22:57,933 [WARN] DetailPanel:346 - Failed to get advertising image, set to default
2024-11-16 15:22:58,145 [FATAL] Updater:334 - Updater called before beeing initialized
2024-11-16 15:22:58,156 [FATAL] Updater:334 - Updater called before beeing initialized
2024-11-16 15:22:58,157 [FATAL] Updater:334 - Updater called before beeing initialized
2024-11-16 15:22:58,157 [WARN] DetailPanel:346 - Failed to get advertising image, set to default
2024-11-16 15:22:58,158 [FATAL] Updater:334 - Updater called before beeing initialized
2024-11-16 15:22:58,278 [ERROR] Updater:1164 - MainUpdater not yet initialized. External WinMGr cannot be set.
2024-11-16 15:22:58,291 [INFO] Updater:1100 - Updater Version found : 6.12.1
2024-11-16 15:22:58,314 [INFO] ApplicationProperties:184 - Using Application install path: C:\ST\STM32CubeIDE_1.16.1\STM32CubeIDE\plugins\com.st.stm32cube.common.mx_6.12.1.202409122256
2024-11-16 15:22:59,523 [INFO] ThirdPartyUpdaterWithRetryManager:70 - Updater plugin not ready yet. [3/15]
2024-11-16 15:22:59,952 [ERROR] LogOutputStream:75 - [STDERR_REDIRECT] Nov 16, 2024 3:22:59 PM java.util.prefs.WindowsPreferences <init>
2024-11-16 15:22:59,955 [ERROR] LogOutputStream:75 - [STDERR_REDIRECT] WARNING: Could not open/create prefs root node Software\JavaSoft\Prefs at root 0xffffffff80000002. Windows RegCreateKeyEx(...) returned error code 5.
2024-11-16 15:22:59,955 [ERROR] LogOutputStream:75 - [STDERR_REDIRECT] 
2024-11-16 15:23:00,445 [INFO] MainUpdater:2873 - connection check result : 10
2024-11-16 15:23:00,446 [INFO] MainUpdater:290 - Updater Check For Update Now.
2024-11-16 15:23:00,446 [INFO] MicroXplorer:498 - Change Database Version : DB.6.0.121
2024-11-16 15:23:00,481 [INFO] McuFinderGlobals:63 - Set McuFinder mode to 2 (CubeIDE integrated)
2024-11-16 15:23:00,492 [INFO] UserAuth:417 - Internet connection configuration mode: 1
2024-11-16 15:23:00,550 [INFO] JxBrowserEngine:152 - Initiate JxBrowser Engine with user profile folder
2024-11-16 15:23:00,799 [INFO] CheckServerUpdateThread:120 - End of CheckServer Thread
2024-11-16 15:23:02,846 [WARN] PackLoader:240 - Cannot read IP mode file for STMicroelectronics.FP-SNS-MOTENVWB1.1.4.0
2024-11-16 15:23:02,869 [WARN] PackLoader:240 - Cannot read IP mode file for STMicroelectronics.FP-ATR-ASTRA1.2.0.1
2024-11-16 15:23:02,896 [WARN] PackLoader:240 - Cannot read IP mode file for STMicroelectronics.X-CUBE-SMBUS.2.1.0
2024-11-16 15:23:02,931 [WARN] PackLoader:240 - Cannot read IP mode file for STMicroelectronics.X-CUBE-WB05N.1.1.0
2024-11-16 15:23:03,005 [WARN] PackLoader:240 - Cannot read IP mode file for STMicroelectronics.X-CUBE-AZRTOS-F7.1.1.0
2024-11-16 15:23:03,036 [WARN] PackLoader:240 - Cannot read IP mode file for STMicroelectronics.FP-SNS-FLIGHT1.5.0.2
2024-11-16 15:23:03,062 [WARN] PackLoader:240 - Cannot read IP mode file for STMicroelectronics.X-CUBE-DISPLAY.3.0.0
2024-11-16 15:23:03,090 [WARN] PackLoader:240 - Cannot read IP mode file for STMicroelectronics.X-CUBE-BLE1.7.0.0
2024-11-16 15:23:03,111 [WARN] PackLoader:240 - Cannot read IP mode file for emotas.I-CUBE-CANOPEN.1.3.0
2024-11-16 15:23:03,138 [WARN] PackLoader:240 - Cannot read IP mode file for STMicroelectronics.X-CUBE-BLEMGR.3.1.0
2024-11-16 15:23:03,164 [WARN] PackLoader:240 - Cannot read IP mode file for STMicroelectronics.FP-SNS-SMARTAG2.1.2.0
2024-11-16 15:23:03,195 [INFO] LogOutputStream:77 - [STDOUT_REDIRECT] 1 : Invalid condition id : UX_CORESTACK_Condition cause : null
2024-11-16 15:23:03,196 [INFO] LogOutputStream:77 - [STDOUT_REDIRECT] 1 : Invalid condition id : UX_CORESTACK_Condition cause : null
2024-11-16 15:23:03,198 [INFO] LogOutputStream:77 - [STDOUT_REDIRECT] 1 : Invalid condition id : UX_CORESTACK_Condition cause : null
2024-11-16 15:23:03,199 [INFO] LogOutputStream:77 - [STDOUT_REDIRECT] 1 : Invalid condition id : UX_CORESTACK_Condition cause : null
2024-11-16 15:23:03,202 [INFO] LogOutputStream:77 - [STDOUT_REDIRECT] 1 : Invalid condition id : UX_CORESTACK_Condition cause : null
2024-11-16 15:23:03,207 [WARN] PackLoader:240 - Cannot read IP mode file for STMicroelectronics.X-CUBE-AZRTOS-WL.2.0.0
2024-11-16 15:23:03,237 [WARN] PackLoader:240 - Cannot read IP mode file for STMicroelectronics.FP-SNS-MOTENV1.5.0.0
2024-11-16 15:23:03,258 [WARN] PackLoader:240 - Cannot read IP mode file for wolfSSL.I-CUBE-wolfMQTT.1.19.0
2024-11-16 15:23:03,284 [WARN] PackLoader:240 - Cannot read IP mode file for WES.I-CUBE-Cesium.1.3.0
2024-11-16 15:23:03,306 [WARN] PackLoader:240 - Cannot read IP mode file for STMicroelectronics.X-CUBE-BLE2.3.3.0
2024-11-16 15:23:03,326 [WARN] PackLoader:240 - Cannot read IP mode file for STMicroelectronics.X-CUBE-TCPP.4.1.0
2024-11-16 15:23:03,389 [WARN] PackLoader:240 - Cannot read IP mode file for STMicroelectronics.X-CUBE-AZRTOS-G0.1.1.0
2024-11-16 15:23:03,423 [WARN] PackLoader:240 - Cannot read IP mode file for STMicroelectronics.X-CUBE-SAFEA1.1.2.2
2024-11-16 15:23:03,450 [WARN] PackLoader:240 - Cannot read IP mode file for STMicroelectronics.X-CUBE-NFC4.3.0.0
2024-11-16 15:23:03,489 [WARN] PackLoader:240 - Cannot read IP mode file for EmbeddedOffice.I-CUBE-FS-RTOS.1.0.1
2024-11-16 15:23:03,489 [ERROR] ConditionMgr:805 - Attr not supported : Dmpu
2024-11-16 15:23:03,489 [ERROR] ConditionMgr:805 - Attr not supported : Dmpu
2024-11-16 15:23:03,489 [ERROR] ConditionMgr:805 - Attr not supported : Dmpu
2024-11-16 15:23:03,489 [ERROR] ConditionMgr:805 - Attr not supported : Dmpu
2024-11-16 15:23:03,489 [ERROR] ConditionMgr:805 - Attr not supported : Dmpu
2024-11-16 15:23:03,489 [ERROR] ConditionMgr:805 - Attr not supported : Dmpu
2024-11-16 15:23:03,490 [ERROR] ConditionMgr:805 - Attr not supported : Dmpu
2024-11-16 15:23:03,490 [ERROR] ConditionMgr:805 - Attr not supported : Dmpu
2024-11-16 15:23:03,490 [ERROR] ConditionMgr:805 - Attr not supported : Dmpu
2024-11-16 15:23:03,490 [ERROR] ConditionMgr:805 - Attr not supported : Dmpu
2024-11-16 15:23:03,491 [ERROR] ConditionMgr:805 - Attr not supported : Dmpu
2024-11-16 15:23:03,491 [ERROR] ConditionMgr:805 - Attr not supported : Dmpu
2024-11-16 15:23:03,491 [ERROR] ConditionMgr:805 - Attr not supported : Dmpu
2024-11-16 15:23:03,491 [ERROR] ConditionMgr:805 - Attr not supported : Dmpu
2024-11-16 15:23:03,491 [ERROR] ConditionMgr:805 - Attr not supported : Dmpu
2024-11-16 15:23:03,491 [ERROR] ConditionMgr:805 - Attr not supported : Dmpu
2024-11-16 15:23:03,492 [ERROR] ConditionMgr:805 - Attr not supported : Dmpu
2024-11-16 15:23:03,492 [ERROR] ConditionMgr:805 - Attr not supported : Dmpu
2024-11-16 15:23:03,492 [ERROR] ConditionMgr:805 - Attr not supported : Dmpu
2024-11-16 15:23:03,492 [ERROR] ConditionMgr:805 - Attr not supported : Dmpu
2024-11-16 15:23:03,492 [ERROR] ConditionMgr:805 - Attr not supported : Dmpu
2024-11-16 15:23:03,492 [ERROR] ConditionMgr:805 - Attr not supported : Dmpu
2024-11-16 15:23:03,492 [ERROR] ConditionMgr:805 - Attr not supported : Dmpu
2024-11-16 15:23:03,492 [ERROR] ConditionMgr:805 - Attr not supported : Dmpu
2024-11-16 15:23:03,492 [ERROR] ConditionMgr:805 - Attr not supported : Dmpu
2024-11-16 15:23:03,493 [ERROR] ConditionMgr:805 - Attr not supported : Dmpu
2024-11-16 15:23:03,493 [ERROR] ConditionMgr:805 - Attr not supported : Dmpu
2024-11-16 15:23:03,493 [ERROR] ConditionMgr:805 - Attr not supported : Dmpu
2024-11-16 15:23:03,493 [ERROR] ConditionMgr:805 - Attr not supported : Dmpu
2024-11-16 15:23:03,493 [ERROR] ConditionMgr:805 - Attr not supported : Dmpu
2024-11-16 15:23:03,493 [ERROR] ConditionMgr:805 - Attr not supported : Dmpu
2024-11-16 15:23:03,493 [ERROR] ConditionMgr:805 - Attr not supported : Dmpu
2024-11-16 15:23:03,493 [ERROR] ConditionMgr:805 - Attr not supported : Dmpu
2024-11-16 15:23:03,493 [ERROR] ConditionMgr:805 - Attr not supported : Dmpu
2024-11-16 15:23:03,494 [ERROR] ConditionMgr:805 - Attr not supported : Dmpu
2024-11-16 15:23:03,494 [ERROR] ConditionMgr:805 - Attr not supported : Dmpu
2024-11-16 15:23:03,494 [ERROR] ConditionMgr:805 - Attr not supported : Dmpu
2024-11-16 15:23:03,494 [ERROR] ConditionMgr:805 - Attr not supported : Dmpu
2024-11-16 15:23:03,494 [ERROR] ConditionMgr:805 - Attr not supported : Dmpu
2024-11-16 15:23:03,494 [ERROR] ConditionMgr:805 - Attr not supported : Dmpu
2024-11-16 15:23:03,494 [ERROR] ConditionMgr:805 - Attr not supported : Dmpu
2024-11-16 15:23:03,494 [ERROR] ConditionMgr:805 - Attr not supported : Dmpu
2024-11-16 15:23:03,494 [ERROR] ConditionMgr:805 - Attr not supported : Dmpu
2024-11-16 15:23:03,495 [ERROR] ConditionMgr:805 - Attr not supported : Dmpu
2024-11-16 15:23:03,495 [ERROR] ConditionMgr:805 - Attr not supported : Dmpu
2024-11-16 15:23:03,495 [ERROR] ConditionMgr:805 - Attr not supported : Dmpu
2024-11-16 15:23:03,495 [ERROR] ConditionMgr:805 - Attr not supported : Dmpu
2024-11-16 15:23:03,495 [ERROR] ConditionMgr:805 - Attr not supported : Dmpu
2024-11-16 15:23:03,495 [ERROR] ConditionMgr:805 - Attr not supported : Dmpu
2024-11-16 15:23:03,495 [ERROR] ConditionMgr:805 - Attr not supported : Dmpu
2024-11-16 15:23:03,495 [ERROR] ConditionMgr:805 - Attr not supported : Dmpu
2024-11-16 15:23:03,496 [ERROR] ConditionMgr:805 - Attr not supported : Dmpu
2024-11-16 15:23:03,496 [ERROR] ConditionMgr:805 - Attr not supported : Dmpu
2024-11-16 15:23:03,496 [ERROR] ConditionMgr:805 - Attr not supported : Dmpu
2024-11-16 15:23:03,496 [ERROR] ConditionMgr:805 - Attr not supported : Dmpu
2024-11-16 15:23:03,496 [ERROR] ConditionMgr:805 - Attr not supported : Dmpu
2024-11-16 15:23:03,496 [ERROR] ConditionMgr:805 - Attr not supported : Dmpu
2024-11-16 15:23:03,496 [ERROR] ConditionMgr:805 - Attr not supported : Dmpu
2024-11-16 15:23:03,496 [ERROR] ConditionMgr:805 - Attr not supported : Dmpu
2024-11-16 15:23:03,497 [ERROR] ConditionMgr:805 - Attr not supported : Dmpu
2024-11-16 15:23:03,497 [ERROR] ConditionMgr:805 - Attr not supported : Dmpu
2024-11-16 15:23:03,497 [ERROR] ConditionMgr:805 - Attr not supported : Dmpu
2024-11-16 15:23:03,497 [ERROR] ConditionMgr:805 - Attr not supported : Dmpu
2024-11-16 15:23:03,497 [ERROR] ConditionMgr:805 - Attr not supported : Dmpu
2024-11-16 15:23:03,523 [WARN] PackLoader:240 - Cannot read IP mode file for RealThread.X-CUBE-RT-Thread_Nano.4.1.1
2024-11-16 15:23:03,543 [WARN] PackLoader:240 - Cannot read IP mode file for STMicroelectronics.FP-ATR-SIGFOX1.3.2.0
2024-11-16 15:23:03,566 [WARN] ConditionMgr:438 - getConditionDescription Invalid condition id : Cortex-A Device cause : null
2024-11-16 15:23:03,601 [WARN] ConditionMgr:1039 - genDependencies : Invalid condition id : Cortex-A Device cause : null
2024-11-16 15:23:03,601 [WARN] ConditionMgr:1039 - genDependencies : Invalid condition id : Cortex-A Device cause : null
2024-11-16 15:23:03,601 [WARN] ConditionMgr:1039 - genDependencies : Invalid condition id : Cortex-A Device cause : null
2024-11-16 15:23:03,628 [WARN] PackLoader:240 - Cannot read IP mode file for STMicroelectronics.X-CUBE-EEPRMA1.5.1.0
2024-11-16 15:23:03,651 [WARN] PackLoader:240 - Cannot read IP mode file for wolfSSL.I-CUBE-wolfSSL.5.7.4
2024-11-16 15:23:03,677 [WARN] PackLoader:240 - Cannot read IP mode file for ITTIA_DB.I-CUBE-ITTIADB.8.9.0
2024-11-16 15:23:03,748 [WARN] PackLoader:240 - Cannot read IP mode file for SEGGER.I-CUBE-embOS.1.3.1
2024-11-16 15:23:03,825 [WARN] PackLoader:240 - Cannot read IP mode file for STMicroelectronics.X-CUBE-ALGOBUILD.1.4.0
2024-11-16 15:23:03,867 [WARN] PackLoader:240 - Cannot read IP mode file for STMicroelectronics.X-CUBE-AZRTOS-F4.1.1.0
2024-11-16 15:23:03,892 [WARN] PackLoader:240 - Cannot read IP mode file for STMicroelectronics.X-CUBE-FREERTOS.1.2.0
2024-11-16 15:23:03,996 [WARN] PackLoader:240 - Cannot read IP mode file for STMicroelectronics.X-CUBE-AZRTOS-L5.2.0.0
2024-11-16 15:23:04,074 [WARN] PackLoader:240 - Cannot read IP mode file for STMicroelectronics.X-CUBE-NFC6.3.1.0
2024-11-16 15:23:04,129 [WARN] PackLoader:240 - Cannot read IP mode file for STMicroelectronics.X-CUBE-NFC7.1.0.1
2024-11-16 15:23:04,171 [WARN] ConditionMgr:438 - getConditionDescription Invalid condition id : LAN8742 Phy interface Condition cause : null
2024-11-16 15:23:04,173 [WARN] PackLoader:240 - Cannot read IP mode file for STMicroelectronics.X-CUBE-AZRTOS-L4.2.0.0
2024-11-16 15:23:04,174 [WARN] ConditionMgr:1039 - genDependencies : Invalid condition id : LAN8742 Phy interface Condition cause : null
2024-11-16 15:23:04,174 [WARN] ConditionMgr:1039 - genDependencies : Invalid condition id : LAN8742 Phy interface Condition cause : null
2024-11-16 15:23:04,175 [WARN] ConditionMgr:1039 - genDependencies : Invalid condition id : LAN8742 Phy interface Condition cause : null
2024-11-16 15:23:04,199 [WARN] PackLoader:240 - Cannot read IP mode file for STMicroelectronics.X-CUBE-SFXS2LP1.4.0.0
2024-11-16 15:23:04,254 [WARN] PackLoader:240 - Cannot read IP mode file for STMicroelectronics.X-CUBE-AZRTOS-H7.3.3.0
2024-11-16 15:23:04,298 [WARN] ConditionMgr:438 - getConditionDescription Invalid condition id : UX DEVICE CLASS RTOS Condition cause : null
2024-11-16 15:23:04,299 [WARN] ConditionMgr:438 - getConditionDescription Invalid condition id : UX DEVICE CLASS RTOS Condition cause : null
2024-11-16 15:23:04,302 [WARN] PackLoader:240 - Cannot read IP mode file for STMicroelectronics.X-CUBE-AZRTOS-WB.2.0.0
2024-11-16 15:23:04,302 [WARN] ConditionMgr:1039 - genDependencies : Invalid condition id : UX DEVICE CLASS RTOS Condition cause : null
2024-11-16 15:23:04,303 [WARN] ConditionMgr:1039 - genDependencies : Invalid condition id : UX DEVICE CLASS RTOS Condition cause : null
2024-11-16 15:23:04,304 [WARN] ConditionMgr:1039 - genDependencies : Invalid condition id : UX DEVICE CLASS RTOS Condition cause : null
2024-11-16 15:23:04,304 [WARN] ConditionMgr:1039 - genDependencies : Invalid condition id : UX DEVICE CLASS RTOS Condition cause : null
2024-11-16 15:23:04,304 [WARN] ConditionMgr:1039 - genDependencies : Invalid condition id : UX DEVICE CLASS RTOS Condition cause : null
2024-11-16 15:23:04,338 [WARN] PackLoader:240 - Cannot read IP mode file for STMicroelectronics.X-CUBE-SUBG2.5.0.0
2024-11-16 15:23:04,363 [WARN] PackLoader:240 - Cannot read IP mode file for Cesanta.I-CUBE-Mongoose.7.13.0
2024-11-16 15:23:04,407 [WARN] PackLoader:240 - Cannot read IP mode file for STMicroelectronics.X-CUBE-AZRTOS-G4.2.0.0
2024-11-16 15:23:04,430 [WARN] PackLoader:240 - Cannot read IP mode file for STMicroelectronics.X-CUBE-ALS.1.0.2
2024-11-16 15:23:04,455 [WARN] PackLoader:240 - Cannot read IP mode file for STMicroelectronics.X-CUBE-TOUCHGFX.4.24.1
2024-11-16 15:23:04,473 [WARN] PackLoader:240 - Cannot read IP mode file for wolfSSL.I-CUBE-wolfTPM.3.4.0
2024-11-16 15:23:04,494 [WARN] PackLoader:240 - Cannot read IP mode file for portGmbH.I-Cube-SoM-uGOAL.1.1.0
2024-11-16 15:23:04,536 [WARN] PackLoader:240 - Cannot read IP mode file for STMicroelectronics.X-CUBE-AZRTOS-H7RS.1.0.0
2024-11-16 15:23:04,558 [WARN] PackLoader:240 - Cannot read IP mode file for STMicroelectronics.FP-ATR-ASTRA1.2.0.0
2024-11-16 15:23:04,604 [WARN] PackLoader:240 - Cannot read IP mode file for Infineon.AIROC-Wi-Fi-Bluetooth-STM32.1.6.1
2024-11-16 15:23:04,630 [WARN] PackLoader:240 - Cannot read IP mode file for wolfSSL.I-CUBE-wolfSSH.1.4.17
2024-11-16 15:23:04,632 [INFO] ThirdParty:978 - Integrity check success = true
2024-11-16 15:23:04,632 [INFO] IntegrityCheckThread:100 - exiting critical section [integrity check]
2024-11-16 15:23:04,632 [INFO] IntegrityCheckThread:103 - End integrity checks thread
2024-11-16 15:23:10,049 [INFO] WebApp:167 - Instantiating new browser for Auth
2024-11-16 15:23:11,432 [INFO] WebApp:448 - Apply proxy settings
2024-11-16 15:23:11,433 [INFO] WebApp:533 - Chromium requires no authentication
2024-11-16 15:23:11,447 [INFO] WebApp:476 - Direct internet connection detected
2024-11-16 15:23:11,480 [INFO] WebApp:869 - Register for checkConnection events
2024-11-16 15:23:11,480 [INFO] WebApp:448 - Apply proxy settings
2024-11-16 15:23:11,480 [INFO] WebApp:533 - Chromium requires no authentication
2024-11-16 15:23:11,481 [INFO] WebApp:476 - Direct internet connection detected
2024-11-16 15:23:11,674 [INFO] WebApp:220 - Starting web application
2024-11-16 15:23:11,674 [INFO] WebApp:578 - Web application path used C:\ST\STM32CubeIDE_1.16.1\STM32CubeIDE\plugins\com.st.stm32cube.common.mx_6.12.1.202409122256\db\plugins\mcufinder\reactClient1\index.html
2024-11-16 15:23:11,715 [INFO] WebApp:186 - Connection restablished
2024-11-16 15:23:11,886 [INFO] UserAuth:417 - Internet connection configuration mode: 1
2024-11-16 15:25:10,653 [INFO] McuFinderGlobals:63 - Set McuFinder mode to 2 (CubeIDE integrated)
2024-11-16 15:25:12,216 [INFO] MainUpdater:2873 - connection check result : 10
2024-11-16 15:25:12,227 [INFO] MainUpdater:2873 - connection check result : 10
2024-11-16 15:25:12,537 [INFO] RulesReader:64 - Compatibility file has been processed (297 Rules)
2024-11-16 15:25:12,551 [INFO] RulesReader:64 - Compatibility file has been processed (297 Rules)
2024-11-16 15:25:12,560 [INFO] MicroXplorer:468 - Change Database Path : 
2024-11-16 15:25:12,560 [INFO] MicroXplorer:498 - Change Database Version : DB.6.0.121
2024-11-16 15:25:12,575 [WARN] ThirdParty:871 - waiting for thirdparty lock release [close project]
2024-11-16 15:25:12,576 [INFO] ThirdParty:873 - entering critical section [close project]
2024-11-16 15:25:12,577 [INFO] ThirdParty:883 - exiting critical section [close project]
2024-11-16 15:25:12,584 [INFO] PinOutPanel:1561 - setPackage(No Configuration,No Configuration)
2024-11-16 15:25:12,591 [INFO] UtilMem:75 - Begin LoadConfig() Used Memory: 619466352 Bytes (886046720)
2024-11-16 15:25:12,593 [INFO] MicroXplorer:468 - Change Database Path : 
2024-11-16 15:25:12,593 [INFO] MicroXplorer:498 - Change Database Version : DB.6.0.121
2024-11-16 15:25:12,593 [INFO] OpenFileManager:332 - Change cursor
2024-11-16 15:25:12,649 [INFO] Mcu:2032 - Initializing MCU STM32F103R(8-B)Tx STM32F103RBTx STM32F103RBT6
2024-11-16 15:25:14,454 [INFO] Context:742 - Trying to add GPIOservice into a context  which must be forbidden
2024-11-16 15:25:15,128 [INFO] RtosManager:555 - Registered RTOS mode: class=CMSIS, group=RTOS, mode=CMSIS_V1, owner=FREERTOS
2024-11-16 15:25:15,129 [INFO] RtosManager:555 - Registered RTOS mode: class=CMSIS, group=RTOS2, mode=CMSIS_V2, owner=FREERTOS
2024-11-16 15:25:15,130 [INFO] RtosManager:555 - Registered RTOS mode: class=RTOS, group=Core, mode=CMSIS_V1, owner=FREERTOS
2024-11-16 15:25:15,130 [INFO] RtosManager:555 - Registered RTOS mode: class=RTOS, group=Core, mode=CMSIS_V2, owner=FREERTOS
2024-11-16 15:25:15,131 [WARN] ModelIntegratedComponent:184 - Missing modes for component STMicroelectronics:FreeRTOS:0.0.1:STMicroelectronics:RTOS:FreeRTOS:Core:::10.2.0:
2024-11-16 15:25:15,155 [WARN] ModelIntegratedComponent:63 - No mode defined for component null
2024-11-16 15:25:15,155 [WARN] ModelIntegratedComponent:63 - No mode defined for component null
2024-11-16 15:25:15,155 [WARN] ModelIntegratedComponent:63 - No mode defined for component null
2024-11-16 15:25:15,155 [WARN] ModelIntegratedComponent:63 - No mode defined for component null
2024-11-16 15:25:15,155 [WARN] ModelIntegratedComponent:63 - No mode defined for component null
2024-11-16 15:25:15,155 [WARN] ModelIntegratedComponent:63 - No mode defined for component null
2024-11-16 15:25:15,156 [WARN] ModelIntegratedComponent:63 - No mode defined for component null
2024-11-16 15:25:15,156 [WARN] ModelIntegratedComponent:63 - No mode defined for component null
2024-11-16 15:25:15,156 [WARN] ModelIntegratedComponent:63 - No mode defined for component null
2024-11-16 15:25:15,156 [WARN] ModelIntegratedComponent:63 - No mode defined for component null
2024-11-16 15:25:15,156 [WARN] ModelIntegratedComponent:63 - No mode defined for component null
2024-11-16 15:25:15,156 [WARN] ModelIntegratedComponent:63 - No mode defined for component null
2024-11-16 15:25:15,156 [WARN] ModelIntegratedComponent:63 - No mode defined for component null
2024-11-16 15:25:15,156 [WARN] ModelIntegratedComponent:63 - No mode defined for component null
2024-11-16 15:25:15,156 [WARN] ModelIntegratedComponent:63 - No mode defined for component null
2024-11-16 15:25:15,156 [WARN] ModelIntegratedComponent:63 - No mode defined for component null
2024-11-16 15:25:15,156 [WARN] ModelIntegratedComponent:63 - No mode defined for component null
2024-11-16 15:25:15,157 [WARN] ModelIntegratedComponent:63 - No mode defined for component null
2024-11-16 15:25:15,157 [WARN] ModelIntegratedComponent:63 - No mode defined for component null
2024-11-16 15:25:15,157 [WARN] ModelIntegratedComponent:63 - No mode defined for component null
2024-11-16 15:25:15,157 [WARN] ModelIntegratedComponent:63 - No mode defined for component null
2024-11-16 15:25:15,157 [WARN] ModelIntegratedComponent:63 - No mode defined for component null
2024-11-16 15:25:15,157 [WARN] ModelIntegratedComponent:63 - No mode defined for component null
2024-11-16 15:25:15,157 [WARN] ModelIntegratedComponent:63 - No mode defined for component null
2024-11-16 15:25:15,157 [WARN] ModelIntegratedComponent:63 - No mode defined for component null
2024-11-16 15:25:15,157 [WARN] ModelIntegratedComponent:63 - No mode defined for component null
2024-11-16 15:25:15,157 [WARN] ModelIntegratedComponent:63 - No mode defined for component null
2024-11-16 15:25:15,157 [WARN] ModelIntegratedComponent:63 - No mode defined for component null
2024-11-16 15:25:15,157 [WARN] ModelIntegratedComponent:63 - No mode defined for component null
2024-11-16 15:25:15,157 [WARN] ModelIntegratedComponent:63 - No mode defined for component null
2024-11-16 15:25:15,157 [WARN] ModelIntegratedComponent:63 - No mode defined for component null
2024-11-16 15:25:15,157 [WARN] ModelIntegratedComponent:63 - No mode defined for component null
2024-11-16 15:25:15,157 [WARN] ModelIntegratedComponent:63 - No mode defined for component null
2024-11-16 15:25:15,157 [WARN] ModelIntegratedComponent:63 - No mode defined for component null
2024-11-16 15:25:15,157 [WARN] ModelIntegratedComponent:63 - No mode defined for component null
2024-11-16 15:25:15,158 [WARN] ModelPack:524 - Component already loaded: STMicroelectronics:HAL Drivers:0.0.0:STMicroelectronics:Device:STMicro_Driver:XSPI:HAL::0.0.1:HAL_XSPI
2024-11-16 15:25:15,192 [INFO] ThirdPartyModel:298 - Start build external matchings
2024-11-16 15:25:15,314 [INFO] ThirdPartyModel:316 - End build external matchings
2024-11-16 15:25:15,336 [INFO] ImportTextPane:205 - (OptionalMessage_ERROR) IP (DMA) : Parameter (Instance) has Id (I2C1_RX) currently not set
2024-11-16 15:25:15,337 [INFO] ImportTextPane:205 - (OptionalMessage_ERROR) IP (DMA) : Parameter (Direction) has Id (I2C1_RX) currently not set
2024-11-16 15:25:15,337 [INFO] ImportTextPane:205 - (OptionalMessage_ERROR) IP (DMA) : Parameter (PeriphInc) has Id (I2C1_RX) currently not set
2024-11-16 15:25:15,337 [INFO] ImportTextPane:205 - (OptionalMessage_ERROR) IP (DMA) : Parameter (MemInc) has Id (I2C1_RX) currently not set
2024-11-16 15:25:15,337 [INFO] ImportTextPane:205 - (OptionalMessage_ERROR) IP (DMA) : Parameter (PeriphDataAlignment) has Id (I2C1_RX) currently not set
2024-11-16 15:25:15,337 [INFO] ImportTextPane:205 - (OptionalMessage_ERROR) IP (DMA) : Parameter (MemDataAlignment) has Id (I2C1_RX) currently not set
2024-11-16 15:25:15,338 [INFO] ImportTextPane:205 - (OptionalMessage_ERROR) IP (DMA) : Parameter (Mode) has Id (I2C1_RX) currently not set
2024-11-16 15:25:15,338 [INFO] ImportTextPane:205 - (OptionalMessage_ERROR) IP (DMA) : Parameter (Priority) has Id (I2C1_RX) currently not set
2024-11-16 15:25:15,340 [INFO] ImportTextPane:205 - (OptionalMessage_ERROR) IP (RCC) : Parameter (ADCFreqValue) has invalid value (32000000)
2024-11-16 15:25:15,340 [INFO] ImportTextPane:205 - (OptionalMessage_ERROR) IP (RCC) : Invalid parameter (FamilyName)
2024-11-16 15:25:15,340 [INFO] ImportTextPane:205 - (OptionalMessage_ERROR) IP (RCC) : Parameter (MCOFreq_Value) has invalid value (64000000)
2024-11-16 15:25:15,341 [INFO] ImportTextPane:205 - (OptionalMessage_ERROR) IP (RCC) : Parameter (USBFreq_Value) has invalid value (64000000)
2024-11-16 15:25:15,807 [INFO] ApiDb:581 - Connected to CubeFinder SQLite database (C:\Users\mridu\.stmcufinder\plugins\mcufinder\mcu\cube-finder-db.db)
2024-11-16 15:25:15,934 [INFO] ApiDb:668 - CubeFinder database Data Model version=2.1
2024-11-16 15:25:15,934 [INFO] ApiDb:669 - CubeFinder database Configuration version=3.0.39
2024-11-16 15:25:15,935 [INFO] ApiDb:670 - CubeFinder database generation date=2024-10-15 (1729006872)
2024-11-16 15:25:15,935 [INFO] ApiDb:671 - CubeFinder database FW Pack versions=[FP-ATR-ASTRA1_V2.0.0, FP-SNS-FLIGHT1_V5.0.2, FP-SNS-MOTENV1_V5.0.0, FP-SNS-MOTENVWB1_V1.4.0, FP-SNS-SMARTAG2_V1.2.0, FP-SNS-STBOX1_V2.0.0, STM32Cube_FW_C0_V1.2.0, STM32Cube_FW_F4_V1.28.1, STM32Cube_FW_F7_V1.17.2, STM32Cube_FW_G0_V1.6.2, STM32Cube_FW_G4_V1.6.0, STM32Cube_FW_H5_V1.3.0, STM32Cube_FW_H7RS_V1.1.0, STM32Cube_FW_H7_V1.11.2, STM32Cube_FW_L0_V1.12.2, STM32Cube_FW_L5_V1.5.1, STM32Cube_FW_U0_V1.1.0, STM32Cube_FW_U5_V1.6.0, STM32Cube_FW_WB0_V1.0.0, STM32Cube_FW_WBA_V1.4.1, STM32Cube_FW_WB_V1.20.0, STM32Cube_FW_WL_V1.3.0, X-CUBE-ALGOBUILD_V1.4.0, X-CUBE-ALS_V1.0.2, X-CUBE-AZRTOS-F4_V1.1.0, X-CUBE-AZRTOS-F7_V1.1.0, X-CUBE-AZRTOS-G0_V1.1.0, X-CUBE-AZRTOS-G4_V2.0.0, X-CUBE-AZRTOS-H7RS_V1.0.0, X-CUBE-AZRTOS-H7_V3.3.0, X-CUBE-AZRTOS-L4_V2.0.0, X-CUBE-AZRTOS-L5_V2.0.0, X-CUBE-AZRTOS-WB_V2.0.0, X-CUBE-AZRTOS-WL_V2.0.0, X-CUBE-BLE1_V7.0.0, X-CUBE-BLE2_V3.3.0, X-CUBE-BLEMGR_V3.1.0, X-CUBE-EEPRMA1_V5.1.0, X-CUBE-FREERTOS_V1.2.0, X-CUBE-GNSS1_V6.0.0, X-CUBE-MEMS1_V11.0.0, X-CUBE-NFC4_V3.0.0, X-CUBE-NFC7_V1.0.1, X-CUBE-SFXS2LP1_V4.0.0, X-CUBE-SUBG2_V5.0.0, X-CUBE-TOF1_V3.4.2]
2024-11-16 15:25:16,189 [INFO] DbBoardsSqlite:226 - include board P-NUCLEO-WB55-NUCLEO as a kit item of type 'Nucleo-64'
2024-11-16 15:25:16,190 [INFO] DbBoardsSqlite:226 - include board P-NUCLEO-WB55-USBDONGLE as a kit item of type 'Nucleo USB Dongle'
2024-11-16 15:25:16,193 [INFO] DbBoardsSqlite:226 - include board STEVAL-IDP005V1 as a kit item of type 'Evaluation Board'
2024-11-16 15:25:16,193 [INFO] DbBoardsSqlite:226 - include board STEVAL-IDP005V2 as a kit item of type 'Evaluation Board'
2024-11-16 15:25:16,641 [INFO] ApiDb:240 - Found 646 in-development CPN: [B-G473E-ZEST1S, B-WB1M-WPAN1, B-WL5M-SUBG1, NUCLEO-C031C6, NUCLEO-C071RB, NUCLEO-H503RB, NUCLEO-H533RE, NUCLEO-H563ZI, NUCLEO-H7S3L8, NUCLEO-U031R8, NUCLEO-U083RC, NUCLEO-U545RE-Q, NUCLEO-U5A5ZJ-Q, NUCLEO-WB05KZ, NUCLEO-WB07CC, NUCLEO-WB09KE, NUCLEO-WBA52CG, NUCLEO-WBA55CG, STEVAL-PROTEUS1, STEVAL-SMARTAG2, STEVAL-STWINBX1, STM320518-EVAL, STM32C0116-DK, STM32C011D6Y3TR, STM32C011D6Y6TR, STM32C011F4P3, STM32C011F4P6, STM32C011F4U3, STM32C011F4U6TR, STM32C011F6P3, STM32C011F6P6, STM32C011F6U3, STM32C011F6U6TR, STM32C011J4M3, STM32C011J4M6, STM32C011J6M3, STM32C011J6M6, STM32C0316-DK, STM32C031C4T3, STM32C031C4T6, STM32C031C4U3, STM32C031C4U6, STM32C031C6T3, STM32C031C6T6, STM32C031C6U3, STM32C031C6U6, STM32C031F4P3, STM32C031F4P6, STM32C031F6P3, STM32C031F6P6, STM32C031G4U3, STM32C031G4U6, STM32C031G6U3, STM32C031G6U6, STM32C031K4T3, STM32C031K4T6, STM32C031K4U3, STM32C031K4U6, STM32C031K6T3, STM32C031K6T6, STM32C031K6U3, STM32C031K6U6, STM32C071C8T6, STM32C071C8T6N, STM32C071C8U6, STM32C071C8U6N, STM32C071CBT6, STM32C071CBT6N, STM32C071CBU6, STM32C071CBU6N, STM32C071F8P6, STM32C071F8P6N, STM32C071FBP6, STM32C071FBP6N, STM32C071FBY6TR, STM32C071G8U6, STM32C071G8U6N, STM32C071GBU6, STM32C071GBU6N, STM32C071K8T6, STM32C071K8T6N, STM32C071K8U6, STM32C071K8U6N, STM32C071KBT6, STM32C071KBT6N, STM32C071KBU6, STM32C071KBU6N, STM32C071R8T6, STM32C071R8T6N, STM32C071RBI6N, STM32C071RBT6, STM32C071RBT6N, STM32G071K8TXN, STM32G071K8UXN, STM32G081GBU6N, STM32G081KBT6N, STM32G081KBUXN, STM32G0B1CCT6N, STM32G0B1KCT6, STM32G0B1NEY6TR, STM32G0B1RCT6N, STM32G0C1CCT6, STM32G0C1CCT6N, STM32G0C1CCU6N, STM32G0C1CET6N, STM32G0C1CEU6N, STM32G0C1KCT6, STM32G0C1NEY6TR, STM32G0C1RCI6N, STM32G0C1RCT6N, STM32G0C1REI6N, STM32G0C1RET6N, STM32G0C1VCI6, STM32G0C1VEI6, STM32G411C6T3, STM32G411C6T6, STM32G411C6U3, STM32G411C6U6, STM32G411C8T3, STM32G411C8T6, STM32G411C8U3, STM32G411C8U6, STM32G411CBT3, STM32G411CBT6, STM32G411CBU3, STM32G411CBU6, STM32G411K6T3, STM32G411K6T6, STM32G411K6U3, STM32G411K6U6, STM32G411K8T3, STM32G411K8T6, STM32G411K8U3, STM32G411K8U6, STM32G411KBT3, STM32G411KBT6, STM32G411KBU3, STM32G411KBU6, STM32G411M6T3, STM32G411M6T6, STM32G411M8T3, STM32G411M8T6, STM32G411MBT3, STM32G411MBT6, STM32G411R6T3, STM32G411R6T6, STM32G411R8T3, STM32G411R8T6, STM32G411RBT3, STM32G411RBT6, STM32G414CBT3, STM32G414CBT6, STM32G414CBU3, STM32G414CBU6, STM32G414CCT3, STM32G414CCT6, STM32G414CCU3, STM32G414CCU6, STM32G414MBT3, STM32G414MBT6, STM32G414MCT3, STM32G414MCT6, STM32G414RBT3, STM32G414RBT6, STM32G414RCT3, STM32G414RCT6, STM32G414VBT3, STM32G414VBT6, STM32G414VCT3, STM32G414VCT6, STM32G431CBT3Z, STM32G431RBT3Z, STM32G471CCT6, STM32G471CCU6, STM32G471CET3, STM32G471CET6, STM32G471CEU3, STM32G471CEU6, STM32G471MCT6, STM32G471MET3, STM32G471MET6, STM32G471MEY6TR, STM32G471QCT6, STM32G471QET3, STM32G471RCT6, STM32G471RET3, STM32G471RET6, STM32G471VCH6, STM32G471VCI6, STM32G471VCT6, STM32G471VEH3, STM32G471VEH6, STM32G471VEI3, STM32G471VEI6, STM32G471VET3, STM32G471VET6, STM32G473QET3Z, STM32G473RET3Z, STM32G474CCT6, STM32G491RET3Z, STM32H503CBT6, STM32H503CBU6, STM32H503EBY6TR, STM32H503KBU6, STM32H503RBT6, STM32H523CCT6, STM32H523CCU6, STM32H523CET6, STM32H523CEU6, STM32H523HEY6TR, STM32H523RCT6, STM32H523RET6, STM32H523VCI6, STM32H523VCT6, STM32H523VEI6, STM32H523VET6, STM32H523ZCJ6, STM32H523ZCT6, STM32H523ZEJ6, STM32H523ZET6, STM32H533CET6, STM32H533CEU6, STM32H533HEY6TR, STM32H533RET6, STM32H533VEI6, STM32H533VET6, STM32H533ZEJ6, STM32H533ZET6, STM32H562AGI6, STM32H562AII6, STM32H562IGK6, STM32H562IGT6, STM32H562IIK6, STM32H562IIT6, STM32H562RGT6, STM32H562RGV6, STM32H562RIT6, STM32H562RIV6, STM32H562VGT6, STM32H562VIT6, STM32H562ZGT6, STM32H562ZIT6, STM32H563AGI6, STM32H563AII3Q, STM32H563AII6, STM32H563IGK6, STM32H563IGT6, STM32H563IIK3Q, STM32H563IIK6, STM32H563IIT3Q, STM32H563IIT6, STM32H563MIY3QTR, STM32H563RGT6, STM32H563RGV6, STM32H563RIT6, STM32H563RIV6, STM32H563VGT6, STM32H563VIT3Q, STM32H563VIT6, STM32H563ZGT6, STM32H563ZIT3Q, STM32H563ZIT6, STM32H573AII3Q, STM32H573AII6, STM32H573I-DK, STM32H573IIK3Q, STM32H573IIK6, STM32H573IIT3Q, STM32H573IIT6, STM32H573MIY3QTR, STM32H573RIT6, STM32H573RIV6, STM32H573VIT3Q, STM32H573VIT6, STM32H573ZIT3Q, STM32H573ZIT6, STM32H7R3A8I6, STM32H7R3I8K6, STM32H7R3I8T6, STM32H7R3L8H6, STM32H7R3L8H6H, STM32H7R3R8V6, STM32H7R3V8H6, STM32H7R3V8T6, STM32H7R3V8Y6TR, STM32H7R3Z8J6, STM32H7R3Z8T6, STM32H7R7A8I6, STM32H7R7I8K6, STM32H7R7I8T6, STM32H7R7L8H6, STM32H7R7L8H6H, STM32H7R7Z8J6, STM32H7S3A8I6, STM32H7S3I8K6, STM32H7S3I8T6, STM32H7S3L8H6, STM32H7S3L8H6H, STM32H7S3R8V6, STM32H7S3V8H6, STM32H7S3V8T6, STM32H7S3V8Y6TR, STM32H7S3Z8J6, STM32H7S3Z8T6, STM32H7S78-DK, STM32H7S7A8I6, STM32H7S7I8K6, STM32H7S7I8T6, STM32H7S7L8H6, STM32H7S7L8H6H, STM32H7S7Z8J6, STM32L4R5QGI6STR, STM32MP131AAE3, STM32MP131AAF3, STM32MP131AAG3, STM32MP131CAE3, STM32MP131CAF3, STM32MP131CAG3, STM32MP131DAE7, STM32MP131DAF7, STM32MP131DAG7, STM32MP131FAE7, STM32MP131FAF7, STM32MP131FAG7, STM32MP133AAE3, STM32MP133AAF3, STM32MP133AAG3, STM32MP133CAE3, STM32MP133CAF3, STM32MP133CAG3, STM32MP133DAE7, STM32MP133DAF7, STM32MP133DAG7, STM32MP133FAE7, STM32MP133FAF7, STM32MP133FAG7, STM32MP135AAE3, STM32MP135AAF3, STM32MP135AAG3, STM32MP135CAE3, STM32MP135CAF3, STM32MP135CAG3, STM32MP135DAE7, STM32MP135DAF7, STM32MP135DAG7, STM32MP135F-DK, STM32MP135FAE7, STM32MP135FAF7, STM32MP135FAF7T, STM32MP135FAF7U, STM32MP135FAG7, STM32MP251AAI3, STM32MP251AAK3, STM32MP251AAL3, STM32MP251CAI3, STM32MP251CAK3, STM32MP251CAL3, STM32MP251DAI3, STM32MP251DAK3, STM32MP251DAL3, STM32MP251FAI3, STM32MP251FAK3, STM32MP251FAL3, STM32MP253AAI3, STM32MP253AAK3, STM32MP253AAL3, STM32MP253CAI3, STM32MP253CAK3, STM32MP253CAL3, STM32MP253DAI3, STM32MP253DAK3, STM32MP253DAL3, STM32MP253FAI3, STM32MP253FAK3, STM32MP253FAL3, STM32MP255AAI3, STM32MP255AAK3, STM32MP255AAL3, STM32MP255CAI3, STM32MP255CAK3, STM32MP255CAL3, STM32MP255DAI3, STM32MP255DAK3, STM32MP255DAL3, STM32MP255FAI3, STM32MP255FAK3, STM32MP255FAL3, STM32MP257AAI3, STM32MP257AAK3, STM32MP257AAL3, STM32MP257CAI3, STM32MP257CAK3, STM32MP257CAL3, STM32MP257DAI3, STM32MP257DAK3, STM32MP257DAL3, STM32MP257F-DK, STM32MP257F-EV1, STM32MP257FAI3, STM32MP257FAK3, STM32MP257FAL3, STM32U031C6T6, STM32U031C6U6, STM32U031C8T6, STM32U031C8U6, STM32U031F4P6, STM32U031F6P6, STM32U031F8P6, STM32U031G6Y6TR, STM32U031G8Y6TR, STM32U031K4U6, STM32U031K6U6, STM32U031K8U6, STM32U031R6I6, STM32U031R6T6, STM32U031R8I6, STM32U031R8T6, STM32U073C8T6, STM32U073C8U6, STM32U073CBT6, STM32U073CBU6, STM32U073CCT6, STM32U073CCU6, STM32U073H8Y6TR, STM32U073HBY6TR, STM32U073HCY6TR, STM32U073K8U6, STM32U073KBU6, STM32U073KCU6, STM32U073M8I6, STM32U073M8T6, STM32U073MBI6, STM32U073MBT6, STM32U073MCI6, STM32U073MCT6, STM32U073R8I6, STM32U073R8T6, STM32U073RBI6, STM32U073RBT6, STM32U073RCI6, STM32U073RCT6, STM32U083C-DK, STM32U083CCT6, STM32U083CCU6, STM32U083HCY6TR, STM32U083KCU6, STM32U083MCI6, STM32U083MCT6, STM32U083RCI6, STM32U083RCT6, STM32U535CBT6, STM32U535CBT6Q, STM32U535CBU6, STM32U535CBU6Q, STM32U535CCT6, STM32U535CCT6Q, STM32U535CCU6, STM32U535CCU6Q, STM32U535CET6, STM32U535CET6Q, STM32U535CEU6, STM32U535CEU6Q, STM32U535JEY6QTR, STM32U535NCY6QTR, STM32U535NEY6QTR, STM32U535RBI6, STM32U535RBI6Q, STM32U535RBT6, STM32U535RBT6Q, STM32U535RCI6, STM32U535RCI6Q, STM32U535RCT6, STM32U535RCT6Q, STM32U535REI6, STM32U535REI6Q, STM32U535RET6, STM32U535RET6Q, STM32U535VCI6, STM32U535VCI6Q, STM32U535VCT6, STM32U535VCT6Q, STM32U535VEI6, STM32U535VEI6Q, STM32U535VET6, STM32U535VET6Q, STM32U545CET6, STM32U545CET6Q, STM32U545CEU6, STM32U545CEU6Q, STM32U545JEY6QTR, STM32U545NEY6QTR, STM32U545REI6, STM32U545REI6Q, STM32U545RET6, STM32U545RET6Q, STM32U545VEI6, STM32U545VEI6Q, STM32U545VET6, STM32U545VET6Q, STM32U595AIH6, STM32U595AIH6Q, STM32U595AJH6, STM32U595AJH6Q, STM32U595QII6, STM32U595QII6Q, STM32U595QJI6, STM32U595QJI6Q, STM32U595RIT6, STM32U595RIT6Q, STM32U595RJT6, STM32U595RJT6Q, STM32U595VIT6, STM32U595VIT6Q, STM32U595VJT6, STM32U595VJT6Q, STM32U595ZIT6, STM32U595ZIT6Q, STM32U595ZIY6QTR, STM32U595ZJT6, STM32U595ZJT6Q, STM32U595ZJY6QTR, STM32U599BJY6QTR, STM32U599NIH6Q, STM32U599NJH6Q, STM32U599VIT6Q, STM32U599VJT6, STM32U599VJT6Q, STM32U599ZIT6Q, STM32U599ZIY6QTR, STM32U599ZJT6Q, STM32U599ZJY6QTR, STM32U5A5AJH6, STM32U5A5AJH6Q, STM32U5A5QII3Q , STM32U5A5QJI6, STM32U5A5QJI6Q, STM32U5A5RJT6, STM32U5A5RJT6Q, STM32U5A5VJT6, STM32U5A5VJT6Q, STM32U5A5ZJT6, STM32U5A5ZJT6Q, STM32U5A5ZJY6QTR, STM32U5A9BJY6QTR, STM32U5A9J-DK, STM32U5A9NJH6Q, STM32U5A9VJT6Q, STM32U5A9ZJT6Q, STM32U5A9ZJY6QTR, STM32U5F7VIT6, STM32U5F7VIT6Q, STM32U5F7VJT6, STM32U5F7VJT6Q, STM32U5F9BJY6QTR, STM32U5F9NJH6Q, STM32U5F9VIT6Q, STM32U5F9VJT6Q, STM32U5F9ZIJ6QTR, STM32U5F9ZIT6Q, STM32U5F9ZJJ6QTR, STM32U5F9ZJT6Q, STM32U5G7VJT6, STM32U5G7VJT6Q, STM32U5G9BJY6QTR, STM32U5G9J-DK1, STM32U5G9J-DK2, STM32U5G9NJH6Q, STM32U5G9VJT6Q, STM32U5G9ZJJ6QTR, STM32U5G9ZJT6Q, STM32WB05KZV6TR, STM32WB05KZV7TR, STM32WB05TZF6TR, STM32WB05TZF7TR, STM32WB06CCF6TR, STM32WB06CCF7TR, STM32WB06CCV6TR, STM32WB06CCV7TR, STM32WB06KCV6TR, STM32WB06KCV7TR, STM32WB07CCF6TR, STM32WB07CCF7TR, STM32WB07CCV6TR, STM32WB07CCV7TR, STM32WB07KCV6TR, STM32WB07KCV7TR, STM32WB09KEV6TR, STM32WB09KEV7TR, STM32WB09TEF6TR, STM32WB09TEF7TR, STM32WB1MMCH6, STM32WBA50KGU6, STM32WBA50KGU6TR, STM32WBA52CEU6, STM32WBA52CEU6TR, STM32WBA52CEU7, STM32WBA52CEU7TR, STM32WBA52CGU6, STM32WBA52CGU6TR, STM32WBA52CGU6U, STM32WBA52CGU7, STM32WBA52CGU7TR, STM32WBA52KEU6, STM32WBA52KEU6TR, STM32WBA52KGU6, STM32WBA52KGU6TR, STM32WBA54CEU6, STM32WBA54CEU6TR, STM32WBA54CEU7, STM32WBA54CEU7TR, STM32WBA54CGU6, STM32WBA54CGU6TR, STM32WBA54CGU7, STM32WBA54CGU7TR, STM32WBA54KEU6, STM32WBA54KEU6TR, STM32WBA54KEU7, STM32WBA54KEU7TR, STM32WBA54KGU6, STM32WBA54KGU6TR, STM32WBA54KGU7, STM32WBA54KGU7TR, STM32WBA55CEU6, STM32WBA55CEU6TR, STM32WBA55CEU7, STM32WBA55CEU7TR, STM32WBA55CGU6, STM32WBA55CGU6TR, STM32WBA55CGU6U, STM32WBA55CGU7, STM32WBA55CGU7TR, STM32WBA55G-DK1, STM32WBA55HEF6, STM32WBA55HEF7, STM32WBA55HGF6, STM32WBA55HGF7, STM32WBA55UEI6, STM32WBA55UEI6TR, STM32WBA55UEI7, STM32WBA55UEI7TR, STM32WBA55UGI6, STM32WBA55UGI6TR, STM32WBA55UGI7, STM32WBA55UGI7TR, STM32WL5MOCH6, STM32WL5MOCH6TR]
2024-11-16 15:25:16,882 [INFO] BoardInfo:889 - No configuration file found for board P-NUCLEO-WB55
2024-11-16 15:25:16,883 [INFO] DbBoards:161 - Kit is not supported: P-NUCLEO-WB55
2024-11-16 15:25:16,891 [INFO] BoardInfo:889 - No configuration file found for board STEVAL-BFA001V1B
2024-11-16 15:25:16,892 [INFO] DbBoards:161 - Kit is not supported: STEVAL-BFA001V1B
2024-11-16 15:25:16,893 [INFO] BoardInfo:889 - No configuration file found for board STEVAL-BFA001V2B
2024-11-16 15:25:16,895 [INFO] DbBoards:161 - Kit is not supported: STEVAL-BFA001V2B
2024-11-16 15:25:17,187 [INFO] DbBoards:168 - Found 201 boards, 198 are supported
2024-11-16 15:25:17,187 [INFO] DbBoards:169 - Found 201 boards, 25 of them is supported for  Bsp
2024-11-16 15:25:17,191 [INFO] ApiDb:668 - CubeFinder database Data Model version=2.1
2024-11-16 15:25:17,191 [INFO] ApiDb:669 - CubeFinder database Configuration version=3.0.39
2024-11-16 15:25:17,192 [INFO] ApiDb:670 - CubeFinder database generation date=2024-10-15 (1729006872)
2024-11-16 15:25:17,192 [INFO] ApiDb:671 - CubeFinder database FW Pack versions=[FP-ATR-ASTRA1_V2.0.0, FP-SNS-FLIGHT1_V5.0.2, FP-SNS-MOTENV1_V5.0.0, FP-SNS-MOTENVWB1_V1.4.0, FP-SNS-SMARTAG2_V1.2.0, FP-SNS-STBOX1_V2.0.0, STM32Cube_FW_C0_V1.2.0, STM32Cube_FW_F4_V1.28.1, STM32Cube_FW_F7_V1.17.2, STM32Cube_FW_G0_V1.6.2, STM32Cube_FW_G4_V1.6.0, STM32Cube_FW_H5_V1.3.0, STM32Cube_FW_H7RS_V1.1.0, STM32Cube_FW_H7_V1.11.2, STM32Cube_FW_L0_V1.12.2, STM32Cube_FW_L5_V1.5.1, STM32Cube_FW_U0_V1.1.0, STM32Cube_FW_U5_V1.6.0, STM32Cube_FW_WB0_V1.0.0, STM32Cube_FW_WBA_V1.4.1, STM32Cube_FW_WB_V1.20.0, STM32Cube_FW_WL_V1.3.0, X-CUBE-ALGOBUILD_V1.4.0, X-CUBE-ALS_V1.0.2, X-CUBE-AZRTOS-F4_V1.1.0, X-CUBE-AZRTOS-F7_V1.1.0, X-CUBE-AZRTOS-G0_V1.1.0, X-CUBE-AZRTOS-G4_V2.0.0, X-CUBE-AZRTOS-H7RS_V1.0.0, X-CUBE-AZRTOS-H7_V3.3.0, X-CUBE-AZRTOS-L4_V2.0.0, X-CUBE-AZRTOS-L5_V2.0.0, X-CUBE-AZRTOS-WB_V2.0.0, X-CUBE-AZRTOS-WL_V2.0.0, X-CUBE-BLE1_V7.0.0, X-CUBE-BLE2_V3.3.0, X-CUBE-BLEMGR_V3.1.0, X-CUBE-EEPRMA1_V5.1.0, X-CUBE-FREERTOS_V1.2.0, X-CUBE-GNSS1_V6.0.0, X-CUBE-MEMS1_V11.0.0, X-CUBE-NFC4_V3.0.0, X-CUBE-NFC7_V1.0.1, X-CUBE-SFXS2LP1_V4.0.0, X-CUBE-SUBG2_V5.0.0, X-CUBE-TOF1_V3.4.2]
2024-11-16 15:25:20,023 [INFO] ApiDb:240 - Found 646 in-development CPN: [B-G473E-ZEST1S, B-WB1M-WPAN1, B-WL5M-SUBG1, NUCLEO-C031C6, NUCLEO-C071RB, NUCLEO-H503RB, NUCLEO-H533RE, NUCLEO-H563ZI, NUCLEO-H7S3L8, NUCLEO-U031R8, NUCLEO-U083RC, NUCLEO-U545RE-Q, NUCLEO-U5A5ZJ-Q, NUCLEO-WB05KZ, NUCLEO-WB07CC, NUCLEO-WB09KE, NUCLEO-WBA52CG, NUCLEO-WBA55CG, STEVAL-PROTEUS1, STEVAL-SMARTAG2, STEVAL-STWINBX1, STM320518-EVAL, STM32C0116-DK, STM32C011D6Y3TR, STM32C011D6Y6TR, STM32C011F4P3, STM32C011F4P6, STM32C011F4U3, STM32C011F4U6TR, STM32C011F6P3, STM32C011F6P6, STM32C011F6U3, STM32C011F6U6TR, STM32C011J4M3, STM32C011J4M6, STM32C011J6M3, STM32C011J6M6, STM32C0316-DK, STM32C031C4T3, STM32C031C4T6, STM32C031C4U3, STM32C031C4U6, STM32C031C6T3, STM32C031C6T6, STM32C031C6U3, STM32C031C6U6, STM32C031F4P3, STM32C031F4P6, STM32C031F6P3, STM32C031F6P6, STM32C031G4U3, STM32C031G4U6, STM32C031G6U3, STM32C031G6U6, STM32C031K4T3, STM32C031K4T6, STM32C031K4U3, STM32C031K4U6, STM32C031K6T3, STM32C031K6T6, STM32C031K6U3, STM32C031K6U6, STM32C071C8T6, STM32C071C8T6N, STM32C071C8U6, STM32C071C8U6N, STM32C071CBT6, STM32C071CBT6N, STM32C071CBU6, STM32C071CBU6N, STM32C071F8P6, STM32C071F8P6N, STM32C071FBP6, STM32C071FBP6N, STM32C071FBY6TR, STM32C071G8U6, STM32C071G8U6N, STM32C071GBU6, STM32C071GBU6N, STM32C071K8T6, STM32C071K8T6N, STM32C071K8U6, STM32C071K8U6N, STM32C071KBT6, STM32C071KBT6N, STM32C071KBU6, STM32C071KBU6N, STM32C071R8T6, STM32C071R8T6N, STM32C071RBI6N, STM32C071RBT6, STM32C071RBT6N, STM32G071K8TXN, STM32G071K8UXN, STM32G081GBU6N, STM32G081KBT6N, STM32G081KBUXN, STM32G0B1CCT6N, STM32G0B1KCT6, STM32G0B1NEY6TR, STM32G0B1RCT6N, STM32G0C1CCT6, STM32G0C1CCT6N, STM32G0C1CCU6N, STM32G0C1CET6N, STM32G0C1CEU6N, STM32G0C1KCT6, STM32G0C1NEY6TR, STM32G0C1RCI6N, STM32G0C1RCT6N, STM32G0C1REI6N, STM32G0C1RET6N, STM32G0C1VCI6, STM32G0C1VEI6, STM32G411C6T3, STM32G411C6T6, STM32G411C6U3, STM32G411C6U6, STM32G411C8T3, STM32G411C8T6, STM32G411C8U3, STM32G411C8U6, STM32G411CBT3, STM32G411CBT6, STM32G411CBU3, STM32G411CBU6, STM32G411K6T3, STM32G411K6T6, STM32G411K6U3, STM32G411K6U6, STM32G411K8T3, STM32G411K8T6, STM32G411K8U3, STM32G411K8U6, STM32G411KBT3, STM32G411KBT6, STM32G411KBU3, STM32G411KBU6, STM32G411M6T3, STM32G411M6T6, STM32G411M8T3, STM32G411M8T6, STM32G411MBT3, STM32G411MBT6, STM32G411R6T3, STM32G411R6T6, STM32G411R8T3, STM32G411R8T6, STM32G411RBT3, STM32G411RBT6, STM32G414CBT3, STM32G414CBT6, STM32G414CBU3, STM32G414CBU6, STM32G414CCT3, STM32G414CCT6, STM32G414CCU3, STM32G414CCU6, STM32G414MBT3, STM32G414MBT6, STM32G414MCT3, STM32G414MCT6, STM32G414RBT3, STM32G414RBT6, STM32G414RCT3, STM32G414RCT6, STM32G414VBT3, STM32G414VBT6, STM32G414VCT3, STM32G414VCT6, STM32G431CBT3Z, STM32G431RBT3Z, STM32G471CCT6, STM32G471CCU6, STM32G471CET3, STM32G471CET6, STM32G471CEU3, STM32G471CEU6, STM32G471MCT6, STM32G471MET3, STM32G471MET6, STM32G471MEY6TR, STM32G471QCT6, STM32G471QET3, STM32G471RCT6, STM32G471RET3, STM32G471RET6, STM32G471VCH6, STM32G471VCI6, STM32G471VCT6, STM32G471VEH3, STM32G471VEH6, STM32G471VEI3, STM32G471VEI6, STM32G471VET3, STM32G471VET6, STM32G473QET3Z, STM32G473RET3Z, STM32G474CCT6, STM32G491RET3Z, STM32H503CBT6, STM32H503CBU6, STM32H503EBY6TR, STM32H503KBU6, STM32H503RBT6, STM32H523CCT6, STM32H523CCU6, STM32H523CET6, STM32H523CEU6, STM32H523HEY6TR, STM32H523RCT6, STM32H523RET6, STM32H523VCI6, STM32H523VCT6, STM32H523VEI6, STM32H523VET6, STM32H523ZCJ6, STM32H523ZCT6, STM32H523ZEJ6, STM32H523ZET6, STM32H533CET6, STM32H533CEU6, STM32H533HEY6TR, STM32H533RET6, STM32H533VEI6, STM32H533VET6, STM32H533ZEJ6, STM32H533ZET6, STM32H562AGI6, STM32H562AII6, STM32H562IGK6, STM32H562IGT6, STM32H562IIK6, STM32H562IIT6, STM32H562RGT6, STM32H562RGV6, STM32H562RIT6, STM32H562RIV6, STM32H562VGT6, STM32H562VIT6, STM32H562ZGT6, STM32H562ZIT6, STM32H563AGI6, STM32H563AII3Q, STM32H563AII6, STM32H563IGK6, STM32H563IGT6, STM32H563IIK3Q, STM32H563IIK6, STM32H563IIT3Q, STM32H563IIT6, STM32H563MIY3QTR, STM32H563RGT6, STM32H563RGV6, STM32H563RIT6, STM32H563RIV6, STM32H563VGT6, STM32H563VIT3Q, STM32H563VIT6, STM32H563ZGT6, STM32H563ZIT3Q, STM32H563ZIT6, STM32H573AII3Q, STM32H573AII6, STM32H573I-DK, STM32H573IIK3Q, STM32H573IIK6, STM32H573IIT3Q, STM32H573IIT6, STM32H573MIY3QTR, STM32H573RIT6, STM32H573RIV6, STM32H573VIT3Q, STM32H573VIT6, STM32H573ZIT3Q, STM32H573ZIT6, STM32H7R3A8I6, STM32H7R3I8K6, STM32H7R3I8T6, STM32H7R3L8H6, STM32H7R3L8H6H, STM32H7R3R8V6, STM32H7R3V8H6, STM32H7R3V8T6, STM32H7R3V8Y6TR, STM32H7R3Z8J6, STM32H7R3Z8T6, STM32H7R7A8I6, STM32H7R7I8K6, STM32H7R7I8T6, STM32H7R7L8H6, STM32H7R7L8H6H, STM32H7R7Z8J6, STM32H7S3A8I6, STM32H7S3I8K6, STM32H7S3I8T6, STM32H7S3L8H6, STM32H7S3L8H6H, STM32H7S3R8V6, STM32H7S3V8H6, STM32H7S3V8T6, STM32H7S3V8Y6TR, STM32H7S3Z8J6, STM32H7S3Z8T6, STM32H7S78-DK, STM32H7S7A8I6, STM32H7S7I8K6, STM32H7S7I8T6, STM32H7S7L8H6, STM32H7S7L8H6H, STM32H7S7Z8J6, STM32L4R5QGI6STR, STM32MP131AAE3, STM32MP131AAF3, STM32MP131AAG3, STM32MP131CAE3, STM32MP131CAF3, STM32MP131CAG3, STM32MP131DAE7, STM32MP131DAF7, STM32MP131DAG7, STM32MP131FAE7, STM32MP131FAF7, STM32MP131FAG7, STM32MP133AAE3, STM32MP133AAF3, STM32MP133AAG3, STM32MP133CAE3, STM32MP133CAF3, STM32MP133CAG3, STM32MP133DAE7, STM32MP133DAF7, STM32MP133DAG7, STM32MP133FAE7, STM32MP133FAF7, STM32MP133FAG7, STM32MP135AAE3, STM32MP135AAF3, STM32MP135AAG3, STM32MP135CAE3, STM32MP135CAF3, STM32MP135CAG3, STM32MP135DAE7, STM32MP135DAF7, STM32MP135DAG7, STM32MP135F-DK, STM32MP135FAE7, STM32MP135FAF7, STM32MP135FAF7T, STM32MP135FAF7U, STM32MP135FAG7, STM32MP251AAI3, STM32MP251AAK3, STM32MP251AAL3, STM32MP251CAI3, STM32MP251CAK3, STM32MP251CAL3, STM32MP251DAI3, STM32MP251DAK3, STM32MP251DAL3, STM32MP251FAI3, STM32MP251FAK3, STM32MP251FAL3, STM32MP253AAI3, STM32MP253AAK3, STM32MP253AAL3, STM32MP253CAI3, STM32MP253CAK3, STM32MP253CAL3, STM32MP253DAI3, STM32MP253DAK3, STM32MP253DAL3, STM32MP253FAI3, STM32MP253FAK3, STM32MP253FAL3, STM32MP255AAI3, STM32MP255AAK3, STM32MP255AAL3, STM32MP255CAI3, STM32MP255CAK3, STM32MP255CAL3, STM32MP255DAI3, STM32MP255DAK3, STM32MP255DAL3, STM32MP255FAI3, STM32MP255FAK3, STM32MP255FAL3, STM32MP257AAI3, STM32MP257AAK3, STM32MP257AAL3, STM32MP257CAI3, STM32MP257CAK3, STM32MP257CAL3, STM32MP257DAI3, STM32MP257DAK3, STM32MP257DAL3, STM32MP257F-DK, STM32MP257F-EV1, STM32MP257FAI3, STM32MP257FAK3, STM32MP257FAL3, STM32U031C6T6, STM32U031C6U6, STM32U031C8T6, STM32U031C8U6, STM32U031F4P6, STM32U031F6P6, STM32U031F8P6, STM32U031G6Y6TR, STM32U031G8Y6TR, STM32U031K4U6, STM32U031K6U6, STM32U031K8U6, STM32U031R6I6, STM32U031R6T6, STM32U031R8I6, STM32U031R8T6, STM32U073C8T6, STM32U073C8U6, STM32U073CBT6, STM32U073CBU6, STM32U073CCT6, STM32U073CCU6, STM32U073H8Y6TR, STM32U073HBY6TR, STM32U073HCY6TR, STM32U073K8U6, STM32U073KBU6, STM32U073KCU6, STM32U073M8I6, STM32U073M8T6, STM32U073MBI6, STM32U073MBT6, STM32U073MCI6, STM32U073MCT6, STM32U073R8I6, STM32U073R8T6, STM32U073RBI6, STM32U073RBT6, STM32U073RCI6, STM32U073RCT6, STM32U083C-DK, STM32U083CCT6, STM32U083CCU6, STM32U083HCY6TR, STM32U083KCU6, STM32U083MCI6, STM32U083MCT6, STM32U083RCI6, STM32U083RCT6, STM32U535CBT6, STM32U535CBT6Q, STM32U535CBU6, STM32U535CBU6Q, STM32U535CCT6, STM32U535CCT6Q, STM32U535CCU6, STM32U535CCU6Q, STM32U535CET6, STM32U535CET6Q, STM32U535CEU6, STM32U535CEU6Q, STM32U535JEY6QTR, STM32U535NCY6QTR, STM32U535NEY6QTR, STM32U535RBI6, STM32U535RBI6Q, STM32U535RBT6, STM32U535RBT6Q, STM32U535RCI6, STM32U535RCI6Q, STM32U535RCT6, STM32U535RCT6Q, STM32U535REI6, STM32U535REI6Q, STM32U535RET6, STM32U535RET6Q, STM32U535VCI6, STM32U535VCI6Q, STM32U535VCT6, STM32U535VCT6Q, STM32U535VEI6, STM32U535VEI6Q, STM32U535VET6, STM32U535VET6Q, STM32U545CET6, STM32U545CET6Q, STM32U545CEU6, STM32U545CEU6Q, STM32U545JEY6QTR, STM32U545NEY6QTR, STM32U545REI6, STM32U545REI6Q, STM32U545RET6, STM32U545RET6Q, STM32U545VEI6, STM32U545VEI6Q, STM32U545VET6, STM32U545VET6Q, STM32U595AIH6, STM32U595AIH6Q, STM32U595AJH6, STM32U595AJH6Q, STM32U595QII6, STM32U595QII6Q, STM32U595QJI6, STM32U595QJI6Q, STM32U595RIT6, STM32U595RIT6Q, STM32U595RJT6, STM32U595RJT6Q, STM32U595VIT6, STM32U595VIT6Q, STM32U595VJT6, STM32U595VJT6Q, STM32U595ZIT6, STM32U595ZIT6Q, STM32U595ZIY6QTR, STM32U595ZJT6, STM32U595ZJT6Q, STM32U595ZJY6QTR, STM32U599BJY6QTR, STM32U599NIH6Q, STM32U599NJH6Q, STM32U599VIT6Q, STM32U599VJT6, STM32U599VJT6Q, STM32U599ZIT6Q, STM32U599ZIY6QTR, STM32U599ZJT6Q, STM32U599ZJY6QTR, STM32U5A5AJH6, STM32U5A5AJH6Q, STM32U5A5QII3Q , STM32U5A5QJI6, STM32U5A5QJI6Q, STM32U5A5RJT6, STM32U5A5RJT6Q, STM32U5A5VJT6, STM32U5A5VJT6Q, STM32U5A5ZJT6, STM32U5A5ZJT6Q, STM32U5A5ZJY6QTR, STM32U5A9BJY6QTR, STM32U5A9J-DK, STM32U5A9NJH6Q, STM32U5A9VJT6Q, STM32U5A9ZJT6Q, STM32U5A9ZJY6QTR, STM32U5F7VIT6, STM32U5F7VIT6Q, STM32U5F7VJT6, STM32U5F7VJT6Q, STM32U5F9BJY6QTR, STM32U5F9NJH6Q, STM32U5F9VIT6Q, STM32U5F9VJT6Q, STM32U5F9ZIJ6QTR, STM32U5F9ZIT6Q, STM32U5F9ZJJ6QTR, STM32U5F9ZJT6Q, STM32U5G7VJT6, STM32U5G7VJT6Q, STM32U5G9BJY6QTR, STM32U5G9J-DK1, STM32U5G9J-DK2, STM32U5G9NJH6Q, STM32U5G9VJT6Q, STM32U5G9ZJJ6QTR, STM32U5G9ZJT6Q, STM32WB05KZV6TR, STM32WB05KZV7TR, STM32WB05TZF6TR, STM32WB05TZF7TR, STM32WB06CCF6TR, STM32WB06CCF7TR, STM32WB06CCV6TR, STM32WB06CCV7TR, STM32WB06KCV6TR, STM32WB06KCV7TR, STM32WB07CCF6TR, STM32WB07CCF7TR, STM32WB07CCV6TR, STM32WB07CCV7TR, STM32WB07KCV6TR, STM32WB07KCV7TR, STM32WB09KEV6TR, STM32WB09KEV7TR, STM32WB09TEF6TR, STM32WB09TEF7TR, STM32WB1MMCH6, STM32WBA50KGU6, STM32WBA50KGU6TR, STM32WBA52CEU6, STM32WBA52CEU6TR, STM32WBA52CEU7, STM32WBA52CEU7TR, STM32WBA52CGU6, STM32WBA52CGU6TR, STM32WBA52CGU6U, STM32WBA52CGU7, STM32WBA52CGU7TR, STM32WBA52KEU6, STM32WBA52KEU6TR, STM32WBA52KGU6, STM32WBA52KGU6TR, STM32WBA54CEU6, STM32WBA54CEU6TR, STM32WBA54CEU7, STM32WBA54CEU7TR, STM32WBA54CGU6, STM32WBA54CGU6TR, STM32WBA54CGU7, STM32WBA54CGU7TR, STM32WBA54KEU6, STM32WBA54KEU6TR, STM32WBA54KEU7, STM32WBA54KEU7TR, STM32WBA54KGU6, STM32WBA54KGU6TR, STM32WBA54KGU7, STM32WBA54KGU7TR, STM32WBA55CEU6, STM32WBA55CEU6TR, STM32WBA55CEU7, STM32WBA55CEU7TR, STM32WBA55CGU6, STM32WBA55CGU6TR, STM32WBA55CGU6U, STM32WBA55CGU7, STM32WBA55CGU7TR, STM32WBA55G-DK1, STM32WBA55HEF6, STM32WBA55HEF7, STM32WBA55HGF6, STM32WBA55HGF7, STM32WBA55UEI6, STM32WBA55UEI6TR, STM32WBA55UEI7, STM32WBA55UEI7TR, STM32WBA55UGI6, STM32WBA55UGI6TR, STM32WBA55UGI7, STM32WBA55UGI7TR, STM32WL5MOCH6, STM32WL5MOCH6TR]
2024-11-16 15:25:20,028 [INFO] DbMcus:218 - Found 4252 MCUs, 4252 are supported
2024-11-16 15:25:20,029 [INFO] ApiDb:423 - Load user favorites file C:\Users\mridu/.stm32cubeide/favorites.mcus.txt: 0 item(s)
2024-11-16 15:25:20,029 [INFO] ApiDb:427 - User favorites MCUs=[]
2024-11-16 15:25:20,029 [INFO] DbMcus:224 - Set 0 / 0 favorites MCUs
2024-11-16 15:25:20,538 [INFO] ApiDb:423 - Load user favorites file C:\Users\mridu/.stm32cubeide/favorites.boards.txt: 0 item(s)
2024-11-16 15:25:20,539 [INFO] ApiDb:427 - User favorites Boards=[]
2024-11-16 15:25:20,539 [INFO] DbBoards:198 - Set 0 / 0 favorites Boards
2024-11-16 15:25:20,636 [INFO] UtilMem:75 - End LoadConfig() Used Memory: 699495624 Bytes (1052770304)
2024-11-16 15:25:20,934 [WARN] ThirdParty:833 - waiting for thirdparty lock release [change project]
2024-11-16 15:25:20,935 [INFO] ThirdParty:835 - entering critical section [change project]
2024-11-16 15:25:20,935 [INFO] ThirdParty:1030 - CMSIS Pack Vendor :STMicroelectronics USBPD 4.1
2024-11-16 15:25:20,935 [INFO] ThirdParty:1030 - CMSIS Pack Vendor :STMicroelectronics X-CUBE-AZRTOS-H7 3.3.0
2024-11-16 15:25:20,935 [INFO] ThirdParty:1030 - CMSIS Pack Vendor :STMicroelectronics USB_HOST 2.0.0
2024-11-16 15:25:20,935 [INFO] ThirdParty:1030 - CMSIS Pack Vendor :STMicroelectronics FP-SNS-MOTENVWB1 1.4.0
2024-11-16 15:25:20,935 [INFO] ThirdParty:1030 - CMSIS Pack Vendor :STMicroelectronics X-CUBE-AZRTOS-F4 1.1.0
2024-11-16 15:25:20,935 [INFO] ThirdParty:1030 - CMSIS Pack Vendor :STMicroelectronics LIBJPEG 8.0.0
2024-11-16 15:25:20,935 [INFO] ThirdParty:1030 - CMSIS Pack Vendor :STMicroelectronics FP-ATR-ASTRA1 2.0.1
2024-11-16 15:25:20,935 [INFO] ThirdParty:1030 - CMSIS Pack Vendor :STMicroelectronics X-CUBE-SMBUS 2.1.0
2024-11-16 15:25:20,935 [INFO] ThirdParty:1030 - CMSIS Pack Vendor :STMicroelectronics X-CUBE-WB05N 1.1.0
2024-11-16 15:25:20,935 [INFO] ThirdParty:1030 - CMSIS Pack Vendor :STMicroelectronics USB_DEVICE 3.0.0
2024-11-16 15:25:20,935 [INFO] ThirdParty:1030 - CMSIS Pack Vendor :STMicroelectronics X-CUBE-TCPP 4.1.0
2024-11-16 15:25:20,935 [INFO] ThirdParty:1030 - CMSIS Pack Vendor :STMicroelectronics X-CUBE-FREERTOS 1.2.0
2024-11-16 15:25:20,936 [INFO] ThirdParty:1030 - CMSIS Pack Vendor :STMicroelectronics X-CUBE-AZRTOS-WB 2.0.0
2024-11-16 15:25:20,936 [INFO] ThirdParty:1030 - CMSIS Pack Vendor :STMicroelectronics X-CUBE-AZRTOS-F7 1.1.0
2024-11-16 15:25:20,936 [INFO] ThirdParty:1030 - CMSIS Pack Vendor :STMicroelectronics X-CUBE-AZRTOS-L5 2.0.0
2024-11-16 15:25:20,936 [INFO] ThirdParty:1030 - CMSIS Pack Vendor :STMicroelectronics USB_DEVICE 2.0.0
2024-11-16 15:25:20,936 [INFO] ThirdParty:1030 - CMSIS Pack Vendor :STMicroelectronics X-CUBE-NFC6 3.1.0
2024-11-16 15:25:20,936 [INFO] ThirdParty:1030 - CMSIS Pack Vendor :STMicroelectronics FreeRTOS 0.0.1
2024-11-16 15:25:20,936 [INFO] ThirdParty:1030 - CMSIS Pack Vendor :STMicroelectronics X-CUBE-AZRTOS-G0 1.1.0
2024-11-16 15:25:20,936 [INFO] ThirdParty:1030 - CMSIS Pack Vendor :STMicroelectronics X-CUBE-SAFEA1 1.2.2
2024-11-16 15:25:20,936 [INFO] ThirdParty:1030 - CMSIS Pack Vendor :STMicroelectronics X-CUBE-NFC4 3.0.0
2024-11-16 15:25:20,936 [INFO] ThirdParty:1030 - CMSIS Pack Vendor :STMicroelectronics X-CUBE-SUBG2 5.0.0
2024-11-16 15:25:20,936 [INFO] ThirdParty:1030 - CMSIS Pack Vendor :STMicroelectronics STM32_WPAN 1.0.0
2024-11-16 15:25:20,936 [INFO] ThirdParty:1030 - CMSIS Pack Vendor :EmbeddedOffice I-CUBE-FS-RTOS 1.0.1
2024-11-16 15:25:20,936 [INFO] ThirdParty:1030 - CMSIS Pack Vendor :STMicroelectronics lwIP 2.0.3
2024-11-16 15:25:20,936 [INFO] ThirdParty:1030 - CMSIS Pack Vendor :STMicroelectronics FP-SNS-FLIGHT1 5.0.2
2024-11-16 15:25:20,936 [INFO] ThirdParty:1030 - CMSIS Pack Vendor :Cesanta I-CUBE-Mongoose 7.13.0
2024-11-16 15:25:20,936 [INFO] ThirdParty:1030 - CMSIS Pack Vendor :STMicroelectronics USB_HOST 1.0.0
2024-11-16 15:25:20,936 [INFO] ThirdParty:1030 - CMSIS Pack Vendor :STMicroelectronics X-CUBE-AZRTOS-G4 2.0.0
2024-11-16 15:25:20,936 [INFO] ThirdParty:1030 - CMSIS Pack Vendor :STMicroelectronics PDM2PCM 3.1.0
2024-11-16 15:25:20,936 [INFO] ThirdParty:1030 - CMSIS Pack Vendor :STMicroelectronics PDM2PCM 3.3.0
2024-11-16 15:25:20,936 [INFO] ThirdParty:1030 - CMSIS Pack Vendor :STMicroelectronics X-CUBE-DISPLAY 3.0.0
2024-11-16 15:25:20,937 [INFO] ThirdParty:1030 - CMSIS Pack Vendor :RealThread X-CUBE-RT-Thread_Nano 4.1.1
2024-11-16 15:25:20,937 [INFO] ThirdParty:1030 - CMSIS Pack Vendor :STMicroelectronics X-CUBE-BLE1 7.0.0
2024-11-16 15:25:20,937 [INFO] ThirdParty:1030 - CMSIS Pack Vendor :STMicroelectronics FP-ATR-SIGFOX1 3.2.0
2024-11-16 15:25:20,937 [INFO] ThirdParty:1030 - CMSIS Pack Vendor :quantropi X-CUBE-qispace-sdk-base 1.9.3
2024-11-16 15:25:20,937 [INFO] ThirdParty:1030 - CMSIS Pack Vendor :STMicroelectronics X-CUBE-EEPRMA1 5.1.0
2024-11-16 15:25:20,937 [INFO] ThirdParty:1030 - CMSIS Pack Vendor :STMicroelectronics HAL Drivers 0.0.0
2024-11-16 15:25:20,937 [INFO] ThirdParty:1030 - CMSIS Pack Vendor :STMicroelectronics MBEDTLS 2.16.2
2024-11-16 15:25:20,937 [INFO] ThirdParty:1030 - CMSIS Pack Vendor :STMicroelectronics X-CUBE-ALS 1.0.2
2024-11-16 15:25:20,937 [INFO] ThirdParty:1030 - CMSIS Pack Vendor :emotas I-CUBE-CANOPEN 1.3.0
2024-11-16 15:25:20,937 [INFO] ThirdParty:1030 - CMSIS Pack Vendor :wolfSSL I-CUBE-wolfSSL 5.7.4
2024-11-16 15:25:20,937 [INFO] ThirdParty:1030 - CMSIS Pack Vendor :STMicroelectronics X-CUBE-NFC7 1.0.1
2024-11-16 15:25:20,937 [INFO] ThirdParty:1030 - CMSIS Pack Vendor :STMicroelectronics MBEDTLS 2.14.1
2024-11-16 15:25:20,937 [INFO] ThirdParty:1030 - CMSIS Pack Vendor :ITTIA_DB I-CUBE-ITTIADB 8.9.0
2024-11-16 15:25:20,937 [INFO] ThirdParty:1030 - CMSIS Pack Vendor :STMicroelectronics X-CUBE-TOUCHGFX 4.24.1
2024-11-16 15:25:20,937 [INFO] ThirdParty:1030 - CMSIS Pack Vendor :wolfSSL I-CUBE-wolfTPM 3.4.0
2024-11-16 15:25:20,937 [INFO] ThirdParty:1030 - CMSIS Pack Vendor :portGmbH I-Cube-SoM-uGOAL 1.1.0
2024-11-16 15:25:20,937 [INFO] ThirdParty:1030 - CMSIS Pack Vendor :STMicroelectronics X-CUBE-BLEMGR 3.1.0
2024-11-16 15:25:20,937 [INFO] ThirdParty:1030 - CMSIS Pack Vendor :STMicroelectronics ThreadX 1.0.0
2024-11-16 15:25:20,937 [INFO] ThirdParty:1030 - CMSIS Pack Vendor :STMicroelectronics FP-SNS-SMARTAG2 1.2.0
2024-11-16 15:25:20,937 [INFO] ThirdParty:1030 - CMSIS Pack Vendor :STMicroelectronics X-CUBE-AZRTOS-WL 2.0.0
2024-11-16 15:25:20,937 [INFO] ThirdParty:1030 - CMSIS Pack Vendor :SEGGER I-CUBE-embOS 1.3.1
2024-11-16 15:25:20,937 [INFO] ThirdParty:1030 - CMSIS Pack Vendor :STMicroelectronics X-CUBE-ALGOBUILD 1.4.0
2024-11-16 15:25:20,937 [INFO] ThirdParty:1030 - CMSIS Pack Vendor :STMicroelectronics FP-SNS-MOTENV1 5.0.0
2024-11-16 15:25:20,937 [INFO] ThirdParty:1030 - CMSIS Pack Vendor :STMicroelectronics USB_DEVICE 1.0.0
2024-11-16 15:25:20,938 [INFO] ThirdParty:1030 - CMSIS Pack Vendor :STMicroelectronics X-CUBE-AZRTOS-H7RS 1.0.0
2024-11-16 15:25:20,938 [INFO] ThirdParty:1030 - CMSIS Pack Vendor :wolfSSL I-CUBE-wolfMQTT 1.19.0
2024-11-16 15:25:20,938 [INFO] ThirdParty:1030 - CMSIS Pack Vendor :STMicroelectronics X-CUBE-AZRTOS-L4 2.0.0
2024-11-16 15:25:20,938 [INFO] ThirdParty:1030 - CMSIS Pack Vendor :STMicroelectronics ThreadX 0.0.2
2024-11-16 15:25:20,938 [INFO] ThirdParty:1030 - CMSIS Pack Vendor :WES I-CUBE-Cesium 1.3.0
2024-11-16 15:25:20,938 [INFO] ThirdParty:1030 - CMSIS Pack Vendor :STMicroelectronics FP-ATR-ASTRA1 2.0.0
2024-11-16 15:25:20,938 [INFO] ThirdParty:1030 - CMSIS Pack Vendor :STMicroelectronics lwIP 2.1.2
2024-11-16 15:25:20,938 [INFO] ThirdParty:1030 - CMSIS Pack Vendor :STMicroelectronics X-CUBE-SFXS2LP1 4.0.0
2024-11-16 15:25:20,938 [INFO] ThirdParty:1030 - CMSIS Pack Vendor :STMicroelectronics X-CUBE-BLE2 3.3.0
2024-11-16 15:25:20,938 [INFO] ThirdParty:1030 - CMSIS Pack Vendor :Infineon AIROC-Wi-Fi-Bluetooth-STM32 1.6.1
2024-11-16 15:25:20,938 [INFO] ThirdParty:1030 - CMSIS Pack Vendor :STMicroelectronics PDM2PCM 3.2.0
2024-11-16 15:25:20,938 [INFO] ThirdParty:1030 - CMSIS Pack Vendor :wolfSSL I-CUBE-wolfSSH 1.4.17
2024-11-16 15:25:20,939 [INFO] ThirdParty:841 - exiting critical section [change project]
2024-11-16 15:25:21,485 [INFO] PinOutPanel:1561 - setPackage(No Configuration,No Configuration)
2024-11-16 15:25:21,487 [INFO] PinOutPanel:1561 - setPackage(STM32F103RBTx,LQFP64)
2024-11-16 15:25:22,275 [INFO] UtilMem:75 - Before build in PCC Used Memory: 574222112 Bytes (1052770304)
2024-11-16 15:25:24,330 [INFO] UtilMem:75 - After build in PCC Used Memory: 647691456 Bytes (1052770304)
2024-11-16 15:25:24,383 [INFO] IPUIPlugin:80 - create IPUIPlugin
2024-11-16 15:25:24,385 [INFO] IPUIPlugin:80 - create IPUIPlugin
2024-11-16 15:25:24,385 [INFO] IPUIPlugin:80 - create IPUIPlugin
2024-11-16 15:25:24,385 [INFO] IPUIPlugin:80 - create IPUIPlugin
2024-11-16 15:25:24,386 [INFO] IPUIPlugin:80 - create IPUIPlugin
2024-11-16 15:25:24,386 [INFO] IPUIPlugin:80 - create IPUIPlugin
2024-11-16 15:25:24,386 [INFO] IPUIPlugin:80 - create IPUIPlugin
2024-11-16 15:25:24,386 [INFO] IPUIPlugin:80 - create IPUIPlugin
2024-11-16 15:25:24,386 [INFO] IPUIPlugin:80 - create IPUIPlugin
2024-11-16 15:25:24,386 [INFO] IPUIPlugin:80 - create IPUIPlugin
2024-11-16 15:25:24,386 [INFO] IPUIPlugin:80 - create IPUIPlugin
2024-11-16 15:25:24,387 [INFO] IPUIPlugin:80 - create IPUIPlugin
2024-11-16 15:25:24,387 [INFO] IPUIPlugin:80 - create IPUIPlugin
2024-11-16 15:25:24,387 [INFO] IPUIPlugin:80 - create IPUIPlugin
2024-11-16 15:25:24,387 [INFO] IPUIPlugin:80 - create IPUIPlugin
2024-11-16 15:25:24,389 [INFO] IPUIPlugin:80 - create IPUIPlugin
2024-11-16 15:25:24,389 [INFO] IPUIPlugin:80 - create IPUIPlugin
2024-11-16 15:25:24,389 [INFO] IPUIPlugin:80 - create IPUIPlugin
2024-11-16 15:25:24,389 [INFO] IPUIPlugin:80 - create IPUIPlugin
2024-11-16 15:25:24,389 [INFO] IPUIPlugin:80 - create IPUIPlugin
2024-11-16 15:25:24,390 [INFO] IPUIPlugin:80 - create IPUIPlugin
2024-11-16 15:25:24,390 [INFO] IPUIPlugin:80 - create IPUIPlugin
2024-11-16 15:25:24,390 [INFO] IPUIPlugin:80 - create IPUIPlugin
2024-11-16 15:25:24,391 [INFO] IPUIPlugin:80 - create IPUIPlugin
2024-11-16 15:25:24,392 [INFO] IPUIPlugin:80 - create IPUIPlugin
2024-11-16 15:25:24,392 [INFO] IPUIPlugin:80 - create IPUIPlugin
2024-11-16 15:25:24,393 [INFO] IPUIPlugin:80 - create IPUIPlugin
2024-11-16 15:25:24,414 [WARN] IP:2191 - I2C_Coeff_DF not found: check if there is a RefParameter without a condition.
2024-11-16 15:25:24,414 [WARN] IP:2191 - Analog_Filter not found: check if there is a RefParameter without a condition.
2024-11-16 15:25:24,746 [INFO] CADModel:165 - CPN selected for project levelSTM32F103RBT6
2024-11-16 15:25:24,747 [INFO] CADModel:114 - Register for checkConnection events
2024-11-16 15:25:24,787 [INFO] OpenFileManager:363 - Restore cursor
2024-11-16 15:25:25,035 [WARN] IP:2191 - I2C_Coeff_DF not found: check if there is a RefParameter without a condition.
2024-11-16 15:25:25,036 [WARN] IP:2191 - Analog_Filter not found: check if there is a RefParameter without a condition.
2024-11-16 15:25:25,037 [WARN] IP:2191 - I2C_Coeff_DF not found: check if there is a RefParameter without a condition.
2024-11-16 15:25:25,038 [WARN] IP:2191 - Analog_Filter not found: check if there is a RefParameter without a condition.
2024-11-16 15:54:56,657 [INFO] NvicIntPanel:101 - NVIC parent = com.st.microxplorer.plugins.ip.nvic.MultiNvicIntPanel[,0,0,450x192,layout=javax.swing.BoxLayout,alignmentX=0.0,alignmentY=0.0,border=,flags=9,maximumSize=,minimumSize=,preferredSize=]
2024-11-16 16:18:35,716 [INFO] WebApp:189 - Connection lost
2024-11-16 16:18:36,146 [INFO] WebApp:186 - Connection restablished
2024-11-16 20:02:44,044 [INFO] WebApp:189 - Connection lost
2024-11-16 20:02:53,721 [INFO] WebApp:186 - Connection restablished
2024-11-16 20:04:40,127 [INFO] WebApp:189 - Connection lost
2024-11-16 20:04:40,287 [INFO] WebApp:186 - Connection restablished
2024-11-16 21:10:50,713 [ERROR] LogOutputStream:75 - [STDERR_REDIRECT] 
2024-11-16 21:10:50,715 [ERROR] LogOutputStream:75 - [STDERR_REDIRECT] 
