2025-02-27 19:48:42,425 [INFO] Activator:176 - 


2025-02-27 19:48:42,432 [INFO] Activator:177 - !SESSION log4j initialized
2025-02-27 19:48:53,950 [INFO] LogOutputStream:77 - [STDOUT_REDIRECT] 
2025-02-27 19:49:06,227 [INFO] ApplicationProperties:184 - Using Application install path: C:\ST\STM32CubeIDE_1.16.1\STM32CubeIDE\plugins\com.st.stm32cube.common.mx_6.12.1.202409122256
2025-02-27 19:49:06,341 [INFO] DbMcusXml:78 - Set database path to: C:\ST\STM32CubeIDE_1.16.1\STM32CubeIDE\plugins\com.st.stm32cube.common.mx_6.12.1.202409122256\\db\/mcu/
2025-02-27 19:49:06,341 [INFO] ApiDb:274 - Set plugin database path to: C:\ST\STM32CubeIDE_1.16.1\STM32CubeIDE\plugins\com.st.stm32cube.common.mx_6.12.1.202409122256\\db\/plugins/boardmanager/
2025-02-27 19:49:06,344 [WARN] ApiDb:259 - Overriding images path with different value:  => C:\ST\STM32CubeIDE_1.16.1\STM32CubeIDE\plugins\com.st.stm32cube.common.mx_6.12.1.202409122256\\db\/plugins/mcufinder/images/
2025-02-27 19:49:06,354 [INFO] ApiDb:250 - Set database path to: C:\Users\mridu\.stmcufinder\plugins\mcufinder//mcu/
2025-02-27 19:49:06,370 [INFO] DbMcusAds:125 - Set database path to: C:\Users\mridu\.stmcufinder\plugins\mcufinder//mcu/
2025-02-27 19:49:06,385 [INFO] CrossReferenceDbSqlite:203 - Set database path to: C:\Users\mridu\.stmcufinder\plugins\mcufinder//mcu/cs/
2025-02-27 19:49:06,647 [INFO] RulesReader:64 - Compatibility file has been processed (297 Rules)
2025-02-27 19:49:06,873 [INFO] DbMcusXml:78 - Set database path to: C:\ST\STM32CubeIDE_1.16.1\STM32CubeIDE\plugins\com.st.stm32cube.common.mx_6.12.1.202409122256\\db\/mcu/
2025-02-27 19:49:06,874 [INFO] ApiDb:274 - Set plugin database path to: C:\ST\STM32CubeIDE_1.16.1\STM32CubeIDE\plugins\com.st.stm32cube.common.mx_6.12.1.202409122256\\db\/plugins/boardmanager/
2025-02-27 19:49:06,874 [INFO] ApiDb:261 - Set plugin images path to: C:\ST\STM32CubeIDE_1.16.1\STM32CubeIDE\plugins\com.st.stm32cube.common.mx_6.12.1.202409122256\\db\/plugins/mcufinder/images/
2025-02-27 19:49:06,875 [WARN] DbFile:41 - Overriding database path with different value: C:\Users\mridu\.stmcufinder\plugins\mcufinder/ => C:\Users\mridu\.stmcufinder\plugins\mcufinder
2025-02-27 19:49:06,875 [INFO] ApiDb:250 - Set database path to: C:\Users\mridu\.stmcufinder\plugins\mcufinder//mcu/
2025-02-27 19:49:06,875 [WARN] DbFile:41 - Overriding database path with different value: C:\Users\mridu\.stmcufinder\plugins\mcufinder/ => C:\Users\mridu\.stmcufinder\plugins\mcufinder
2025-02-27 19:49:06,876 [INFO] DbMcusAds:125 - Set database path to: C:\Users\mridu\.stmcufinder\plugins\mcufinder//mcu/
2025-02-27 19:49:06,876 [WARN] DbFile:41 - Overriding database path with different value: C:\Users\mridu\.stmcufinder\plugins\mcufinder/ => C:\Users\mridu\.stmcufinder\plugins\mcufinder
2025-02-27 19:49:06,876 [WARN] DbFile:41 - Overriding database path with different value: C:\Users\mridu\.stmcufinder\plugins\mcufinder/ => C:\Users\mridu\.stmcufinder\plugins\mcufinder
2025-02-27 19:49:06,876 [INFO] CrossReferenceDbSqlite:203 - Set database path to: C:\Users\mridu\.stmcufinder\plugins\mcufinder//mcu/cs/
2025-02-27 19:49:07,078 [INFO] MainPanel:268 - HeapMemory: 268435456
2025-02-27 19:49:07,367 [INFO] DbMcusXml:78 - Set database path to: C:\ST\STM32CubeIDE_1.16.1\STM32CubeIDE\plugins\com.st.stm32cube.common.mx_6.12.1.202409122256\\db\/mcu/
2025-02-27 19:49:07,367 [INFO] ApiDb:274 - Set plugin database path to: C:\ST\STM32CubeIDE_1.16.1\STM32CubeIDE\plugins\com.st.stm32cube.common.mx_6.12.1.202409122256\\db\/plugins/boardmanager/
2025-02-27 19:49:07,367 [INFO] ApiDb:261 - Set plugin images path to: C:\ST\STM32CubeIDE_1.16.1\STM32CubeIDE\plugins\com.st.stm32cube.common.mx_6.12.1.202409122256\\db\/plugins/mcufinder/images/
2025-02-27 19:49:07,369 [WARN] DbFile:41 - Overriding database path with different value: C:\Users\mridu\.stmcufinder\plugins\mcufinder/ => C:\Users\mridu\.stmcufinder\plugins\mcufinder
2025-02-27 19:49:07,369 [INFO] ApiDb:250 - Set database path to: C:\Users\mridu\.stmcufinder\plugins\mcufinder//mcu/
2025-02-27 19:49:07,369 [WARN] DbFile:41 - Overriding database path with different value: C:\Users\mridu\.stmcufinder\plugins\mcufinder/ => C:\Users\mridu\.stmcufinder\plugins\mcufinder
2025-02-27 19:49:07,369 [INFO] DbMcusAds:125 - Set database path to: C:\Users\mridu\.stmcufinder\plugins\mcufinder//mcu/
2025-02-27 19:49:07,369 [WARN] DbFile:41 - Overriding database path with different value: C:\Users\mridu\.stmcufinder\plugins\mcufinder/ => C:\Users\mridu\.stmcufinder\plugins\mcufinder
2025-02-27 19:49:07,369 [WARN] DbFile:41 - Overriding database path with different value: C:\Users\mridu\.stmcufinder\plugins\mcufinder/ => C:\Users\mridu\.stmcufinder\plugins\mcufinder
2025-02-27 19:49:07,369 [INFO] CrossReferenceDbSqlite:203 - Set database path to: C:\Users\mridu\.stmcufinder\plugins\mcufinder//mcu/cs/
2025-02-27 19:49:07,399 [INFO] ApplicationProperties:184 - Using Application install path: C:\ST\STM32CubeIDE_1.16.1\STM32CubeIDE\plugins\com.st.stm32cube.common.mx_6.12.1.202409122256
2025-02-27 19:49:07,399 [INFO] PluginManage:196 - Search for loadable plugins [exclusion list=, ]
2025-02-27 19:49:07,415 [INFO] PluginManage:310 - Check plugin analytics
2025-02-27 19:49:07,906 [INFO] AnalyticsPlugin:253 - Accepted Software Licenses: 
2025-02-27 19:49:07,906 [INFO] AnalyticsPlugin:255 - Accepted CMSIS Pack Licenses: 
2025-02-27 19:49:07,906 [INFO] AnalyticsPlugin:257 - Accepted Firmware Licenses: 
2025-02-27 19:49:07,921 [INFO] PluginManage:359 - Loaded plugin analytics (category:tool,tabindex:-1)
2025-02-27 19:49:07,921 [INFO] PluginManage:310 - Check plugin cadmodel
2025-02-27 19:49:07,954 [INFO] CADModel:105 - Init CAD model plugin
2025-02-27 19:49:07,954 [INFO] PluginManage:359 - Loaded plugin cadmodel (category:power,tabindex:5)
2025-02-27 19:49:07,954 [INFO] PluginManage:310 - Check plugin clock
2025-02-27 19:49:08,005 [INFO] PluginManage:359 - Loaded plugin clock (category:base,tabindex:2)
2025-02-27 19:49:08,005 [INFO] PluginManage:310 - Check plugin ddr
2025-02-27 19:49:08,023 [INFO] PluginManage:359 - Loaded plugin ddr (category:tool,tabindex:6)
2025-02-27 19:49:08,023 [INFO] PluginManage:310 - Check plugin filemanager
2025-02-27 19:49:08,599 [INFO] PluginManage:359 - Loaded plugin filemanager (category:base,tabindex:10)
2025-02-27 19:49:08,599 [INFO] PluginManage:310 - Check plugin ipmanager
2025-02-27 19:49:08,645 [INFO] PluginManage:359 - Loaded plugin ipmanager (category:base,tabindex:5)
2025-02-27 19:49:08,645 [INFO] PluginManage:310 - Check plugin lpbam
2025-02-27 19:49:08,703 [INFO] PluginManage:359 - Loaded plugin lpbam (category:base,tabindex:0)
2025-02-27 19:49:08,703 [INFO] PluginManage:310 - Check plugin memorymap
2025-02-27 19:49:08,785 [INFO] PluginManage:359 - Loaded plugin memorymap (category:base,tabindex:4)
2025-02-27 19:49:08,786 [INFO] PluginManage:310 - Check plugin pinoutandconfiguration
2025-02-27 19:49:08,832 [INFO] PluginManage:359 - Loaded plugin pinoutandconfiguration (category:base,tabindex:1)
2025-02-27 19:49:08,833 [INFO] PluginManage:310 - Check plugin pinoutconfig
2025-02-27 19:49:09,244 [WARN] SupportedApi:132 - Cannot load RTOS API schema: s4s-elt-must-match.1: The content of 'definitions' must match (annotation?, (simpleType | complexType)?, (unique | key | keyref)*)). A problem was found starting at: attribute.
2025-02-27 19:49:09,654 [INFO] PluginManage:359 - Loaded plugin pinoutconfig (category:base,tabindex:0)
2025-02-27 19:49:09,654 [INFO] PluginManage:310 - Check plugin power
2025-02-27 19:49:09,721 [INFO] PluginManage:359 - Loaded plugin power (category:power,tabindex:4)
2025-02-27 19:49:09,721 [INFO] PluginManage:310 - Check plugin projectmanager
2025-02-27 19:49:09,771 [INFO] PluginManage:359 - Loaded plugin projectmanager (category:projectmanager,tabindex:4)
2025-02-27 19:49:09,771 [INFO] PluginManage:310 - Check plugin rif
2025-02-27 19:49:09,822 [INFO] PluginManage:359 - Loaded plugin rif (category:base,tabindex:3)
2025-02-27 19:49:09,822 [INFO] PluginManage:310 - Check plugin thirdparty
2025-02-27 19:49:10,742 [INFO] PluginManage:359 - Loaded plugin thirdparty (category:base,tabindex:-1)
2025-02-27 19:49:10,742 [INFO] PluginManage:310 - Check plugin tools
2025-02-27 19:49:10,742 [WARN] IntegrityCheckThread:84 - waiting for thirdparty lock release [integrity check]
2025-02-27 19:49:10,742 [INFO] IntegrityCheckThread:86 - entering critical section [integrity check]
2025-02-27 19:49:10,742 [INFO] ThirdPartyUpdaterWithRetryManager:70 - Updater plugin not ready yet. [1/15]
2025-02-27 19:49:10,837 [INFO] PluginManage:359 - Loaded plugin tools (category:base,tabindex:7)
2025-02-27 19:49:10,837 [INFO] PluginManage:310 - Check plugin tutovideos
2025-02-27 19:49:11,511 [INFO] PluginManage:359 - Loaded plugin tutovideos (category:base,tabindex:-1)
2025-02-27 19:49:11,511 [INFO] PluginManage:310 - Check plugin updater
2025-02-27 19:49:11,557 [INFO] PluginManage:359 - Loaded plugin updater (category:base,tabindex:12)
2025-02-27 19:49:11,557 [INFO] PluginManage:310 - Check plugin userauth
2025-02-27 19:49:11,572 [INFO] UserAuth:113 - Init User Auth plugin
2025-02-27 19:49:11,572 [INFO] PluginManage:359 - Loaded plugin userauth (category:base,tabindex:14)
2025-02-27 19:49:11,574 [INFO] PluginManage:283 - PluginManage : Loaded plugins [18]
2025-02-27 19:49:12,253 [INFO] PinOutPanel:1561 - setPackage(No Configuration,No Configuration)
2025-02-27 19:49:12,556 [INFO] CADModel:165 - CPN selected for project level
2025-02-27 19:49:12,556 [INFO] CADModel:114 - Register for checkConnection events
2025-02-27 19:49:12,607 [INFO] IPUIPlugin:80 - create IPUIPlugin
2025-02-27 19:49:12,607 [INFO] PluginManager:220 - loadIPPluginJar : add adc
2025-02-27 19:49:12,706 [INFO] IPUIPlugin:80 - create IPUIPlugin
2025-02-27 19:49:12,720 [INFO] PluginManager:220 - loadIPPluginJar : add aes
2025-02-27 19:49:12,847 [INFO] IPUIPlugin:80 - create IPUIPlugin
2025-02-27 19:49:12,847 [INFO] PluginManager:220 - loadIPPluginJar : add can
2025-02-27 19:49:12,940 [INFO] IPUIPlugin:80 - create IPUIPlugin
2025-02-27 19:49:12,940 [INFO] PluginManager:220 - loadIPPluginJar : add comp
2025-02-27 19:49:13,022 [INFO] IPUIPlugin:80 - create IPUIPlugin
2025-02-27 19:49:13,022 [INFO] PluginManager:220 - loadIPPluginJar : add cryp
2025-02-27 19:49:13,061 [INFO] IPUIPlugin:80 - create IPUIPlugin
2025-02-27 19:49:13,061 [INFO] PluginManager:220 - loadIPPluginJar : add ddr_ctrl_phy
2025-02-27 19:49:13,151 [INFO] IPUIPlugin:80 - create IPUIPlugin
2025-02-27 19:49:13,151 [INFO] PluginManager:220 - loadIPPluginJar : add dfsdm
2025-02-27 19:49:13,214 [INFO] IPUIPlugin:80 - create IPUIPlugin
2025-02-27 19:49:13,214 [INFO] PluginManager:220 - loadIPPluginJar : add dma
2025-02-27 19:49:13,364 [INFO] IPUIPlugin:80 - create IPUIPlugin
2025-02-27 19:49:13,364 [INFO] PluginManager:220 - loadIPPluginJar : add dma3
2025-02-27 19:49:13,522 [INFO] IPUIPlugin:80 - create IPUIPlugin
2025-02-27 19:49:13,522 [INFO] PluginManager:220 - loadIPPluginJar : add extmemmanager
2025-02-27 19:49:13,591 [INFO] IPUIPlugin:80 - create IPUIPlugin
2025-02-27 19:49:13,591 [INFO] PluginManager:220 - loadIPPluginJar : add fatfs
2025-02-27 19:49:13,722 [INFO] IPUIPlugin:80 - create IPUIPlugin
2025-02-27 19:49:13,722 [INFO] PluginManager:220 - loadIPPluginJar : add fmc
2025-02-27 19:49:13,754 [INFO] ThirdPartyUpdaterWithRetryManager:70 - Updater plugin not ready yet. [2/15]
2025-02-27 19:49:13,771 [INFO] IPUIPlugin:80 - create IPUIPlugin
2025-02-27 19:49:13,771 [INFO] PluginManager:220 - loadIPPluginJar : add freertos
2025-02-27 19:49:13,839 [INFO] IPUIPlugin:80 - create IPUIPlugin
2025-02-27 19:49:13,839 [INFO] PluginManager:220 - loadIPPluginJar : add genericplugin
2025-02-27 19:49:14,122 [INFO] IPUIPlugin:80 - create IPUIPlugin
2025-02-27 19:49:14,122 [INFO] PluginManager:220 - loadIPPluginJar : add gfxmmu
2025-02-27 19:49:14,591 [INFO] IPUIPlugin:80 - create IPUIPlugin
2025-02-27 19:49:14,592 [INFO] PluginManager:220 - loadIPPluginJar : add gic
2025-02-27 19:49:14,628 [INFO] IPUIPlugin:80 - create IPUIPlugin
2025-02-27 19:49:14,628 [INFO] PluginManager:220 - loadIPPluginJar : add gpio
2025-02-27 19:49:14,888 [INFO] IPUIPlugin:80 - create IPUIPlugin
2025-02-27 19:49:14,888 [INFO] PluginManager:220 - loadIPPluginJar : add gtzc
2025-02-27 19:49:14,999 [INFO] IPUIPlugin:80 - create IPUIPlugin
2025-02-27 19:49:15,000 [INFO] PluginManager:220 - loadIPPluginJar : add hash
2025-02-27 19:49:15,154 [INFO] IPUIPlugin:80 - create IPUIPlugin
2025-02-27 19:49:15,154 [INFO] PluginManager:220 - loadIPPluginJar : add i2c
2025-02-27 19:49:15,254 [INFO] IPUIPlugin:80 - create IPUIPlugin
2025-02-27 19:49:15,254 [INFO] PluginManager:220 - loadIPPluginJar : add i2s
2025-02-27 19:49:15,387 [INFO] IPUIPlugin:80 - create IPUIPlugin
2025-02-27 19:49:15,387 [INFO] PluginManager:220 - loadIPPluginJar : add i3c
2025-02-27 19:49:15,654 [INFO] IPUIPlugin:80 - create IPUIPlugin
2025-02-27 19:49:15,654 [INFO] PluginManager:220 - loadIPPluginJar : add ipddr
2025-02-27 19:49:15,970 [INFO] IPUIPlugin:80 - create IPUIPlugin
2025-02-27 19:49:15,971 [INFO] PluginManager:220 - loadIPPluginJar : add linkedlist
2025-02-27 19:49:16,071 [INFO] IPUIPlugin:80 - create IPUIPlugin
2025-02-27 19:49:16,071 [INFO] PluginManager:220 - loadIPPluginJar : add lorawan
2025-02-27 19:49:16,181 [INFO] IPUIPlugin:80 - create IPUIPlugin
2025-02-27 19:49:16,181 [INFO] PluginManager:220 - loadIPPluginJar : add ltdc
2025-02-27 19:49:16,212 [INFO] IPUIPlugin:80 - create IPUIPlugin
2025-02-27 19:49:16,213 [INFO] PluginManager:220 - loadIPPluginJar : add mdma
2025-02-27 19:49:16,248 [INFO] IPUIPlugin:80 - create IPUIPlugin
2025-02-27 19:49:16,249 [INFO] PluginManager:220 - loadIPPluginJar : add nvic
2025-02-27 19:49:16,357 [INFO] IPUIPlugin:80 - create IPUIPlugin
2025-02-27 19:49:16,357 [INFO] PluginManager:220 - loadIPPluginJar : add opamp
2025-02-27 19:49:16,545 [INFO] IPUIPlugin:80 - create IPUIPlugin
2025-02-27 19:49:16,545 [INFO] PluginManager:220 - loadIPPluginJar : add openamp
2025-02-27 19:49:16,665 [INFO] IPUIPlugin:80 - create IPUIPlugin
2025-02-27 19:49:16,665 [INFO] PluginManager:220 - loadIPPluginJar : add pdm2pcm
2025-02-27 19:49:16,699 [INFO] IPUIPlugin:80 - create IPUIPlugin
2025-02-27 19:49:16,699 [INFO] PluginManager:220 - loadIPPluginJar : add plateformsettings
2025-02-27 19:49:16,759 [INFO] ThirdPartyUpdaterWithRetryManager:70 - Updater plugin not ready yet. [3/15]
2025-02-27 19:49:16,761 [INFO] IPUIPlugin:80 - create IPUIPlugin
2025-02-27 19:49:16,761 [INFO] PluginManager:220 - loadIPPluginJar : add quadspi
2025-02-27 19:49:16,835 [INFO] IPUIPlugin:80 - create IPUIPlugin
2025-02-27 19:49:16,837 [INFO] PluginManager:220 - loadIPPluginJar : add radio
2025-02-27 19:49:16,865 [INFO] IPUIPlugin:80 - create IPUIPlugin
2025-02-27 19:49:16,865 [INFO] PluginManager:220 - loadIPPluginJar : add resmgrutility
2025-02-27 19:49:17,004 [INFO] IPUIPlugin:80 - create IPUIPlugin
2025-02-27 19:49:17,004 [INFO] PluginManager:220 - loadIPPluginJar : add sai
2025-02-27 19:49:17,118 [INFO] IPUIPlugin:80 - create IPUIPlugin
2025-02-27 19:49:17,121 [INFO] PluginManager:220 - loadIPPluginJar : add spi
2025-02-27 19:49:17,335 [INFO] IPUIPlugin:80 - create IPUIPlugin
2025-02-27 19:49:17,336 [INFO] PluginManager:220 - loadIPPluginJar : add stm32_wpan
2025-02-27 19:49:17,376 [INFO] IPUIPlugin:80 - create IPUIPlugin
2025-02-27 19:49:17,376 [INFO] PluginManager:220 - loadIPPluginJar : add tim
2025-02-27 19:49:17,559 [INFO] IPUIPlugin:80 - create IPUIPlugin
2025-02-27 19:49:17,559 [INFO] PluginManager:220 - loadIPPluginJar : add touchsensing
2025-02-27 19:49:17,643 [INFO] IPUIPlugin:80 - create IPUIPlugin
2025-02-27 19:49:17,643 [INFO] PluginManager:220 - loadIPPluginJar : add tracer_emb
2025-02-27 19:49:17,720 [INFO] IPUIPlugin:80 - create IPUIPlugin
2025-02-27 19:49:17,720 [INFO] PluginManager:220 - loadIPPluginJar : add ts
2025-02-27 19:49:17,786 [INFO] IPUIPlugin:80 - create IPUIPlugin
2025-02-27 19:49:17,786 [INFO] PluginManager:220 - loadIPPluginJar : add tsc
2025-02-27 19:49:17,857 [INFO] IPUIPlugin:80 - create IPUIPlugin
2025-02-27 19:49:17,857 [INFO] PluginManager:220 - loadIPPluginJar : add ucpd
2025-02-27 19:49:17,984 [INFO] IPUIPlugin:80 - create IPUIPlugin
2025-02-27 19:49:17,984 [INFO] PluginManager:220 - loadIPPluginJar : add usart
2025-02-27 19:49:18,104 [INFO] IPUIPlugin:80 - create IPUIPlugin
2025-02-27 19:49:18,104 [INFO] PluginManager:220 - loadIPPluginJar : add usbx
2025-02-27 19:49:18,339 [INFO] CADModel:165 - CPN selected for project level
2025-02-27 19:49:18,339 [INFO] CADModel:114 - Register for checkConnection events
2025-02-27 19:49:18,339 [FATAL] Updater:334 - Updater called before beeing initialized
2025-02-27 19:49:18,339 [ERROR] CADModel:125 - Updater not yet initialized, retry later 
2025-02-27 19:49:18,754 [INFO] CADModel:165 - CPN selected for project level
2025-02-27 19:49:18,754 [INFO] CADModel:114 - Register for checkConnection events
2025-02-27 19:49:18,754 [FATAL] Updater:334 - Updater called before beeing initialized
2025-02-27 19:49:18,754 [ERROR] CADModel:125 - Updater not yet initialized, retry later 
2025-02-27 19:49:18,754 [FATAL] Updater:334 - Updater called before beeing initialized
2025-02-27 19:49:19,098 [FATAL] Updater:334 - Updater called before beeing initialized
2025-02-27 19:49:19,121 [INFO] DbMcusAds:53 - JSON generation date=Tue Dec 17 08:01:15 PST 2024 (1734451275111)
2025-02-27 19:49:19,121 [FATAL] Updater:334 - Updater called before beeing initialized
2025-02-27 19:49:19,271 [WARN] DetailPanel:346 - Failed to get advertising image, set to default
2025-02-27 19:49:19,488 [FATAL] Updater:334 - Updater called before beeing initialized
2025-02-27 19:49:19,488 [FATAL] Updater:334 - Updater called before beeing initialized
2025-02-27 19:49:19,488 [FATAL] Updater:334 - Updater called before beeing initialized
2025-02-27 19:49:19,488 [WARN] DetailPanel:346 - Failed to get advertising image, set to default
2025-02-27 19:49:19,488 [FATAL] Updater:334 - Updater called before beeing initialized
2025-02-27 19:49:19,654 [ERROR] Updater:1164 - MainUpdater not yet initialized. External WinMGr cannot be set.
2025-02-27 19:49:19,671 [INFO] Updater:1100 - Updater Version found : 6.12.1
2025-02-27 19:49:19,722 [INFO] ApplicationProperties:184 - Using Application install path: C:\ST\STM32CubeIDE_1.16.1\STM32CubeIDE\plugins\com.st.stm32cube.common.mx_6.12.1.202409122256
2025-02-27 19:49:19,769 [INFO] ThirdPartyUpdaterWithRetryManager:70 - Updater plugin not ready yet. [4/15]
2025-02-27 19:49:21,396 [ERROR] LogOutputStream:75 - [STDERR_REDIRECT] Feb 27, 2025 7:49:21 PM java.util.prefs.WindowsPreferences <init>
2025-02-27 19:49:21,404 [ERROR] LogOutputStream:75 - [STDERR_REDIRECT] WARNING: Could not open/create prefs root node Software\JavaSoft\Prefs at root 0xffffffff80000002. Windows RegCreateKeyEx(...) returned error code 5.
2025-02-27 19:49:21,404 [ERROR] LogOutputStream:75 - [STDERR_REDIRECT] 
2025-02-27 19:49:22,167 [INFO] MainUpdater:2873 - connection check result : 10
2025-02-27 19:49:22,167 [INFO] MainUpdater:3567 - Updater definition file requires update
2025-02-27 19:49:22,173 [INFO] MainUpdater:290 - Updater Check For Update Now.
2025-02-27 19:49:22,174 [INFO] MicroXplorer:498 - Change Database Version : DB.6.0.121
2025-02-27 19:49:22,251 [INFO] McuFinderGlobals:63 - Set McuFinder mode to 2 (CubeIDE integrated)
2025-02-27 19:49:22,251 [INFO] ServerAccessManage:473 - Download File updaters.zip
2025-02-27 19:49:22,285 [INFO] UserAuth:417 - Internet connection configuration mode: 1
2025-02-27 19:49:22,424 [INFO] JxBrowserEngine:152 - Initiate JxBrowser Engine with user profile folder
2025-02-27 19:49:22,514 [INFO] FileExtend:240 - Unzip File : updaters.zip
2025-02-27 19:49:22,514 [INFO] FileExtend:255 - Standard Zip Deflate
2025-02-27 19:49:22,770 [WARN] MainUpdater:1194 - Updater busy. Cannot search thirdparties
2025-02-27 19:49:22,774 [INFO] ThirdPartyUpdaterWithRetryManager:96 - Updater plugin is busy. [1/15]
2025-02-27 19:49:24,150 [INFO] ServerAccessManage:473 - Download File PacksControlFlags.xml
2025-02-27 19:49:24,289 [INFO] ServerAccessManage:473 - Download File cubemx.pidx
2025-02-27 19:49:24,862 [INFO] ServerAccessManage:473 - Download File STMicroelectronics.FP-ATR-ASTRA1.pdsc
2025-02-27 19:49:25,781 [WARN] MainUpdater:1194 - Updater busy. Cannot search thirdparties
2025-02-27 19:49:25,781 [INFO] ThirdPartyUpdaterWithRetryManager:96 - Updater plugin is busy. [2/15]
2025-02-27 19:49:28,783 [WARN] MainUpdater:1194 - Updater busy. Cannot search thirdparties
2025-02-27 19:49:28,785 [INFO] ThirdPartyUpdaterWithRetryManager:96 - Updater plugin is busy. [3/15]
2025-02-27 19:49:29,175 [WARN] PackLoader:240 - Cannot read IP mode file for STMicroelectronics.FP-ATR-ASTRA1.2.0.2
2025-02-27 19:49:29,183 [INFO] PopulateThirdPartyThread:66 - Ending populate Thread
2025-02-27 19:49:29,187 [INFO] ThirdParty:1030 - CMSIS Pack Vendor :STMicroelectronics FP-ATR-ASTRA1 2.0.2
2025-02-27 19:49:29,187 [INFO] LoadServerUpdatesThread:375 - End of LoadServerUpdate Thread
2025-02-27 19:49:29,321 [INFO] CheckServerUpdateThread:120 - End of CheckServer Thread
2025-02-27 19:49:31,654 [INFO] WebApp:167 - Instantiating new browser for Auth
2025-02-27 19:49:32,482 [WARN] PackLoader:240 - Cannot read IP mode file for STMicroelectronics.FP-SNS-MOTENVWB1.1.4.0
2025-02-27 19:49:32,498 [WARN] PackLoader:240 - Cannot read IP mode file for STMicroelectronics.FP-ATR-ASTRA1.2.0.2
2025-02-27 19:49:32,498 [WARN] PackLoader:240 - Cannot read IP mode file for STMicroelectronics.FP-ATR-ASTRA1.2.0.1
2025-02-27 19:49:32,546 [WARN] PackLoader:240 - Cannot read IP mode file for STMicroelectronics.X-CUBE-SMBUS.2.1.0
2025-02-27 19:49:32,569 [WARN] PackLoader:240 - Cannot read IP mode file for STMicroelectronics.X-CUBE-WB05N.1.1.0
2025-02-27 19:49:32,651 [WARN] PackLoader:240 - Cannot read IP mode file for STMicroelectronics.X-CUBE-AZRTOS-F7.1.1.0
2025-02-27 19:49:32,896 [WARN] PackLoader:240 - Cannot read IP mode file for STMicroelectronics.X-CUBE-MEMS1.11.0.0
2025-02-27 19:49:33,183 [WARN] PackLoader:240 - Cannot read IP mode file for STMicroelectronics.FP-SNS-FLIGHT1.5.0.2
2025-02-27 19:49:33,217 [WARN] PackLoader:240 - Cannot read IP mode file for STMicroelectronics.X-CUBE-DISPLAY.3.0.0
2025-02-27 19:49:33,257 [WARN] PackLoader:240 - Cannot read IP mode file for STMicroelectronics.X-CUBE-BLE1.7.0.0
2025-02-27 19:49:33,313 [WARN] PackLoader:240 - Cannot read IP mode file for STMicroelectronics.X-CUBE-BLEMGR.4.0.0
2025-02-27 19:49:33,358 [WARN] PackLoader:240 - Cannot read IP mode file for emotas.I-CUBE-CANOPEN.1.3.0
2025-02-27 19:49:33,402 [WARN] PackLoader:240 - Cannot read IP mode file for STMicroelectronics.X-CUBE-BLEMGR.3.1.0
2025-02-27 19:49:33,454 [WARN] PackLoader:240 - Cannot read IP mode file for STMicroelectronics.X-CUBE-AI.10.0.0
2025-02-27 19:49:33,496 [WARN] PackLoader:240 - Cannot read IP mode file for STMicroelectronics.FP-SNS-SMARTAG2.1.2.0
2025-02-27 19:49:33,720 [WARN] PackLoader:240 - Cannot read IP mode file for STMicroelectronics.X-CUBE-MEMS1.11.1.0
2025-02-27 19:49:33,799 [INFO] WebApp:448 - Apply proxy settings
2025-02-27 19:49:33,799 [INFO] WebApp:533 - Chromium requires no authentication
2025-02-27 19:49:33,827 [INFO] WebApp:476 - Direct internet connection detected
2025-02-27 19:49:33,886 [INFO] WebApp:869 - Register for checkConnection events
2025-02-27 19:49:33,886 [INFO] WebApp:448 - Apply proxy settings
2025-02-27 19:49:33,902 [INFO] WebApp:533 - Chromium requires no authentication
2025-02-27 19:49:33,903 [INFO] WebApp:476 - Direct internet connection detected
2025-02-27 19:49:33,952 [INFO] LogOutputStream:77 - [STDOUT_REDIRECT] 1 : Invalid condition id : UX_CORESTACK_Condition cause : null
2025-02-27 19:49:33,952 [INFO] LogOutputStream:77 - [STDOUT_REDIRECT] 1 : Invalid condition id : UX_CORESTACK_Condition cause : null
2025-02-27 19:49:33,952 [INFO] LogOutputStream:77 - [STDOUT_REDIRECT] 1 : Invalid condition id : UX_CORESTACK_Condition cause : null
2025-02-27 19:49:33,967 [INFO] LogOutputStream:77 - [STDOUT_REDIRECT] 1 : Invalid condition id : UX_CORESTACK_Condition cause : null
2025-02-27 19:49:33,968 [INFO] LogOutputStream:77 - [STDOUT_REDIRECT] 1 : Invalid condition id : UX_CORESTACK_Condition cause : null
2025-02-27 19:49:33,968 [WARN] PackLoader:240 - Cannot read IP mode file for STMicroelectronics.X-CUBE-AZRTOS-WL.2.0.0
2025-02-27 19:49:34,011 [WARN] PackLoader:240 - Cannot read IP mode file for STMicroelectronics.FP-SNS-MOTENV1.5.0.0
2025-02-27 19:49:34,040 [WARN] PackLoader:240 - Cannot read IP mode file for wolfSSL.I-CUBE-wolfMQTT.1.19.0
2025-02-27 19:49:34,078 [INFO] WebApp:186 - Connection restablished
2025-02-27 19:49:34,105 [WARN] PackLoader:240 - Cannot read IP mode file for WES.I-CUBE-Cesium.1.3.0
2025-02-27 19:49:34,155 [WARN] PackLoader:240 - Cannot read IP mode file for STMicroelectronics.X-CUBE-BLE2.3.3.0
2025-02-27 19:49:34,194 [WARN] PackLoader:240 - Cannot read IP mode file for STMicroelectronics.X-CUBE-TCPP.4.1.0
2025-02-27 19:49:34,258 [WARN] PackLoader:240 - Cannot read IP mode file for STMicroelectronics.X-CUBE-AZRTOS-G0.1.1.0
2025-02-27 19:49:34,294 [WARN] PackLoader:240 - Cannot read IP mode file for STMicroelectronics.X-CUBE-SAFEA1.1.2.2
2025-02-27 19:49:34,320 [WARN] PackLoader:240 - Cannot read IP mode file for STMicroelectronics.X-CUBE-NFC4.3.0.0
2025-02-27 19:49:34,363 [WARN] PackLoader:240 - Cannot read IP mode file for EmbeddedOffice.I-CUBE-FS-RTOS.1.0.1
2025-02-27 19:49:34,364 [ERROR] ConditionMgr:805 - Attr not supported : Dmpu
2025-02-27 19:49:34,365 [ERROR] ConditionMgr:805 - Attr not supported : Dmpu
2025-02-27 19:49:34,365 [ERROR] ConditionMgr:805 - Attr not supported : Dmpu
2025-02-27 19:49:34,365 [ERROR] ConditionMgr:805 - Attr not supported : Dmpu
2025-02-27 19:49:34,366 [ERROR] ConditionMgr:805 - Attr not supported : Dmpu
2025-02-27 19:49:34,366 [ERROR] ConditionMgr:805 - Attr not supported : Dmpu
2025-02-27 19:49:34,366 [ERROR] ConditionMgr:805 - Attr not supported : Dmpu
2025-02-27 19:49:34,366 [ERROR] ConditionMgr:805 - Attr not supported : Dmpu
2025-02-27 19:49:34,366 [ERROR] ConditionMgr:805 - Attr not supported : Dmpu
2025-02-27 19:49:34,366 [ERROR] ConditionMgr:805 - Attr not supported : Dmpu
2025-02-27 19:49:34,367 [ERROR] ConditionMgr:805 - Attr not supported : Dmpu
2025-02-27 19:49:34,367 [ERROR] ConditionMgr:805 - Attr not supported : Dmpu
2025-02-27 19:49:34,367 [ERROR] ConditionMgr:805 - Attr not supported : Dmpu
2025-02-27 19:49:34,368 [ERROR] ConditionMgr:805 - Attr not supported : Dmpu
2025-02-27 19:49:34,368 [ERROR] ConditionMgr:805 - Attr not supported : Dmpu
2025-02-27 19:49:34,369 [ERROR] ConditionMgr:805 - Attr not supported : Dmpu
2025-02-27 19:49:34,370 [ERROR] ConditionMgr:805 - Attr not supported : Dmpu
2025-02-27 19:49:34,370 [ERROR] ConditionMgr:805 - Attr not supported : Dmpu
2025-02-27 19:49:34,370 [ERROR] ConditionMgr:805 - Attr not supported : Dmpu
2025-02-27 19:49:34,371 [ERROR] ConditionMgr:805 - Attr not supported : Dmpu
2025-02-27 19:49:34,371 [ERROR] ConditionMgr:805 - Attr not supported : Dmpu
2025-02-27 19:49:34,371 [ERROR] ConditionMgr:805 - Attr not supported : Dmpu
2025-02-27 19:49:34,371 [ERROR] ConditionMgr:805 - Attr not supported : Dmpu
2025-02-27 19:49:34,371 [ERROR] ConditionMgr:805 - Attr not supported : Dmpu
2025-02-27 19:49:34,372 [ERROR] ConditionMgr:805 - Attr not supported : Dmpu
2025-02-27 19:49:34,372 [ERROR] ConditionMgr:805 - Attr not supported : Dmpu
2025-02-27 19:49:34,372 [ERROR] ConditionMgr:805 - Attr not supported : Dmpu
2025-02-27 19:49:34,373 [ERROR] ConditionMgr:805 - Attr not supported : Dmpu
2025-02-27 19:49:34,373 [ERROR] ConditionMgr:805 - Attr not supported : Dmpu
2025-02-27 19:49:34,373 [ERROR] ConditionMgr:805 - Attr not supported : Dmpu
2025-02-27 19:49:34,373 [ERROR] ConditionMgr:805 - Attr not supported : Dmpu
2025-02-27 19:49:34,374 [ERROR] ConditionMgr:805 - Attr not supported : Dmpu
2025-02-27 19:49:34,374 [ERROR] ConditionMgr:805 - Attr not supported : Dmpu
2025-02-27 19:49:34,374 [ERROR] ConditionMgr:805 - Attr not supported : Dmpu
2025-02-27 19:49:34,374 [ERROR] ConditionMgr:805 - Attr not supported : Dmpu
2025-02-27 19:49:34,374 [ERROR] ConditionMgr:805 - Attr not supported : Dmpu
2025-02-27 19:49:34,375 [ERROR] ConditionMgr:805 - Attr not supported : Dmpu
2025-02-27 19:49:34,375 [ERROR] ConditionMgr:805 - Attr not supported : Dmpu
2025-02-27 19:49:34,375 [ERROR] ConditionMgr:805 - Attr not supported : Dmpu
2025-02-27 19:49:34,375 [ERROR] ConditionMgr:805 - Attr not supported : Dmpu
2025-02-27 19:49:34,375 [ERROR] ConditionMgr:805 - Attr not supported : Dmpu
2025-02-27 19:49:34,376 [ERROR] ConditionMgr:805 - Attr not supported : Dmpu
2025-02-27 19:49:34,376 [ERROR] ConditionMgr:805 - Attr not supported : Dmpu
2025-02-27 19:49:34,376 [ERROR] ConditionMgr:805 - Attr not supported : Dmpu
2025-02-27 19:49:34,376 [ERROR] ConditionMgr:805 - Attr not supported : Dmpu
2025-02-27 19:49:34,376 [ERROR] ConditionMgr:805 - Attr not supported : Dmpu
2025-02-27 19:49:34,376 [ERROR] ConditionMgr:805 - Attr not supported : Dmpu
2025-02-27 19:49:34,377 [ERROR] ConditionMgr:805 - Attr not supported : Dmpu
2025-02-27 19:49:34,377 [ERROR] ConditionMgr:805 - Attr not supported : Dmpu
2025-02-27 19:49:34,377 [ERROR] ConditionMgr:805 - Attr not supported : Dmpu
2025-02-27 19:49:34,377 [ERROR] ConditionMgr:805 - Attr not supported : Dmpu
2025-02-27 19:49:34,377 [ERROR] ConditionMgr:805 - Attr not supported : Dmpu
2025-02-27 19:49:34,377 [ERROR] ConditionMgr:805 - Attr not supported : Dmpu
2025-02-27 19:49:34,378 [ERROR] ConditionMgr:805 - Attr not supported : Dmpu
2025-02-27 19:49:34,378 [ERROR] ConditionMgr:805 - Attr not supported : Dmpu
2025-02-27 19:49:34,378 [ERROR] ConditionMgr:805 - Attr not supported : Dmpu
2025-02-27 19:49:34,378 [ERROR] ConditionMgr:805 - Attr not supported : Dmpu
2025-02-27 19:49:34,378 [ERROR] ConditionMgr:805 - Attr not supported : Dmpu
2025-02-27 19:49:34,379 [ERROR] ConditionMgr:805 - Attr not supported : Dmpu
2025-02-27 19:49:34,379 [ERROR] ConditionMgr:805 - Attr not supported : Dmpu
2025-02-27 19:49:34,379 [ERROR] ConditionMgr:805 - Attr not supported : Dmpu
2025-02-27 19:49:34,379 [ERROR] ConditionMgr:805 - Attr not supported : Dmpu
2025-02-27 19:49:34,379 [ERROR] ConditionMgr:805 - Attr not supported : Dmpu
2025-02-27 19:49:34,379 [ERROR] ConditionMgr:805 - Attr not supported : Dmpu
2025-02-27 19:49:34,414 [ERROR] Engine:466 - C:\Users\mridu\.stm32cubemx\thirdparties\pdsc\STMicroelectronics.X-CUBE-TCPP.4.2.0.pdsc: PDSC version is not supported
2025-02-27 19:49:34,449 [WARN] PackLoader:240 - Cannot read IP mode file for RealThread.X-CUBE-RT-Thread_Nano.4.1.1
2025-02-27 19:49:34,466 [WARN] PackLoader:240 - Cannot read IP mode file for STMicroelectronics.FP-ATR-SIGFOX1.3.2.0
2025-02-27 19:49:34,490 [WARN] ConditionMgr:438 - getConditionDescription Invalid condition id : Cortex-A Device cause : null
2025-02-27 19:49:34,588 [WARN] ConditionMgr:1039 - genDependencies : Invalid condition id : Cortex-A Device cause : null
2025-02-27 19:49:34,589 [WARN] ConditionMgr:1039 - genDependencies : Invalid condition id : Cortex-A Device cause : null
2025-02-27 19:49:34,589 [WARN] ConditionMgr:1039 - genDependencies : Invalid condition id : Cortex-A Device cause : null
2025-02-27 19:49:34,624 [WARN] PackLoader:240 - Cannot read IP mode file for STMicroelectronics.X-CUBE-EEPRMA1.5.1.0
2025-02-27 19:49:34,653 [WARN] PackLoader:240 - Cannot read IP mode file for wolfSSL.I-CUBE-wolfSSL.5.7.4
2025-02-27 19:49:34,694 [WARN] PackLoader:240 - Cannot read IP mode file for ITTIA_DB.I-CUBE-ITTIADB.8.9.0
2025-02-27 19:49:34,733 [INFO] WebApp:220 - Starting web application
2025-02-27 19:49:34,734 [INFO] WebApp:578 - Web application path used C:\ST\STM32CubeIDE_1.16.1\STM32CubeIDE\plugins\com.st.stm32cube.common.mx_6.12.1.202409122256\db\plugins\mcufinder\reactClient1\index.html
2025-02-27 19:49:34,765 [WARN] PackLoader:240 - Cannot read IP mode file for SEGGER.I-CUBE-embOS.1.3.1
2025-02-27 19:49:34,905 [WARN] PackLoader:240 - Cannot read IP mode file for STMicroelectronics.X-CUBE-ALGOBUILD.1.4.0
2025-02-27 19:49:34,966 [WARN] PackLoader:240 - Cannot read IP mode file for STMicroelectronics.X-CUBE-AZRTOS-F4.1.1.0
2025-02-27 19:49:34,998 [WARN] PackLoader:240 - Cannot read IP mode file for STMicroelectronics.X-CUBE-FREERTOS.1.2.0
2025-02-27 19:49:35,043 [INFO] UserAuth:417 - Internet connection configuration mode: 1
2025-02-27 19:49:35,061 [WARN] PackLoader:240 - Cannot read IP mode file for STMicroelectronics.X-CUBE-AZRTOS-L5.2.0.0
2025-02-27 19:49:35,100 [WARN] PackLoader:240 - Cannot read IP mode file for STMicroelectronics.X-CUBE-NFC6.3.1.0
2025-02-27 19:49:35,137 [WARN] PackLoader:240 - Cannot read IP mode file for STMicroelectronics.X-CUBE-FREERTOS.1.3.0
2025-02-27 19:49:35,169 [WARN] PackLoader:240 - Cannot read IP mode file for STMicroelectronics.X-CUBE-NFC7.1.0.1
2025-02-27 19:49:35,245 [WARN] ConditionMgr:438 - getConditionDescription Invalid condition id : LAN8742 Phy interface Condition cause : null
2025-02-27 19:49:35,247 [WARN] PackLoader:240 - Cannot read IP mode file for STMicroelectronics.X-CUBE-AZRTOS-L4.2.0.0
2025-02-27 19:49:35,250 [WARN] ConditionMgr:1039 - genDependencies : Invalid condition id : LAN8742 Phy interface Condition cause : null
2025-02-27 19:49:35,251 [WARN] ConditionMgr:1039 - genDependencies : Invalid condition id : LAN8742 Phy interface Condition cause : null
2025-02-27 19:49:35,253 [WARN] ConditionMgr:1039 - genDependencies : Invalid condition id : LAN8742 Phy interface Condition cause : null
2025-02-27 19:49:35,300 [WARN] PackLoader:240 - Cannot read IP mode file for STMicroelectronics.X-CUBE-SFXS2LP1.4.0.0
2025-02-27 19:49:35,376 [WARN] PackLoader:240 - Cannot read IP mode file for STMicroelectronics.X-CUBE-AZRTOS-H7.3.3.0
2025-02-27 19:49:35,429 [WARN] PackLoader:240 - Cannot read IP mode file for STMicroelectronics.X-CUBE-IPS.3.0.0
2025-02-27 19:49:35,484 [WARN] ConditionMgr:438 - getConditionDescription Invalid condition id : UX DEVICE CLASS RTOS Condition cause : null
2025-02-27 19:49:35,484 [WARN] ConditionMgr:438 - getConditionDescription Invalid condition id : UX DEVICE CLASS RTOS Condition cause : null
2025-02-27 19:49:35,484 [WARN] PackLoader:240 - Cannot read IP mode file for STMicroelectronics.X-CUBE-AZRTOS-WB.2.0.0
2025-02-27 19:49:35,484 [WARN] ConditionMgr:1039 - genDependencies : Invalid condition id : UX DEVICE CLASS RTOS Condition cause : null
2025-02-27 19:49:35,484 [WARN] ConditionMgr:1039 - genDependencies : Invalid condition id : UX DEVICE CLASS RTOS Condition cause : null
2025-02-27 19:49:35,484 [WARN] ConditionMgr:1039 - genDependencies : Invalid condition id : UX DEVICE CLASS RTOS Condition cause : null
2025-02-27 19:49:35,484 [WARN] ConditionMgr:1039 - genDependencies : Invalid condition id : UX DEVICE CLASS RTOS Condition cause : null
2025-02-27 19:49:35,484 [WARN] ConditionMgr:1039 - genDependencies : Invalid condition id : UX DEVICE CLASS RTOS Condition cause : null
2025-02-27 19:49:35,516 [WARN] PackLoader:240 - Cannot read IP mode file for STMicroelectronics.X-CUBE-GNSS1.7.0.0
2025-02-27 19:49:35,547 [WARN] PackLoader:240 - Cannot read IP mode file for STMicroelectronics.X-CUBE-GNSS1.7.0.1
2025-02-27 19:49:35,595 [WARN] PackLoader:240 - Cannot read IP mode file for STMicroelectronics.X-CUBE-SUBG2.5.0.0
2025-02-27 19:49:35,610 [WARN] PackLoader:240 - Cannot read IP mode file for Cesanta.I-CUBE-Mongoose.7.13.0
2025-02-27 19:49:35,667 [WARN] PackLoader:240 - Cannot read IP mode file for STMicroelectronics.X-CUBE-AZRTOS-G4.2.0.0
2025-02-27 19:49:35,699 [ERROR] Engine:466 - C:\Users\mridu\.stm32cubemx\thirdparties\pdsc\STMicroelectronics.X-CUBE-IPS.3.1.0.pdsc: PDSC version is not supported
2025-02-27 19:49:35,730 [WARN] PackLoader:240 - Cannot read IP mode file for STMicroelectronics.X-CUBE-ALS.1.0.2
2025-02-27 19:49:35,777 [WARN] PackLoader:240 - Cannot read IP mode file for STMicroelectronics.X-CUBE-TOUCHGFX.4.24.2
2025-02-27 19:49:35,827 [WARN] PackLoader:240 - Cannot read IP mode file for STMicroelectronics.X-CUBE-TOUCHGFX.4.24.1
2025-02-27 19:49:35,843 [WARN] PackLoader:240 - Cannot read IP mode file for wolfSSL.I-CUBE-wolfTPM.3.4.0
2025-02-27 19:49:35,897 [WARN] PackLoader:240 - Cannot read IP mode file for portGmbH.I-Cube-SoM-uGOAL.1.1.0
2025-02-27 19:49:35,986 [WARN] PackLoader:240 - Cannot read IP mode file for STMicroelectronics.X-CUBE-AZRTOS-H7RS.1.0.0
2025-02-27 19:49:36,029 [WARN] PackLoader:240 - Cannot read IP mode file for STMicroelectronics.FP-ATR-ASTRA1.2.0.0
2025-02-27 19:49:36,105 [WARN] PackLoader:240 - Cannot read IP mode file for Infineon.AIROC-Wi-Fi-Bluetooth-STM32.1.6.1
2025-02-27 19:49:36,119 [WARN] PackLoader:240 - Cannot read IP mode file for wolfSSL.I-CUBE-wolfSSH.1.4.17
2025-02-27 19:49:36,119 [INFO] ThirdParty:978 - Integrity check success = true
2025-02-27 19:49:36,119 [INFO] IntegrityCheckThread:100 - exiting critical section [integrity check]
2025-02-27 19:49:36,119 [INFO] IntegrityCheckThread:103 - End integrity checks thread
2025-02-27 19:51:08,621 [INFO] McuFinderGlobals:63 - Set McuFinder mode to 2 (CubeIDE integrated)
2025-02-27 19:51:08,666 [INFO] MainUpdater:2873 - connection check result : 10
2025-02-27 19:51:08,678 [INFO] MainUpdater:2873 - connection check result : 10
2025-02-27 19:51:08,969 [INFO] RulesReader:64 - Compatibility file has been processed (297 Rules)
2025-02-27 19:51:08,976 [INFO] RulesReader:64 - Compatibility file has been processed (297 Rules)
2025-02-27 19:51:08,983 [INFO] MicroXplorer:468 - Change Database Path : 
2025-02-27 19:51:08,984 [INFO] MicroXplorer:498 - Change Database Version : DB.6.0.121
2025-02-27 19:51:09,004 [WARN] ThirdParty:871 - waiting for thirdparty lock release [close project]
2025-02-27 19:51:09,004 [INFO] ThirdParty:873 - entering critical section [close project]
2025-02-27 19:51:09,006 [INFO] ThirdParty:883 - exiting critical section [close project]
2025-02-27 19:51:09,011 [INFO] PinOutPanel:1561 - setPackage(No Configuration,No Configuration)
2025-02-27 19:51:09,020 [INFO] UtilMem:75 - Begin LoadConfig() Used Memory: 637483176 Bytes (886046720)
2025-02-27 19:51:13,712 [INFO] ServerAccessManage:473 - Download File stm32cube_db_v6092.zip
2025-02-27 19:51:18,146 [INFO] FileExtend:240 - Unzip File : stm32cube_db_v6092.zip
2025-02-27 19:51:18,149 [INFO] FileExtend:255 - Standard Zip Deflate
2025-02-27 19:51:32,540 [INFO] LoadServerPackagesThread:196 - End of LoadServerPackages Thread
2025-02-27 19:51:32,730 [INFO] CheckServerUpdateThread:120 - End of CheckServer Thread
2025-02-27 19:51:32,878 [INFO] LoadServerPackagesThread:196 - End of LoadServerPackages Thread
2025-02-27 19:51:33,064 [INFO] CheckServerUpdateThread:120 - End of CheckServer Thread
2025-02-27 19:51:33,092 [INFO] MicroXplorer:468 - Change Database Path : C:/Users/mridu/.stm32cubemx/databases/DB.6.0.92/db/
2025-02-27 19:51:33,092 [INFO] MicroXplorer:498 - Change Database Version : DB.6.0.92
2025-02-27 19:51:33,093 [INFO] OpenFileManager:332 - Change cursor
2025-02-27 19:51:33,158 [INFO] Mcu:2032 - Initializing MCU STM32F103R(C-D-E)Tx STM32F103RCTx STM32F103RCT6
2025-02-27 19:51:34,420 [INFO] Context:742 - Trying to add GPIOservice into a context  which must be forbidden
2025-02-27 19:51:34,904 [INFO] RtosManager:555 - Registered RTOS mode: class=CMSIS, group=RTOS, mode=CMSIS_V1, owner=FREERTOS
2025-02-27 19:51:34,904 [INFO] RtosManager:555 - Registered RTOS mode: class=CMSIS, group=RTOS2, mode=CMSIS_V2, owner=FREERTOS
2025-02-27 19:51:34,904 [INFO] RtosManager:555 - Registered RTOS mode: class=RTOS, group=Core, mode=CMSIS_V1, owner=FREERTOS
2025-02-27 19:51:34,904 [INFO] RtosManager:555 - Registered RTOS mode: class=RTOS, group=Core, mode=CMSIS_V2, owner=FREERTOS
2025-02-27 19:51:34,905 [WARN] ModelIntegratedComponent:184 - Missing modes for component STMicroelectronics:FreeRTOS:0.0.1:STMicroelectronics:RTOS:FreeRTOS:Core:::10.2.0:
2025-02-27 19:51:34,923 [WARN] ModelIntegratedComponent:63 - No mode defined for component null
2025-02-27 19:51:34,923 [WARN] ModelIntegratedComponent:63 - No mode defined for component null
2025-02-27 19:51:34,923 [WARN] ModelIntegratedComponent:63 - No mode defined for component null
2025-02-27 19:51:34,923 [WARN] ModelIntegratedComponent:63 - No mode defined for component null
2025-02-27 19:51:34,923 [WARN] ModelIntegratedComponent:63 - No mode defined for component null
2025-02-27 19:51:34,923 [WARN] ModelIntegratedComponent:63 - No mode defined for component null
2025-02-27 19:51:34,923 [WARN] ModelIntegratedComponent:63 - No mode defined for component null
2025-02-27 19:51:34,923 [WARN] ModelIntegratedComponent:63 - No mode defined for component null
2025-02-27 19:51:34,923 [WARN] ModelIntegratedComponent:63 - No mode defined for component null
2025-02-27 19:51:34,923 [WARN] ModelIntegratedComponent:63 - No mode defined for component null
2025-02-27 19:51:34,923 [WARN] ModelIntegratedComponent:63 - No mode defined for component null
2025-02-27 19:51:34,923 [WARN] ModelIntegratedComponent:63 - No mode defined for component null
2025-02-27 19:51:34,923 [WARN] ModelIntegratedComponent:63 - No mode defined for component null
2025-02-27 19:51:34,923 [WARN] ModelIntegratedComponent:63 - No mode defined for component null
2025-02-27 19:51:34,923 [WARN] ModelIntegratedComponent:63 - No mode defined for component null
2025-02-27 19:51:34,923 [WARN] ModelIntegratedComponent:63 - No mode defined for component null
2025-02-27 19:51:34,923 [WARN] ModelIntegratedComponent:63 - No mode defined for component null
2025-02-27 19:51:34,923 [WARN] ModelIntegratedComponent:63 - No mode defined for component null
2025-02-27 19:51:34,923 [WARN] ModelIntegratedComponent:63 - No mode defined for component null
2025-02-27 19:51:34,923 [WARN] ModelIntegratedComponent:63 - No mode defined for component null
2025-02-27 19:51:34,923 [WARN] ModelIntegratedComponent:63 - No mode defined for component null
2025-02-27 19:51:34,923 [WARN] ModelIntegratedComponent:63 - No mode defined for component null
2025-02-27 19:51:34,924 [WARN] ModelIntegratedComponent:63 - No mode defined for component null
2025-02-27 19:51:34,924 [WARN] ModelIntegratedComponent:63 - No mode defined for component null
2025-02-27 19:51:34,924 [WARN] ModelIntegratedComponent:63 - No mode defined for component null
2025-02-27 19:51:34,924 [WARN] ModelIntegratedComponent:63 - No mode defined for component null
2025-02-27 19:51:34,924 [WARN] ModelIntegratedComponent:63 - No mode defined for component null
2025-02-27 19:51:34,924 [WARN] ModelIntegratedComponent:63 - No mode defined for component null
2025-02-27 19:51:34,924 [WARN] ModelIntegratedComponent:63 - No mode defined for component null
2025-02-27 19:51:34,924 [WARN] ModelIntegratedComponent:63 - No mode defined for component null
2025-02-27 19:51:34,924 [WARN] ModelIntegratedComponent:63 - No mode defined for component null
2025-02-27 19:51:34,924 [WARN] ModelIntegratedComponent:63 - No mode defined for component null
2025-02-27 19:51:34,924 [WARN] ModelIntegratedComponent:63 - No mode defined for component null
2025-02-27 19:51:34,924 [WARN] ModelIntegratedComponent:63 - No mode defined for component null
2025-02-27 19:51:34,924 [WARN] ModelIntegratedComponent:63 - No mode defined for component null
2025-02-27 19:51:34,924 [WARN] ModelPack:524 - Component already loaded: STMicroelectronics:HAL Drivers:0.0.0:STMicroelectronics:Device:STMicro_Driver:XSPI:HAL::0.0.1:HAL_XSPI
2025-02-27 19:51:35,005 [INFO] ThirdPartyModel:298 - Start build external matchings
2025-02-27 19:51:35,337 [INFO] ThirdPartyModel:316 - End build external matchings
2025-02-27 19:51:35,871 [INFO] ApiDb:581 - Connected to CubeFinder SQLite database (C:\Users\mridu\.stmcufinder\plugins\mcufinder\mcu\cube-finder-db.db)
2025-02-27 19:51:35,989 [INFO] ApiDb:668 - CubeFinder database Data Model version=2.1
2025-02-27 19:51:35,989 [INFO] ApiDb:669 - CubeFinder database Configuration version=3.0.39
2025-02-27 19:51:35,989 [INFO] ApiDb:670 - CubeFinder database generation date=2024-10-15 (1729006872)
2025-02-27 19:51:35,989 [INFO] ApiDb:671 - CubeFinder database FW Pack versions=[FP-ATR-ASTRA1_V2.0.0, FP-SNS-FLIGHT1_V5.0.2, FP-SNS-MOTENV1_V5.0.0, FP-SNS-MOTENVWB1_V1.4.0, FP-SNS-SMARTAG2_V1.2.0, FP-SNS-STBOX1_V2.0.0, STM32Cube_FW_C0_V1.2.0, STM32Cube_FW_F4_V1.28.1, STM32Cube_FW_F7_V1.17.2, STM32Cube_FW_G0_V1.6.2, STM32Cube_FW_G4_V1.6.0, STM32Cube_FW_H5_V1.3.0, STM32Cube_FW_H7RS_V1.1.0, STM32Cube_FW_H7_V1.11.2, STM32Cube_FW_L0_V1.12.2, STM32Cube_FW_L5_V1.5.1, STM32Cube_FW_U0_V1.1.0, STM32Cube_FW_U5_V1.6.0, STM32Cube_FW_WB0_V1.0.0, STM32Cube_FW_WBA_V1.4.1, STM32Cube_FW_WB_V1.20.0, STM32Cube_FW_WL_V1.3.0, X-CUBE-ALGOBUILD_V1.4.0, X-CUBE-ALS_V1.0.2, X-CUBE-AZRTOS-F4_V1.1.0, X-CUBE-AZRTOS-F7_V1.1.0, X-CUBE-AZRTOS-G0_V1.1.0, X-CUBE-AZRTOS-G4_V2.0.0, X-CUBE-AZRTOS-H7RS_V1.0.0, X-CUBE-AZRTOS-H7_V3.3.0, X-CUBE-AZRTOS-L4_V2.0.0, X-CUBE-AZRTOS-L5_V2.0.0, X-CUBE-AZRTOS-WB_V2.0.0, X-CUBE-AZRTOS-WL_V2.0.0, X-CUBE-BLE1_V7.0.0, X-CUBE-BLE2_V3.3.0, X-CUBE-BLEMGR_V3.1.0, X-CUBE-EEPRMA1_V5.1.0, X-CUBE-FREERTOS_V1.2.0, X-CUBE-GNSS1_V6.0.0, X-CUBE-MEMS1_V11.0.0, X-CUBE-NFC4_V3.0.0, X-CUBE-NFC7_V1.0.1, X-CUBE-SFXS2LP1_V4.0.0, X-CUBE-SUBG2_V5.0.0, X-CUBE-TOF1_V3.4.2]
2025-02-27 19:51:36,164 [INFO] DbBoardsSqlite:226 - include board P-NUCLEO-WB55-NUCLEO as a kit item of type 'Nucleo-64'
2025-02-27 19:51:36,165 [INFO] DbBoardsSqlite:226 - include board P-NUCLEO-WB55-USBDONGLE as a kit item of type 'Nucleo USB Dongle'
2025-02-27 19:51:36,167 [INFO] DbBoardsSqlite:226 - include board STEVAL-IDP005V1 as a kit item of type 'Evaluation Board'
2025-02-27 19:51:36,167 [INFO] DbBoardsSqlite:226 - include board STEVAL-IDP005V2 as a kit item of type 'Evaluation Board'
2025-02-27 19:51:36,609 [INFO] ApiDb:240 - Found 646 in-development CPN: [B-G473E-ZEST1S, B-WB1M-WPAN1, B-WL5M-SUBG1, NUCLEO-C031C6, NUCLEO-C071RB, NUCLEO-H503RB, NUCLEO-H533RE, NUCLEO-H563ZI, NUCLEO-H7S3L8, NUCLEO-U031R8, NUCLEO-U083RC, NUCLEO-U545RE-Q, NUCLEO-U5A5ZJ-Q, NUCLEO-WB05KZ, NUCLEO-WB07CC, NUCLEO-WB09KE, NUCLEO-WBA52CG, NUCLEO-WBA55CG, STEVAL-PROTEUS1, STEVAL-SMARTAG2, STEVAL-STWINBX1, STM320518-EVAL, STM32C0116-DK, STM32C011D6Y3TR, STM32C011D6Y6TR, STM32C011F4P3, STM32C011F4P6, STM32C011F4U3, STM32C011F4U6TR, STM32C011F6P3, STM32C011F6P6, STM32C011F6U3, STM32C011F6U6TR, STM32C011J4M3, STM32C011J4M6, STM32C011J6M3, STM32C011J6M6, STM32C0316-DK, STM32C031C4T3, STM32C031C4T6, STM32C031C4U3, STM32C031C4U6, STM32C031C6T3, STM32C031C6T6, STM32C031C6U3, STM32C031C6U6, STM32C031F4P3, STM32C031F4P6, STM32C031F6P3, STM32C031F6P6, STM32C031G4U3, STM32C031G4U6, STM32C031G6U3, STM32C031G6U6, STM32C031K4T3, STM32C031K4T6, STM32C031K4U3, STM32C031K4U6, STM32C031K6T3, STM32C031K6T6, STM32C031K6U3, STM32C031K6U6, STM32C071C8T6, STM32C071C8T6N, STM32C071C8U6, STM32C071C8U6N, STM32C071CBT6, STM32C071CBT6N, STM32C071CBU6, STM32C071CBU6N, STM32C071F8P6, STM32C071F8P6N, STM32C071FBP6, STM32C071FBP6N, STM32C071FBY6TR, STM32C071G8U6, STM32C071G8U6N, STM32C071GBU6, STM32C071GBU6N, STM32C071K8T6, STM32C071K8T6N, STM32C071K8U6, STM32C071K8U6N, STM32C071KBT6, STM32C071KBT6N, STM32C071KBU6, STM32C071KBU6N, STM32C071R8T6, STM32C071R8T6N, STM32C071RBI6N, STM32C071RBT6, STM32C071RBT6N, STM32G071K8TXN, STM32G071K8UXN, STM32G081GBU6N, STM32G081KBT6N, STM32G081KBUXN, STM32G0B1CCT6N, STM32G0B1KCT6, STM32G0B1NEY6TR, STM32G0B1RCT6N, STM32G0C1CCT6, STM32G0C1CCT6N, STM32G0C1CCU6N, STM32G0C1CET6N, STM32G0C1CEU6N, STM32G0C1KCT6, STM32G0C1NEY6TR, STM32G0C1RCI6N, STM32G0C1RCT6N, STM32G0C1REI6N, STM32G0C1RET6N, STM32G0C1VCI6, STM32G0C1VEI6, STM32G411C6T3, STM32G411C6T6, STM32G411C6U3, STM32G411C6U6, STM32G411C8T3, STM32G411C8T6, STM32G411C8U3, STM32G411C8U6, STM32G411CBT3, STM32G411CBT6, STM32G411CBU3, STM32G411CBU6, STM32G411K6T3, STM32G411K6T6, STM32G411K6U3, STM32G411K6U6, STM32G411K8T3, STM32G411K8T6, STM32G411K8U3, STM32G411K8U6, STM32G411KBT3, STM32G411KBT6, STM32G411KBU3, STM32G411KBU6, STM32G411M6T3, STM32G411M6T6, STM32G411M8T3, STM32G411M8T6, STM32G411MBT3, STM32G411MBT6, STM32G411R6T3, STM32G411R6T6, STM32G411R8T3, STM32G411R8T6, STM32G411RBT3, STM32G411RBT6, STM32G414CBT3, STM32G414CBT6, STM32G414CBU3, STM32G414CBU6, STM32G414CCT3, STM32G414CCT6, STM32G414CCU3, STM32G414CCU6, STM32G414MBT3, STM32G414MBT6, STM32G414MCT3, STM32G414MCT6, STM32G414RBT3, STM32G414RBT6, STM32G414RCT3, STM32G414RCT6, STM32G414VBT3, STM32G414VBT6, STM32G414VCT3, STM32G414VCT6, STM32G431CBT3Z, STM32G431RBT3Z, STM32G471CCT6, STM32G471CCU6, STM32G471CET3, STM32G471CET6, STM32G471CEU3, STM32G471CEU6, STM32G471MCT6, STM32G471MET3, STM32G471MET6, STM32G471MEY6TR, STM32G471QCT6, STM32G471QET3, STM32G471RCT6, STM32G471RET3, STM32G471RET6, STM32G471VCH6, STM32G471VCI6, STM32G471VCT6, STM32G471VEH3, STM32G471VEH6, STM32G471VEI3, STM32G471VEI6, STM32G471VET3, STM32G471VET6, STM32G473QET3Z, STM32G473RET3Z, STM32G474CCT6, STM32G491RET3Z, STM32H503CBT6, STM32H503CBU6, STM32H503EBY6TR, STM32H503KBU6, STM32H503RBT6, STM32H523CCT6, STM32H523CCU6, STM32H523CET6, STM32H523CEU6, STM32H523HEY6TR, STM32H523RCT6, STM32H523RET6, STM32H523VCI6, STM32H523VCT6, STM32H523VEI6, STM32H523VET6, STM32H523ZCJ6, STM32H523ZCT6, STM32H523ZEJ6, STM32H523ZET6, STM32H533CET6, STM32H533CEU6, STM32H533HEY6TR, STM32H533RET6, STM32H533VEI6, STM32H533VET6, STM32H533ZEJ6, STM32H533ZET6, STM32H562AGI6, STM32H562AII6, STM32H562IGK6, STM32H562IGT6, STM32H562IIK6, STM32H562IIT6, STM32H562RGT6, STM32H562RGV6, STM32H562RIT6, STM32H562RIV6, STM32H562VGT6, STM32H562VIT6, STM32H562ZGT6, STM32H562ZIT6, STM32H563AGI6, STM32H563AII3Q, STM32H563AII6, STM32H563IGK6, STM32H563IGT6, STM32H563IIK3Q, STM32H563IIK6, STM32H563IIT3Q, STM32H563IIT6, STM32H563MIY3QTR, STM32H563RGT6, STM32H563RGV6, STM32H563RIT6, STM32H563RIV6, STM32H563VGT6, STM32H563VIT3Q, STM32H563VIT6, STM32H563ZGT6, STM32H563ZIT3Q, STM32H563ZIT6, STM32H573AII3Q, STM32H573AII6, STM32H573I-DK, STM32H573IIK3Q, STM32H573IIK6, STM32H573IIT3Q, STM32H573IIT6, STM32H573MIY3QTR, STM32H573RIT6, STM32H573RIV6, STM32H573VIT3Q, STM32H573VIT6, STM32H573ZIT3Q, STM32H573ZIT6, STM32H7R3A8I6, STM32H7R3I8K6, STM32H7R3I8T6, STM32H7R3L8H6, STM32H7R3L8H6H, STM32H7R3R8V6, STM32H7R3V8H6, STM32H7R3V8T6, STM32H7R3V8Y6TR, STM32H7R3Z8J6, STM32H7R3Z8T6, STM32H7R7A8I6, STM32H7R7I8K6, STM32H7R7I8T6, STM32H7R7L8H6, STM32H7R7L8H6H, STM32H7R7Z8J6, STM32H7S3A8I6, STM32H7S3I8K6, STM32H7S3I8T6, STM32H7S3L8H6, STM32H7S3L8H6H, STM32H7S3R8V6, STM32H7S3V8H6, STM32H7S3V8T6, STM32H7S3V8Y6TR, STM32H7S3Z8J6, STM32H7S3Z8T6, STM32H7S78-DK, STM32H7S7A8I6, STM32H7S7I8K6, STM32H7S7I8T6, STM32H7S7L8H6, STM32H7S7L8H6H, STM32H7S7Z8J6, STM32L4R5QGI6STR, STM32MP131AAE3, STM32MP131AAF3, STM32MP131AAG3, STM32MP131CAE3, STM32MP131CAF3, STM32MP131CAG3, STM32MP131DAE7, STM32MP131DAF7, STM32MP131DAG7, STM32MP131FAE7, STM32MP131FAF7, STM32MP131FAG7, STM32MP133AAE3, STM32MP133AAF3, STM32MP133AAG3, STM32MP133CAE3, STM32MP133CAF3, STM32MP133CAG3, STM32MP133DAE7, STM32MP133DAF7, STM32MP133DAG7, STM32MP133FAE7, STM32MP133FAF7, STM32MP133FAG7, STM32MP135AAE3, STM32MP135AAF3, STM32MP135AAG3, STM32MP135CAE3, STM32MP135CAF3, STM32MP135CAG3, STM32MP135DAE7, STM32MP135DAF7, STM32MP135DAG7, STM32MP135F-DK, STM32MP135FAE7, STM32MP135FAF7, STM32MP135FAF7T, STM32MP135FAF7U, STM32MP135FAG7, STM32MP251AAI3, STM32MP251AAK3, STM32MP251AAL3, STM32MP251CAI3, STM32MP251CAK3, STM32MP251CAL3, STM32MP251DAI3, STM32MP251DAK3, STM32MP251DAL3, STM32MP251FAI3, STM32MP251FAK3, STM32MP251FAL3, STM32MP253AAI3, STM32MP253AAK3, STM32MP253AAL3, STM32MP253CAI3, STM32MP253CAK3, STM32MP253CAL3, STM32MP253DAI3, STM32MP253DAK3, STM32MP253DAL3, STM32MP253FAI3, STM32MP253FAK3, STM32MP253FAL3, STM32MP255AAI3, STM32MP255AAK3, STM32MP255AAL3, STM32MP255CAI3, STM32MP255CAK3, STM32MP255CAL3, STM32MP255DAI3, STM32MP255DAK3, STM32MP255DAL3, STM32MP255FAI3, STM32MP255FAK3, STM32MP255FAL3, STM32MP257AAI3, STM32MP257AAK3, STM32MP257AAL3, STM32MP257CAI3, STM32MP257CAK3, STM32MP257CAL3, STM32MP257DAI3, STM32MP257DAK3, STM32MP257DAL3, STM32MP257F-DK, STM32MP257F-EV1, STM32MP257FAI3, STM32MP257FAK3, STM32MP257FAL3, STM32U031C6T6, STM32U031C6U6, STM32U031C8T6, STM32U031C8U6, STM32U031F4P6, STM32U031F6P6, STM32U031F8P6, STM32U031G6Y6TR, STM32U031G8Y6TR, STM32U031K4U6, STM32U031K6U6, STM32U031K8U6, STM32U031R6I6, STM32U031R6T6, STM32U031R8I6, STM32U031R8T6, STM32U073C8T6, STM32U073C8U6, STM32U073CBT6, STM32U073CBU6, STM32U073CCT6, STM32U073CCU6, STM32U073H8Y6TR, STM32U073HBY6TR, STM32U073HCY6TR, STM32U073K8U6, STM32U073KBU6, STM32U073KCU6, STM32U073M8I6, STM32U073M8T6, STM32U073MBI6, STM32U073MBT6, STM32U073MCI6, STM32U073MCT6, STM32U073R8I6, STM32U073R8T6, STM32U073RBI6, STM32U073RBT6, STM32U073RCI6, STM32U073RCT6, STM32U083C-DK, STM32U083CCT6, STM32U083CCU6, STM32U083HCY6TR, STM32U083KCU6, STM32U083MCI6, STM32U083MCT6, STM32U083RCI6, STM32U083RCT6, STM32U535CBT6, STM32U535CBT6Q, STM32U535CBU6, STM32U535CBU6Q, STM32U535CCT6, STM32U535CCT6Q, STM32U535CCU6, STM32U535CCU6Q, STM32U535CET6, STM32U535CET6Q, STM32U535CEU6, STM32U535CEU6Q, STM32U535JEY6QTR, STM32U535NCY6QTR, STM32U535NEY6QTR, STM32U535RBI6, STM32U535RBI6Q, STM32U535RBT6, STM32U535RBT6Q, STM32U535RCI6, STM32U535RCI6Q, STM32U535RCT6, STM32U535RCT6Q, STM32U535REI6, STM32U535REI6Q, STM32U535RET6, STM32U535RET6Q, STM32U535VCI6, STM32U535VCI6Q, STM32U535VCT6, STM32U535VCT6Q, STM32U535VEI6, STM32U535VEI6Q, STM32U535VET6, STM32U535VET6Q, STM32U545CET6, STM32U545CET6Q, STM32U545CEU6, STM32U545CEU6Q, STM32U545JEY6QTR, STM32U545NEY6QTR, STM32U545REI6, STM32U545REI6Q, STM32U545RET6, STM32U545RET6Q, STM32U545VEI6, STM32U545VEI6Q, STM32U545VET6, STM32U545VET6Q, STM32U595AIH6, STM32U595AIH6Q, STM32U595AJH6, STM32U595AJH6Q, STM32U595QII6, STM32U595QII6Q, STM32U595QJI6, STM32U595QJI6Q, STM32U595RIT6, STM32U595RIT6Q, STM32U595RJT6, STM32U595RJT6Q, STM32U595VIT6, STM32U595VIT6Q, STM32U595VJT6, STM32U595VJT6Q, STM32U595ZIT6, STM32U595ZIT6Q, STM32U595ZIY6QTR, STM32U595ZJT6, STM32U595ZJT6Q, STM32U595ZJY6QTR, STM32U599BJY6QTR, STM32U599NIH6Q, STM32U599NJH6Q, STM32U599VIT6Q, STM32U599VJT6, STM32U599VJT6Q, STM32U599ZIT6Q, STM32U599ZIY6QTR, STM32U599ZJT6Q, STM32U599ZJY6QTR, STM32U5A5AJH6, STM32U5A5AJH6Q, STM32U5A5QII3Q , STM32U5A5QJI6, STM32U5A5QJI6Q, STM32U5A5RJT6, STM32U5A5RJT6Q, STM32U5A5VJT6, STM32U5A5VJT6Q, STM32U5A5ZJT6, STM32U5A5ZJT6Q, STM32U5A5ZJY6QTR, STM32U5A9BJY6QTR, STM32U5A9J-DK, STM32U5A9NJH6Q, STM32U5A9VJT6Q, STM32U5A9ZJT6Q, STM32U5A9ZJY6QTR, STM32U5F7VIT6, STM32U5F7VIT6Q, STM32U5F7VJT6, STM32U5F7VJT6Q, STM32U5F9BJY6QTR, STM32U5F9NJH6Q, STM32U5F9VIT6Q, STM32U5F9VJT6Q, STM32U5F9ZIJ6QTR, STM32U5F9ZIT6Q, STM32U5F9ZJJ6QTR, STM32U5F9ZJT6Q, STM32U5G7VJT6, STM32U5G7VJT6Q, STM32U5G9BJY6QTR, STM32U5G9J-DK1, STM32U5G9J-DK2, STM32U5G9NJH6Q, STM32U5G9VJT6Q, STM32U5G9ZJJ6QTR, STM32U5G9ZJT6Q, STM32WB05KZV6TR, STM32WB05KZV7TR, STM32WB05TZF6TR, STM32WB05TZF7TR, STM32WB06CCF6TR, STM32WB06CCF7TR, STM32WB06CCV6TR, STM32WB06CCV7TR, STM32WB06KCV6TR, STM32WB06KCV7TR, STM32WB07CCF6TR, STM32WB07CCF7TR, STM32WB07CCV6TR, STM32WB07CCV7TR, STM32WB07KCV6TR, STM32WB07KCV7TR, STM32WB09KEV6TR, STM32WB09KEV7TR, STM32WB09TEF6TR, STM32WB09TEF7TR, STM32WB1MMCH6, STM32WBA50KGU6, STM32WBA50KGU6TR, STM32WBA52CEU6, STM32WBA52CEU6TR, STM32WBA52CEU7, STM32WBA52CEU7TR, STM32WBA52CGU6, STM32WBA52CGU6TR, STM32WBA52CGU6U, STM32WBA52CGU7, STM32WBA52CGU7TR, STM32WBA52KEU6, STM32WBA52KEU6TR, STM32WBA52KGU6, STM32WBA52KGU6TR, STM32WBA54CEU6, STM32WBA54CEU6TR, STM32WBA54CEU7, STM32WBA54CEU7TR, STM32WBA54CGU6, STM32WBA54CGU6TR, STM32WBA54CGU7, STM32WBA54CGU7TR, STM32WBA54KEU6, STM32WBA54KEU6TR, STM32WBA54KEU7, STM32WBA54KEU7TR, STM32WBA54KGU6, STM32WBA54KGU6TR, STM32WBA54KGU7, STM32WBA54KGU7TR, STM32WBA55CEU6, STM32WBA55CEU6TR, STM32WBA55CEU7, STM32WBA55CEU7TR, STM32WBA55CGU6, STM32WBA55CGU6TR, STM32WBA55CGU6U, STM32WBA55CGU7, STM32WBA55CGU7TR, STM32WBA55G-DK1, STM32WBA55HEF6, STM32WBA55HEF7, STM32WBA55HGF6, STM32WBA55HGF7, STM32WBA55UEI6, STM32WBA55UEI6TR, STM32WBA55UEI7, STM32WBA55UEI7TR, STM32WBA55UGI6, STM32WBA55UGI6TR, STM32WBA55UGI7, STM32WBA55UGI7TR, STM32WL5MOCH6, STM32WL5MOCH6TR]
2025-02-27 19:51:36,766 [INFO] BoardInfo:889 - No configuration file found for board P-NUCLEO-WB55
2025-02-27 19:51:36,767 [INFO] DbBoards:161 - Kit is not supported: P-NUCLEO-WB55
2025-02-27 19:51:36,773 [INFO] BoardInfo:889 - No configuration file found for board STEVAL-BFA001V1B
2025-02-27 19:51:36,774 [INFO] DbBoards:161 - Kit is not supported: STEVAL-BFA001V1B
2025-02-27 19:51:36,775 [INFO] BoardInfo:889 - No configuration file found for board STEVAL-BFA001V2B
2025-02-27 19:51:36,776 [INFO] DbBoards:161 - Kit is not supported: STEVAL-BFA001V2B
2025-02-27 19:51:36,934 [INFO] DbBoards:168 - Found 201 boards, 198 are supported
2025-02-27 19:51:36,934 [INFO] DbBoards:169 - Found 201 boards, 25 of them is supported for  Bsp
2025-02-27 19:51:36,939 [INFO] ApiDb:668 - CubeFinder database Data Model version=2.1
2025-02-27 19:51:36,939 [INFO] ApiDb:669 - CubeFinder database Configuration version=3.0.39
2025-02-27 19:51:36,939 [INFO] ApiDb:670 - CubeFinder database generation date=2024-10-15 (1729006872)
2025-02-27 19:51:36,939 [INFO] ApiDb:671 - CubeFinder database FW Pack versions=[FP-ATR-ASTRA1_V2.0.0, FP-SNS-FLIGHT1_V5.0.2, FP-SNS-MOTENV1_V5.0.0, FP-SNS-MOTENVWB1_V1.4.0, FP-SNS-SMARTAG2_V1.2.0, FP-SNS-STBOX1_V2.0.0, STM32Cube_FW_C0_V1.2.0, STM32Cube_FW_F4_V1.28.1, STM32Cube_FW_F7_V1.17.2, STM32Cube_FW_G0_V1.6.2, STM32Cube_FW_G4_V1.6.0, STM32Cube_FW_H5_V1.3.0, STM32Cube_FW_H7RS_V1.1.0, STM32Cube_FW_H7_V1.11.2, STM32Cube_FW_L0_V1.12.2, STM32Cube_FW_L5_V1.5.1, STM32Cube_FW_U0_V1.1.0, STM32Cube_FW_U5_V1.6.0, STM32Cube_FW_WB0_V1.0.0, STM32Cube_FW_WBA_V1.4.1, STM32Cube_FW_WB_V1.20.0, STM32Cube_FW_WL_V1.3.0, X-CUBE-ALGOBUILD_V1.4.0, X-CUBE-ALS_V1.0.2, X-CUBE-AZRTOS-F4_V1.1.0, X-CUBE-AZRTOS-F7_V1.1.0, X-CUBE-AZRTOS-G0_V1.1.0, X-CUBE-AZRTOS-G4_V2.0.0, X-CUBE-AZRTOS-H7RS_V1.0.0, X-CUBE-AZRTOS-H7_V3.3.0, X-CUBE-AZRTOS-L4_V2.0.0, X-CUBE-AZRTOS-L5_V2.0.0, X-CUBE-AZRTOS-WB_V2.0.0, X-CUBE-AZRTOS-WL_V2.0.0, X-CUBE-BLE1_V7.0.0, X-CUBE-BLE2_V3.3.0, X-CUBE-BLEMGR_V3.1.0, X-CUBE-EEPRMA1_V5.1.0, X-CUBE-FREERTOS_V1.2.0, X-CUBE-GNSS1_V6.0.0, X-CUBE-MEMS1_V11.0.0, X-CUBE-NFC4_V3.0.0, X-CUBE-NFC7_V1.0.1, X-CUBE-SFXS2LP1_V4.0.0, X-CUBE-SUBG2_V5.0.0, X-CUBE-TOF1_V3.4.2]
2025-02-27 19:51:38,787 [INFO] ApiDb:240 - Found 646 in-development CPN: [B-G473E-ZEST1S, B-WB1M-WPAN1, B-WL5M-SUBG1, NUCLEO-C031C6, NUCLEO-C071RB, NUCLEO-H503RB, NUCLEO-H533RE, NUCLEO-H563ZI, NUCLEO-H7S3L8, NUCLEO-U031R8, NUCLEO-U083RC, NUCLEO-U545RE-Q, NUCLEO-U5A5ZJ-Q, NUCLEO-WB05KZ, NUCLEO-WB07CC, NUCLEO-WB09KE, NUCLEO-WBA52CG, NUCLEO-WBA55CG, STEVAL-PROTEUS1, STEVAL-SMARTAG2, STEVAL-STWINBX1, STM320518-EVAL, STM32C0116-DK, STM32C011D6Y3TR, STM32C011D6Y6TR, STM32C011F4P3, STM32C011F4P6, STM32C011F4U3, STM32C011F4U6TR, STM32C011F6P3, STM32C011F6P6, STM32C011F6U3, STM32C011F6U6TR, STM32C011J4M3, STM32C011J4M6, STM32C011J6M3, STM32C011J6M6, STM32C0316-DK, STM32C031C4T3, STM32C031C4T6, STM32C031C4U3, STM32C031C4U6, STM32C031C6T3, STM32C031C6T6, STM32C031C6U3, STM32C031C6U6, STM32C031F4P3, STM32C031F4P6, STM32C031F6P3, STM32C031F6P6, STM32C031G4U3, STM32C031G4U6, STM32C031G6U3, STM32C031G6U6, STM32C031K4T3, STM32C031K4T6, STM32C031K4U3, STM32C031K4U6, STM32C031K6T3, STM32C031K6T6, STM32C031K6U3, STM32C031K6U6, STM32C071C8T6, STM32C071C8T6N, STM32C071C8U6, STM32C071C8U6N, STM32C071CBT6, STM32C071CBT6N, STM32C071CBU6, STM32C071CBU6N, STM32C071F8P6, STM32C071F8P6N, STM32C071FBP6, STM32C071FBP6N, STM32C071FBY6TR, STM32C071G8U6, STM32C071G8U6N, STM32C071GBU6, STM32C071GBU6N, STM32C071K8T6, STM32C071K8T6N, STM32C071K8U6, STM32C071K8U6N, STM32C071KBT6, STM32C071KBT6N, STM32C071KBU6, STM32C071KBU6N, STM32C071R8T6, STM32C071R8T6N, STM32C071RBI6N, STM32C071RBT6, STM32C071RBT6N, STM32G071K8TXN, STM32G071K8UXN, STM32G081GBU6N, STM32G081KBT6N, STM32G081KBUXN, STM32G0B1CCT6N, STM32G0B1KCT6, STM32G0B1NEY6TR, STM32G0B1RCT6N, STM32G0C1CCT6, STM32G0C1CCT6N, STM32G0C1CCU6N, STM32G0C1CET6N, STM32G0C1CEU6N, STM32G0C1KCT6, STM32G0C1NEY6TR, STM32G0C1RCI6N, STM32G0C1RCT6N, STM32G0C1REI6N, STM32G0C1RET6N, STM32G0C1VCI6, STM32G0C1VEI6, STM32G411C6T3, STM32G411C6T6, STM32G411C6U3, STM32G411C6U6, STM32G411C8T3, STM32G411C8T6, STM32G411C8U3, STM32G411C8U6, STM32G411CBT3, STM32G411CBT6, STM32G411CBU3, STM32G411CBU6, STM32G411K6T3, STM32G411K6T6, STM32G411K6U3, STM32G411K6U6, STM32G411K8T3, STM32G411K8T6, STM32G411K8U3, STM32G411K8U6, STM32G411KBT3, STM32G411KBT6, STM32G411KBU3, STM32G411KBU6, STM32G411M6T3, STM32G411M6T6, STM32G411M8T3, STM32G411M8T6, STM32G411MBT3, STM32G411MBT6, STM32G411R6T3, STM32G411R6T6, STM32G411R8T3, STM32G411R8T6, STM32G411RBT3, STM32G411RBT6, STM32G414CBT3, STM32G414CBT6, STM32G414CBU3, STM32G414CBU6, STM32G414CCT3, STM32G414CCT6, STM32G414CCU3, STM32G414CCU6, STM32G414MBT3, STM32G414MBT6, STM32G414MCT3, STM32G414MCT6, STM32G414RBT3, STM32G414RBT6, STM32G414RCT3, STM32G414RCT6, STM32G414VBT3, STM32G414VBT6, STM32G414VCT3, STM32G414VCT6, STM32G431CBT3Z, STM32G431RBT3Z, STM32G471CCT6, STM32G471CCU6, STM32G471CET3, STM32G471CET6, STM32G471CEU3, STM32G471CEU6, STM32G471MCT6, STM32G471MET3, STM32G471MET6, STM32G471MEY6TR, STM32G471QCT6, STM32G471QET3, STM32G471RCT6, STM32G471RET3, STM32G471RET6, STM32G471VCH6, STM32G471VCI6, STM32G471VCT6, STM32G471VEH3, STM32G471VEH6, STM32G471VEI3, STM32G471VEI6, STM32G471VET3, STM32G471VET6, STM32G473QET3Z, STM32G473RET3Z, STM32G474CCT6, STM32G491RET3Z, STM32H503CBT6, STM32H503CBU6, STM32H503EBY6TR, STM32H503KBU6, STM32H503RBT6, STM32H523CCT6, STM32H523CCU6, STM32H523CET6, STM32H523CEU6, STM32H523HEY6TR, STM32H523RCT6, STM32H523RET6, STM32H523VCI6, STM32H523VCT6, STM32H523VEI6, STM32H523VET6, STM32H523ZCJ6, STM32H523ZCT6, STM32H523ZEJ6, STM32H523ZET6, STM32H533CET6, STM32H533CEU6, STM32H533HEY6TR, STM32H533RET6, STM32H533VEI6, STM32H533VET6, STM32H533ZEJ6, STM32H533ZET6, STM32H562AGI6, STM32H562AII6, STM32H562IGK6, STM32H562IGT6, STM32H562IIK6, STM32H562IIT6, STM32H562RGT6, STM32H562RGV6, STM32H562RIT6, STM32H562RIV6, STM32H562VGT6, STM32H562VIT6, STM32H562ZGT6, STM32H562ZIT6, STM32H563AGI6, STM32H563AII3Q, STM32H563AII6, STM32H563IGK6, STM32H563IGT6, STM32H563IIK3Q, STM32H563IIK6, STM32H563IIT3Q, STM32H563IIT6, STM32H563MIY3QTR, STM32H563RGT6, STM32H563RGV6, STM32H563RIT6, STM32H563RIV6, STM32H563VGT6, STM32H563VIT3Q, STM32H563VIT6, STM32H563ZGT6, STM32H563ZIT3Q, STM32H563ZIT6, STM32H573AII3Q, STM32H573AII6, STM32H573I-DK, STM32H573IIK3Q, STM32H573IIK6, STM32H573IIT3Q, STM32H573IIT6, STM32H573MIY3QTR, STM32H573RIT6, STM32H573RIV6, STM32H573VIT3Q, STM32H573VIT6, STM32H573ZIT3Q, STM32H573ZIT6, STM32H7R3A8I6, STM32H7R3I8K6, STM32H7R3I8T6, STM32H7R3L8H6, STM32H7R3L8H6H, STM32H7R3R8V6, STM32H7R3V8H6, STM32H7R3V8T6, STM32H7R3V8Y6TR, STM32H7R3Z8J6, STM32H7R3Z8T6, STM32H7R7A8I6, STM32H7R7I8K6, STM32H7R7I8T6, STM32H7R7L8H6, STM32H7R7L8H6H, STM32H7R7Z8J6, STM32H7S3A8I6, STM32H7S3I8K6, STM32H7S3I8T6, STM32H7S3L8H6, STM32H7S3L8H6H, STM32H7S3R8V6, STM32H7S3V8H6, STM32H7S3V8T6, STM32H7S3V8Y6TR, STM32H7S3Z8J6, STM32H7S3Z8T6, STM32H7S78-DK, STM32H7S7A8I6, STM32H7S7I8K6, STM32H7S7I8T6, STM32H7S7L8H6, STM32H7S7L8H6H, STM32H7S7Z8J6, STM32L4R5QGI6STR, STM32MP131AAE3, STM32MP131AAF3, STM32MP131AAG3, STM32MP131CAE3, STM32MP131CAF3, STM32MP131CAG3, STM32MP131DAE7, STM32MP131DAF7, STM32MP131DAG7, STM32MP131FAE7, STM32MP131FAF7, STM32MP131FAG7, STM32MP133AAE3, STM32MP133AAF3, STM32MP133AAG3, STM32MP133CAE3, STM32MP133CAF3, STM32MP133CAG3, STM32MP133DAE7, STM32MP133DAF7, STM32MP133DAG7, STM32MP133FAE7, STM32MP133FAF7, STM32MP133FAG7, STM32MP135AAE3, STM32MP135AAF3, STM32MP135AAG3, STM32MP135CAE3, STM32MP135CAF3, STM32MP135CAG3, STM32MP135DAE7, STM32MP135DAF7, STM32MP135DAG7, STM32MP135F-DK, STM32MP135FAE7, STM32MP135FAF7, STM32MP135FAF7T, STM32MP135FAF7U, STM32MP135FAG7, STM32MP251AAI3, STM32MP251AAK3, STM32MP251AAL3, STM32MP251CAI3, STM32MP251CAK3, STM32MP251CAL3, STM32MP251DAI3, STM32MP251DAK3, STM32MP251DAL3, STM32MP251FAI3, STM32MP251FAK3, STM32MP251FAL3, STM32MP253AAI3, STM32MP253AAK3, STM32MP253AAL3, STM32MP253CAI3, STM32MP253CAK3, STM32MP253CAL3, STM32MP253DAI3, STM32MP253DAK3, STM32MP253DAL3, STM32MP253FAI3, STM32MP253FAK3, STM32MP253FAL3, STM32MP255AAI3, STM32MP255AAK3, STM32MP255AAL3, STM32MP255CAI3, STM32MP255CAK3, STM32MP255CAL3, STM32MP255DAI3, STM32MP255DAK3, STM32MP255DAL3, STM32MP255FAI3, STM32MP255FAK3, STM32MP255FAL3, STM32MP257AAI3, STM32MP257AAK3, STM32MP257AAL3, STM32MP257CAI3, STM32MP257CAK3, STM32MP257CAL3, STM32MP257DAI3, STM32MP257DAK3, STM32MP257DAL3, STM32MP257F-DK, STM32MP257F-EV1, STM32MP257FAI3, STM32MP257FAK3, STM32MP257FAL3, STM32U031C6T6, STM32U031C6U6, STM32U031C8T6, STM32U031C8U6, STM32U031F4P6, STM32U031F6P6, STM32U031F8P6, STM32U031G6Y6TR, STM32U031G8Y6TR, STM32U031K4U6, STM32U031K6U6, STM32U031K8U6, STM32U031R6I6, STM32U031R6T6, STM32U031R8I6, STM32U031R8T6, STM32U073C8T6, STM32U073C8U6, STM32U073CBT6, STM32U073CBU6, STM32U073CCT6, STM32U073CCU6, STM32U073H8Y6TR, STM32U073HBY6TR, STM32U073HCY6TR, STM32U073K8U6, STM32U073KBU6, STM32U073KCU6, STM32U073M8I6, STM32U073M8T6, STM32U073MBI6, STM32U073MBT6, STM32U073MCI6, STM32U073MCT6, STM32U073R8I6, STM32U073R8T6, STM32U073RBI6, STM32U073RBT6, STM32U073RCI6, STM32U073RCT6, STM32U083C-DK, STM32U083CCT6, STM32U083CCU6, STM32U083HCY6TR, STM32U083KCU6, STM32U083MCI6, STM32U083MCT6, STM32U083RCI6, STM32U083RCT6, STM32U535CBT6, STM32U535CBT6Q, STM32U535CBU6, STM32U535CBU6Q, STM32U535CCT6, STM32U535CCT6Q, STM32U535CCU6, STM32U535CCU6Q, STM32U535CET6, STM32U535CET6Q, STM32U535CEU6, STM32U535CEU6Q, STM32U535JEY6QTR, STM32U535NCY6QTR, STM32U535NEY6QTR, STM32U535RBI6, STM32U535RBI6Q, STM32U535RBT6, STM32U535RBT6Q, STM32U535RCI6, STM32U535RCI6Q, STM32U535RCT6, STM32U535RCT6Q, STM32U535REI6, STM32U535REI6Q, STM32U535RET6, STM32U535RET6Q, STM32U535VCI6, STM32U535VCI6Q, STM32U535VCT6, STM32U535VCT6Q, STM32U535VEI6, STM32U535VEI6Q, STM32U535VET6, STM32U535VET6Q, STM32U545CET6, STM32U545CET6Q, STM32U545CEU6, STM32U545CEU6Q, STM32U545JEY6QTR, STM32U545NEY6QTR, STM32U545REI6, STM32U545REI6Q, STM32U545RET6, STM32U545RET6Q, STM32U545VEI6, STM32U545VEI6Q, STM32U545VET6, STM32U545VET6Q, STM32U595AIH6, STM32U595AIH6Q, STM32U595AJH6, STM32U595AJH6Q, STM32U595QII6, STM32U595QII6Q, STM32U595QJI6, STM32U595QJI6Q, STM32U595RIT6, STM32U595RIT6Q, STM32U595RJT6, STM32U595RJT6Q, STM32U595VIT6, STM32U595VIT6Q, STM32U595VJT6, STM32U595VJT6Q, STM32U595ZIT6, STM32U595ZIT6Q, STM32U595ZIY6QTR, STM32U595ZJT6, STM32U595ZJT6Q, STM32U595ZJY6QTR, STM32U599BJY6QTR, STM32U599NIH6Q, STM32U599NJH6Q, STM32U599VIT6Q, STM32U599VJT6, STM32U599VJT6Q, STM32U599ZIT6Q, STM32U599ZIY6QTR, STM32U599ZJT6Q, STM32U599ZJY6QTR, STM32U5A5AJH6, STM32U5A5AJH6Q, STM32U5A5QII3Q , STM32U5A5QJI6, STM32U5A5QJI6Q, STM32U5A5RJT6, STM32U5A5RJT6Q, STM32U5A5VJT6, STM32U5A5VJT6Q, STM32U5A5ZJT6, STM32U5A5ZJT6Q, STM32U5A5ZJY6QTR, STM32U5A9BJY6QTR, STM32U5A9J-DK, STM32U5A9NJH6Q, STM32U5A9VJT6Q, STM32U5A9ZJT6Q, STM32U5A9ZJY6QTR, STM32U5F7VIT6, STM32U5F7VIT6Q, STM32U5F7VJT6, STM32U5F7VJT6Q, STM32U5F9BJY6QTR, STM32U5F9NJH6Q, STM32U5F9VIT6Q, STM32U5F9VJT6Q, STM32U5F9ZIJ6QTR, STM32U5F9ZIT6Q, STM32U5F9ZJJ6QTR, STM32U5F9ZJT6Q, STM32U5G7VJT6, STM32U5G7VJT6Q, STM32U5G9BJY6QTR, STM32U5G9J-DK1, STM32U5G9J-DK2, STM32U5G9NJH6Q, STM32U5G9VJT6Q, STM32U5G9ZJJ6QTR, STM32U5G9ZJT6Q, STM32WB05KZV6TR, STM32WB05KZV7TR, STM32WB05TZF6TR, STM32WB05TZF7TR, STM32WB06CCF6TR, STM32WB06CCF7TR, STM32WB06CCV6TR, STM32WB06CCV7TR, STM32WB06KCV6TR, STM32WB06KCV7TR, STM32WB07CCF6TR, STM32WB07CCF7TR, STM32WB07CCV6TR, STM32WB07CCV7TR, STM32WB07KCV6TR, STM32WB07KCV7TR, STM32WB09KEV6TR, STM32WB09KEV7TR, STM32WB09TEF6TR, STM32WB09TEF7TR, STM32WB1MMCH6, STM32WBA50KGU6, STM32WBA50KGU6TR, STM32WBA52CEU6, STM32WBA52CEU6TR, STM32WBA52CEU7, STM32WBA52CEU7TR, STM32WBA52CGU6, STM32WBA52CGU6TR, STM32WBA52CGU6U, STM32WBA52CGU7, STM32WBA52CGU7TR, STM32WBA52KEU6, STM32WBA52KEU6TR, STM32WBA52KGU6, STM32WBA52KGU6TR, STM32WBA54CEU6, STM32WBA54CEU6TR, STM32WBA54CEU7, STM32WBA54CEU7TR, STM32WBA54CGU6, STM32WBA54CGU6TR, STM32WBA54CGU7, STM32WBA54CGU7TR, STM32WBA54KEU6, STM32WBA54KEU6TR, STM32WBA54KEU7, STM32WBA54KEU7TR, STM32WBA54KGU6, STM32WBA54KGU6TR, STM32WBA54KGU7, STM32WBA54KGU7TR, STM32WBA55CEU6, STM32WBA55CEU6TR, STM32WBA55CEU7, STM32WBA55CEU7TR, STM32WBA55CGU6, STM32WBA55CGU6TR, STM32WBA55CGU6U, STM32WBA55CGU7, STM32WBA55CGU7TR, STM32WBA55G-DK1, STM32WBA55HEF6, STM32WBA55HEF7, STM32WBA55HGF6, STM32WBA55HGF7, STM32WBA55UEI6, STM32WBA55UEI6TR, STM32WBA55UEI7, STM32WBA55UEI7TR, STM32WBA55UGI6, STM32WBA55UGI6TR, STM32WBA55UGI7, STM32WBA55UGI7TR, STM32WL5MOCH6, STM32WL5MOCH6TR]
2025-02-27 19:51:38,790 [INFO] DbMcus:218 - Found 4252 MCUs, 4252 are supported
2025-02-27 19:51:38,791 [INFO] ApiDb:423 - Load user favorites file C:\Users\mridu/.stm32cubeide/favorites.mcus.txt: 0 item(s)
2025-02-27 19:51:38,792 [INFO] ApiDb:427 - User favorites MCUs=[]
2025-02-27 19:51:38,792 [INFO] DbMcus:224 - Set 0 / 0 favorites MCUs
2025-02-27 19:51:39,119 [INFO] ApiDb:423 - Load user favorites file C:\Users\mridu/.stm32cubeide/favorites.boards.txt: 0 item(s)
2025-02-27 19:51:39,120 [INFO] ApiDb:427 - User favorites Boards=[]
2025-02-27 19:51:39,120 [INFO] DbBoards:198 - Set 0 / 0 favorites Boards
2025-02-27 19:51:39,208 [INFO] UtilMem:75 - End LoadConfig() Used Memory: 867412392 Bytes (1073741824)
2025-02-27 19:51:39,504 [WARN] ThirdParty:833 - waiting for thirdparty lock release [change project]
2025-02-27 19:51:39,505 [INFO] ThirdParty:835 - entering critical section [change project]
2025-02-27 19:51:39,505 [INFO] ThirdParty:1030 - CMSIS Pack Vendor :STMicroelectronics USBPD 4.1
2025-02-27 19:51:39,505 [INFO] ThirdParty:1030 - CMSIS Pack Vendor :STMicroelectronics X-CUBE-AZRTOS-H7 3.3.0
2025-02-27 19:51:39,505 [INFO] ThirdParty:1030 - CMSIS Pack Vendor :STMicroelectronics USB_HOST 2.0.0
2025-02-27 19:51:39,505 [INFO] ThirdParty:1030 - CMSIS Pack Vendor :STMicroelectronics FP-SNS-MOTENVWB1 1.4.0
2025-02-27 19:51:39,505 [INFO] ThirdParty:1030 - CMSIS Pack Vendor :STMicroelectronics X-CUBE-AZRTOS-F4 1.1.0
2025-02-27 19:51:39,505 [INFO] ThirdParty:1030 - CMSIS Pack Vendor :STMicroelectronics LIBJPEG 8.0.0
2025-02-27 19:51:39,505 [INFO] ThirdParty:1030 - CMSIS Pack Vendor :STMicroelectronics FP-ATR-ASTRA1 2.0.2
2025-02-27 19:51:39,505 [INFO] ThirdParty:1030 - CMSIS Pack Vendor :STMicroelectronics FP-ATR-ASTRA1 2.0.1
2025-02-27 19:51:39,505 [INFO] ThirdParty:1030 - CMSIS Pack Vendor :STMicroelectronics X-CUBE-SMBUS 2.1.0
2025-02-27 19:51:39,505 [INFO] ThirdParty:1030 - CMSIS Pack Vendor :STMicroelectronics X-CUBE-WB05N 1.1.0
2025-02-27 19:51:39,505 [INFO] ThirdParty:1030 - CMSIS Pack Vendor :STMicroelectronics USB_DEVICE 3.0.0
2025-02-27 19:51:39,505 [INFO] ThirdParty:1030 - CMSIS Pack Vendor :STMicroelectronics X-CUBE-TCPP 4.1.0
2025-02-27 19:51:39,505 [INFO] ThirdParty:1030 - CMSIS Pack Vendor :STMicroelectronics X-CUBE-FREERTOS 1.2.0
2025-02-27 19:51:39,505 [INFO] ThirdParty:1030 - CMSIS Pack Vendor :STMicroelectronics X-CUBE-IPS 3.0.0
2025-02-27 19:51:39,505 [INFO] ThirdParty:1030 - CMSIS Pack Vendor :STMicroelectronics X-CUBE-AZRTOS-WB 2.0.0
2025-02-27 19:51:39,505 [INFO] ThirdParty:1030 - CMSIS Pack Vendor :STMicroelectronics X-CUBE-GNSS1 7.0.0
2025-02-27 19:51:39,505 [INFO] ThirdParty:1030 - CMSIS Pack Vendor :STMicroelectronics X-CUBE-GNSS1 7.0.1
2025-02-27 19:51:39,505 [INFO] ThirdParty:1030 - CMSIS Pack Vendor :STMicroelectronics X-CUBE-AZRTOS-F7 1.1.0
2025-02-27 19:51:39,505 [INFO] ThirdParty:1030 - CMSIS Pack Vendor :STMicroelectronics X-CUBE-AZRTOS-L5 2.0.0
2025-02-27 19:51:39,505 [INFO] ThirdParty:1030 - CMSIS Pack Vendor :STMicroelectronics USB_DEVICE 2.0.0
2025-02-27 19:51:39,505 [INFO] ThirdParty:1030 - CMSIS Pack Vendor :STMicroelectronics X-CUBE-NFC6 3.1.0
2025-02-27 19:51:39,505 [INFO] ThirdParty:1030 - CMSIS Pack Vendor :STMicroelectronics X-CUBE-MEMS1 11.0.0
2025-02-27 19:51:39,505 [INFO] ThirdParty:1030 - CMSIS Pack Vendor :STMicroelectronics FreeRTOS 0.0.1
2025-02-27 19:51:39,505 [INFO] ThirdParty:1030 - CMSIS Pack Vendor :STMicroelectronics X-CUBE-AZRTOS-G0 1.1.0
2025-02-27 19:51:39,505 [INFO] ThirdParty:1030 - CMSIS Pack Vendor :STMicroelectronics X-CUBE-SAFEA1 1.2.2
2025-02-27 19:51:39,505 [INFO] ThirdParty:1030 - CMSIS Pack Vendor :STMicroelectronics X-CUBE-NFC4 3.0.0
2025-02-27 19:51:39,505 [INFO] ThirdParty:1030 - CMSIS Pack Vendor :STMicroelectronics X-CUBE-SUBG2 5.0.0
2025-02-27 19:51:39,505 [INFO] ThirdParty:1030 - CMSIS Pack Vendor :STMicroelectronics STM32_WPAN 1.0.0
2025-02-27 19:51:39,505 [INFO] ThirdParty:1030 - CMSIS Pack Vendor :EmbeddedOffice I-CUBE-FS-RTOS 1.0.1
2025-02-27 19:51:39,506 [INFO] ThirdParty:1030 - CMSIS Pack Vendor :STMicroelectronics lwIP 2.0.3
2025-02-27 19:51:39,506 [INFO] ThirdParty:1030 - CMSIS Pack Vendor :STMicroelectronics FP-SNS-FLIGHT1 5.0.2
2025-02-27 19:51:39,506 [INFO] ThirdParty:1030 - CMSIS Pack Vendor :Cesanta I-CUBE-Mongoose 7.13.0
2025-02-27 19:51:39,506 [INFO] ThirdParty:1030 - CMSIS Pack Vendor :STMicroelectronics USB_HOST 1.0.0
2025-02-27 19:51:39,506 [INFO] ThirdParty:1030 - CMSIS Pack Vendor :STMicroelectronics X-CUBE-AZRTOS-G4 2.0.0
2025-02-27 19:51:39,506 [INFO] ThirdParty:1030 - CMSIS Pack Vendor :STMicroelectronics PDM2PCM 3.1.0
2025-02-27 19:51:39,506 [INFO] ThirdParty:1030 - CMSIS Pack Vendor :STMicroelectronics PDM2PCM 3.3.0
2025-02-27 19:51:39,506 [INFO] ThirdParty:1030 - CMSIS Pack Vendor :STMicroelectronics X-CUBE-DISPLAY 3.0.0
2025-02-27 19:51:39,506 [INFO] ThirdParty:1030 - CMSIS Pack Vendor :RealThread X-CUBE-RT-Thread_Nano 4.1.1
2025-02-27 19:51:39,506 [INFO] ThirdParty:1030 - CMSIS Pack Vendor :STMicroelectronics X-CUBE-BLE1 7.0.0
2025-02-27 19:51:39,506 [INFO] ThirdParty:1030 - CMSIS Pack Vendor :STMicroelectronics FP-ATR-SIGFOX1 3.2.0
2025-02-27 19:51:39,506 [INFO] ThirdParty:1030 - CMSIS Pack Vendor :quantropi X-CUBE-qispace-sdk-base 1.9.3
2025-02-27 19:51:39,506 [INFO] ThirdParty:1030 - CMSIS Pack Vendor :STMicroelectronics X-CUBE-BLEMGR 4.0.0
2025-02-27 19:51:39,506 [INFO] ThirdParty:1030 - CMSIS Pack Vendor :STMicroelectronics X-CUBE-EEPRMA1 5.1.0
2025-02-27 19:51:39,506 [INFO] ThirdParty:1030 - CMSIS Pack Vendor :STMicroelectronics HAL Drivers 0.0.0
2025-02-27 19:51:39,506 [INFO] ThirdParty:1030 - CMSIS Pack Vendor :STMicroelectronics MBEDTLS 2.16.2
2025-02-27 19:51:39,506 [INFO] ThirdParty:1030 - CMSIS Pack Vendor :STMicroelectronics X-CUBE-ALS 1.0.2
2025-02-27 19:51:39,506 [INFO] ThirdParty:1030 - CMSIS Pack Vendor :emotas I-CUBE-CANOPEN 1.3.0
2025-02-27 19:51:39,506 [INFO] ThirdParty:1030 - CMSIS Pack Vendor :STMicroelectronics X-CUBE-FREERTOS 1.3.0
2025-02-27 19:51:39,506 [INFO] ThirdParty:1030 - CMSIS Pack Vendor :wolfSSL I-CUBE-wolfSSL 5.7.4
2025-02-27 19:51:39,506 [INFO] ThirdParty:1030 - CMSIS Pack Vendor :STMicroelectronics X-CUBE-NFC7 1.0.1
2025-02-27 19:51:39,506 [INFO] ThirdParty:1030 - CMSIS Pack Vendor :STMicroelectronics MBEDTLS 2.14.1
2025-02-27 19:51:39,507 [INFO] ThirdParty:1030 - CMSIS Pack Vendor :ITTIA_DB I-CUBE-ITTIADB 8.9.0
2025-02-27 19:51:39,507 [INFO] ThirdParty:1030 - CMSIS Pack Vendor :STMicroelectronics X-CUBE-TOUCHGFX 4.24.2
2025-02-27 19:51:39,507 [INFO] ThirdParty:1030 - CMSIS Pack Vendor :STMicroelectronics X-CUBE-TOUCHGFX 4.24.1
2025-02-27 19:51:39,507 [INFO] ThirdParty:1030 - CMSIS Pack Vendor :wolfSSL I-CUBE-wolfTPM 3.4.0
2025-02-27 19:51:39,507 [INFO] ThirdParty:1030 - CMSIS Pack Vendor :portGmbH I-Cube-SoM-uGOAL 1.1.0
2025-02-27 19:51:39,507 [INFO] ThirdParty:1030 - CMSIS Pack Vendor :STMicroelectronics X-CUBE-BLEMGR 3.1.0
2025-02-27 19:51:39,507 [INFO] ThirdParty:1030 - CMSIS Pack Vendor :STMicroelectronics X-CUBE-AI 10.0.0
2025-02-27 19:51:39,507 [INFO] ThirdParty:1030 - CMSIS Pack Vendor :STMicroelectronics ThreadX 1.0.0
2025-02-27 19:51:39,507 [INFO] ThirdParty:1030 - CMSIS Pack Vendor :STMicroelectronics FP-SNS-SMARTAG2 1.2.0
2025-02-27 19:51:39,507 [INFO] ThirdParty:1030 - CMSIS Pack Vendor :STMicroelectronics X-CUBE-MEMS1 11.1.0
2025-02-27 19:51:39,507 [INFO] ThirdParty:1030 - CMSIS Pack Vendor :STMicroelectronics X-CUBE-AZRTOS-WL 2.0.0
2025-02-27 19:51:39,507 [INFO] ThirdParty:1030 - CMSIS Pack Vendor :SEGGER I-CUBE-embOS 1.3.1
2025-02-27 19:51:39,507 [INFO] ThirdParty:1030 - CMSIS Pack Vendor :STMicroelectronics X-CUBE-ALGOBUILD 1.4.0
2025-02-27 19:51:39,507 [INFO] ThirdParty:1030 - CMSIS Pack Vendor :STMicroelectronics FP-SNS-MOTENV1 5.0.0
2025-02-27 19:51:39,507 [INFO] ThirdParty:1030 - CMSIS Pack Vendor :STMicroelectronics USB_DEVICE 1.0.0
2025-02-27 19:51:39,507 [INFO] ThirdParty:1030 - CMSIS Pack Vendor :STMicroelectronics X-CUBE-AZRTOS-H7RS 1.0.0
2025-02-27 19:51:39,507 [INFO] ThirdParty:1030 - CMSIS Pack Vendor :wolfSSL I-CUBE-wolfMQTT 1.19.0
2025-02-27 19:51:39,507 [INFO] ThirdParty:1030 - CMSIS Pack Vendor :STMicroelectronics X-CUBE-AZRTOS-L4 2.0.0
2025-02-27 19:51:39,507 [INFO] ThirdParty:1030 - CMSIS Pack Vendor :STMicroelectronics ThreadX 0.0.2
2025-02-27 19:51:39,507 [INFO] ThirdParty:1030 - CMSIS Pack Vendor :WES I-CUBE-Cesium 1.3.0
2025-02-27 19:51:39,507 [INFO] ThirdParty:1030 - CMSIS Pack Vendor :STMicroelectronics FP-ATR-ASTRA1 2.0.0
2025-02-27 19:51:39,507 [INFO] ThirdParty:1030 - CMSIS Pack Vendor :STMicroelectronics lwIP 2.1.2
2025-02-27 19:51:39,507 [INFO] ThirdParty:1030 - CMSIS Pack Vendor :STMicroelectronics X-CUBE-SFXS2LP1 4.0.0
2025-02-27 19:51:39,507 [INFO] ThirdParty:1030 - CMSIS Pack Vendor :STMicroelectronics X-CUBE-BLE2 3.3.0
2025-02-27 19:51:39,507 [INFO] ThirdParty:1030 - CMSIS Pack Vendor :Infineon AIROC-Wi-Fi-Bluetooth-STM32 1.6.1
2025-02-27 19:51:39,507 [INFO] ThirdParty:1030 - CMSIS Pack Vendor :STMicroelectronics PDM2PCM 3.2.0
2025-02-27 19:51:39,507 [INFO] ThirdParty:1030 - CMSIS Pack Vendor :wolfSSL I-CUBE-wolfSSH 1.4.17
2025-02-27 19:51:39,507 [INFO] ThirdParty:841 - exiting critical section [change project]
2025-02-27 19:51:39,888 [INFO] PinOutPanel:1561 - setPackage(No Configuration,No Configuration)
2025-02-27 19:51:39,890 [INFO] PinOutPanel:1561 - setPackage(STM32F103RCTx,LQFP64)
2025-02-27 19:51:40,576 [INFO] UtilMem:75 - Before build in PCC Used Memory: 626729424 Bytes (1073741824)
2025-02-27 19:51:42,395 [INFO] UtilMem:75 - After build in PCC Used Memory: 889712072 Bytes (1073741824)
2025-02-27 19:51:42,425 [INFO] IPUIPlugin:80 - create IPUIPlugin
2025-02-27 19:51:42,425 [INFO] IPUIPlugin:80 - create IPUIPlugin
2025-02-27 19:51:42,425 [INFO] IPUIPlugin:80 - create IPUIPlugin
2025-02-27 19:51:42,425 [INFO] IPUIPlugin:80 - create IPUIPlugin
2025-02-27 19:51:42,426 [INFO] IPUIPlugin:80 - create IPUIPlugin
2025-02-27 19:51:42,426 [INFO] IPUIPlugin:80 - create IPUIPlugin
2025-02-27 19:51:42,426 [INFO] IPUIPlugin:80 - create IPUIPlugin
2025-02-27 19:51:42,426 [INFO] IPUIPlugin:80 - create IPUIPlugin
2025-02-27 19:51:42,426 [INFO] IPUIPlugin:80 - create IPUIPlugin
2025-02-27 19:51:42,426 [INFO] IPUIPlugin:80 - create IPUIPlugin
2025-02-27 19:51:42,426 [INFO] IPUIPlugin:80 - create IPUIPlugin
2025-02-27 19:51:42,426 [INFO] IPUIPlugin:80 - create IPUIPlugin
2025-02-27 19:51:42,426 [INFO] IPUIPlugin:80 - create IPUIPlugin
2025-02-27 19:51:42,427 [INFO] IPUIPlugin:80 - create IPUIPlugin
2025-02-27 19:51:42,427 [INFO] IPUIPlugin:80 - create IPUIPlugin
2025-02-27 19:51:42,427 [INFO] IPUIPlugin:80 - create IPUIPlugin
2025-02-27 19:51:42,427 [INFO] IPUIPlugin:80 - create IPUIPlugin
2025-02-27 19:51:42,427 [INFO] IPUIPlugin:80 - create IPUIPlugin
2025-02-27 19:51:42,427 [INFO] IPUIPlugin:80 - create IPUIPlugin
2025-02-27 19:51:42,427 [INFO] IPUIPlugin:80 - create IPUIPlugin
2025-02-27 19:51:42,427 [INFO] IPUIPlugin:80 - create IPUIPlugin
2025-02-27 19:51:42,427 [INFO] IPUIPlugin:80 - create IPUIPlugin
2025-02-27 19:51:42,428 [INFO] IPUIPlugin:80 - create IPUIPlugin
2025-02-27 19:51:42,428 [INFO] IPUIPlugin:80 - create IPUIPlugin
2025-02-27 19:51:42,428 [INFO] IPUIPlugin:80 - create IPUIPlugin
2025-02-27 19:51:42,428 [INFO] IPUIPlugin:80 - create IPUIPlugin
2025-02-27 19:51:42,428 [INFO] IPUIPlugin:80 - create IPUIPlugin
2025-02-27 19:51:42,428 [INFO] IPUIPlugin:80 - create IPUIPlugin
2025-02-27 19:51:42,428 [INFO] IPUIPlugin:80 - create IPUIPlugin
2025-02-27 19:51:42,429 [INFO] IPUIPlugin:80 - create IPUIPlugin
2025-02-27 19:51:42,429 [INFO] IPUIPlugin:80 - create IPUIPlugin
2025-02-27 19:51:42,429 [INFO] IPUIPlugin:80 - create IPUIPlugin
2025-02-27 19:51:42,429 [INFO] IPUIPlugin:80 - create IPUIPlugin
2025-02-27 19:51:42,430 [INFO] IPUIPlugin:80 - create IPUIPlugin
2025-02-27 19:51:42,430 [INFO] IPUIPlugin:80 - create IPUIPlugin
2025-02-27 19:51:42,431 [INFO] IPUIPlugin:80 - create IPUIPlugin
2025-02-27 19:51:42,431 [INFO] IPUIPlugin:80 - create IPUIPlugin
2025-02-27 19:51:42,431 [INFO] IPUIPlugin:80 - create IPUIPlugin
2025-02-27 19:51:42,432 [INFO] IPUIPlugin:80 - create IPUIPlugin
2025-02-27 19:51:42,465 [INFO] Can:71 - Can Add PropertyChangeListener com.st.microxplorer.plugins.ip.can.Can@595b1d55
2025-02-27 19:51:42,775 [INFO] CADModel:165 - CPN selected for project levelSTM32F103RCT6
2025-02-27 19:51:42,775 [INFO] CADModel:114 - Register for checkConnection events
2025-02-27 19:51:44,015 [INFO] OpenFileManager:363 - Restore cursor
2025-02-27 20:00:54,262 [ERROR] LogOutputStream:75 - [STDERR_REDIRECT] 
2025-02-27 20:00:54,264 [ERROR] LogOutputStream:75 - [STDERR_REDIRECT] 
2025-02-27 20:01:05,210 [INFO] Activator:176 - 


2025-02-27 20:01:05,212 [INFO] Activator:177 - !SESSION log4j initialized
2025-02-27 20:01:10,390 [INFO] LogOutputStream:77 - [STDOUT_REDIRECT] 
2025-02-27 20:01:11,828 [INFO] ApplicationProperties:184 - Using Application install path: C:\ST\STM32CubeIDE_1.16.1\STM32CubeIDE\plugins\com.st.stm32cube.common.mx_6.12.1.202409122256
2025-02-27 20:01:11,842 [INFO] DbMcusXml:78 - Set database path to: C:\ST\STM32CubeIDE_1.16.1\STM32CubeIDE\plugins\com.st.stm32cube.common.mx_6.12.1.202409122256\\db\/mcu/
2025-02-27 20:01:11,842 [INFO] ApiDb:274 - Set plugin database path to: C:\ST\STM32CubeIDE_1.16.1\STM32CubeIDE\plugins\com.st.stm32cube.common.mx_6.12.1.202409122256\\db\/plugins/boardmanager/
2025-02-27 20:01:11,842 [WARN] ApiDb:259 - Overriding images path with different value:  => C:\ST\STM32CubeIDE_1.16.1\STM32CubeIDE\plugins\com.st.stm32cube.common.mx_6.12.1.202409122256\\db\/plugins/mcufinder/images/
2025-02-27 20:01:11,848 [INFO] ApiDb:250 - Set database path to: C:\Users\mridu\.stmcufinder\plugins\mcufinder//mcu/
2025-02-27 20:01:11,849 [INFO] DbMcusAds:125 - Set database path to: C:\Users\mridu\.stmcufinder\plugins\mcufinder//mcu/
2025-02-27 20:01:11,850 [INFO] CrossReferenceDbSqlite:203 - Set database path to: C:\Users\mridu\.stmcufinder\plugins\mcufinder//mcu/cs/
2025-02-27 20:01:11,960 [INFO] RulesReader:64 - Compatibility file has been processed (297 Rules)
2025-02-27 20:01:12,038 [INFO] DbMcusXml:78 - Set database path to: C:\ST\STM32CubeIDE_1.16.1\STM32CubeIDE\plugins\com.st.stm32cube.common.mx_6.12.1.202409122256\\db\/mcu/
2025-02-27 20:01:12,038 [INFO] ApiDb:274 - Set plugin database path to: C:\ST\STM32CubeIDE_1.16.1\STM32CubeIDE\plugins\com.st.stm32cube.common.mx_6.12.1.202409122256\\db\/plugins/boardmanager/
2025-02-27 20:01:12,038 [INFO] ApiDb:261 - Set plugin images path to: C:\ST\STM32CubeIDE_1.16.1\STM32CubeIDE\plugins\com.st.stm32cube.common.mx_6.12.1.202409122256\\db\/plugins/mcufinder/images/
2025-02-27 20:01:12,039 [WARN] DbFile:41 - Overriding database path with different value: C:\Users\mridu\.stmcufinder\plugins\mcufinder/ => C:\Users\mridu\.stmcufinder\plugins\mcufinder
2025-02-27 20:01:12,039 [INFO] ApiDb:250 - Set database path to: C:\Users\mridu\.stmcufinder\plugins\mcufinder//mcu/
2025-02-27 20:01:12,039 [WARN] DbFile:41 - Overriding database path with different value: C:\Users\mridu\.stmcufinder\plugins\mcufinder/ => C:\Users\mridu\.stmcufinder\plugins\mcufinder
2025-02-27 20:01:12,039 [INFO] DbMcusAds:125 - Set database path to: C:\Users\mridu\.stmcufinder\plugins\mcufinder//mcu/
2025-02-27 20:01:12,039 [WARN] DbFile:41 - Overriding database path with different value: C:\Users\mridu\.stmcufinder\plugins\mcufinder/ => C:\Users\mridu\.stmcufinder\plugins\mcufinder
2025-02-27 20:01:12,039 [WARN] DbFile:41 - Overriding database path with different value: C:\Users\mridu\.stmcufinder\plugins\mcufinder/ => C:\Users\mridu\.stmcufinder\plugins\mcufinder
2025-02-27 20:01:12,039 [INFO] CrossReferenceDbSqlite:203 - Set database path to: C:\Users\mridu\.stmcufinder\plugins\mcufinder//mcu/cs/
2025-02-27 20:01:12,129 [INFO] MainPanel:268 - HeapMemory: 268435456
2025-02-27 20:01:12,199 [INFO] DbMcusXml:78 - Set database path to: C:\ST\STM32CubeIDE_1.16.1\STM32CubeIDE\plugins\com.st.stm32cube.common.mx_6.12.1.202409122256\\db\/mcu/
2025-02-27 20:01:12,199 [INFO] ApiDb:274 - Set plugin database path to: C:\ST\STM32CubeIDE_1.16.1\STM32CubeIDE\plugins\com.st.stm32cube.common.mx_6.12.1.202409122256\\db\/plugins/boardmanager/
2025-02-27 20:01:12,199 [INFO] ApiDb:261 - Set plugin images path to: C:\ST\STM32CubeIDE_1.16.1\STM32CubeIDE\plugins\com.st.stm32cube.common.mx_6.12.1.202409122256\\db\/plugins/mcufinder/images/
2025-02-27 20:01:12,200 [WARN] DbFile:41 - Overriding database path with different value: C:\Users\mridu\.stmcufinder\plugins\mcufinder/ => C:\Users\mridu\.stmcufinder\plugins\mcufinder
2025-02-27 20:01:12,200 [INFO] ApiDb:250 - Set database path to: C:\Users\mridu\.stmcufinder\plugins\mcufinder//mcu/
2025-02-27 20:01:12,200 [WARN] DbFile:41 - Overriding database path with different value: C:\Users\mridu\.stmcufinder\plugins\mcufinder/ => C:\Users\mridu\.stmcufinder\plugins\mcufinder
2025-02-27 20:01:12,200 [INFO] DbMcusAds:125 - Set database path to: C:\Users\mridu\.stmcufinder\plugins\mcufinder//mcu/
2025-02-27 20:01:12,200 [WARN] DbFile:41 - Overriding database path with different value: C:\Users\mridu\.stmcufinder\plugins\mcufinder/ => C:\Users\mridu\.stmcufinder\plugins\mcufinder
2025-02-27 20:01:12,200 [WARN] DbFile:41 - Overriding database path with different value: C:\Users\mridu\.stmcufinder\plugins\mcufinder/ => C:\Users\mridu\.stmcufinder\plugins\mcufinder
2025-02-27 20:01:12,200 [INFO] CrossReferenceDbSqlite:203 - Set database path to: C:\Users\mridu\.stmcufinder\plugins\mcufinder//mcu/cs/
2025-02-27 20:01:12,219 [INFO] ApplicationProperties:184 - Using Application install path: C:\ST\STM32CubeIDE_1.16.1\STM32CubeIDE\plugins\com.st.stm32cube.common.mx_6.12.1.202409122256
2025-02-27 20:01:12,221 [INFO] PluginManage:196 - Search for loadable plugins [exclusion list=, ]
2025-02-27 20:01:12,222 [INFO] PluginManage:310 - Check plugin analytics
2025-02-27 20:01:12,472 [INFO] AnalyticsPlugin:253 - Accepted Software Licenses: 
2025-02-27 20:01:12,473 [INFO] AnalyticsPlugin:255 - Accepted CMSIS Pack Licenses: 
2025-02-27 20:01:12,473 [INFO] AnalyticsPlugin:257 - Accepted Firmware Licenses: 
2025-02-27 20:01:12,477 [INFO] PluginManage:359 - Loaded plugin analytics (category:tool,tabindex:-1)
2025-02-27 20:01:12,479 [INFO] PluginManage:310 - Check plugin cadmodel
2025-02-27 20:01:12,483 [INFO] CADModel:105 - Init CAD model plugin
2025-02-27 20:01:12,484 [INFO] PluginManage:359 - Loaded plugin cadmodel (category:power,tabindex:5)
2025-02-27 20:01:12,484 [INFO] PluginManage:310 - Check plugin clock
2025-02-27 20:01:12,501 [INFO] PluginManage:359 - Loaded plugin clock (category:base,tabindex:2)
2025-02-27 20:01:12,501 [INFO] PluginManage:310 - Check plugin ddr
2025-02-27 20:01:12,504 [INFO] PluginManage:359 - Loaded plugin ddr (category:tool,tabindex:6)
2025-02-27 20:01:12,505 [INFO] PluginManage:310 - Check plugin filemanager
2025-02-27 20:01:12,682 [INFO] PluginManage:359 - Loaded plugin filemanager (category:base,tabindex:10)
2025-02-27 20:01:12,682 [INFO] PluginManage:310 - Check plugin ipmanager
2025-02-27 20:01:12,690 [INFO] PluginManage:359 - Loaded plugin ipmanager (category:base,tabindex:5)
2025-02-27 20:01:12,690 [INFO] PluginManage:310 - Check plugin lpbam
2025-02-27 20:01:12,699 [INFO] PluginManage:359 - Loaded plugin lpbam (category:base,tabindex:0)
2025-02-27 20:01:12,699 [INFO] PluginManage:310 - Check plugin memorymap
2025-02-27 20:01:12,710 [INFO] PluginManage:359 - Loaded plugin memorymap (category:base,tabindex:4)
2025-02-27 20:01:12,711 [INFO] PluginManage:310 - Check plugin pinoutandconfiguration
2025-02-27 20:01:12,717 [INFO] PluginManage:359 - Loaded plugin pinoutandconfiguration (category:base,tabindex:1)
2025-02-27 20:01:12,718 [INFO] PluginManage:310 - Check plugin pinoutconfig
2025-02-27 20:01:12,809 [WARN] SupportedApi:132 - Cannot load RTOS API schema: s4s-elt-must-match.1: The content of 'definitions' must match (annotation?, (simpleType | complexType)?, (unique | key | keyref)*)). A problem was found starting at: attribute.
2025-02-27 20:01:12,944 [INFO] PluginManage:359 - Loaded plugin pinoutconfig (category:base,tabindex:0)
2025-02-27 20:01:12,944 [INFO] PluginManage:310 - Check plugin power
2025-02-27 20:01:12,959 [INFO] PluginManage:359 - Loaded plugin power (category:power,tabindex:4)
2025-02-27 20:01:12,959 [INFO] PluginManage:310 - Check plugin projectmanager
2025-02-27 20:01:12,982 [INFO] PluginManage:359 - Loaded plugin projectmanager (category:projectmanager,tabindex:4)
2025-02-27 20:01:12,982 [INFO] PluginManage:310 - Check plugin rif
2025-02-27 20:01:12,993 [INFO] PluginManage:359 - Loaded plugin rif (category:base,tabindex:3)
2025-02-27 20:01:12,994 [INFO] PluginManage:310 - Check plugin thirdparty
2025-02-27 20:01:13,164 [WARN] IntegrityCheckThread:84 - waiting for thirdparty lock release [integrity check]
2025-02-27 20:01:13,165 [INFO] PluginManage:359 - Loaded plugin thirdparty (category:base,tabindex:-1)
2025-02-27 20:01:13,165 [INFO] IntegrityCheckThread:86 - entering critical section [integrity check]
2025-02-27 20:01:13,166 [INFO] PluginManage:310 - Check plugin tools
2025-02-27 20:01:13,167 [INFO] ThirdPartyUpdaterWithRetryManager:70 - Updater plugin not ready yet. [1/15]
2025-02-27 20:01:13,170 [INFO] PluginManage:359 - Loaded plugin tools (category:base,tabindex:7)
2025-02-27 20:01:13,170 [INFO] PluginManage:310 - Check plugin tutovideos
2025-02-27 20:01:13,347 [INFO] PluginManage:359 - Loaded plugin tutovideos (category:base,tabindex:-1)
2025-02-27 20:01:13,347 [INFO] PluginManage:310 - Check plugin updater
2025-02-27 20:01:13,367 [INFO] PluginManage:359 - Loaded plugin updater (category:base,tabindex:12)
2025-02-27 20:01:13,367 [INFO] PluginManage:310 - Check plugin userauth
2025-02-27 20:01:13,372 [INFO] UserAuth:113 - Init User Auth plugin
2025-02-27 20:01:13,372 [INFO] PluginManage:359 - Loaded plugin userauth (category:base,tabindex:14)
2025-02-27 20:01:13,373 [INFO] PluginManage:283 - PluginManage : Loaded plugins [18]
2025-02-27 20:01:13,606 [INFO] PinOutPanel:1561 - setPackage(No Configuration,No Configuration)
2025-02-27 20:01:13,720 [INFO] CADModel:165 - CPN selected for project level
2025-02-27 20:01:13,720 [INFO] CADModel:114 - Register for checkConnection events
2025-02-27 20:01:13,740 [INFO] IPUIPlugin:80 - create IPUIPlugin
2025-02-27 20:01:13,740 [INFO] PluginManager:220 - loadIPPluginJar : add adc
2025-02-27 20:01:13,742 [INFO] IPUIPlugin:80 - create IPUIPlugin
2025-02-27 20:01:13,742 [INFO] PluginManager:220 - loadIPPluginJar : add aes
2025-02-27 20:01:13,745 [INFO] IPUIPlugin:80 - create IPUIPlugin
2025-02-27 20:01:13,746 [INFO] PluginManager:220 - loadIPPluginJar : add can
2025-02-27 20:01:13,747 [INFO] IPUIPlugin:80 - create IPUIPlugin
2025-02-27 20:01:13,747 [INFO] PluginManager:220 - loadIPPluginJar : add comp
2025-02-27 20:01:13,749 [INFO] IPUIPlugin:80 - create IPUIPlugin
2025-02-27 20:01:13,749 [INFO] PluginManager:220 - loadIPPluginJar : add cryp
2025-02-27 20:01:13,752 [INFO] IPUIPlugin:80 - create IPUIPlugin
2025-02-27 20:01:13,752 [INFO] PluginManager:220 - loadIPPluginJar : add ddr_ctrl_phy
2025-02-27 20:01:13,755 [INFO] IPUIPlugin:80 - create IPUIPlugin
2025-02-27 20:01:13,755 [INFO] PluginManager:220 - loadIPPluginJar : add dfsdm
2025-02-27 20:01:13,761 [INFO] IPUIPlugin:80 - create IPUIPlugin
2025-02-27 20:01:13,762 [INFO] PluginManager:220 - loadIPPluginJar : add dma
2025-02-27 20:01:13,765 [INFO] IPUIPlugin:80 - create IPUIPlugin
2025-02-27 20:01:13,765 [INFO] PluginManager:220 - loadIPPluginJar : add dma3
2025-02-27 20:01:13,768 [INFO] IPUIPlugin:80 - create IPUIPlugin
2025-02-27 20:01:13,768 [INFO] PluginManager:220 - loadIPPluginJar : add extmemmanager
2025-02-27 20:01:13,771 [INFO] IPUIPlugin:80 - create IPUIPlugin
2025-02-27 20:01:13,771 [INFO] PluginManager:220 - loadIPPluginJar : add fatfs
2025-02-27 20:01:13,778 [INFO] IPUIPlugin:80 - create IPUIPlugin
2025-02-27 20:01:13,779 [INFO] PluginManager:220 - loadIPPluginJar : add fmc
2025-02-27 20:01:13,787 [INFO] IPUIPlugin:80 - create IPUIPlugin
2025-02-27 20:01:13,787 [INFO] PluginManager:220 - loadIPPluginJar : add freertos
2025-02-27 20:01:13,789 [INFO] IPUIPlugin:80 - create IPUIPlugin
2025-02-27 20:01:13,789 [INFO] PluginManager:220 - loadIPPluginJar : add genericplugin
2025-02-27 20:01:13,791 [INFO] IPUIPlugin:80 - create IPUIPlugin
2025-02-27 20:01:13,791 [INFO] PluginManager:220 - loadIPPluginJar : add gfxmmu
2025-02-27 20:01:13,795 [INFO] IPUIPlugin:80 - create IPUIPlugin
2025-02-27 20:01:13,796 [INFO] PluginManager:220 - loadIPPluginJar : add gic
2025-02-27 20:01:13,800 [INFO] IPUIPlugin:80 - create IPUIPlugin
2025-02-27 20:01:13,800 [INFO] PluginManager:220 - loadIPPluginJar : add gpio
2025-02-27 20:01:13,802 [INFO] IPUIPlugin:80 - create IPUIPlugin
2025-02-27 20:01:13,803 [INFO] PluginManager:220 - loadIPPluginJar : add gtzc
2025-02-27 20:01:13,804 [INFO] IPUIPlugin:80 - create IPUIPlugin
2025-02-27 20:01:13,805 [INFO] PluginManager:220 - loadIPPluginJar : add hash
2025-02-27 20:01:13,808 [INFO] IPUIPlugin:80 - create IPUIPlugin
2025-02-27 20:01:13,808 [INFO] PluginManager:220 - loadIPPluginJar : add i2c
2025-02-27 20:01:13,810 [INFO] IPUIPlugin:80 - create IPUIPlugin
2025-02-27 20:01:13,811 [INFO] PluginManager:220 - loadIPPluginJar : add i2s
2025-02-27 20:01:13,813 [INFO] IPUIPlugin:80 - create IPUIPlugin
2025-02-27 20:01:13,813 [INFO] PluginManager:220 - loadIPPluginJar : add i3c
2025-02-27 20:01:13,818 [INFO] IPUIPlugin:80 - create IPUIPlugin
2025-02-27 20:01:13,818 [INFO] PluginManager:220 - loadIPPluginJar : add ipddr
2025-02-27 20:01:13,828 [INFO] IPUIPlugin:80 - create IPUIPlugin
2025-02-27 20:01:13,829 [INFO] PluginManager:220 - loadIPPluginJar : add linkedlist
2025-02-27 20:01:13,834 [INFO] IPUIPlugin:80 - create IPUIPlugin
2025-02-27 20:01:13,835 [INFO] PluginManager:220 - loadIPPluginJar : add lorawan
2025-02-27 20:01:13,837 [INFO] IPUIPlugin:80 - create IPUIPlugin
2025-02-27 20:01:13,838 [INFO] PluginManager:220 - loadIPPluginJar : add ltdc
2025-02-27 20:01:13,845 [INFO] IPUIPlugin:80 - create IPUIPlugin
2025-02-27 20:01:13,845 [INFO] PluginManager:220 - loadIPPluginJar : add mdma
2025-02-27 20:01:13,849 [INFO] IPUIPlugin:80 - create IPUIPlugin
2025-02-27 20:01:13,849 [INFO] PluginManager:220 - loadIPPluginJar : add nvic
2025-02-27 20:01:13,854 [INFO] IPUIPlugin:80 - create IPUIPlugin
2025-02-27 20:01:13,854 [INFO] PluginManager:220 - loadIPPluginJar : add opamp
2025-02-27 20:01:13,859 [INFO] IPUIPlugin:80 - create IPUIPlugin
2025-02-27 20:01:13,859 [INFO] PluginManager:220 - loadIPPluginJar : add openamp
2025-02-27 20:01:13,863 [INFO] IPUIPlugin:80 - create IPUIPlugin
2025-02-27 20:01:13,864 [INFO] PluginManager:220 - loadIPPluginJar : add pdm2pcm
2025-02-27 20:01:13,870 [INFO] IPUIPlugin:80 - create IPUIPlugin
2025-02-27 20:01:13,875 [INFO] PluginManager:220 - loadIPPluginJar : add plateformsettings
2025-02-27 20:01:13,876 [INFO] IPUIPlugin:80 - create IPUIPlugin
2025-02-27 20:01:13,877 [INFO] PluginManager:220 - loadIPPluginJar : add quadspi
2025-02-27 20:01:13,880 [INFO] IPUIPlugin:80 - create IPUIPlugin
2025-02-27 20:01:13,880 [INFO] PluginManager:220 - loadIPPluginJar : add radio
2025-02-27 20:01:13,882 [INFO] IPUIPlugin:80 - create IPUIPlugin
2025-02-27 20:01:13,882 [INFO] PluginManager:220 - loadIPPluginJar : add resmgrutility
2025-02-27 20:01:13,884 [INFO] IPUIPlugin:80 - create IPUIPlugin
2025-02-27 20:01:13,886 [INFO] PluginManager:220 - loadIPPluginJar : add sai
2025-02-27 20:01:13,888 [INFO] IPUIPlugin:80 - create IPUIPlugin
2025-02-27 20:01:13,888 [INFO] PluginManager:220 - loadIPPluginJar : add spi
2025-02-27 20:01:13,893 [INFO] IPUIPlugin:80 - create IPUIPlugin
2025-02-27 20:01:13,893 [INFO] PluginManager:220 - loadIPPluginJar : add stm32_wpan
2025-02-27 20:01:13,895 [INFO] IPUIPlugin:80 - create IPUIPlugin
2025-02-27 20:01:13,895 [INFO] PluginManager:220 - loadIPPluginJar : add tim
2025-02-27 20:01:13,898 [INFO] IPUIPlugin:80 - create IPUIPlugin
2025-02-27 20:01:13,898 [INFO] PluginManager:220 - loadIPPluginJar : add touchsensing
2025-02-27 20:01:13,900 [INFO] IPUIPlugin:80 - create IPUIPlugin
2025-02-27 20:01:13,900 [INFO] PluginManager:220 - loadIPPluginJar : add tracer_emb
2025-02-27 20:01:13,902 [INFO] IPUIPlugin:80 - create IPUIPlugin
2025-02-27 20:01:13,902 [INFO] PluginManager:220 - loadIPPluginJar : add ts
2025-02-27 20:01:13,903 [INFO] IPUIPlugin:80 - create IPUIPlugin
2025-02-27 20:01:13,903 [INFO] PluginManager:220 - loadIPPluginJar : add tsc
2025-02-27 20:01:13,905 [INFO] IPUIPlugin:80 - create IPUIPlugin
2025-02-27 20:01:13,905 [INFO] PluginManager:220 - loadIPPluginJar : add ucpd
2025-02-27 20:01:13,907 [INFO] IPUIPlugin:80 - create IPUIPlugin
2025-02-27 20:01:13,907 [INFO] PluginManager:220 - loadIPPluginJar : add usart
2025-02-27 20:01:13,910 [INFO] IPUIPlugin:80 - create IPUIPlugin
2025-02-27 20:01:13,910 [INFO] PluginManager:220 - loadIPPluginJar : add usbx
2025-02-27 20:01:14,041 [INFO] CADModel:165 - CPN selected for project level
2025-02-27 20:01:14,042 [INFO] CADModel:114 - Register for checkConnection events
2025-02-27 20:01:14,042 [FATAL] Updater:334 - Updater called before beeing initialized
2025-02-27 20:01:14,043 [ERROR] CADModel:125 - Updater not yet initialized, retry later 
2025-02-27 20:01:14,184 [INFO] CADModel:165 - CPN selected for project level
2025-02-27 20:01:14,184 [INFO] CADModel:114 - Register for checkConnection events
2025-02-27 20:01:14,184 [FATAL] Updater:334 - Updater called before beeing initialized
2025-02-27 20:01:14,184 [ERROR] CADModel:125 - Updater not yet initialized, retry later 
2025-02-27 20:01:14,187 [FATAL] Updater:334 - Updater called before beeing initialized
2025-02-27 20:01:14,314 [FATAL] Updater:334 - Updater called before beeing initialized
2025-02-27 20:01:14,317 [INFO] DbMcusAds:53 - JSON generation date=Tue Dec 17 08:01:15 PST 2024 (1734451275111)
2025-02-27 20:01:14,317 [FATAL] Updater:334 - Updater called before beeing initialized
2025-02-27 20:01:14,347 [WARN] DetailPanel:346 - Failed to get advertising image, set to default
2025-02-27 20:01:14,429 [FATAL] Updater:334 - Updater called before beeing initialized
2025-02-27 20:01:14,430 [FATAL] Updater:334 - Updater called before beeing initialized
2025-02-27 20:01:14,431 [FATAL] Updater:334 - Updater called before beeing initialized
2025-02-27 20:01:14,431 [WARN] DetailPanel:346 - Failed to get advertising image, set to default
2025-02-27 20:01:14,431 [FATAL] Updater:334 - Updater called before beeing initialized
2025-02-27 20:01:14,472 [ERROR] Updater:1164 - MainUpdater not yet initialized. External WinMGr cannot be set.
2025-02-27 20:01:14,475 [INFO] Updater:1100 - Updater Version found : 6.12.1
2025-02-27 20:01:14,490 [INFO] ApplicationProperties:184 - Using Application install path: C:\ST\STM32CubeIDE_1.16.1\STM32CubeIDE\plugins\com.st.stm32cube.common.mx_6.12.1.202409122256
2025-02-27 20:01:16,062 [ERROR] LogOutputStream:75 - [STDERR_REDIRECT] Feb 27, 2025 8:01:16 PM java.util.prefs.WindowsPreferences <init>
2025-02-27 20:01:16,064 [ERROR] LogOutputStream:75 - [STDERR_REDIRECT] WARNING: Could not open/create prefs root node Software\JavaSoft\Prefs at root 0xffffffff80000002. Windows RegCreateKeyEx(...) returned error code 5.
2025-02-27 20:01:16,065 [ERROR] LogOutputStream:75 - [STDERR_REDIRECT] 
2025-02-27 20:01:16,168 [INFO] ThirdPartyUpdaterWithRetryManager:70 - Updater plugin not ready yet. [2/15]
2025-02-27 20:01:16,349 [INFO] MainUpdater:2873 - connection check result : 10
2025-02-27 20:01:16,349 [INFO] MainUpdater:290 - Updater Check For Update Now.
2025-02-27 20:01:16,349 [INFO] MicroXplorer:498 - Change Database Version : DB.6.0.121
2025-02-27 20:01:16,366 [INFO] McuFinderGlobals:63 - Set McuFinder mode to 2 (CubeIDE integrated)
2025-02-27 20:01:16,367 [INFO] UserAuth:417 - Internet connection configuration mode: 1
2025-02-27 20:01:16,401 [INFO] JxBrowserEngine:152 - Initiate JxBrowser Engine with user profile folder
2025-02-27 20:01:16,543 [INFO] CheckServerUpdateThread:120 - End of CheckServer Thread
2025-02-27 20:01:17,177 [INFO] WebApp:167 - Instantiating new browser for Auth
2025-02-27 20:01:18,257 [INFO] WebApp:448 - Apply proxy settings
2025-02-27 20:01:18,257 [INFO] WebApp:533 - Chromium requires no authentication
2025-02-27 20:01:18,284 [INFO] WebApp:476 - Direct internet connection detected
2025-02-27 20:01:18,355 [INFO] WebApp:869 - Register for checkConnection events
2025-02-27 20:01:18,356 [INFO] WebApp:448 - Apply proxy settings
2025-02-27 20:01:18,356 [INFO] WebApp:533 - Chromium requires no authentication
2025-02-27 20:01:18,357 [INFO] WebApp:476 - Direct internet connection detected
2025-02-27 20:01:18,489 [INFO] WebApp:186 - Connection restablished
2025-02-27 20:01:18,791 [INFO] WebApp:220 - Starting web application
2025-02-27 20:01:18,791 [INFO] WebApp:578 - Web application path used C:\ST\STM32CubeIDE_1.16.1\STM32CubeIDE\plugins\com.st.stm32cube.common.mx_6.12.1.202409122256\db\plugins\mcufinder\reactClient1\index.html
2025-02-27 20:01:18,965 [INFO] UserAuth:417 - Internet connection configuration mode: 1
2025-02-27 20:01:19,604 [WARN] PackLoader:240 - Cannot read IP mode file for STMicroelectronics.FP-SNS-MOTENVWB1.1.4.0
2025-02-27 20:01:19,621 [WARN] PackLoader:240 - Cannot read IP mode file for STMicroelectronics.FP-ATR-ASTRA1.2.0.2
2025-02-27 20:01:19,626 [WARN] PackLoader:240 - Cannot read IP mode file for STMicroelectronics.FP-ATR-ASTRA1.2.0.1
2025-02-27 20:01:19,639 [WARN] PackLoader:240 - Cannot read IP mode file for STMicroelectronics.X-CUBE-SMBUS.2.1.0
2025-02-27 20:01:19,649 [WARN] PackLoader:240 - Cannot read IP mode file for STMicroelectronics.X-CUBE-WB05N.1.1.0
2025-02-27 20:01:19,692 [WARN] PackLoader:240 - Cannot read IP mode file for STMicroelectronics.X-CUBE-AZRTOS-F7.1.1.0
2025-02-27 20:01:19,778 [WARN] PackLoader:240 - Cannot read IP mode file for STMicroelectronics.X-CUBE-MEMS1.11.0.0
2025-02-27 20:01:19,947 [WARN] PackLoader:240 - Cannot read IP mode file for STMicroelectronics.FP-SNS-FLIGHT1.5.0.2
2025-02-27 20:01:19,960 [WARN] PackLoader:240 - Cannot read IP mode file for STMicroelectronics.X-CUBE-DISPLAY.3.0.0
2025-02-27 20:01:19,974 [WARN] PackLoader:240 - Cannot read IP mode file for STMicroelectronics.X-CUBE-BLE1.7.0.0
2025-02-27 20:01:19,990 [WARN] PackLoader:240 - Cannot read IP mode file for STMicroelectronics.X-CUBE-BLEMGR.4.0.0
2025-02-27 20:01:19,997 [WARN] PackLoader:240 - Cannot read IP mode file for emotas.I-CUBE-CANOPEN.1.3.0
2025-02-27 20:01:20,007 [WARN] PackLoader:240 - Cannot read IP mode file for STMicroelectronics.X-CUBE-BLEMGR.3.1.0
2025-02-27 20:01:20,016 [WARN] PackLoader:240 - Cannot read IP mode file for STMicroelectronics.X-CUBE-AI.10.0.0
2025-02-27 20:01:20,023 [WARN] PackLoader:240 - Cannot read IP mode file for STMicroelectronics.FP-SNS-SMARTAG2.1.2.0
2025-02-27 20:01:20,098 [WARN] PackLoader:240 - Cannot read IP mode file for STMicroelectronics.X-CUBE-MEMS1.11.1.0
2025-02-27 20:01:20,272 [INFO] LogOutputStream:77 - [STDOUT_REDIRECT] 1 : Invalid condition id : UX_CORESTACK_Condition cause : null
2025-02-27 20:01:20,274 [INFO] LogOutputStream:77 - [STDOUT_REDIRECT] 1 : Invalid condition id : UX_CORESTACK_Condition cause : null
2025-02-27 20:01:20,276 [INFO] LogOutputStream:77 - [STDOUT_REDIRECT] 1 : Invalid condition id : UX_CORESTACK_Condition cause : null
2025-02-27 20:01:20,277 [INFO] LogOutputStream:77 - [STDOUT_REDIRECT] 1 : Invalid condition id : UX_CORESTACK_Condition cause : null
2025-02-27 20:01:20,279 [INFO] LogOutputStream:77 - [STDOUT_REDIRECT] 1 : Invalid condition id : UX_CORESTACK_Condition cause : null
2025-02-27 20:01:20,286 [WARN] PackLoader:240 - Cannot read IP mode file for STMicroelectronics.X-CUBE-AZRTOS-WL.2.0.0
2025-02-27 20:01:20,295 [WARN] PackLoader:240 - Cannot read IP mode file for STMicroelectronics.FP-SNS-MOTENV1.5.0.0
2025-02-27 20:01:20,306 [WARN] PackLoader:240 - Cannot read IP mode file for wolfSSL.I-CUBE-wolfMQTT.1.19.0
2025-02-27 20:01:20,343 [WARN] PackLoader:240 - Cannot read IP mode file for WES.I-CUBE-Cesium.1.3.0
2025-02-27 20:01:20,351 [WARN] PackLoader:240 - Cannot read IP mode file for STMicroelectronics.X-CUBE-BLE2.3.3.0
2025-02-27 20:01:20,360 [WARN] PackLoader:240 - Cannot read IP mode file for STMicroelectronics.X-CUBE-TCPP.4.1.0
2025-02-27 20:01:20,394 [WARN] PackLoader:240 - Cannot read IP mode file for STMicroelectronics.X-CUBE-AZRTOS-G0.1.1.0
2025-02-27 20:01:20,402 [WARN] PackLoader:240 - Cannot read IP mode file for STMicroelectronics.X-CUBE-SAFEA1.1.2.2
2025-02-27 20:01:20,410 [WARN] PackLoader:240 - Cannot read IP mode file for STMicroelectronics.X-CUBE-NFC4.3.0.0
2025-02-27 20:01:20,423 [WARN] PackLoader:240 - Cannot read IP mode file for EmbeddedOffice.I-CUBE-FS-RTOS.1.0.1
2025-02-27 20:01:20,423 [ERROR] ConditionMgr:805 - Attr not supported : Dmpu
2025-02-27 20:01:20,423 [ERROR] ConditionMgr:805 - Attr not supported : Dmpu
2025-02-27 20:01:20,423 [ERROR] ConditionMgr:805 - Attr not supported : Dmpu
2025-02-27 20:01:20,423 [ERROR] ConditionMgr:805 - Attr not supported : Dmpu
2025-02-27 20:01:20,423 [ERROR] ConditionMgr:805 - Attr not supported : Dmpu
2025-02-27 20:01:20,423 [ERROR] ConditionMgr:805 - Attr not supported : Dmpu
2025-02-27 20:01:20,423 [ERROR] ConditionMgr:805 - Attr not supported : Dmpu
2025-02-27 20:01:20,423 [ERROR] ConditionMgr:805 - Attr not supported : Dmpu
2025-02-27 20:01:20,423 [ERROR] ConditionMgr:805 - Attr not supported : Dmpu
2025-02-27 20:01:20,423 [ERROR] ConditionMgr:805 - Attr not supported : Dmpu
2025-02-27 20:01:20,423 [ERROR] ConditionMgr:805 - Attr not supported : Dmpu
2025-02-27 20:01:20,423 [ERROR] ConditionMgr:805 - Attr not supported : Dmpu
2025-02-27 20:01:20,424 [ERROR] ConditionMgr:805 - Attr not supported : Dmpu
2025-02-27 20:01:20,424 [ERROR] ConditionMgr:805 - Attr not supported : Dmpu
2025-02-27 20:01:20,424 [ERROR] ConditionMgr:805 - Attr not supported : Dmpu
2025-02-27 20:01:20,424 [ERROR] ConditionMgr:805 - Attr not supported : Dmpu
2025-02-27 20:01:20,424 [ERROR] ConditionMgr:805 - Attr not supported : Dmpu
2025-02-27 20:01:20,424 [ERROR] ConditionMgr:805 - Attr not supported : Dmpu
2025-02-27 20:01:20,424 [ERROR] ConditionMgr:805 - Attr not supported : Dmpu
2025-02-27 20:01:20,424 [ERROR] ConditionMgr:805 - Attr not supported : Dmpu
2025-02-27 20:01:20,424 [ERROR] ConditionMgr:805 - Attr not supported : Dmpu
2025-02-27 20:01:20,424 [ERROR] ConditionMgr:805 - Attr not supported : Dmpu
2025-02-27 20:01:20,424 [ERROR] ConditionMgr:805 - Attr not supported : Dmpu
2025-02-27 20:01:20,424 [ERROR] ConditionMgr:805 - Attr not supported : Dmpu
2025-02-27 20:01:20,424 [ERROR] ConditionMgr:805 - Attr not supported : Dmpu
2025-02-27 20:01:20,424 [ERROR] ConditionMgr:805 - Attr not supported : Dmpu
2025-02-27 20:01:20,424 [ERROR] ConditionMgr:805 - Attr not supported : Dmpu
2025-02-27 20:01:20,424 [ERROR] ConditionMgr:805 - Attr not supported : Dmpu
2025-02-27 20:01:20,424 [ERROR] ConditionMgr:805 - Attr not supported : Dmpu
2025-02-27 20:01:20,424 [ERROR] ConditionMgr:805 - Attr not supported : Dmpu
2025-02-27 20:01:20,424 [ERROR] ConditionMgr:805 - Attr not supported : Dmpu
2025-02-27 20:01:20,424 [ERROR] ConditionMgr:805 - Attr not supported : Dmpu
2025-02-27 20:01:20,424 [ERROR] ConditionMgr:805 - Attr not supported : Dmpu
2025-02-27 20:01:20,424 [ERROR] ConditionMgr:805 - Attr not supported : Dmpu
2025-02-27 20:01:20,424 [ERROR] ConditionMgr:805 - Attr not supported : Dmpu
2025-02-27 20:01:20,424 [ERROR] ConditionMgr:805 - Attr not supported : Dmpu
2025-02-27 20:01:20,425 [ERROR] ConditionMgr:805 - Attr not supported : Dmpu
2025-02-27 20:01:20,425 [ERROR] ConditionMgr:805 - Attr not supported : Dmpu
2025-02-27 20:01:20,425 [ERROR] ConditionMgr:805 - Attr not supported : Dmpu
2025-02-27 20:01:20,425 [ERROR] ConditionMgr:805 - Attr not supported : Dmpu
2025-02-27 20:01:20,425 [ERROR] ConditionMgr:805 - Attr not supported : Dmpu
2025-02-27 20:01:20,425 [ERROR] ConditionMgr:805 - Attr not supported : Dmpu
2025-02-27 20:01:20,425 [ERROR] ConditionMgr:805 - Attr not supported : Dmpu
2025-02-27 20:01:20,425 [ERROR] ConditionMgr:805 - Attr not supported : Dmpu
2025-02-27 20:01:20,425 [ERROR] ConditionMgr:805 - Attr not supported : Dmpu
2025-02-27 20:01:20,425 [ERROR] ConditionMgr:805 - Attr not supported : Dmpu
2025-02-27 20:01:20,425 [ERROR] ConditionMgr:805 - Attr not supported : Dmpu
2025-02-27 20:01:20,425 [ERROR] ConditionMgr:805 - Attr not supported : Dmpu
2025-02-27 20:01:20,425 [ERROR] ConditionMgr:805 - Attr not supported : Dmpu
2025-02-27 20:01:20,425 [ERROR] ConditionMgr:805 - Attr not supported : Dmpu
2025-02-27 20:01:20,425 [ERROR] ConditionMgr:805 - Attr not supported : Dmpu
2025-02-27 20:01:20,425 [ERROR] ConditionMgr:805 - Attr not supported : Dmpu
2025-02-27 20:01:20,425 [ERROR] ConditionMgr:805 - Attr not supported : Dmpu
2025-02-27 20:01:20,425 [ERROR] ConditionMgr:805 - Attr not supported : Dmpu
2025-02-27 20:01:20,425 [ERROR] ConditionMgr:805 - Attr not supported : Dmpu
2025-02-27 20:01:20,425 [ERROR] ConditionMgr:805 - Attr not supported : Dmpu
2025-02-27 20:01:20,425 [ERROR] ConditionMgr:805 - Attr not supported : Dmpu
2025-02-27 20:01:20,425 [ERROR] ConditionMgr:805 - Attr not supported : Dmpu
2025-02-27 20:01:20,425 [ERROR] ConditionMgr:805 - Attr not supported : Dmpu
2025-02-27 20:01:20,426 [ERROR] ConditionMgr:805 - Attr not supported : Dmpu
2025-02-27 20:01:20,426 [ERROR] ConditionMgr:805 - Attr not supported : Dmpu
2025-02-27 20:01:20,426 [ERROR] ConditionMgr:805 - Attr not supported : Dmpu
2025-02-27 20:01:20,426 [ERROR] ConditionMgr:805 - Attr not supported : Dmpu
2025-02-27 20:01:20,426 [ERROR] ConditionMgr:805 - Attr not supported : Dmpu
2025-02-27 20:01:20,432 [ERROR] Engine:466 - C:\Users\mridu\.stm32cubemx\thirdparties\pdsc\STMicroelectronics.X-CUBE-TCPP.4.2.0.pdsc: PDSC version is not supported
2025-02-27 20:01:20,440 [WARN] PackLoader:240 - Cannot read IP mode file for RealThread.X-CUBE-RT-Thread_Nano.4.1.1
2025-02-27 20:01:20,446 [WARN] PackLoader:240 - Cannot read IP mode file for STMicroelectronics.FP-ATR-SIGFOX1.3.2.0
2025-02-27 20:01:20,449 [WARN] ConditionMgr:438 - getConditionDescription Invalid condition id : Cortex-A Device cause : null
2025-02-27 20:01:20,490 [WARN] ConditionMgr:1039 - genDependencies : Invalid condition id : Cortex-A Device cause : null
2025-02-27 20:01:20,490 [WARN] ConditionMgr:1039 - genDependencies : Invalid condition id : Cortex-A Device cause : null
2025-02-27 20:01:20,491 [WARN] ConditionMgr:1039 - genDependencies : Invalid condition id : Cortex-A Device cause : null
2025-02-27 20:01:20,495 [WARN] PackLoader:240 - Cannot read IP mode file for STMicroelectronics.X-CUBE-EEPRMA1.5.1.0
2025-02-27 20:01:20,503 [WARN] PackLoader:240 - Cannot read IP mode file for wolfSSL.I-CUBE-wolfSSL.5.7.4
2025-02-27 20:01:20,523 [WARN] PackLoader:240 - Cannot read IP mode file for ITTIA_DB.I-CUBE-ITTIADB.8.9.0
2025-02-27 20:01:20,560 [WARN] PackLoader:240 - Cannot read IP mode file for SEGGER.I-CUBE-embOS.1.3.1
2025-02-27 20:01:20,650 [WARN] PackLoader:240 - Cannot read IP mode file for STMicroelectronics.X-CUBE-ALGOBUILD.1.4.0
2025-02-27 20:01:20,679 [WARN] PackLoader:240 - Cannot read IP mode file for STMicroelectronics.X-CUBE-AZRTOS-F4.1.1.0
2025-02-27 20:01:20,704 [WARN] PackLoader:240 - Cannot read IP mode file for STMicroelectronics.X-CUBE-FREERTOS.1.2.0
2025-02-27 20:01:20,730 [WARN] PackLoader:240 - Cannot read IP mode file for STMicroelectronics.X-CUBE-AZRTOS-L5.2.0.0
2025-02-27 20:01:20,744 [WARN] PackLoader:240 - Cannot read IP mode file for STMicroelectronics.X-CUBE-NFC6.3.1.0
2025-02-27 20:01:20,755 [WARN] PackLoader:240 - Cannot read IP mode file for STMicroelectronics.X-CUBE-FREERTOS.1.3.0
2025-02-27 20:01:20,761 [WARN] PackLoader:240 - Cannot read IP mode file for STMicroelectronics.X-CUBE-NFC7.1.0.1
2025-02-27 20:01:20,780 [WARN] ConditionMgr:438 - getConditionDescription Invalid condition id : LAN8742 Phy interface Condition cause : null
2025-02-27 20:01:20,781 [WARN] PackLoader:240 - Cannot read IP mode file for STMicroelectronics.X-CUBE-AZRTOS-L4.2.0.0
2025-02-27 20:01:20,782 [WARN] ConditionMgr:1039 - genDependencies : Invalid condition id : LAN8742 Phy interface Condition cause : null
2025-02-27 20:01:20,782 [WARN] ConditionMgr:1039 - genDependencies : Invalid condition id : LAN8742 Phy interface Condition cause : null
2025-02-27 20:01:20,782 [WARN] ConditionMgr:1039 - genDependencies : Invalid condition id : LAN8742 Phy interface Condition cause : null
2025-02-27 20:01:20,790 [WARN] PackLoader:240 - Cannot read IP mode file for STMicroelectronics.X-CUBE-SFXS2LP1.4.0.0
2025-02-27 20:01:20,809 [WARN] PackLoader:240 - Cannot read IP mode file for STMicroelectronics.X-CUBE-AZRTOS-H7.3.3.0
2025-02-27 20:01:20,823 [WARN] PackLoader:240 - Cannot read IP mode file for STMicroelectronics.X-CUBE-IPS.3.0.0
2025-02-27 20:01:20,840 [WARN] ConditionMgr:438 - getConditionDescription Invalid condition id : UX DEVICE CLASS RTOS Condition cause : null
2025-02-27 20:01:20,841 [WARN] ConditionMgr:438 - getConditionDescription Invalid condition id : UX DEVICE CLASS RTOS Condition cause : null
2025-02-27 20:01:20,843 [WARN] PackLoader:240 - Cannot read IP mode file for STMicroelectronics.X-CUBE-AZRTOS-WB.2.0.0
2025-02-27 20:01:20,844 [WARN] ConditionMgr:1039 - genDependencies : Invalid condition id : UX DEVICE CLASS RTOS Condition cause : null
2025-02-27 20:01:20,844 [WARN] ConditionMgr:1039 - genDependencies : Invalid condition id : UX DEVICE CLASS RTOS Condition cause : null
2025-02-27 20:01:20,844 [WARN] ConditionMgr:1039 - genDependencies : Invalid condition id : UX DEVICE CLASS RTOS Condition cause : null
2025-02-27 20:01:20,845 [WARN] ConditionMgr:1039 - genDependencies : Invalid condition id : UX DEVICE CLASS RTOS Condition cause : null
2025-02-27 20:01:20,845 [WARN] ConditionMgr:1039 - genDependencies : Invalid condition id : UX DEVICE CLASS RTOS Condition cause : null
2025-02-27 20:01:20,855 [WARN] PackLoader:240 - Cannot read IP mode file for STMicroelectronics.X-CUBE-GNSS1.7.0.0
2025-02-27 20:01:20,863 [WARN] PackLoader:240 - Cannot read IP mode file for STMicroelectronics.X-CUBE-GNSS1.7.0.1
2025-02-27 20:01:20,873 [WARN] PackLoader:240 - Cannot read IP mode file for STMicroelectronics.X-CUBE-SUBG2.5.0.0
2025-02-27 20:01:20,879 [WARN] PackLoader:240 - Cannot read IP mode file for Cesanta.I-CUBE-Mongoose.7.13.0
2025-02-27 20:01:20,895 [WARN] PackLoader:240 - Cannot read IP mode file for STMicroelectronics.X-CUBE-AZRTOS-G4.2.0.0
2025-02-27 20:01:20,902 [ERROR] Engine:466 - C:\Users\mridu\.stm32cubemx\thirdparties\pdsc\STMicroelectronics.X-CUBE-IPS.3.1.0.pdsc: PDSC version is not supported
2025-02-27 20:01:20,909 [WARN] PackLoader:240 - Cannot read IP mode file for STMicroelectronics.X-CUBE-ALS.1.0.2
2025-02-27 20:01:20,914 [WARN] PackLoader:240 - Cannot read IP mode file for STMicroelectronics.X-CUBE-TOUCHGFX.4.24.2
2025-02-27 20:01:20,918 [WARN] PackLoader:240 - Cannot read IP mode file for STMicroelectronics.X-CUBE-TOUCHGFX.4.24.1
2025-02-27 20:01:20,924 [WARN] PackLoader:240 - Cannot read IP mode file for wolfSSL.I-CUBE-wolfTPM.3.4.0
2025-02-27 20:01:20,932 [WARN] PackLoader:240 - Cannot read IP mode file for portGmbH.I-Cube-SoM-uGOAL.1.1.0
2025-02-27 20:01:20,952 [WARN] PackLoader:240 - Cannot read IP mode file for STMicroelectronics.X-CUBE-AZRTOS-H7RS.1.0.0
2025-02-27 20:01:20,962 [WARN] PackLoader:240 - Cannot read IP mode file for STMicroelectronics.FP-ATR-ASTRA1.2.0.0
2025-02-27 20:01:20,993 [WARN] PackLoader:240 - Cannot read IP mode file for Infineon.AIROC-Wi-Fi-Bluetooth-STM32.1.6.1
2025-02-27 20:01:21,008 [WARN] PackLoader:240 - Cannot read IP mode file for wolfSSL.I-CUBE-wolfSSH.1.4.17
2025-02-27 20:01:21,009 [INFO] ThirdParty:978 - Integrity check success = true
2025-02-27 20:01:21,010 [INFO] IntegrityCheckThread:100 - exiting critical section [integrity check]
2025-02-27 20:01:21,010 [INFO] IntegrityCheckThread:103 - End integrity checks thread
2025-02-27 20:02:20,843 [INFO] McuFinderGlobals:63 - Set McuFinder mode to 2 (CubeIDE integrated)
2025-02-27 20:02:20,848 [INFO] MainUpdater:2873 - connection check result : 10
2025-02-27 20:02:20,849 [INFO] MainUpdater:2873 - connection check result : 10
2025-02-27 20:02:20,917 [INFO] RulesReader:64 - Compatibility file has been processed (297 Rules)
2025-02-27 20:02:20,931 [INFO] RulesReader:64 - Compatibility file has been processed (297 Rules)
2025-02-27 20:02:20,936 [INFO] MicroXplorer:468 - Change Database Path : 
2025-02-27 20:02:20,937 [INFO] MicroXplorer:498 - Change Database Version : DB.6.0.121
2025-02-27 20:02:20,951 [WARN] ThirdParty:871 - waiting for thirdparty lock release [close project]
2025-02-27 20:02:20,951 [INFO] ThirdParty:873 - entering critical section [close project]
2025-02-27 20:02:20,952 [INFO] ThirdParty:883 - exiting critical section [close project]
2025-02-27 20:02:20,955 [INFO] PinOutPanel:1561 - setPackage(No Configuration,No Configuration)
2025-02-27 20:02:20,963 [INFO] UtilMem:75 - Begin LoadConfig() Used Memory: 692764000 Bytes (914358272)
2025-02-27 20:02:20,983 [INFO] MicroXplorer:468 - Change Database Path : C:/Users/mridu/.stm32cubemx/databases/DB.6.0.92/db/
2025-02-27 20:02:20,983 [INFO] MicroXplorer:498 - Change Database Version : DB.6.0.92
2025-02-27 20:02:33,517 [INFO] MicroXplorer:468 - Change Database Path : 
2025-02-27 20:02:33,517 [INFO] MicroXplorer:498 - Change Database Version : DB.6.0.121
2025-02-27 20:02:33,518 [INFO] OpenFileManager:332 - Change cursor
2025-02-27 20:02:33,574 [INFO] Mcu:2032 - Initializing MCU STM32F103R(C-D-E)Tx STM32F103RCTx STM32F103RCT6
2025-02-27 20:02:35,124 [INFO] Context:742 - Trying to add GPIOservice into a context  which must be forbidden
2025-02-27 20:02:35,752 [INFO] RtosManager:555 - Registered RTOS mode: class=CMSIS, group=RTOS, mode=CMSIS_V1, owner=FREERTOS
2025-02-27 20:02:35,753 [INFO] RtosManager:555 - Registered RTOS mode: class=CMSIS, group=RTOS2, mode=CMSIS_V2, owner=FREERTOS
2025-02-27 20:02:35,753 [INFO] RtosManager:555 - Registered RTOS mode: class=RTOS, group=Core, mode=CMSIS_V1, owner=FREERTOS
2025-02-27 20:02:35,753 [INFO] RtosManager:555 - Registered RTOS mode: class=RTOS, group=Core, mode=CMSIS_V2, owner=FREERTOS
2025-02-27 20:02:35,754 [WARN] ModelIntegratedComponent:184 - Missing modes for component STMicroelectronics:FreeRTOS:0.0.1:STMicroelectronics:RTOS:FreeRTOS:Core:::10.2.0:
2025-02-27 20:02:35,765 [WARN] ModelIntegratedComponent:63 - No mode defined for component null
2025-02-27 20:02:35,765 [WARN] ModelIntegratedComponent:63 - No mode defined for component null
2025-02-27 20:02:35,765 [WARN] ModelIntegratedComponent:63 - No mode defined for component null
2025-02-27 20:02:35,765 [WARN] ModelIntegratedComponent:63 - No mode defined for component null
2025-02-27 20:02:35,766 [WARN] ModelIntegratedComponent:63 - No mode defined for component null
2025-02-27 20:02:35,766 [WARN] ModelIntegratedComponent:63 - No mode defined for component null
2025-02-27 20:02:35,766 [WARN] ModelIntegratedComponent:63 - No mode defined for component null
2025-02-27 20:02:35,766 [WARN] ModelIntegratedComponent:63 - No mode defined for component null
2025-02-27 20:02:35,766 [WARN] ModelIntegratedComponent:63 - No mode defined for component null
2025-02-27 20:02:35,766 [WARN] ModelIntegratedComponent:63 - No mode defined for component null
2025-02-27 20:02:35,766 [WARN] ModelIntegratedComponent:63 - No mode defined for component null
2025-02-27 20:02:35,766 [WARN] ModelIntegratedComponent:63 - No mode defined for component null
2025-02-27 20:02:35,766 [WARN] ModelIntegratedComponent:63 - No mode defined for component null
2025-02-27 20:02:35,766 [WARN] ModelIntegratedComponent:63 - No mode defined for component null
2025-02-27 20:02:35,766 [WARN] ModelIntegratedComponent:63 - No mode defined for component null
2025-02-27 20:02:35,766 [WARN] ModelIntegratedComponent:63 - No mode defined for component null
2025-02-27 20:02:35,766 [WARN] ModelIntegratedComponent:63 - No mode defined for component null
2025-02-27 20:02:35,766 [WARN] ModelIntegratedComponent:63 - No mode defined for component null
2025-02-27 20:02:35,766 [WARN] ModelIntegratedComponent:63 - No mode defined for component null
2025-02-27 20:02:35,766 [WARN] ModelIntegratedComponent:63 - No mode defined for component null
2025-02-27 20:02:35,766 [WARN] ModelIntegratedComponent:63 - No mode defined for component null
2025-02-27 20:02:35,766 [WARN] ModelIntegratedComponent:63 - No mode defined for component null
2025-02-27 20:02:35,766 [WARN] ModelIntegratedComponent:63 - No mode defined for component null
2025-02-27 20:02:35,767 [WARN] ModelIntegratedComponent:63 - No mode defined for component null
2025-02-27 20:02:35,767 [WARN] ModelIntegratedComponent:63 - No mode defined for component null
2025-02-27 20:02:35,767 [WARN] ModelIntegratedComponent:63 - No mode defined for component null
2025-02-27 20:02:35,767 [WARN] ModelIntegratedComponent:63 - No mode defined for component null
2025-02-27 20:02:35,767 [WARN] ModelIntegratedComponent:63 - No mode defined for component null
2025-02-27 20:02:35,767 [WARN] ModelIntegratedComponent:63 - No mode defined for component null
2025-02-27 20:02:35,767 [WARN] ModelIntegratedComponent:63 - No mode defined for component null
2025-02-27 20:02:35,767 [WARN] ModelIntegratedComponent:63 - No mode defined for component null
2025-02-27 20:02:35,767 [WARN] ModelIntegratedComponent:63 - No mode defined for component null
2025-02-27 20:02:35,767 [WARN] ModelIntegratedComponent:63 - No mode defined for component null
2025-02-27 20:02:35,767 [WARN] ModelIntegratedComponent:63 - No mode defined for component null
2025-02-27 20:02:35,767 [WARN] ModelIntegratedComponent:63 - No mode defined for component null
2025-02-27 20:02:35,767 [WARN] ModelPack:524 - Component already loaded: STMicroelectronics:HAL Drivers:0.0.0:STMicroelectronics:Device:STMicro_Driver:XSPI:HAL::0.0.1:HAL_XSPI
2025-02-27 20:02:35,864 [INFO] ThirdPartyModel:298 - Start build external matchings
2025-02-27 20:02:36,172 [INFO] ThirdPartyModel:316 - End build external matchings
2025-02-27 20:02:36,681 [INFO] ApiDb:581 - Connected to CubeFinder SQLite database (C:\Users\mridu\.stmcufinder\plugins\mcufinder\mcu\cube-finder-db.db)
2025-02-27 20:02:36,770 [INFO] ApiDb:668 - CubeFinder database Data Model version=2.1
2025-02-27 20:02:36,770 [INFO] ApiDb:669 - CubeFinder database Configuration version=3.0.39
2025-02-27 20:02:36,770 [INFO] ApiDb:670 - CubeFinder database generation date=2024-10-15 (1729006872)
2025-02-27 20:02:36,770 [INFO] ApiDb:671 - CubeFinder database FW Pack versions=[FP-ATR-ASTRA1_V2.0.0, FP-SNS-FLIGHT1_V5.0.2, FP-SNS-MOTENV1_V5.0.0, FP-SNS-MOTENVWB1_V1.4.0, FP-SNS-SMARTAG2_V1.2.0, FP-SNS-STBOX1_V2.0.0, STM32Cube_FW_C0_V1.2.0, STM32Cube_FW_F4_V1.28.1, STM32Cube_FW_F7_V1.17.2, STM32Cube_FW_G0_V1.6.2, STM32Cube_FW_G4_V1.6.0, STM32Cube_FW_H5_V1.3.0, STM32Cube_FW_H7RS_V1.1.0, STM32Cube_FW_H7_V1.11.2, STM32Cube_FW_L0_V1.12.2, STM32Cube_FW_L5_V1.5.1, STM32Cube_FW_U0_V1.1.0, STM32Cube_FW_U5_V1.6.0, STM32Cube_FW_WB0_V1.0.0, STM32Cube_FW_WBA_V1.4.1, STM32Cube_FW_WB_V1.20.0, STM32Cube_FW_WL_V1.3.0, X-CUBE-ALGOBUILD_V1.4.0, X-CUBE-ALS_V1.0.2, X-CUBE-AZRTOS-F4_V1.1.0, X-CUBE-AZRTOS-F7_V1.1.0, X-CUBE-AZRTOS-G0_V1.1.0, X-CUBE-AZRTOS-G4_V2.0.0, X-CUBE-AZRTOS-H7RS_V1.0.0, X-CUBE-AZRTOS-H7_V3.3.0, X-CUBE-AZRTOS-L4_V2.0.0, X-CUBE-AZRTOS-L5_V2.0.0, X-CUBE-AZRTOS-WB_V2.0.0, X-CUBE-AZRTOS-WL_V2.0.0, X-CUBE-BLE1_V7.0.0, X-CUBE-BLE2_V3.3.0, X-CUBE-BLEMGR_V3.1.0, X-CUBE-EEPRMA1_V5.1.0, X-CUBE-FREERTOS_V1.2.0, X-CUBE-GNSS1_V6.0.0, X-CUBE-MEMS1_V11.0.0, X-CUBE-NFC4_V3.0.0, X-CUBE-NFC7_V1.0.1, X-CUBE-SFXS2LP1_V4.0.0, X-CUBE-SUBG2_V5.0.0, X-CUBE-TOF1_V3.4.2]
2025-02-27 20:02:36,836 [INFO] DbBoardsSqlite:226 - include board P-NUCLEO-WB55-NUCLEO as a kit item of type 'Nucleo-64'
2025-02-27 20:02:36,837 [INFO] DbBoardsSqlite:226 - include board P-NUCLEO-WB55-USBDONGLE as a kit item of type 'Nucleo USB Dongle'
2025-02-27 20:02:36,837 [INFO] DbBoardsSqlite:226 - include board STEVAL-IDP005V1 as a kit item of type 'Evaluation Board'
2025-02-27 20:02:36,837 [INFO] DbBoardsSqlite:226 - include board STEVAL-IDP005V2 as a kit item of type 'Evaluation Board'
2025-02-27 20:02:36,903 [INFO] ApiDb:240 - Found 646 in-development CPN: [B-G473E-ZEST1S, B-WB1M-WPAN1, B-WL5M-SUBG1, NUCLEO-C031C6, NUCLEO-C071RB, NUCLEO-H503RB, NUCLEO-H533RE, NUCLEO-H563ZI, NUCLEO-H7S3L8, NUCLEO-U031R8, NUCLEO-U083RC, NUCLEO-U545RE-Q, NUCLEO-U5A5ZJ-Q, NUCLEO-WB05KZ, NUCLEO-WB07CC, NUCLEO-WB09KE, NUCLEO-WBA52CG, NUCLEO-WBA55CG, STEVAL-PROTEUS1, STEVAL-SMARTAG2, STEVAL-STWINBX1, STM320518-EVAL, STM32C0116-DK, STM32C011D6Y3TR, STM32C011D6Y6TR, STM32C011F4P3, STM32C011F4P6, STM32C011F4U3, STM32C011F4U6TR, STM32C011F6P3, STM32C011F6P6, STM32C011F6U3, STM32C011F6U6TR, STM32C011J4M3, STM32C011J4M6, STM32C011J6M3, STM32C011J6M6, STM32C0316-DK, STM32C031C4T3, STM32C031C4T6, STM32C031C4U3, STM32C031C4U6, STM32C031C6T3, STM32C031C6T6, STM32C031C6U3, STM32C031C6U6, STM32C031F4P3, STM32C031F4P6, STM32C031F6P3, STM32C031F6P6, STM32C031G4U3, STM32C031G4U6, STM32C031G6U3, STM32C031G6U6, STM32C031K4T3, STM32C031K4T6, STM32C031K4U3, STM32C031K4U6, STM32C031K6T3, STM32C031K6T6, STM32C031K6U3, STM32C031K6U6, STM32C071C8T6, STM32C071C8T6N, STM32C071C8U6, STM32C071C8U6N, STM32C071CBT6, STM32C071CBT6N, STM32C071CBU6, STM32C071CBU6N, STM32C071F8P6, STM32C071F8P6N, STM32C071FBP6, STM32C071FBP6N, STM32C071FBY6TR, STM32C071G8U6, STM32C071G8U6N, STM32C071GBU6, STM32C071GBU6N, STM32C071K8T6, STM32C071K8T6N, STM32C071K8U6, STM32C071K8U6N, STM32C071KBT6, STM32C071KBT6N, STM32C071KBU6, STM32C071KBU6N, STM32C071R8T6, STM32C071R8T6N, STM32C071RBI6N, STM32C071RBT6, STM32C071RBT6N, STM32G071K8TXN, STM32G071K8UXN, STM32G081GBU6N, STM32G081KBT6N, STM32G081KBUXN, STM32G0B1CCT6N, STM32G0B1KCT6, STM32G0B1NEY6TR, STM32G0B1RCT6N, STM32G0C1CCT6, STM32G0C1CCT6N, STM32G0C1CCU6N, STM32G0C1CET6N, STM32G0C1CEU6N, STM32G0C1KCT6, STM32G0C1NEY6TR, STM32G0C1RCI6N, STM32G0C1RCT6N, STM32G0C1REI6N, STM32G0C1RET6N, STM32G0C1VCI6, STM32G0C1VEI6, STM32G411C6T3, STM32G411C6T6, STM32G411C6U3, STM32G411C6U6, STM32G411C8T3, STM32G411C8T6, STM32G411C8U3, STM32G411C8U6, STM32G411CBT3, STM32G411CBT6, STM32G411CBU3, STM32G411CBU6, STM32G411K6T3, STM32G411K6T6, STM32G411K6U3, STM32G411K6U6, STM32G411K8T3, STM32G411K8T6, STM32G411K8U3, STM32G411K8U6, STM32G411KBT3, STM32G411KBT6, STM32G411KBU3, STM32G411KBU6, STM32G411M6T3, STM32G411M6T6, STM32G411M8T3, STM32G411M8T6, STM32G411MBT3, STM32G411MBT6, STM32G411R6T3, STM32G411R6T6, STM32G411R8T3, STM32G411R8T6, STM32G411RBT3, STM32G411RBT6, STM32G414CBT3, STM32G414CBT6, STM32G414CBU3, STM32G414CBU6, STM32G414CCT3, STM32G414CCT6, STM32G414CCU3, STM32G414CCU6, STM32G414MBT3, STM32G414MBT6, STM32G414MCT3, STM32G414MCT6, STM32G414RBT3, STM32G414RBT6, STM32G414RCT3, STM32G414RCT6, STM32G414VBT3, STM32G414VBT6, STM32G414VCT3, STM32G414VCT6, STM32G431CBT3Z, STM32G431RBT3Z, STM32G471CCT6, STM32G471CCU6, STM32G471CET3, STM32G471CET6, STM32G471CEU3, STM32G471CEU6, STM32G471MCT6, STM32G471MET3, STM32G471MET6, STM32G471MEY6TR, STM32G471QCT6, STM32G471QET3, STM32G471RCT6, STM32G471RET3, STM32G471RET6, STM32G471VCH6, STM32G471VCI6, STM32G471VCT6, STM32G471VEH3, STM32G471VEH6, STM32G471VEI3, STM32G471VEI6, STM32G471VET3, STM32G471VET6, STM32G473QET3Z, STM32G473RET3Z, STM32G474CCT6, STM32G491RET3Z, STM32H503CBT6, STM32H503CBU6, STM32H503EBY6TR, STM32H503KBU6, STM32H503RBT6, STM32H523CCT6, STM32H523CCU6, STM32H523CET6, STM32H523CEU6, STM32H523HEY6TR, STM32H523RCT6, STM32H523RET6, STM32H523VCI6, STM32H523VCT6, STM32H523VEI6, STM32H523VET6, STM32H523ZCJ6, STM32H523ZCT6, STM32H523ZEJ6, STM32H523ZET6, STM32H533CET6, STM32H533CEU6, STM32H533HEY6TR, STM32H533RET6, STM32H533VEI6, STM32H533VET6, STM32H533ZEJ6, STM32H533ZET6, STM32H562AGI6, STM32H562AII6, STM32H562IGK6, STM32H562IGT6, STM32H562IIK6, STM32H562IIT6, STM32H562RGT6, STM32H562RGV6, STM32H562RIT6, STM32H562RIV6, STM32H562VGT6, STM32H562VIT6, STM32H562ZGT6, STM32H562ZIT6, STM32H563AGI6, STM32H563AII3Q, STM32H563AII6, STM32H563IGK6, STM32H563IGT6, STM32H563IIK3Q, STM32H563IIK6, STM32H563IIT3Q, STM32H563IIT6, STM32H563MIY3QTR, STM32H563RGT6, STM32H563RGV6, STM32H563RIT6, STM32H563RIV6, STM32H563VGT6, STM32H563VIT3Q, STM32H563VIT6, STM32H563ZGT6, STM32H563ZIT3Q, STM32H563ZIT6, STM32H573AII3Q, STM32H573AII6, STM32H573I-DK, STM32H573IIK3Q, STM32H573IIK6, STM32H573IIT3Q, STM32H573IIT6, STM32H573MIY3QTR, STM32H573RIT6, STM32H573RIV6, STM32H573VIT3Q, STM32H573VIT6, STM32H573ZIT3Q, STM32H573ZIT6, STM32H7R3A8I6, STM32H7R3I8K6, STM32H7R3I8T6, STM32H7R3L8H6, STM32H7R3L8H6H, STM32H7R3R8V6, STM32H7R3V8H6, STM32H7R3V8T6, STM32H7R3V8Y6TR, STM32H7R3Z8J6, STM32H7R3Z8T6, STM32H7R7A8I6, STM32H7R7I8K6, STM32H7R7I8T6, STM32H7R7L8H6, STM32H7R7L8H6H, STM32H7R7Z8J6, STM32H7S3A8I6, STM32H7S3I8K6, STM32H7S3I8T6, STM32H7S3L8H6, STM32H7S3L8H6H, STM32H7S3R8V6, STM32H7S3V8H6, STM32H7S3V8T6, STM32H7S3V8Y6TR, STM32H7S3Z8J6, STM32H7S3Z8T6, STM32H7S78-DK, STM32H7S7A8I6, STM32H7S7I8K6, STM32H7S7I8T6, STM32H7S7L8H6, STM32H7S7L8H6H, STM32H7S7Z8J6, STM32L4R5QGI6STR, STM32MP131AAE3, STM32MP131AAF3, STM32MP131AAG3, STM32MP131CAE3, STM32MP131CAF3, STM32MP131CAG3, STM32MP131DAE7, STM32MP131DAF7, STM32MP131DAG7, STM32MP131FAE7, STM32MP131FAF7, STM32MP131FAG7, STM32MP133AAE3, STM32MP133AAF3, STM32MP133AAG3, STM32MP133CAE3, STM32MP133CAF3, STM32MP133CAG3, STM32MP133DAE7, STM32MP133DAF7, STM32MP133DAG7, STM32MP133FAE7, STM32MP133FAF7, STM32MP133FAG7, STM32MP135AAE3, STM32MP135AAF3, STM32MP135AAG3, STM32MP135CAE3, STM32MP135CAF3, STM32MP135CAG3, STM32MP135DAE7, STM32MP135DAF7, STM32MP135DAG7, STM32MP135F-DK, STM32MP135FAE7, STM32MP135FAF7, STM32MP135FAF7T, STM32MP135FAF7U, STM32MP135FAG7, STM32MP251AAI3, STM32MP251AAK3, STM32MP251AAL3, STM32MP251CAI3, STM32MP251CAK3, STM32MP251CAL3, STM32MP251DAI3, STM32MP251DAK3, STM32MP251DAL3, STM32MP251FAI3, STM32MP251FAK3, STM32MP251FAL3, STM32MP253AAI3, STM32MP253AAK3, STM32MP253AAL3, STM32MP253CAI3, STM32MP253CAK3, STM32MP253CAL3, STM32MP253DAI3, STM32MP253DAK3, STM32MP253DAL3, STM32MP253FAI3, STM32MP253FAK3, STM32MP253FAL3, STM32MP255AAI3, STM32MP255AAK3, STM32MP255AAL3, STM32MP255CAI3, STM32MP255CAK3, STM32MP255CAL3, STM32MP255DAI3, STM32MP255DAK3, STM32MP255DAL3, STM32MP255FAI3, STM32MP255FAK3, STM32MP255FAL3, STM32MP257AAI3, STM32MP257AAK3, STM32MP257AAL3, STM32MP257CAI3, STM32MP257CAK3, STM32MP257CAL3, STM32MP257DAI3, STM32MP257DAK3, STM32MP257DAL3, STM32MP257F-DK, STM32MP257F-EV1, STM32MP257FAI3, STM32MP257FAK3, STM32MP257FAL3, STM32U031C6T6, STM32U031C6U6, STM32U031C8T6, STM32U031C8U6, STM32U031F4P6, STM32U031F6P6, STM32U031F8P6, STM32U031G6Y6TR, STM32U031G8Y6TR, STM32U031K4U6, STM32U031K6U6, STM32U031K8U6, STM32U031R6I6, STM32U031R6T6, STM32U031R8I6, STM32U031R8T6, STM32U073C8T6, STM32U073C8U6, STM32U073CBT6, STM32U073CBU6, STM32U073CCT6, STM32U073CCU6, STM32U073H8Y6TR, STM32U073HBY6TR, STM32U073HCY6TR, STM32U073K8U6, STM32U073KBU6, STM32U073KCU6, STM32U073M8I6, STM32U073M8T6, STM32U073MBI6, STM32U073MBT6, STM32U073MCI6, STM32U073MCT6, STM32U073R8I6, STM32U073R8T6, STM32U073RBI6, STM32U073RBT6, STM32U073RCI6, STM32U073RCT6, STM32U083C-DK, STM32U083CCT6, STM32U083CCU6, STM32U083HCY6TR, STM32U083KCU6, STM32U083MCI6, STM32U083MCT6, STM32U083RCI6, STM32U083RCT6, STM32U535CBT6, STM32U535CBT6Q, STM32U535CBU6, STM32U535CBU6Q, STM32U535CCT6, STM32U535CCT6Q, STM32U535CCU6, STM32U535CCU6Q, STM32U535CET6, STM32U535CET6Q, STM32U535CEU6, STM32U535CEU6Q, STM32U535JEY6QTR, STM32U535NCY6QTR, STM32U535NEY6QTR, STM32U535RBI6, STM32U535RBI6Q, STM32U535RBT6, STM32U535RBT6Q, STM32U535RCI6, STM32U535RCI6Q, STM32U535RCT6, STM32U535RCT6Q, STM32U535REI6, STM32U535REI6Q, STM32U535RET6, STM32U535RET6Q, STM32U535VCI6, STM32U535VCI6Q, STM32U535VCT6, STM32U535VCT6Q, STM32U535VEI6, STM32U535VEI6Q, STM32U535VET6, STM32U535VET6Q, STM32U545CET6, STM32U545CET6Q, STM32U545CEU6, STM32U545CEU6Q, STM32U545JEY6QTR, STM32U545NEY6QTR, STM32U545REI6, STM32U545REI6Q, STM32U545RET6, STM32U545RET6Q, STM32U545VEI6, STM32U545VEI6Q, STM32U545VET6, STM32U545VET6Q, STM32U595AIH6, STM32U595AIH6Q, STM32U595AJH6, STM32U595AJH6Q, STM32U595QII6, STM32U595QII6Q, STM32U595QJI6, STM32U595QJI6Q, STM32U595RIT6, STM32U595RIT6Q, STM32U595RJT6, STM32U595RJT6Q, STM32U595VIT6, STM32U595VIT6Q, STM32U595VJT6, STM32U595VJT6Q, STM32U595ZIT6, STM32U595ZIT6Q, STM32U595ZIY6QTR, STM32U595ZJT6, STM32U595ZJT6Q, STM32U595ZJY6QTR, STM32U599BJY6QTR, STM32U599NIH6Q, STM32U599NJH6Q, STM32U599VIT6Q, STM32U599VJT6, STM32U599VJT6Q, STM32U599ZIT6Q, STM32U599ZIY6QTR, STM32U599ZJT6Q, STM32U599ZJY6QTR, STM32U5A5AJH6, STM32U5A5AJH6Q, STM32U5A5QII3Q , STM32U5A5QJI6, STM32U5A5QJI6Q, STM32U5A5RJT6, STM32U5A5RJT6Q, STM32U5A5VJT6, STM32U5A5VJT6Q, STM32U5A5ZJT6, STM32U5A5ZJT6Q, STM32U5A5ZJY6QTR, STM32U5A9BJY6QTR, STM32U5A9J-DK, STM32U5A9NJH6Q, STM32U5A9VJT6Q, STM32U5A9ZJT6Q, STM32U5A9ZJY6QTR, STM32U5F7VIT6, STM32U5F7VIT6Q, STM32U5F7VJT6, STM32U5F7VJT6Q, STM32U5F9BJY6QTR, STM32U5F9NJH6Q, STM32U5F9VIT6Q, STM32U5F9VJT6Q, STM32U5F9ZIJ6QTR, STM32U5F9ZIT6Q, STM32U5F9ZJJ6QTR, STM32U5F9ZJT6Q, STM32U5G7VJT6, STM32U5G7VJT6Q, STM32U5G9BJY6QTR, STM32U5G9J-DK1, STM32U5G9J-DK2, STM32U5G9NJH6Q, STM32U5G9VJT6Q, STM32U5G9ZJJ6QTR, STM32U5G9ZJT6Q, STM32WB05KZV6TR, STM32WB05KZV7TR, STM32WB05TZF6TR, STM32WB05TZF7TR, STM32WB06CCF6TR, STM32WB06CCF7TR, STM32WB06CCV6TR, STM32WB06CCV7TR, STM32WB06KCV6TR, STM32WB06KCV7TR, STM32WB07CCF6TR, STM32WB07CCF7TR, STM32WB07CCV6TR, STM32WB07CCV7TR, STM32WB07KCV6TR, STM32WB07KCV7TR, STM32WB09KEV6TR, STM32WB09KEV7TR, STM32WB09TEF6TR, STM32WB09TEF7TR, STM32WB1MMCH6, STM32WBA50KGU6, STM32WBA50KGU6TR, STM32WBA52CEU6, STM32WBA52CEU6TR, STM32WBA52CEU7, STM32WBA52CEU7TR, STM32WBA52CGU6, STM32WBA52CGU6TR, STM32WBA52CGU6U, STM32WBA52CGU7, STM32WBA52CGU7TR, STM32WBA52KEU6, STM32WBA52KEU6TR, STM32WBA52KGU6, STM32WBA52KGU6TR, STM32WBA54CEU6, STM32WBA54CEU6TR, STM32WBA54CEU7, STM32WBA54CEU7TR, STM32WBA54CGU6, STM32WBA54CGU6TR, STM32WBA54CGU7, STM32WBA54CGU7TR, STM32WBA54KEU6, STM32WBA54KEU6TR, STM32WBA54KEU7, STM32WBA54KEU7TR, STM32WBA54KGU6, STM32WBA54KGU6TR, STM32WBA54KGU7, STM32WBA54KGU7TR, STM32WBA55CEU6, STM32WBA55CEU6TR, STM32WBA55CEU7, STM32WBA55CEU7TR, STM32WBA55CGU6, STM32WBA55CGU6TR, STM32WBA55CGU6U, STM32WBA55CGU7, STM32WBA55CGU7TR, STM32WBA55G-DK1, STM32WBA55HEF6, STM32WBA55HEF7, STM32WBA55HGF6, STM32WBA55HGF7, STM32WBA55UEI6, STM32WBA55UEI6TR, STM32WBA55UEI7, STM32WBA55UEI7TR, STM32WBA55UGI6, STM32WBA55UGI6TR, STM32WBA55UGI7, STM32WBA55UGI7TR, STM32WL5MOCH6, STM32WL5MOCH6TR]
2025-02-27 20:02:37,057 [INFO] BoardInfo:889 - No configuration file found for board P-NUCLEO-WB55
2025-02-27 20:02:37,058 [INFO] DbBoards:161 - Kit is not supported: P-NUCLEO-WB55
2025-02-27 20:02:37,063 [INFO] BoardInfo:889 - No configuration file found for board STEVAL-BFA001V1B
2025-02-27 20:02:37,063 [INFO] DbBoards:161 - Kit is not supported: STEVAL-BFA001V1B
2025-02-27 20:02:37,064 [INFO] BoardInfo:889 - No configuration file found for board STEVAL-BFA001V2B
2025-02-27 20:02:37,065 [INFO] DbBoards:161 - Kit is not supported: STEVAL-BFA001V2B
2025-02-27 20:02:37,232 [INFO] DbBoards:168 - Found 201 boards, 198 are supported
2025-02-27 20:02:37,232 [INFO] DbBoards:169 - Found 201 boards, 25 of them is supported for  Bsp
2025-02-27 20:02:37,236 [INFO] ApiDb:668 - CubeFinder database Data Model version=2.1
2025-02-27 20:02:37,236 [INFO] ApiDb:669 - CubeFinder database Configuration version=3.0.39
2025-02-27 20:02:37,236 [INFO] ApiDb:670 - CubeFinder database generation date=2024-10-15 (1729006872)
2025-02-27 20:02:37,236 [INFO] ApiDb:671 - CubeFinder database FW Pack versions=[FP-ATR-ASTRA1_V2.0.0, FP-SNS-FLIGHT1_V5.0.2, FP-SNS-MOTENV1_V5.0.0, FP-SNS-MOTENVWB1_V1.4.0, FP-SNS-SMARTAG2_V1.2.0, FP-SNS-STBOX1_V2.0.0, STM32Cube_FW_C0_V1.2.0, STM32Cube_FW_F4_V1.28.1, STM32Cube_FW_F7_V1.17.2, STM32Cube_FW_G0_V1.6.2, STM32Cube_FW_G4_V1.6.0, STM32Cube_FW_H5_V1.3.0, STM32Cube_FW_H7RS_V1.1.0, STM32Cube_FW_H7_V1.11.2, STM32Cube_FW_L0_V1.12.2, STM32Cube_FW_L5_V1.5.1, STM32Cube_FW_U0_V1.1.0, STM32Cube_FW_U5_V1.6.0, STM32Cube_FW_WB0_V1.0.0, STM32Cube_FW_WBA_V1.4.1, STM32Cube_FW_WB_V1.20.0, STM32Cube_FW_WL_V1.3.0, X-CUBE-ALGOBUILD_V1.4.0, X-CUBE-ALS_V1.0.2, X-CUBE-AZRTOS-F4_V1.1.0, X-CUBE-AZRTOS-F7_V1.1.0, X-CUBE-AZRTOS-G0_V1.1.0, X-CUBE-AZRTOS-G4_V2.0.0, X-CUBE-AZRTOS-H7RS_V1.0.0, X-CUBE-AZRTOS-H7_V3.3.0, X-CUBE-AZRTOS-L4_V2.0.0, X-CUBE-AZRTOS-L5_V2.0.0, X-CUBE-AZRTOS-WB_V2.0.0, X-CUBE-AZRTOS-WL_V2.0.0, X-CUBE-BLE1_V7.0.0, X-CUBE-BLE2_V3.3.0, X-CUBE-BLEMGR_V3.1.0, X-CUBE-EEPRMA1_V5.1.0, X-CUBE-FREERTOS_V1.2.0, X-CUBE-GNSS1_V6.0.0, X-CUBE-MEMS1_V11.0.0, X-CUBE-NFC4_V3.0.0, X-CUBE-NFC7_V1.0.1, X-CUBE-SFXS2LP1_V4.0.0, X-CUBE-SUBG2_V5.0.0, X-CUBE-TOF1_V3.4.2]
2025-02-27 20:02:39,226 [INFO] ApiDb:240 - Found 646 in-development CPN: [B-G473E-ZEST1S, B-WB1M-WPAN1, B-WL5M-SUBG1, NUCLEO-C031C6, NUCLEO-C071RB, NUCLEO-H503RB, NUCLEO-H533RE, NUCLEO-H563ZI, NUCLEO-H7S3L8, NUCLEO-U031R8, NUCLEO-U083RC, NUCLEO-U545RE-Q, NUCLEO-U5A5ZJ-Q, NUCLEO-WB05KZ, NUCLEO-WB07CC, NUCLEO-WB09KE, NUCLEO-WBA52CG, NUCLEO-WBA55CG, STEVAL-PROTEUS1, STEVAL-SMARTAG2, STEVAL-STWINBX1, STM320518-EVAL, STM32C0116-DK, STM32C011D6Y3TR, STM32C011D6Y6TR, STM32C011F4P3, STM32C011F4P6, STM32C011F4U3, STM32C011F4U6TR, STM32C011F6P3, STM32C011F6P6, STM32C011F6U3, STM32C011F6U6TR, STM32C011J4M3, STM32C011J4M6, STM32C011J6M3, STM32C011J6M6, STM32C0316-DK, STM32C031C4T3, STM32C031C4T6, STM32C031C4U3, STM32C031C4U6, STM32C031C6T3, STM32C031C6T6, STM32C031C6U3, STM32C031C6U6, STM32C031F4P3, STM32C031F4P6, STM32C031F6P3, STM32C031F6P6, STM32C031G4U3, STM32C031G4U6, STM32C031G6U3, STM32C031G6U6, STM32C031K4T3, STM32C031K4T6, STM32C031K4U3, STM32C031K4U6, STM32C031K6T3, STM32C031K6T6, STM32C031K6U3, STM32C031K6U6, STM32C071C8T6, STM32C071C8T6N, STM32C071C8U6, STM32C071C8U6N, STM32C071CBT6, STM32C071CBT6N, STM32C071CBU6, STM32C071CBU6N, STM32C071F8P6, STM32C071F8P6N, STM32C071FBP6, STM32C071FBP6N, STM32C071FBY6TR, STM32C071G8U6, STM32C071G8U6N, STM32C071GBU6, STM32C071GBU6N, STM32C071K8T6, STM32C071K8T6N, STM32C071K8U6, STM32C071K8U6N, STM32C071KBT6, STM32C071KBT6N, STM32C071KBU6, STM32C071KBU6N, STM32C071R8T6, STM32C071R8T6N, STM32C071RBI6N, STM32C071RBT6, STM32C071RBT6N, STM32G071K8TXN, STM32G071K8UXN, STM32G081GBU6N, STM32G081KBT6N, STM32G081KBUXN, STM32G0B1CCT6N, STM32G0B1KCT6, STM32G0B1NEY6TR, STM32G0B1RCT6N, STM32G0C1CCT6, STM32G0C1CCT6N, STM32G0C1CCU6N, STM32G0C1CET6N, STM32G0C1CEU6N, STM32G0C1KCT6, STM32G0C1NEY6TR, STM32G0C1RCI6N, STM32G0C1RCT6N, STM32G0C1REI6N, STM32G0C1RET6N, STM32G0C1VCI6, STM32G0C1VEI6, STM32G411C6T3, STM32G411C6T6, STM32G411C6U3, STM32G411C6U6, STM32G411C8T3, STM32G411C8T6, STM32G411C8U3, STM32G411C8U6, STM32G411CBT3, STM32G411CBT6, STM32G411CBU3, STM32G411CBU6, STM32G411K6T3, STM32G411K6T6, STM32G411K6U3, STM32G411K6U6, STM32G411K8T3, STM32G411K8T6, STM32G411K8U3, STM32G411K8U6, STM32G411KBT3, STM32G411KBT6, STM32G411KBU3, STM32G411KBU6, STM32G411M6T3, STM32G411M6T6, STM32G411M8T3, STM32G411M8T6, STM32G411MBT3, STM32G411MBT6, STM32G411R6T3, STM32G411R6T6, STM32G411R8T3, STM32G411R8T6, STM32G411RBT3, STM32G411RBT6, STM32G414CBT3, STM32G414CBT6, STM32G414CBU3, STM32G414CBU6, STM32G414CCT3, STM32G414CCT6, STM32G414CCU3, STM32G414CCU6, STM32G414MBT3, STM32G414MBT6, STM32G414MCT3, STM32G414MCT6, STM32G414RBT3, STM32G414RBT6, STM32G414RCT3, STM32G414RCT6, STM32G414VBT3, STM32G414VBT6, STM32G414VCT3, STM32G414VCT6, STM32G431CBT3Z, STM32G431RBT3Z, STM32G471CCT6, STM32G471CCU6, STM32G471CET3, STM32G471CET6, STM32G471CEU3, STM32G471CEU6, STM32G471MCT6, STM32G471MET3, STM32G471MET6, STM32G471MEY6TR, STM32G471QCT6, STM32G471QET3, STM32G471RCT6, STM32G471RET3, STM32G471RET6, STM32G471VCH6, STM32G471VCI6, STM32G471VCT6, STM32G471VEH3, STM32G471VEH6, STM32G471VEI3, STM32G471VEI6, STM32G471VET3, STM32G471VET6, STM32G473QET3Z, STM32G473RET3Z, STM32G474CCT6, STM32G491RET3Z, STM32H503CBT6, STM32H503CBU6, STM32H503EBY6TR, STM32H503KBU6, STM32H503RBT6, STM32H523CCT6, STM32H523CCU6, STM32H523CET6, STM32H523CEU6, STM32H523HEY6TR, STM32H523RCT6, STM32H523RET6, STM32H523VCI6, STM32H523VCT6, STM32H523VEI6, STM32H523VET6, STM32H523ZCJ6, STM32H523ZCT6, STM32H523ZEJ6, STM32H523ZET6, STM32H533CET6, STM32H533CEU6, STM32H533HEY6TR, STM32H533RET6, STM32H533VEI6, STM32H533VET6, STM32H533ZEJ6, STM32H533ZET6, STM32H562AGI6, STM32H562AII6, STM32H562IGK6, STM32H562IGT6, STM32H562IIK6, STM32H562IIT6, STM32H562RGT6, STM32H562RGV6, STM32H562RIT6, STM32H562RIV6, STM32H562VGT6, STM32H562VIT6, STM32H562ZGT6, STM32H562ZIT6, STM32H563AGI6, STM32H563AII3Q, STM32H563AII6, STM32H563IGK6, STM32H563IGT6, STM32H563IIK3Q, STM32H563IIK6, STM32H563IIT3Q, STM32H563IIT6, STM32H563MIY3QTR, STM32H563RGT6, STM32H563RGV6, STM32H563RIT6, STM32H563RIV6, STM32H563VGT6, STM32H563VIT3Q, STM32H563VIT6, STM32H563ZGT6, STM32H563ZIT3Q, STM32H563ZIT6, STM32H573AII3Q, STM32H573AII6, STM32H573I-DK, STM32H573IIK3Q, STM32H573IIK6, STM32H573IIT3Q, STM32H573IIT6, STM32H573MIY3QTR, STM32H573RIT6, STM32H573RIV6, STM32H573VIT3Q, STM32H573VIT6, STM32H573ZIT3Q, STM32H573ZIT6, STM32H7R3A8I6, STM32H7R3I8K6, STM32H7R3I8T6, STM32H7R3L8H6, STM32H7R3L8H6H, STM32H7R3R8V6, STM32H7R3V8H6, STM32H7R3V8T6, STM32H7R3V8Y6TR, STM32H7R3Z8J6, STM32H7R3Z8T6, STM32H7R7A8I6, STM32H7R7I8K6, STM32H7R7I8T6, STM32H7R7L8H6, STM32H7R7L8H6H, STM32H7R7Z8J6, STM32H7S3A8I6, STM32H7S3I8K6, STM32H7S3I8T6, STM32H7S3L8H6, STM32H7S3L8H6H, STM32H7S3R8V6, STM32H7S3V8H6, STM32H7S3V8T6, STM32H7S3V8Y6TR, STM32H7S3Z8J6, STM32H7S3Z8T6, STM32H7S78-DK, STM32H7S7A8I6, STM32H7S7I8K6, STM32H7S7I8T6, STM32H7S7L8H6, STM32H7S7L8H6H, STM32H7S7Z8J6, STM32L4R5QGI6STR, STM32MP131AAE3, STM32MP131AAF3, STM32MP131AAG3, STM32MP131CAE3, STM32MP131CAF3, STM32MP131CAG3, STM32MP131DAE7, STM32MP131DAF7, STM32MP131DAG7, STM32MP131FAE7, STM32MP131FAF7, STM32MP131FAG7, STM32MP133AAE3, STM32MP133AAF3, STM32MP133AAG3, STM32MP133CAE3, STM32MP133CAF3, STM32MP133CAG3, STM32MP133DAE7, STM32MP133DAF7, STM32MP133DAG7, STM32MP133FAE7, STM32MP133FAF7, STM32MP133FAG7, STM32MP135AAE3, STM32MP135AAF3, STM32MP135AAG3, STM32MP135CAE3, STM32MP135CAF3, STM32MP135CAG3, STM32MP135DAE7, STM32MP135DAF7, STM32MP135DAG7, STM32MP135F-DK, STM32MP135FAE7, STM32MP135FAF7, STM32MP135FAF7T, STM32MP135FAF7U, STM32MP135FAG7, STM32MP251AAI3, STM32MP251AAK3, STM32MP251AAL3, STM32MP251CAI3, STM32MP251CAK3, STM32MP251CAL3, STM32MP251DAI3, STM32MP251DAK3, STM32MP251DAL3, STM32MP251FAI3, STM32MP251FAK3, STM32MP251FAL3, STM32MP253AAI3, STM32MP253AAK3, STM32MP253AAL3, STM32MP253CAI3, STM32MP253CAK3, STM32MP253CAL3, STM32MP253DAI3, STM32MP253DAK3, STM32MP253DAL3, STM32MP253FAI3, STM32MP253FAK3, STM32MP253FAL3, STM32MP255AAI3, STM32MP255AAK3, STM32MP255AAL3, STM32MP255CAI3, STM32MP255CAK3, STM32MP255CAL3, STM32MP255DAI3, STM32MP255DAK3, STM32MP255DAL3, STM32MP255FAI3, STM32MP255FAK3, STM32MP255FAL3, STM32MP257AAI3, STM32MP257AAK3, STM32MP257AAL3, STM32MP257CAI3, STM32MP257CAK3, STM32MP257CAL3, STM32MP257DAI3, STM32MP257DAK3, STM32MP257DAL3, STM32MP257F-DK, STM32MP257F-EV1, STM32MP257FAI3, STM32MP257FAK3, STM32MP257FAL3, STM32U031C6T6, STM32U031C6U6, STM32U031C8T6, STM32U031C8U6, STM32U031F4P6, STM32U031F6P6, STM32U031F8P6, STM32U031G6Y6TR, STM32U031G8Y6TR, STM32U031K4U6, STM32U031K6U6, STM32U031K8U6, STM32U031R6I6, STM32U031R6T6, STM32U031R8I6, STM32U031R8T6, STM32U073C8T6, STM32U073C8U6, STM32U073CBT6, STM32U073CBU6, STM32U073CCT6, STM32U073CCU6, STM32U073H8Y6TR, STM32U073HBY6TR, STM32U073HCY6TR, STM32U073K8U6, STM32U073KBU6, STM32U073KCU6, STM32U073M8I6, STM32U073M8T6, STM32U073MBI6, STM32U073MBT6, STM32U073MCI6, STM32U073MCT6, STM32U073R8I6, STM32U073R8T6, STM32U073RBI6, STM32U073RBT6, STM32U073RCI6, STM32U073RCT6, STM32U083C-DK, STM32U083CCT6, STM32U083CCU6, STM32U083HCY6TR, STM32U083KCU6, STM32U083MCI6, STM32U083MCT6, STM32U083RCI6, STM32U083RCT6, STM32U535CBT6, STM32U535CBT6Q, STM32U535CBU6, STM32U535CBU6Q, STM32U535CCT6, STM32U535CCT6Q, STM32U535CCU6, STM32U535CCU6Q, STM32U535CET6, STM32U535CET6Q, STM32U535CEU6, STM32U535CEU6Q, STM32U535JEY6QTR, STM32U535NCY6QTR, STM32U535NEY6QTR, STM32U535RBI6, STM32U535RBI6Q, STM32U535RBT6, STM32U535RBT6Q, STM32U535RCI6, STM32U535RCI6Q, STM32U535RCT6, STM32U535RCT6Q, STM32U535REI6, STM32U535REI6Q, STM32U535RET6, STM32U535RET6Q, STM32U535VCI6, STM32U535VCI6Q, STM32U535VCT6, STM32U535VCT6Q, STM32U535VEI6, STM32U535VEI6Q, STM32U535VET6, STM32U535VET6Q, STM32U545CET6, STM32U545CET6Q, STM32U545CEU6, STM32U545CEU6Q, STM32U545JEY6QTR, STM32U545NEY6QTR, STM32U545REI6, STM32U545REI6Q, STM32U545RET6, STM32U545RET6Q, STM32U545VEI6, STM32U545VEI6Q, STM32U545VET6, STM32U545VET6Q, STM32U595AIH6, STM32U595AIH6Q, STM32U595AJH6, STM32U595AJH6Q, STM32U595QII6, STM32U595QII6Q, STM32U595QJI6, STM32U595QJI6Q, STM32U595RIT6, STM32U595RIT6Q, STM32U595RJT6, STM32U595RJT6Q, STM32U595VIT6, STM32U595VIT6Q, STM32U595VJT6, STM32U595VJT6Q, STM32U595ZIT6, STM32U595ZIT6Q, STM32U595ZIY6QTR, STM32U595ZJT6, STM32U595ZJT6Q, STM32U595ZJY6QTR, STM32U599BJY6QTR, STM32U599NIH6Q, STM32U599NJH6Q, STM32U599VIT6Q, STM32U599VJT6, STM32U599VJT6Q, STM32U599ZIT6Q, STM32U599ZIY6QTR, STM32U599ZJT6Q, STM32U599ZJY6QTR, STM32U5A5AJH6, STM32U5A5AJH6Q, STM32U5A5QII3Q , STM32U5A5QJI6, STM32U5A5QJI6Q, STM32U5A5RJT6, STM32U5A5RJT6Q, STM32U5A5VJT6, STM32U5A5VJT6Q, STM32U5A5ZJT6, STM32U5A5ZJT6Q, STM32U5A5ZJY6QTR, STM32U5A9BJY6QTR, STM32U5A9J-DK, STM32U5A9NJH6Q, STM32U5A9VJT6Q, STM32U5A9ZJT6Q, STM32U5A9ZJY6QTR, STM32U5F7VIT6, STM32U5F7VIT6Q, STM32U5F7VJT6, STM32U5F7VJT6Q, STM32U5F9BJY6QTR, STM32U5F9NJH6Q, STM32U5F9VIT6Q, STM32U5F9VJT6Q, STM32U5F9ZIJ6QTR, STM32U5F9ZIT6Q, STM32U5F9ZJJ6QTR, STM32U5F9ZJT6Q, STM32U5G7VJT6, STM32U5G7VJT6Q, STM32U5G9BJY6QTR, STM32U5G9J-DK1, STM32U5G9J-DK2, STM32U5G9NJH6Q, STM32U5G9VJT6Q, STM32U5G9ZJJ6QTR, STM32U5G9ZJT6Q, STM32WB05KZV6TR, STM32WB05KZV7TR, STM32WB05TZF6TR, STM32WB05TZF7TR, STM32WB06CCF6TR, STM32WB06CCF7TR, STM32WB06CCV6TR, STM32WB06CCV7TR, STM32WB06KCV6TR, STM32WB06KCV7TR, STM32WB07CCF6TR, STM32WB07CCF7TR, STM32WB07CCV6TR, STM32WB07CCV7TR, STM32WB07KCV6TR, STM32WB07KCV7TR, STM32WB09KEV6TR, STM32WB09KEV7TR, STM32WB09TEF6TR, STM32WB09TEF7TR, STM32WB1MMCH6, STM32WBA50KGU6, STM32WBA50KGU6TR, STM32WBA52CEU6, STM32WBA52CEU6TR, STM32WBA52CEU7, STM32WBA52CEU7TR, STM32WBA52CGU6, STM32WBA52CGU6TR, STM32WBA52CGU6U, STM32WBA52CGU7, STM32WBA52CGU7TR, STM32WBA52KEU6, STM32WBA52KEU6TR, STM32WBA52KGU6, STM32WBA52KGU6TR, STM32WBA54CEU6, STM32WBA54CEU6TR, STM32WBA54CEU7, STM32WBA54CEU7TR, STM32WBA54CGU6, STM32WBA54CGU6TR, STM32WBA54CGU7, STM32WBA54CGU7TR, STM32WBA54KEU6, STM32WBA54KEU6TR, STM32WBA54KEU7, STM32WBA54KEU7TR, STM32WBA54KGU6, STM32WBA54KGU6TR, STM32WBA54KGU7, STM32WBA54KGU7TR, STM32WBA55CEU6, STM32WBA55CEU6TR, STM32WBA55CEU7, STM32WBA55CEU7TR, STM32WBA55CGU6, STM32WBA55CGU6TR, STM32WBA55CGU6U, STM32WBA55CGU7, STM32WBA55CGU7TR, STM32WBA55G-DK1, STM32WBA55HEF6, STM32WBA55HEF7, STM32WBA55HGF6, STM32WBA55HGF7, STM32WBA55UEI6, STM32WBA55UEI6TR, STM32WBA55UEI7, STM32WBA55UEI7TR, STM32WBA55UGI6, STM32WBA55UGI6TR, STM32WBA55UGI7, STM32WBA55UGI7TR, STM32WL5MOCH6, STM32WL5MOCH6TR]
2025-02-27 20:02:39,229 [INFO] DbMcus:218 - Found 4252 MCUs, 4252 are supported
2025-02-27 20:02:39,230 [INFO] ApiDb:423 - Load user favorites file C:\Users\mridu/.stm32cubeide/favorites.mcus.txt: 0 item(s)
2025-02-27 20:02:39,230 [INFO] ApiDb:427 - User favorites MCUs=[]
2025-02-27 20:02:39,230 [INFO] DbMcus:224 - Set 0 / 0 favorites MCUs
2025-02-27 20:02:39,507 [INFO] ApiDb:423 - Load user favorites file C:\Users\mridu/.stm32cubeide/favorites.boards.txt: 0 item(s)
2025-02-27 20:02:39,507 [INFO] ApiDb:427 - User favorites Boards=[]
2025-02-27 20:02:39,507 [INFO] DbBoards:198 - Set 0 / 0 favorites Boards
2025-02-27 20:02:39,612 [INFO] UtilMem:75 - End LoadConfig() Used Memory: 771845336 Bytes (1073741824)
2025-02-27 20:02:39,768 [WARN] ThirdParty:833 - waiting for thirdparty lock release [change project]
2025-02-27 20:02:39,768 [INFO] ThirdParty:835 - entering critical section [change project]
2025-02-27 20:02:39,768 [INFO] ThirdParty:1030 - CMSIS Pack Vendor :STMicroelectronics USBPD 4.1
2025-02-27 20:02:39,768 [INFO] ThirdParty:1030 - CMSIS Pack Vendor :STMicroelectronics X-CUBE-AZRTOS-H7 3.3.0
2025-02-27 20:02:39,769 [INFO] ThirdParty:1030 - CMSIS Pack Vendor :STMicroelectronics USB_HOST 2.0.0
2025-02-27 20:02:39,769 [INFO] ThirdParty:1030 - CMSIS Pack Vendor :STMicroelectronics FP-SNS-MOTENVWB1 1.4.0
2025-02-27 20:02:39,769 [INFO] ThirdParty:1030 - CMSIS Pack Vendor :STMicroelectronics X-CUBE-AZRTOS-F4 1.1.0
2025-02-27 20:02:39,769 [INFO] ThirdParty:1030 - CMSIS Pack Vendor :STMicroelectronics LIBJPEG 8.0.0
2025-02-27 20:02:39,769 [INFO] ThirdParty:1030 - CMSIS Pack Vendor :STMicroelectronics FP-ATR-ASTRA1 2.0.2
2025-02-27 20:02:39,769 [INFO] ThirdParty:1030 - CMSIS Pack Vendor :STMicroelectronics FP-ATR-ASTRA1 2.0.1
2025-02-27 20:02:39,769 [INFO] ThirdParty:1030 - CMSIS Pack Vendor :STMicroelectronics X-CUBE-SMBUS 2.1.0
2025-02-27 20:02:39,769 [INFO] ThirdParty:1030 - CMSIS Pack Vendor :STMicroelectronics X-CUBE-WB05N 1.1.0
2025-02-27 20:02:39,769 [INFO] ThirdParty:1030 - CMSIS Pack Vendor :STMicroelectronics USB_DEVICE 3.0.0
2025-02-27 20:02:39,769 [INFO] ThirdParty:1030 - CMSIS Pack Vendor :STMicroelectronics X-CUBE-TCPP 4.1.0
2025-02-27 20:02:39,769 [INFO] ThirdParty:1030 - CMSIS Pack Vendor :STMicroelectronics X-CUBE-FREERTOS 1.2.0
2025-02-27 20:02:39,769 [INFO] ThirdParty:1030 - CMSIS Pack Vendor :STMicroelectronics X-CUBE-IPS 3.0.0
2025-02-27 20:02:39,769 [INFO] ThirdParty:1030 - CMSIS Pack Vendor :STMicroelectronics X-CUBE-AZRTOS-WB 2.0.0
2025-02-27 20:02:39,769 [INFO] ThirdParty:1030 - CMSIS Pack Vendor :STMicroelectronics X-CUBE-GNSS1 7.0.0
2025-02-27 20:02:39,769 [INFO] ThirdParty:1030 - CMSIS Pack Vendor :STMicroelectronics X-CUBE-GNSS1 7.0.1
2025-02-27 20:02:39,769 [INFO] ThirdParty:1030 - CMSIS Pack Vendor :STMicroelectronics X-CUBE-AZRTOS-F7 1.1.0
2025-02-27 20:02:39,769 [INFO] ThirdParty:1030 - CMSIS Pack Vendor :STMicroelectronics X-CUBE-AZRTOS-L5 2.0.0
2025-02-27 20:02:39,769 [INFO] ThirdParty:1030 - CMSIS Pack Vendor :STMicroelectronics USB_DEVICE 2.0.0
2025-02-27 20:02:39,769 [INFO] ThirdParty:1030 - CMSIS Pack Vendor :STMicroelectronics X-CUBE-NFC6 3.1.0
2025-02-27 20:02:39,769 [INFO] ThirdParty:1030 - CMSIS Pack Vendor :STMicroelectronics X-CUBE-MEMS1 11.0.0
2025-02-27 20:02:39,769 [INFO] ThirdParty:1030 - CMSIS Pack Vendor :STMicroelectronics FreeRTOS 0.0.1
2025-02-27 20:02:39,769 [INFO] ThirdParty:1030 - CMSIS Pack Vendor :STMicroelectronics X-CUBE-AZRTOS-G0 1.1.0
2025-02-27 20:02:39,769 [INFO] ThirdParty:1030 - CMSIS Pack Vendor :STMicroelectronics X-CUBE-SAFEA1 1.2.2
2025-02-27 20:02:39,769 [INFO] ThirdParty:1030 - CMSIS Pack Vendor :STMicroelectronics X-CUBE-NFC4 3.0.0
2025-02-27 20:02:39,769 [INFO] ThirdParty:1030 - CMSIS Pack Vendor :STMicroelectronics X-CUBE-SUBG2 5.0.0
2025-02-27 20:02:39,769 [INFO] ThirdParty:1030 - CMSIS Pack Vendor :STMicroelectronics STM32_WPAN 1.0.0
2025-02-27 20:02:39,769 [INFO] ThirdParty:1030 - CMSIS Pack Vendor :EmbeddedOffice I-CUBE-FS-RTOS 1.0.1
2025-02-27 20:02:39,769 [INFO] ThirdParty:1030 - CMSIS Pack Vendor :STMicroelectronics lwIP 2.0.3
2025-02-27 20:02:39,769 [INFO] ThirdParty:1030 - CMSIS Pack Vendor :STMicroelectronics FP-SNS-FLIGHT1 5.0.2
2025-02-27 20:02:39,769 [INFO] ThirdParty:1030 - CMSIS Pack Vendor :Cesanta I-CUBE-Mongoose 7.13.0
2025-02-27 20:02:39,769 [INFO] ThirdParty:1030 - CMSIS Pack Vendor :STMicroelectronics USB_HOST 1.0.0
2025-02-27 20:02:39,769 [INFO] ThirdParty:1030 - CMSIS Pack Vendor :STMicroelectronics X-CUBE-AZRTOS-G4 2.0.0
2025-02-27 20:02:39,769 [INFO] ThirdParty:1030 - CMSIS Pack Vendor :STMicroelectronics PDM2PCM 3.1.0
2025-02-27 20:02:39,769 [INFO] ThirdParty:1030 - CMSIS Pack Vendor :STMicroelectronics PDM2PCM 3.3.0
2025-02-27 20:02:39,770 [INFO] ThirdParty:1030 - CMSIS Pack Vendor :STMicroelectronics X-CUBE-DISPLAY 3.0.0
2025-02-27 20:02:39,770 [INFO] ThirdParty:1030 - CMSIS Pack Vendor :RealThread X-CUBE-RT-Thread_Nano 4.1.1
2025-02-27 20:02:39,770 [INFO] ThirdParty:1030 - CMSIS Pack Vendor :STMicroelectronics X-CUBE-BLE1 7.0.0
2025-02-27 20:02:39,770 [INFO] ThirdParty:1030 - CMSIS Pack Vendor :STMicroelectronics FP-ATR-SIGFOX1 3.2.0
2025-02-27 20:02:39,770 [INFO] ThirdParty:1030 - CMSIS Pack Vendor :quantropi X-CUBE-qispace-sdk-base 1.9.3
2025-02-27 20:02:39,770 [INFO] ThirdParty:1030 - CMSIS Pack Vendor :STMicroelectronics X-CUBE-BLEMGR 4.0.0
2025-02-27 20:02:39,770 [INFO] ThirdParty:1030 - CMSIS Pack Vendor :STMicroelectronics X-CUBE-EEPRMA1 5.1.0
2025-02-27 20:02:39,770 [INFO] ThirdParty:1030 - CMSIS Pack Vendor :STMicroelectronics HAL Drivers 0.0.0
2025-02-27 20:02:39,770 [INFO] ThirdParty:1030 - CMSIS Pack Vendor :STMicroelectronics MBEDTLS 2.16.2
2025-02-27 20:02:39,770 [INFO] ThirdParty:1030 - CMSIS Pack Vendor :STMicroelectronics X-CUBE-ALS 1.0.2
2025-02-27 20:02:39,770 [INFO] ThirdParty:1030 - CMSIS Pack Vendor :emotas I-CUBE-CANOPEN 1.3.0
2025-02-27 20:02:39,770 [INFO] ThirdParty:1030 - CMSIS Pack Vendor :STMicroelectronics X-CUBE-FREERTOS 1.3.0
2025-02-27 20:02:39,770 [INFO] ThirdParty:1030 - CMSIS Pack Vendor :wolfSSL I-CUBE-wolfSSL 5.7.4
2025-02-27 20:02:39,770 [INFO] ThirdParty:1030 - CMSIS Pack Vendor :STMicroelectronics X-CUBE-NFC7 1.0.1
2025-02-27 20:02:39,770 [INFO] ThirdParty:1030 - CMSIS Pack Vendor :STMicroelectronics MBEDTLS 2.14.1
2025-02-27 20:02:39,770 [INFO] ThirdParty:1030 - CMSIS Pack Vendor :ITTIA_DB I-CUBE-ITTIADB 8.9.0
2025-02-27 20:02:39,770 [INFO] ThirdParty:1030 - CMSIS Pack Vendor :STMicroelectronics X-CUBE-TOUCHGFX 4.24.2
2025-02-27 20:02:39,770 [INFO] ThirdParty:1030 - CMSIS Pack Vendor :STMicroelectronics X-CUBE-TOUCHGFX 4.24.1
2025-02-27 20:02:39,770 [INFO] ThirdParty:1030 - CMSIS Pack Vendor :wolfSSL I-CUBE-wolfTPM 3.4.0
2025-02-27 20:02:39,770 [INFO] ThirdParty:1030 - CMSIS Pack Vendor :portGmbH I-Cube-SoM-uGOAL 1.1.0
2025-02-27 20:02:39,770 [INFO] ThirdParty:1030 - CMSIS Pack Vendor :STMicroelectronics X-CUBE-BLEMGR 3.1.0
2025-02-27 20:02:39,770 [INFO] ThirdParty:1030 - CMSIS Pack Vendor :STMicroelectronics X-CUBE-AI 10.0.0
2025-02-27 20:02:39,770 [INFO] ThirdParty:1030 - CMSIS Pack Vendor :STMicroelectronics ThreadX 1.0.0
2025-02-27 20:02:39,770 [INFO] ThirdParty:1030 - CMSIS Pack Vendor :STMicroelectronics FP-SNS-SMARTAG2 1.2.0
2025-02-27 20:02:39,770 [INFO] ThirdParty:1030 - CMSIS Pack Vendor :STMicroelectronics X-CUBE-MEMS1 11.1.0
2025-02-27 20:02:39,770 [INFO] ThirdParty:1030 - CMSIS Pack Vendor :STMicroelectronics X-CUBE-AZRTOS-WL 2.0.0
2025-02-27 20:02:39,771 [INFO] ThirdParty:1030 - CMSIS Pack Vendor :SEGGER I-CUBE-embOS 1.3.1
2025-02-27 20:02:39,771 [INFO] ThirdParty:1030 - CMSIS Pack Vendor :STMicroelectronics X-CUBE-ALGOBUILD 1.4.0
2025-02-27 20:02:39,771 [INFO] ThirdParty:1030 - CMSIS Pack Vendor :STMicroelectronics FP-SNS-MOTENV1 5.0.0
2025-02-27 20:02:39,771 [INFO] ThirdParty:1030 - CMSIS Pack Vendor :STMicroelectronics USB_DEVICE 1.0.0
2025-02-27 20:02:39,771 [INFO] ThirdParty:1030 - CMSIS Pack Vendor :STMicroelectronics X-CUBE-AZRTOS-H7RS 1.0.0
2025-02-27 20:02:39,771 [INFO] ThirdParty:1030 - CMSIS Pack Vendor :wolfSSL I-CUBE-wolfMQTT 1.19.0
2025-02-27 20:02:39,771 [INFO] ThirdParty:1030 - CMSIS Pack Vendor :STMicroelectronics X-CUBE-AZRTOS-L4 2.0.0
2025-02-27 20:02:39,771 [INFO] ThirdParty:1030 - CMSIS Pack Vendor :STMicroelectronics ThreadX 0.0.2
2025-02-27 20:02:39,771 [INFO] ThirdParty:1030 - CMSIS Pack Vendor :WES I-CUBE-Cesium 1.3.0
2025-02-27 20:02:39,771 [INFO] ThirdParty:1030 - CMSIS Pack Vendor :STMicroelectronics FP-ATR-ASTRA1 2.0.0
2025-02-27 20:02:39,771 [INFO] ThirdParty:1030 - CMSIS Pack Vendor :STMicroelectronics lwIP 2.1.2
2025-02-27 20:02:39,771 [INFO] ThirdParty:1030 - CMSIS Pack Vendor :STMicroelectronics X-CUBE-SFXS2LP1 4.0.0
2025-02-27 20:02:39,771 [INFO] ThirdParty:1030 - CMSIS Pack Vendor :STMicroelectronics X-CUBE-BLE2 3.3.0
2025-02-27 20:02:39,771 [INFO] ThirdParty:1030 - CMSIS Pack Vendor :Infineon AIROC-Wi-Fi-Bluetooth-STM32 1.6.1
2025-02-27 20:02:39,771 [INFO] ThirdParty:1030 - CMSIS Pack Vendor :STMicroelectronics PDM2PCM 3.2.0
2025-02-27 20:02:39,771 [INFO] ThirdParty:1030 - CMSIS Pack Vendor :wolfSSL I-CUBE-wolfSSH 1.4.17
2025-02-27 20:02:39,771 [INFO] ThirdParty:841 - exiting critical section [change project]
2025-02-27 20:02:40,128 [INFO] PinOutPanel:1561 - setPackage(No Configuration,No Configuration)
2025-02-27 20:02:40,130 [INFO] PinOutPanel:1561 - setPackage(STM32F103RCTx,LQFP64)
2025-02-27 20:02:40,731 [INFO] UtilMem:75 - Before build in PCC Used Memory: 614793632 Bytes (1073741824)
2025-02-27 20:02:42,025 [INFO] UtilMem:75 - After build in PCC Used Memory: 677708192 Bytes (1073741824)
2025-02-27 20:02:42,060 [INFO] IPUIPlugin:80 - create IPUIPlugin
2025-02-27 20:02:42,060 [INFO] IPUIPlugin:80 - create IPUIPlugin
2025-02-27 20:02:42,060 [INFO] IPUIPlugin:80 - create IPUIPlugin
2025-02-27 20:02:42,060 [INFO] IPUIPlugin:80 - create IPUIPlugin
2025-02-27 20:02:42,060 [INFO] IPUIPlugin:80 - create IPUIPlugin
2025-02-27 20:02:42,060 [INFO] IPUIPlugin:80 - create IPUIPlugin
2025-02-27 20:02:42,060 [INFO] IPUIPlugin:80 - create IPUIPlugin
2025-02-27 20:02:42,060 [INFO] IPUIPlugin:80 - create IPUIPlugin
2025-02-27 20:02:42,060 [INFO] IPUIPlugin:80 - create IPUIPlugin
2025-02-27 20:02:42,060 [INFO] IPUIPlugin:80 - create IPUIPlugin
2025-02-27 20:02:42,061 [INFO] IPUIPlugin:80 - create IPUIPlugin
2025-02-27 20:02:42,061 [INFO] IPUIPlugin:80 - create IPUIPlugin
2025-02-27 20:02:42,061 [INFO] IPUIPlugin:80 - create IPUIPlugin
2025-02-27 20:02:42,061 [INFO] IPUIPlugin:80 - create IPUIPlugin
2025-02-27 20:02:42,061 [INFO] IPUIPlugin:80 - create IPUIPlugin
2025-02-27 20:02:42,061 [INFO] IPUIPlugin:80 - create IPUIPlugin
2025-02-27 20:02:42,061 [INFO] IPUIPlugin:80 - create IPUIPlugin
2025-02-27 20:02:42,062 [INFO] IPUIPlugin:80 - create IPUIPlugin
2025-02-27 20:02:42,062 [INFO] IPUIPlugin:80 - create IPUIPlugin
2025-02-27 20:02:42,062 [INFO] IPUIPlugin:80 - create IPUIPlugin
2025-02-27 20:02:42,062 [INFO] IPUIPlugin:80 - create IPUIPlugin
2025-02-27 20:02:42,062 [INFO] IPUIPlugin:80 - create IPUIPlugin
2025-02-27 20:02:42,062 [INFO] IPUIPlugin:80 - create IPUIPlugin
2025-02-27 20:02:42,062 [INFO] IPUIPlugin:80 - create IPUIPlugin
2025-02-27 20:02:42,062 [INFO] IPUIPlugin:80 - create IPUIPlugin
2025-02-27 20:02:42,063 [INFO] IPUIPlugin:80 - create IPUIPlugin
2025-02-27 20:02:42,063 [INFO] IPUIPlugin:80 - create IPUIPlugin
2025-02-27 20:02:42,063 [INFO] IPUIPlugin:80 - create IPUIPlugin
2025-02-27 20:02:42,063 [INFO] IPUIPlugin:80 - create IPUIPlugin
2025-02-27 20:02:42,063 [INFO] IPUIPlugin:80 - create IPUIPlugin
2025-02-27 20:02:42,063 [INFO] IPUIPlugin:80 - create IPUIPlugin
2025-02-27 20:02:42,063 [INFO] IPUIPlugin:80 - create IPUIPlugin
2025-02-27 20:02:42,064 [INFO] IPUIPlugin:80 - create IPUIPlugin
2025-02-27 20:02:42,064 [INFO] IPUIPlugin:80 - create IPUIPlugin
2025-02-27 20:02:42,064 [INFO] IPUIPlugin:80 - create IPUIPlugin
2025-02-27 20:02:42,064 [INFO] IPUIPlugin:80 - create IPUIPlugin
2025-02-27 20:02:42,064 [INFO] IPUIPlugin:80 - create IPUIPlugin
2025-02-27 20:02:42,065 [INFO] IPUIPlugin:80 - create IPUIPlugin
2025-02-27 20:02:42,065 [INFO] IPUIPlugin:80 - create IPUIPlugin
2025-02-27 20:02:42,105 [INFO] Can:71 - Can Add PropertyChangeListener com.st.microxplorer.plugins.ip.can.Can@508ee053
2025-02-27 20:02:42,388 [INFO] CADModel:165 - CPN selected for project levelSTM32F103RCT6
2025-02-27 20:02:42,389 [INFO] CADModel:114 - Register for checkConnection events
2025-02-27 20:02:42,465 [INFO] OpenFileManager:363 - Restore cursor
2025-02-27 20:28:04,018 [INFO] WebApp:189 - Connection lost
2025-02-27 20:28:04,346 [INFO] WebApp:186 - Connection restablished
2025-02-27 20:49:51,867 [INFO] UtilMem:75 - End SaveConfig() Used Memory: 676570072 Bytes (1073741824)
2025-02-27 20:49:51,998 [INFO] UtilMem:75 - End SaveConfig() Used Memory: 695639440 Bytes (1073741824)
2025-02-27 20:49:54,270 [ERROR] FileExtend:455 - File entry not found
2025-02-27 20:49:54,271 [INFO] FileExtend:240 - Unzip File : stm32cube_fw_f1_v180.zip
2025-02-27 20:49:54,271 [INFO] FileExtend:255 - Standard Zip Deflate
2025-02-27 20:50:14,117 [INFO] ServerAccessManage:473 - Download File stm32cube_fw_f1_v186.zip
2025-02-27 20:50:18,196 [INFO] FileExtend:240 - Unzip File : stm32cube_fw_f1_v186.zip
2025-02-27 20:50:18,196 [INFO] FileExtend:255 - Standard Zip Deflate
2025-02-27 20:50:28,107 [INFO] LoadServerPackagesThread:196 - End of LoadServerPackages Thread
2025-02-27 20:50:28,389 [INFO] ThirdPartyModel:298 - Start build external matchings
2025-02-27 20:50:28,422 [INFO] UtilMem:75 - End SaveConfig() Used Memory: 647967312 Bytes (1073741824)
2025-02-27 20:50:29,105 [INFO] ThirdPartyModel:316 - End build external matchings
2025-02-27 20:50:29,120 [INFO] CheckServerUpdateThread:120 - End of CheckServer Thread
2025-02-27 20:50:29,643 [INFO] BlockDiagram:2766 - set Specific Code input for plugin: NVIC
2025-02-27 20:50:29,643 [INFO] BlockDiagram:2766 - set Specific Code input for plugin: TIM1_8F1
2025-02-27 20:50:29,643 [INFO] BlockDiagram:2766 - set Specific Code input for plugin: SYS
2025-02-27 20:50:29,649 [INFO] BlockDiagram:2766 - set Specific Code input for plugin: GPIO
2025-02-27 20:50:29,649 [INFO] BlockDiagram:2766 - set Specific Code input for plugin: CAN
2025-02-27 20:50:29,649 [INFO] BlockDiagram:2766 - set Specific Code input for plugin: RCC
2025-02-27 20:50:29,652 [INFO] CodeGenerator:807 - code generatio: config db path: C:\ST\STM32CubeIDE_1.16.1\STM32CubeIDE\plugins\com.st.stm32cube.common.mx_6.12.1.202409122256\\db\
2025-02-27 20:50:30,049 [INFO] CodeEngine:255 - oldGeneratedFile, C:\DEV\firmware_v3\components\did\MXTmpFiles\license.tmp_save
2025-02-27 20:50:30,887 [INFO] CodeEngine:279 - Generated code: C:\DEV\firmware_v3\components\did\MXTmpFiles\license.tmp
2025-02-27 20:50:31,238 [INFO] CodeEngine:255 - oldGeneratedFile, C:\DEV\firmware_v3\components\did\Core\Src\gpio.c_save
2025-02-27 20:50:31,515 [INFO] CodeEngine:279 - Generated code: C:\DEV\firmware_v3\components\did\Core\Src\gpio.c
2025-02-27 20:50:31,560 [INFO] CodeEngine:255 - oldGeneratedFile, C:\DEV\firmware_v3\components\did\Core\Inc\gpio.h_save
2025-02-27 20:50:31,776 [INFO] CodeEngine:279 - Generated code: C:\DEV\firmware_v3\components\did\Core\Inc\gpio.h
2025-02-27 20:50:32,360 [INFO] CodeEngine:255 - oldGeneratedFile, C:\DEV\firmware_v3\components\did\Core\Src\can.c_save
2025-02-27 20:50:32,777 [INFO] CodeEngine:279 - Generated code: C:\DEV\firmware_v3\components\did\Core\Src\can.c
2025-02-27 20:50:32,820 [INFO] CodeEngine:255 - oldGeneratedFile, C:\DEV\firmware_v3\components\did\Core\Inc\can.h_save
2025-02-27 20:50:33,018 [INFO] CodeEngine:279 - Generated code: C:\DEV\firmware_v3\components\did\Core\Inc\can.h
2025-02-27 20:50:33,058 [INFO] CodeEngine:255 - oldGeneratedFile, C:\DEV\firmware_v3\components\did\Core\Src\tim.c_save
2025-02-27 20:50:33,284 [INFO] CodeEngine:279 - Generated code: C:\DEV\firmware_v3\components\did\Core\Src\tim.c
2025-02-27 20:50:33,295 [INFO] CodeEngine:255 - oldGeneratedFile, C:\DEV\firmware_v3\components\did\Core\Inc\tim.h_save
2025-02-27 20:50:33,458 [INFO] CodeEngine:279 - Generated code: C:\DEV\firmware_v3\components\did\Core\Inc\tim.h
2025-02-27 20:50:33,518 [INFO] CodeEngine:255 - oldGeneratedFile, C:\DEV\firmware_v3\components\did\Core\Src\stm32f1xx_it.c_save
2025-02-27 20:50:33,849 [INFO] CodeEngine:279 - Generated code: C:\DEV\firmware_v3\components\did\Core\Src\stm32f1xx_it.c
2025-02-27 20:50:33,883 [INFO] CodeEngine:255 - oldGeneratedFile, C:\DEV\firmware_v3\components\did\Core\Inc\stm32f1xx_it.h_save
2025-02-27 20:50:34,031 [INFO] CodeEngine:279 - Generated code: C:\DEV\firmware_v3\components\did\Core\Inc\stm32f1xx_it.h
2025-02-27 20:50:34,098 [INFO] CodeEngine:255 - oldGeneratedFile, C:\DEV\firmware_v3\components\did\Core\Src\stm32f1xx_hal_msp.c_save
2025-02-27 20:50:34,313 [INFO] CodeEngine:279 - Generated code: C:\DEV\firmware_v3\components\did\Core\Src\stm32f1xx_hal_msp.c
2025-02-27 20:50:34,341 [INFO] CodeEngine:255 - oldGeneratedFile, C:\DEV\firmware_v3\components\did\MXTmpFiles\system.tmp_save
2025-02-27 20:50:34,489 [INFO] CodeEngine:279 - Generated code: C:\DEV\firmware_v3\components\did\MXTmpFiles\system.tmp
2025-02-27 20:50:34,606 [INFO] CodeEngine:311 - oldGeneratedFile, C:\DEV\firmware_v3\components\did\Core\Inc\stm32f1xx_hal_conf.h_save
2025-02-27 20:50:34,771 [INFO] CodeEngine:335 - Generated code: C:\DEV\firmware_v3\components\did\Core\Inc\stm32f1xx_hal_conf.h
2025-02-27 20:50:34,885 [INFO] CodeEngine:255 - oldGeneratedFile, C:\DEV\firmware_v3\components\did\Core\Inc\main.h_save
2025-02-27 20:50:35,203 [INFO] CodeEngine:279 - Generated code: C:\DEV\firmware_v3\components\did\Core\Inc\main.h
2025-02-27 20:50:35,244 [INFO] CodeEngine:255 - oldGeneratedFile, C:\DEV\firmware_v3\components\did\Core\Src\main.c_save
2025-02-27 20:50:35,546 [INFO] CodeEngine:279 - Generated code: C:\DEV\firmware_v3\components\did\Core\Src\main.c
2025-02-27 20:50:36,296 [INFO] ProjectBuilder:3249 - Time for Copy HAL[1] : 392mS.
2025-02-27 20:50:36,307 [INFO] ProjectBuilder:4828 - Project Generator version: 4.5.0-B34
2025-02-27 20:50:36,439 [INFO] ConfigFileManager:1531 - The Die is : DIE414
2025-02-27 20:50:36,470 [INFO] ApiDbMcu:508 - Load IP Config File for FATFS
2025-02-27 20:50:36,494 [INFO] ApiDbMcu:508 - Load IP Config File for FREERTOS
2025-02-27 20:50:36,519 [INFO] ApiDbMcu:508 - Load IP Config File for USB_DEVICE
2025-02-27 20:50:37,569 [INFO] LogOutputStream:77 - [STDOUT_REDIRECT] 
2025-02-27 20:50:38,148 [ERROR] :77 - Fail to recover any existing build configuration matching on going update process
2025-02-27 20:50:38,149 [INFO] ProjectBuilder:5097 - Time for Generating toolchain IDE Files: 1842mS.
2025-02-27 20:50:38,150 [INFO] ProjectBuilder:3107 - Time for Copy CMSIS : 1mS.
2025-02-27 20:50:38,154 [INFO] ProjectBuilder:3107 - Time for Copy CMSIS : 0mS.
2025-02-27 20:50:40,767 [ERROR] LogOutputStream:75 - [STDERR_REDIRECT] 
2025-02-27 20:50:40,770 [ERROR] LogOutputStream:75 - [STDERR_REDIRECT] 
2025-02-27 20:55:53,582 [INFO] Activator:176 - 


2025-02-27 20:55:53,585 [INFO] Activator:177 - !SESSION log4j initialized
2025-02-27 20:56:01,758 [INFO] LogOutputStream:77 - [STDOUT_REDIRECT] 
2025-02-27 20:56:09,395 [INFO] ApplicationProperties:184 - Using Application install path: C:\ST\STM32CubeIDE_1.16.1\STM32CubeIDE\plugins\com.st.stm32cube.common.mx_6.12.1.202409122256
2025-02-27 20:56:09,423 [INFO] DbMcusXml:78 - Set database path to: C:\ST\STM32CubeIDE_1.16.1\STM32CubeIDE\plugins\com.st.stm32cube.common.mx_6.12.1.202409122256\\db\/mcu/
2025-02-27 20:56:09,423 [INFO] ApiDb:274 - Set plugin database path to: C:\ST\STM32CubeIDE_1.16.1\STM32CubeIDE\plugins\com.st.stm32cube.common.mx_6.12.1.202409122256\\db\/plugins/boardmanager/
2025-02-27 20:56:09,424 [WARN] ApiDb:259 - Overriding images path with different value:  => C:\ST\STM32CubeIDE_1.16.1\STM32CubeIDE\plugins\com.st.stm32cube.common.mx_6.12.1.202409122256\\db\/plugins/mcufinder/images/
2025-02-27 20:56:09,435 [INFO] ApiDb:250 - Set database path to: C:\Users\mridu\.stmcufinder\plugins\mcufinder//mcu/
2025-02-27 20:56:09,437 [INFO] DbMcusAds:125 - Set database path to: C:\Users\mridu\.stmcufinder\plugins\mcufinder//mcu/
2025-02-27 20:56:09,441 [INFO] CrossReferenceDbSqlite:203 - Set database path to: C:\Users\mridu\.stmcufinder\plugins\mcufinder//mcu/cs/
2025-02-27 20:56:09,746 [INFO] RulesReader:64 - Compatibility file has been processed (297 Rules)
2025-02-27 20:56:09,855 [INFO] DbMcusXml:78 - Set database path to: C:\ST\STM32CubeIDE_1.16.1\STM32CubeIDE\plugins\com.st.stm32cube.common.mx_6.12.1.202409122256\\db\/mcu/
2025-02-27 20:56:09,855 [INFO] ApiDb:274 - Set plugin database path to: C:\ST\STM32CubeIDE_1.16.1\STM32CubeIDE\plugins\com.st.stm32cube.common.mx_6.12.1.202409122256\\db\/plugins/boardmanager/
2025-02-27 20:56:09,855 [INFO] ApiDb:261 - Set plugin images path to: C:\ST\STM32CubeIDE_1.16.1\STM32CubeIDE\plugins\com.st.stm32cube.common.mx_6.12.1.202409122256\\db\/plugins/mcufinder/images/
2025-02-27 20:56:09,856 [WARN] DbFile:41 - Overriding database path with different value: C:\Users\mridu\.stmcufinder\plugins\mcufinder/ => C:\Users\mridu\.stmcufinder\plugins\mcufinder
2025-02-27 20:56:09,856 [INFO] ApiDb:250 - Set database path to: C:\Users\mridu\.stmcufinder\plugins\mcufinder//mcu/
2025-02-27 20:56:09,856 [WARN] DbFile:41 - Overriding database path with different value: C:\Users\mridu\.stmcufinder\plugins\mcufinder/ => C:\Users\mridu\.stmcufinder\plugins\mcufinder
2025-02-27 20:56:09,856 [INFO] DbMcusAds:125 - Set database path to: C:\Users\mridu\.stmcufinder\plugins\mcufinder//mcu/
2025-02-27 20:56:09,857 [WARN] DbFile:41 - Overriding database path with different value: C:\Users\mridu\.stmcufinder\plugins\mcufinder/ => C:\Users\mridu\.stmcufinder\plugins\mcufinder
2025-02-27 20:56:09,857 [WARN] DbFile:41 - Overriding database path with different value: C:\Users\mridu\.stmcufinder\plugins\mcufinder/ => C:\Users\mridu\.stmcufinder\plugins\mcufinder
2025-02-27 20:56:09,857 [INFO] CrossReferenceDbSqlite:203 - Set database path to: C:\Users\mridu\.stmcufinder\plugins\mcufinder//mcu/cs/
2025-02-27 20:56:09,992 [INFO] MainPanel:268 - HeapMemory: 268435456
2025-02-27 20:56:10,155 [INFO] DbMcusXml:78 - Set database path to: C:\ST\STM32CubeIDE_1.16.1\STM32CubeIDE\plugins\com.st.stm32cube.common.mx_6.12.1.202409122256\\db\/mcu/
2025-02-27 20:56:10,156 [INFO] ApiDb:274 - Set plugin database path to: C:\ST\STM32CubeIDE_1.16.1\STM32CubeIDE\plugins\com.st.stm32cube.common.mx_6.12.1.202409122256\\db\/plugins/boardmanager/
2025-02-27 20:56:10,156 [INFO] ApiDb:261 - Set plugin images path to: C:\ST\STM32CubeIDE_1.16.1\STM32CubeIDE\plugins\com.st.stm32cube.common.mx_6.12.1.202409122256\\db\/plugins/mcufinder/images/
2025-02-27 20:56:10,156 [WARN] DbFile:41 - Overriding database path with different value: C:\Users\mridu\.stmcufinder\plugins\mcufinder/ => C:\Users\mridu\.stmcufinder\plugins\mcufinder
2025-02-27 20:56:10,156 [INFO] ApiDb:250 - Set database path to: C:\Users\mridu\.stmcufinder\plugins\mcufinder//mcu/
2025-02-27 20:56:10,156 [WARN] DbFile:41 - Overriding database path with different value: C:\Users\mridu\.stmcufinder\plugins\mcufinder/ => C:\Users\mridu\.stmcufinder\plugins\mcufinder
2025-02-27 20:56:10,156 [INFO] DbMcusAds:125 - Set database path to: C:\Users\mridu\.stmcufinder\plugins\mcufinder//mcu/
2025-02-27 20:56:10,156 [WARN] DbFile:41 - Overriding database path with different value: C:\Users\mridu\.stmcufinder\plugins\mcufinder/ => C:\Users\mridu\.stmcufinder\plugins\mcufinder
2025-02-27 20:56:10,156 [WARN] DbFile:41 - Overriding database path with different value: C:\Users\mridu\.stmcufinder\plugins\mcufinder/ => C:\Users\mridu\.stmcufinder\plugins\mcufinder
2025-02-27 20:56:10,156 [INFO] CrossReferenceDbSqlite:203 - Set database path to: C:\Users\mridu\.stmcufinder\plugins\mcufinder//mcu/cs/
2025-02-27 20:56:10,180 [INFO] ApplicationProperties:184 - Using Application install path: C:\ST\STM32CubeIDE_1.16.1\STM32CubeIDE\plugins\com.st.stm32cube.common.mx_6.12.1.202409122256
2025-02-27 20:56:10,183 [INFO] PluginManage:196 - Search for loadable plugins [exclusion list=, ]
2025-02-27 20:56:10,185 [INFO] PluginManage:310 - Check plugin analytics
2025-02-27 20:56:10,476 [INFO] AnalyticsPlugin:253 - Accepted Software Licenses: 
2025-02-27 20:56:10,476 [INFO] AnalyticsPlugin:255 - Accepted CMSIS Pack Licenses: 
2025-02-27 20:56:10,476 [INFO] AnalyticsPlugin:257 - Accepted Firmware Licenses: 
2025-02-27 20:56:10,480 [INFO] PluginManage:359 - Loaded plugin analytics (category:tool,tabindex:-1)
2025-02-27 20:56:10,480 [INFO] PluginManage:310 - Check plugin cadmodel
2025-02-27 20:56:10,487 [INFO] CADModel:105 - Init CAD model plugin
2025-02-27 20:56:10,488 [INFO] PluginManage:359 - Loaded plugin cadmodel (category:power,tabindex:5)
2025-02-27 20:56:10,488 [INFO] PluginManage:310 - Check plugin clock
2025-02-27 20:56:10,501 [INFO] PluginManage:359 - Loaded plugin clock (category:base,tabindex:2)
2025-02-27 20:56:10,501 [INFO] PluginManage:310 - Check plugin ddr
2025-02-27 20:56:10,503 [INFO] PluginManage:359 - Loaded plugin ddr (category:tool,tabindex:6)
2025-02-27 20:56:10,504 [INFO] PluginManage:310 - Check plugin filemanager
2025-02-27 20:56:10,690 [INFO] PluginManage:359 - Loaded plugin filemanager (category:base,tabindex:10)
2025-02-27 20:56:10,691 [INFO] PluginManage:310 - Check plugin ipmanager
2025-02-27 20:56:10,703 [INFO] PluginManage:359 - Loaded plugin ipmanager (category:base,tabindex:5)
2025-02-27 20:56:10,703 [INFO] PluginManage:310 - Check plugin lpbam
2025-02-27 20:56:10,714 [INFO] PluginManage:359 - Loaded plugin lpbam (category:base,tabindex:0)
2025-02-27 20:56:10,714 [INFO] PluginManage:310 - Check plugin memorymap
2025-02-27 20:56:10,731 [INFO] PluginManage:359 - Loaded plugin memorymap (category:base,tabindex:4)
2025-02-27 20:56:10,731 [INFO] PluginManage:310 - Check plugin pinoutandconfiguration
2025-02-27 20:56:10,742 [INFO] PluginManage:359 - Loaded plugin pinoutandconfiguration (category:base,tabindex:1)
2025-02-27 20:56:10,743 [INFO] PluginManage:310 - Check plugin pinoutconfig
2025-02-27 20:56:10,887 [WARN] SupportedApi:132 - Cannot load RTOS API schema: s4s-elt-must-match.1: The content of 'definitions' must match (annotation?, (simpleType | complexType)?, (unique | key | keyref)*)). A problem was found starting at: attribute.
2025-02-27 20:56:11,105 [INFO] PluginManage:359 - Loaded plugin pinoutconfig (category:base,tabindex:0)
2025-02-27 20:56:11,106 [INFO] PluginManage:310 - Check plugin power
2025-02-27 20:56:11,129 [INFO] PluginManage:359 - Loaded plugin power (category:power,tabindex:4)
2025-02-27 20:56:11,129 [INFO] PluginManage:310 - Check plugin projectmanager
2025-02-27 20:56:11,163 [INFO] PluginManage:359 - Loaded plugin projectmanager (category:projectmanager,tabindex:4)
2025-02-27 20:56:11,163 [INFO] PluginManage:310 - Check plugin rif
2025-02-27 20:56:11,199 [INFO] PluginManage:359 - Loaded plugin rif (category:base,tabindex:3)
2025-02-27 20:56:11,199 [INFO] PluginManage:310 - Check plugin thirdparty
2025-02-27 20:56:11,645 [INFO] PluginManage:359 - Loaded plugin thirdparty (category:base,tabindex:-1)
2025-02-27 20:56:11,645 [INFO] PluginManage:310 - Check plugin tools
2025-02-27 20:56:11,645 [WARN] IntegrityCheckThread:84 - waiting for thirdparty lock release [integrity check]
2025-02-27 20:56:11,646 [INFO] IntegrityCheckThread:86 - entering critical section [integrity check]
2025-02-27 20:56:11,647 [INFO] ThirdPartyUpdaterWithRetryManager:70 - Updater plugin not ready yet. [1/15]
2025-02-27 20:56:11,650 [INFO] PluginManage:359 - Loaded plugin tools (category:base,tabindex:7)
2025-02-27 20:56:11,650 [INFO] PluginManage:310 - Check plugin tutovideos
2025-02-27 20:56:11,892 [INFO] PluginManage:359 - Loaded plugin tutovideos (category:base,tabindex:-1)
2025-02-27 20:56:11,892 [INFO] PluginManage:310 - Check plugin updater
2025-02-27 20:56:11,918 [INFO] PluginManage:359 - Loaded plugin updater (category:base,tabindex:12)
2025-02-27 20:56:11,918 [INFO] PluginManage:310 - Check plugin userauth
2025-02-27 20:56:11,929 [INFO] UserAuth:113 - Init User Auth plugin
2025-02-27 20:56:11,929 [INFO] PluginManage:359 - Loaded plugin userauth (category:base,tabindex:14)
2025-02-27 20:56:11,930 [INFO] PluginManage:283 - PluginManage : Loaded plugins [18]
2025-02-27 20:56:12,264 [INFO] PinOutPanel:1561 - setPackage(No Configuration,No Configuration)
2025-02-27 20:56:12,427 [INFO] CADModel:165 - CPN selected for project level
2025-02-27 20:56:12,427 [INFO] CADModel:114 - Register for checkConnection events
2025-02-27 20:56:12,454 [INFO] IPUIPlugin:80 - create IPUIPlugin
2025-02-27 20:56:12,454 [INFO] PluginManager:220 - loadIPPluginJar : add adc
2025-02-27 20:56:12,459 [INFO] IPUIPlugin:80 - create IPUIPlugin
2025-02-27 20:56:12,459 [INFO] PluginManager:220 - loadIPPluginJar : add aes
2025-02-27 20:56:12,463 [INFO] IPUIPlugin:80 - create IPUIPlugin
2025-02-27 20:56:12,463 [INFO] PluginManager:220 - loadIPPluginJar : add can
2025-02-27 20:56:12,466 [INFO] IPUIPlugin:80 - create IPUIPlugin
2025-02-27 20:56:12,466 [INFO] PluginManager:220 - loadIPPluginJar : add comp
2025-02-27 20:56:12,470 [INFO] IPUIPlugin:80 - create IPUIPlugin
2025-02-27 20:56:12,470 [INFO] PluginManager:220 - loadIPPluginJar : add cryp
2025-02-27 20:56:12,496 [INFO] IPUIPlugin:80 - create IPUIPlugin
2025-02-27 20:56:12,496 [INFO] PluginManager:220 - loadIPPluginJar : add ddr_ctrl_phy
2025-02-27 20:56:12,499 [INFO] IPUIPlugin:80 - create IPUIPlugin
2025-02-27 20:56:12,500 [INFO] PluginManager:220 - loadIPPluginJar : add dfsdm
2025-02-27 20:56:12,508 [INFO] IPUIPlugin:80 - create IPUIPlugin
2025-02-27 20:56:12,508 [INFO] PluginManager:220 - loadIPPluginJar : add dma
2025-02-27 20:56:12,513 [INFO] IPUIPlugin:80 - create IPUIPlugin
2025-02-27 20:56:12,513 [INFO] PluginManager:220 - loadIPPluginJar : add dma3
2025-02-27 20:56:12,517 [INFO] IPUIPlugin:80 - create IPUIPlugin
2025-02-27 20:56:12,518 [INFO] PluginManager:220 - loadIPPluginJar : add extmemmanager
2025-02-27 20:56:12,520 [INFO] IPUIPlugin:80 - create IPUIPlugin
2025-02-27 20:56:12,520 [INFO] PluginManager:220 - loadIPPluginJar : add fatfs
2025-02-27 20:56:12,526 [INFO] IPUIPlugin:80 - create IPUIPlugin
2025-02-27 20:56:12,526 [INFO] PluginManager:220 - loadIPPluginJar : add fmc
2025-02-27 20:56:12,546 [INFO] IPUIPlugin:80 - create IPUIPlugin
2025-02-27 20:56:12,546 [INFO] PluginManager:220 - loadIPPluginJar : add freertos
2025-02-27 20:56:12,550 [INFO] IPUIPlugin:80 - create IPUIPlugin
2025-02-27 20:56:12,550 [INFO] PluginManager:220 - loadIPPluginJar : add genericplugin
2025-02-27 20:56:12,555 [INFO] IPUIPlugin:80 - create IPUIPlugin
2025-02-27 20:56:12,555 [INFO] PluginManager:220 - loadIPPluginJar : add gfxmmu
2025-02-27 20:56:12,562 [INFO] IPUIPlugin:80 - create IPUIPlugin
2025-02-27 20:56:12,563 [INFO] PluginManager:220 - loadIPPluginJar : add gic
2025-02-27 20:56:12,570 [INFO] IPUIPlugin:80 - create IPUIPlugin
2025-02-27 20:56:12,570 [INFO] PluginManager:220 - loadIPPluginJar : add gpio
2025-02-27 20:56:12,589 [INFO] IPUIPlugin:80 - create IPUIPlugin
2025-02-27 20:56:12,589 [INFO] PluginManager:220 - loadIPPluginJar : add gtzc
2025-02-27 20:56:12,594 [INFO] IPUIPlugin:80 - create IPUIPlugin
2025-02-27 20:56:12,595 [INFO] PluginManager:220 - loadIPPluginJar : add hash
2025-02-27 20:56:12,600 [INFO] IPUIPlugin:80 - create IPUIPlugin
2025-02-27 20:56:12,600 [INFO] PluginManager:220 - loadIPPluginJar : add i2c
2025-02-27 20:56:12,605 [INFO] IPUIPlugin:80 - create IPUIPlugin
2025-02-27 20:56:12,606 [INFO] PluginManager:220 - loadIPPluginJar : add i2s
2025-02-27 20:56:12,610 [INFO] IPUIPlugin:80 - create IPUIPlugin
2025-02-27 20:56:12,610 [INFO] PluginManager:220 - loadIPPluginJar : add i3c
2025-02-27 20:56:12,787 [INFO] IPUIPlugin:80 - create IPUIPlugin
2025-02-27 20:56:12,787 [INFO] PluginManager:220 - loadIPPluginJar : add ipddr
2025-02-27 20:56:12,798 [INFO] IPUIPlugin:80 - create IPUIPlugin
2025-02-27 20:56:12,798 [INFO] PluginManager:220 - loadIPPluginJar : add linkedlist
2025-02-27 20:56:12,802 [INFO] IPUIPlugin:80 - create IPUIPlugin
2025-02-27 20:56:12,802 [INFO] PluginManager:220 - loadIPPluginJar : add lorawan
2025-02-27 20:56:12,805 [INFO] IPUIPlugin:80 - create IPUIPlugin
2025-02-27 20:56:12,805 [INFO] PluginManager:220 - loadIPPluginJar : add ltdc
2025-02-27 20:56:12,811 [INFO] IPUIPlugin:80 - create IPUIPlugin
2025-02-27 20:56:12,812 [INFO] PluginManager:220 - loadIPPluginJar : add mdma
2025-02-27 20:56:12,818 [INFO] IPUIPlugin:80 - create IPUIPlugin
2025-02-27 20:56:12,818 [INFO] PluginManager:220 - loadIPPluginJar : add nvic
2025-02-27 20:56:12,823 [INFO] IPUIPlugin:80 - create IPUIPlugin
2025-02-27 20:56:12,823 [INFO] PluginManager:220 - loadIPPluginJar : add opamp
2025-02-27 20:56:12,829 [INFO] IPUIPlugin:80 - create IPUIPlugin
2025-02-27 20:56:12,829 [INFO] PluginManager:220 - loadIPPluginJar : add openamp
2025-02-27 20:56:12,833 [INFO] IPUIPlugin:80 - create IPUIPlugin
2025-02-27 20:56:12,833 [INFO] PluginManager:220 - loadIPPluginJar : add pdm2pcm
2025-02-27 20:56:12,841 [INFO] IPUIPlugin:80 - create IPUIPlugin
2025-02-27 20:56:12,844 [INFO] PluginManager:220 - loadIPPluginJar : add plateformsettings
2025-02-27 20:56:12,847 [INFO] IPUIPlugin:80 - create IPUIPlugin
2025-02-27 20:56:12,848 [INFO] PluginManager:220 - loadIPPluginJar : add quadspi
2025-02-27 20:56:12,851 [INFO] IPUIPlugin:80 - create IPUIPlugin
2025-02-27 20:56:12,852 [INFO] PluginManager:220 - loadIPPluginJar : add radio
2025-02-27 20:56:12,857 [INFO] IPUIPlugin:80 - create IPUIPlugin
2025-02-27 20:56:12,857 [INFO] PluginManager:220 - loadIPPluginJar : add resmgrutility
2025-02-27 20:56:12,861 [INFO] IPUIPlugin:80 - create IPUIPlugin
2025-02-27 20:56:12,862 [INFO] PluginManager:220 - loadIPPluginJar : add sai
2025-02-27 20:56:12,865 [INFO] IPUIPlugin:80 - create IPUIPlugin
2025-02-27 20:56:12,865 [INFO] PluginManager:220 - loadIPPluginJar : add spi
2025-02-27 20:56:12,873 [INFO] IPUIPlugin:80 - create IPUIPlugin
2025-02-27 20:56:12,874 [INFO] PluginManager:220 - loadIPPluginJar : add stm32_wpan
2025-02-27 20:56:12,877 [INFO] IPUIPlugin:80 - create IPUIPlugin
2025-02-27 20:56:12,877 [INFO] PluginManager:220 - loadIPPluginJar : add tim
2025-02-27 20:56:12,881 [INFO] IPUIPlugin:80 - create IPUIPlugin
2025-02-27 20:56:12,882 [INFO] PluginManager:220 - loadIPPluginJar : add touchsensing
2025-02-27 20:56:12,885 [INFO] IPUIPlugin:80 - create IPUIPlugin
2025-02-27 20:56:12,885 [INFO] PluginManager:220 - loadIPPluginJar : add tracer_emb
2025-02-27 20:56:12,888 [INFO] IPUIPlugin:80 - create IPUIPlugin
2025-02-27 20:56:12,888 [INFO] PluginManager:220 - loadIPPluginJar : add ts
2025-02-27 20:56:12,891 [INFO] IPUIPlugin:80 - create IPUIPlugin
2025-02-27 20:56:12,892 [INFO] PluginManager:220 - loadIPPluginJar : add tsc
2025-02-27 20:56:12,895 [INFO] IPUIPlugin:80 - create IPUIPlugin
2025-02-27 20:56:12,895 [INFO] PluginManager:220 - loadIPPluginJar : add ucpd
2025-02-27 20:56:12,899 [INFO] IPUIPlugin:80 - create IPUIPlugin
2025-02-27 20:56:12,899 [INFO] PluginManager:220 - loadIPPluginJar : add usart
2025-02-27 20:56:12,903 [INFO] IPUIPlugin:80 - create IPUIPlugin
2025-02-27 20:56:12,903 [INFO] PluginManager:220 - loadIPPluginJar : add usbx
2025-02-27 20:56:13,047 [INFO] CADModel:165 - CPN selected for project level
2025-02-27 20:56:13,048 [INFO] CADModel:114 - Register for checkConnection events
2025-02-27 20:56:13,048 [FATAL] Updater:334 - Updater called before beeing initialized
2025-02-27 20:56:13,048 [ERROR] CADModel:125 - Updater not yet initialized, retry later 
2025-02-27 20:56:13,233 [INFO] CADModel:165 - CPN selected for project level
2025-02-27 20:56:13,234 [INFO] CADModel:114 - Register for checkConnection events
2025-02-27 20:56:13,234 [FATAL] Updater:334 - Updater called before beeing initialized
2025-02-27 20:56:13,234 [ERROR] CADModel:125 - Updater not yet initialized, retry later 
2025-02-27 20:56:13,238 [FATAL] Updater:334 - Updater called before beeing initialized
2025-02-27 20:56:13,381 [FATAL] Updater:334 - Updater called before beeing initialized
2025-02-27 20:56:13,388 [INFO] DbMcusAds:53 - JSON generation date=Tue Dec 17 08:01:15 PST 2024 (1734451275111)
2025-02-27 20:56:13,388 [FATAL] Updater:334 - Updater called before beeing initialized
2025-02-27 20:56:13,444 [WARN] DetailPanel:346 - Failed to get advertising image, set to default
2025-02-27 20:56:13,572 [FATAL] Updater:334 - Updater called before beeing initialized
2025-02-27 20:56:13,575 [FATAL] Updater:334 - Updater called before beeing initialized
2025-02-27 20:56:13,575 [FATAL] Updater:334 - Updater called before beeing initialized
2025-02-27 20:56:13,575 [WARN] DetailPanel:346 - Failed to get advertising image, set to default
2025-02-27 20:56:13,578 [FATAL] Updater:334 - Updater called before beeing initialized
2025-02-27 20:56:13,716 [ERROR] Updater:1164 - MainUpdater not yet initialized. External WinMGr cannot be set.
2025-02-27 20:56:13,734 [INFO] Updater:1100 - Updater Version found : 6.12.1
2025-02-27 20:56:13,759 [INFO] ApplicationProperties:184 - Using Application install path: C:\ST\STM32CubeIDE_1.16.1\STM32CubeIDE\plugins\com.st.stm32cube.common.mx_6.12.1.202409122256
2025-02-27 20:56:14,648 [INFO] ThirdPartyUpdaterWithRetryManager:70 - Updater plugin not ready yet. [2/15]
2025-02-27 20:56:15,337 [ERROR] LogOutputStream:75 - [STDERR_REDIRECT] Feb 27, 2025 8:56:15 PM java.util.prefs.WindowsPreferences <init>
2025-02-27 20:56:15,339 [ERROR] LogOutputStream:75 - [STDERR_REDIRECT] WARNING: Could not open/create prefs root node Software\JavaSoft\Prefs at root 0xffffffff80000002. Windows RegCreateKeyEx(...) returned error code 5.
2025-02-27 20:56:15,339 [ERROR] LogOutputStream:75 - [STDERR_REDIRECT] 
2025-02-27 20:56:15,793 [INFO] MainUpdater:2873 - connection check result : 10
2025-02-27 20:56:15,794 [INFO] MainUpdater:290 - Updater Check For Update Now.
2025-02-27 20:56:15,794 [INFO] MicroXplorer:498 - Change Database Version : DB.6.0.121
2025-02-27 20:56:15,810 [INFO] McuFinderGlobals:63 - Set McuFinder mode to 2 (CubeIDE integrated)
2025-02-27 20:56:15,823 [INFO] UserAuth:417 - Internet connection configuration mode: 1
2025-02-27 20:56:15,887 [INFO] JxBrowserEngine:152 - Initiate JxBrowser Engine with user profile folder
2025-02-27 20:56:16,034 [INFO] CheckServerUpdateThread:120 - End of CheckServer Thread
2025-02-27 20:56:18,013 [WARN] PackLoader:240 - Cannot read IP mode file for STMicroelectronics.FP-SNS-MOTENVWB1.1.4.0
2025-02-27 20:56:18,045 [WARN] PackLoader:240 - Cannot read IP mode file for STMicroelectronics.FP-ATR-ASTRA1.2.0.2
2025-02-27 20:56:18,053 [WARN] PackLoader:240 - Cannot read IP mode file for STMicroelectronics.FP-ATR-ASTRA1.2.0.1
2025-02-27 20:56:18,078 [WARN] PackLoader:240 - Cannot read IP mode file for STMicroelectronics.X-CUBE-SMBUS.2.1.0
2025-02-27 20:56:18,103 [WARN] PackLoader:240 - Cannot read IP mode file for STMicroelectronics.X-CUBE-WB05N.1.1.0
2025-02-27 20:56:18,183 [WARN] PackLoader:240 - Cannot read IP mode file for STMicroelectronics.X-CUBE-AZRTOS-F7.1.1.0
2025-02-27 20:56:18,312 [WARN] PackLoader:240 - Cannot read IP mode file for STMicroelectronics.X-CUBE-MEMS1.11.0.0
2025-02-27 20:56:18,527 [WARN] PackLoader:240 - Cannot read IP mode file for STMicroelectronics.FP-SNS-FLIGHT1.5.0.2
2025-02-27 20:56:18,556 [WARN] PackLoader:240 - Cannot read IP mode file for STMicroelectronics.X-CUBE-DISPLAY.3.0.0
2025-02-27 20:56:18,581 [WARN] PackLoader:240 - Cannot read IP mode file for STMicroelectronics.X-CUBE-BLE1.7.0.0
2025-02-27 20:56:18,620 [WARN] PackLoader:240 - Cannot read IP mode file for STMicroelectronics.X-CUBE-BLEMGR.4.0.0
2025-02-27 20:56:18,654 [WARN] PackLoader:240 - Cannot read IP mode file for emotas.I-CUBE-CANOPEN.1.3.0
2025-02-27 20:56:18,684 [WARN] PackLoader:240 - Cannot read IP mode file for STMicroelectronics.X-CUBE-BLEMGR.3.1.0
2025-02-27 20:56:18,713 [WARN] PackLoader:240 - Cannot read IP mode file for STMicroelectronics.X-CUBE-AI.10.0.0
2025-02-27 20:56:18,742 [WARN] PackLoader:240 - Cannot read IP mode file for STMicroelectronics.FP-SNS-SMARTAG2.1.2.0
2025-02-27 20:56:18,876 [WARN] PackLoader:240 - Cannot read IP mode file for STMicroelectronics.X-CUBE-MEMS1.11.1.0
2025-02-27 20:56:19,092 [INFO] LogOutputStream:77 - [STDOUT_REDIRECT] 1 : Invalid condition id : UX_CORESTACK_Condition cause : null
2025-02-27 20:56:19,093 [INFO] LogOutputStream:77 - [STDOUT_REDIRECT] 1 : Invalid condition id : UX_CORESTACK_Condition cause : null
2025-02-27 20:56:19,096 [INFO] LogOutputStream:77 - [STDOUT_REDIRECT] 1 : Invalid condition id : UX_CORESTACK_Condition cause : null
2025-02-27 20:56:19,099 [INFO] LogOutputStream:77 - [STDOUT_REDIRECT] 1 : Invalid condition id : UX_CORESTACK_Condition cause : null
2025-02-27 20:56:19,102 [INFO] LogOutputStream:77 - [STDOUT_REDIRECT] 1 : Invalid condition id : UX_CORESTACK_Condition cause : null
2025-02-27 20:56:19,105 [WARN] PackLoader:240 - Cannot read IP mode file for STMicroelectronics.X-CUBE-AZRTOS-WL.2.0.0
2025-02-27 20:56:19,427 [WARN] PackLoader:240 - Cannot read IP mode file for STMicroelectronics.FP-SNS-MOTENV1.5.0.0
2025-02-27 20:56:19,466 [WARN] PackLoader:240 - Cannot read IP mode file for wolfSSL.I-CUBE-wolfMQTT.1.19.0
2025-02-27 20:56:19,502 [WARN] PackLoader:240 - Cannot read IP mode file for WES.I-CUBE-Cesium.1.3.0
2025-02-27 20:56:19,527 [WARN] PackLoader:240 - Cannot read IP mode file for STMicroelectronics.X-CUBE-BLE2.3.3.0
2025-02-27 20:56:19,555 [WARN] PackLoader:240 - Cannot read IP mode file for STMicroelectronics.X-CUBE-TCPP.4.1.0
2025-02-27 20:56:19,611 [WARN] PackLoader:240 - Cannot read IP mode file for STMicroelectronics.X-CUBE-AZRTOS-G0.1.1.0
2025-02-27 20:56:19,652 [WARN] PackLoader:240 - Cannot read IP mode file for STMicroelectronics.X-CUBE-SAFEA1.1.2.2
2025-02-27 20:56:19,689 [WARN] PackLoader:240 - Cannot read IP mode file for STMicroelectronics.X-CUBE-NFC4.3.0.0
2025-02-27 20:56:19,732 [WARN] PackLoader:240 - Cannot read IP mode file for EmbeddedOffice.I-CUBE-FS-RTOS.1.0.1
2025-02-27 20:56:19,732 [ERROR] ConditionMgr:805 - Attr not supported : Dmpu
2025-02-27 20:56:19,732 [ERROR] ConditionMgr:805 - Attr not supported : Dmpu
2025-02-27 20:56:19,733 [ERROR] ConditionMgr:805 - Attr not supported : Dmpu
2025-02-27 20:56:19,733 [ERROR] ConditionMgr:805 - Attr not supported : Dmpu
2025-02-27 20:56:19,733 [ERROR] ConditionMgr:805 - Attr not supported : Dmpu
2025-02-27 20:56:19,733 [ERROR] ConditionMgr:805 - Attr not supported : Dmpu
2025-02-27 20:56:19,733 [ERROR] ConditionMgr:805 - Attr not supported : Dmpu
2025-02-27 20:56:19,734 [ERROR] ConditionMgr:805 - Attr not supported : Dmpu
2025-02-27 20:56:19,734 [ERROR] ConditionMgr:805 - Attr not supported : Dmpu
2025-02-27 20:56:19,734 [ERROR] ConditionMgr:805 - Attr not supported : Dmpu
2025-02-27 20:56:19,734 [ERROR] ConditionMgr:805 - Attr not supported : Dmpu
2025-02-27 20:56:19,734 [ERROR] ConditionMgr:805 - Attr not supported : Dmpu
2025-02-27 20:56:19,735 [ERROR] ConditionMgr:805 - Attr not supported : Dmpu
2025-02-27 20:56:19,735 [ERROR] ConditionMgr:805 - Attr not supported : Dmpu
2025-02-27 20:56:19,735 [ERROR] ConditionMgr:805 - Attr not supported : Dmpu
2025-02-27 20:56:19,735 [ERROR] ConditionMgr:805 - Attr not supported : Dmpu
2025-02-27 20:56:19,735 [ERROR] ConditionMgr:805 - Attr not supported : Dmpu
2025-02-27 20:56:19,736 [ERROR] ConditionMgr:805 - Attr not supported : Dmpu
2025-02-27 20:56:19,736 [ERROR] ConditionMgr:805 - Attr not supported : Dmpu
2025-02-27 20:56:19,736 [ERROR] ConditionMgr:805 - Attr not supported : Dmpu
2025-02-27 20:56:19,736 [ERROR] ConditionMgr:805 - Attr not supported : Dmpu
2025-02-27 20:56:19,736 [ERROR] ConditionMgr:805 - Attr not supported : Dmpu
2025-02-27 20:56:19,736 [ERROR] ConditionMgr:805 - Attr not supported : Dmpu
2025-02-27 20:56:19,736 [ERROR] ConditionMgr:805 - Attr not supported : Dmpu
2025-02-27 20:56:19,737 [ERROR] ConditionMgr:805 - Attr not supported : Dmpu
2025-02-27 20:56:19,737 [ERROR] ConditionMgr:805 - Attr not supported : Dmpu
2025-02-27 20:56:19,737 [ERROR] ConditionMgr:805 - Attr not supported : Dmpu
2025-02-27 20:56:19,737 [ERROR] ConditionMgr:805 - Attr not supported : Dmpu
2025-02-27 20:56:19,738 [ERROR] ConditionMgr:805 - Attr not supported : Dmpu
2025-02-27 20:56:19,738 [ERROR] ConditionMgr:805 - Attr not supported : Dmpu
2025-02-27 20:56:19,738 [ERROR] ConditionMgr:805 - Attr not supported : Dmpu
2025-02-27 20:56:19,738 [ERROR] ConditionMgr:805 - Attr not supported : Dmpu
2025-02-27 20:56:19,738 [ERROR] ConditionMgr:805 - Attr not supported : Dmpu
2025-02-27 20:56:19,738 [ERROR] ConditionMgr:805 - Attr not supported : Dmpu
2025-02-27 20:56:19,739 [ERROR] ConditionMgr:805 - Attr not supported : Dmpu
2025-02-27 20:56:19,739 [ERROR] ConditionMgr:805 - Attr not supported : Dmpu
2025-02-27 20:56:19,739 [ERROR] ConditionMgr:805 - Attr not supported : Dmpu
2025-02-27 20:56:19,739 [ERROR] ConditionMgr:805 - Attr not supported : Dmpu
2025-02-27 20:56:19,739 [ERROR] ConditionMgr:805 - Attr not supported : Dmpu
2025-02-27 20:56:19,740 [ERROR] ConditionMgr:805 - Attr not supported : Dmpu
2025-02-27 20:56:19,740 [ERROR] ConditionMgr:805 - Attr not supported : Dmpu
2025-02-27 20:56:19,740 [ERROR] ConditionMgr:805 - Attr not supported : Dmpu
2025-02-27 20:56:19,740 [ERROR] ConditionMgr:805 - Attr not supported : Dmpu
2025-02-27 20:56:19,740 [ERROR] ConditionMgr:805 - Attr not supported : Dmpu
2025-02-27 20:56:19,741 [ERROR] ConditionMgr:805 - Attr not supported : Dmpu
2025-02-27 20:56:19,741 [ERROR] ConditionMgr:805 - Attr not supported : Dmpu
2025-02-27 20:56:19,741 [ERROR] ConditionMgr:805 - Attr not supported : Dmpu
2025-02-27 20:56:19,741 [ERROR] ConditionMgr:805 - Attr not supported : Dmpu
2025-02-27 20:56:19,741 [ERROR] ConditionMgr:805 - Attr not supported : Dmpu
2025-02-27 20:56:19,741 [ERROR] ConditionMgr:805 - Attr not supported : Dmpu
2025-02-27 20:56:19,742 [ERROR] ConditionMgr:805 - Attr not supported : Dmpu
2025-02-27 20:56:19,742 [ERROR] ConditionMgr:805 - Attr not supported : Dmpu
2025-02-27 20:56:19,742 [ERROR] ConditionMgr:805 - Attr not supported : Dmpu
2025-02-27 20:56:19,742 [ERROR] ConditionMgr:805 - Attr not supported : Dmpu
2025-02-27 20:56:19,742 [ERROR] ConditionMgr:805 - Attr not supported : Dmpu
2025-02-27 20:56:19,742 [ERROR] ConditionMgr:805 - Attr not supported : Dmpu
2025-02-27 20:56:19,743 [ERROR] ConditionMgr:805 - Attr not supported : Dmpu
2025-02-27 20:56:19,743 [ERROR] ConditionMgr:805 - Attr not supported : Dmpu
2025-02-27 20:56:19,743 [ERROR] ConditionMgr:805 - Attr not supported : Dmpu
2025-02-27 20:56:19,743 [ERROR] ConditionMgr:805 - Attr not supported : Dmpu
2025-02-27 20:56:19,743 [ERROR] ConditionMgr:805 - Attr not supported : Dmpu
2025-02-27 20:56:19,743 [ERROR] ConditionMgr:805 - Attr not supported : Dmpu
2025-02-27 20:56:19,744 [ERROR] ConditionMgr:805 - Attr not supported : Dmpu
2025-02-27 20:56:19,744 [ERROR] ConditionMgr:805 - Attr not supported : Dmpu
2025-02-27 20:56:19,777 [ERROR] Engine:466 - C:\Users\mridu\.stm32cubemx\thirdparties\pdsc\STMicroelectronics.X-CUBE-TCPP.4.2.0.pdsc: PDSC version is not supported
2025-02-27 20:56:19,810 [WARN] PackLoader:240 - Cannot read IP mode file for RealThread.X-CUBE-RT-Thread_Nano.4.1.1
2025-02-27 20:56:19,844 [WARN] PackLoader:240 - Cannot read IP mode file for STMicroelectronics.FP-ATR-SIGFOX1.3.2.0
2025-02-27 20:56:19,877 [WARN] ConditionMgr:438 - getConditionDescription Invalid condition id : Cortex-A Device cause : null
2025-02-27 20:56:19,950 [WARN] ConditionMgr:1039 - genDependencies : Invalid condition id : Cortex-A Device cause : null
2025-02-27 20:56:19,950 [WARN] ConditionMgr:1039 - genDependencies : Invalid condition id : Cortex-A Device cause : null
2025-02-27 20:56:19,950 [WARN] ConditionMgr:1039 - genDependencies : Invalid condition id : Cortex-A Device cause : null
2025-02-27 20:56:19,993 [WARN] PackLoader:240 - Cannot read IP mode file for STMicroelectronics.X-CUBE-EEPRMA1.5.1.0
2025-02-27 20:56:20,062 [WARN] PackLoader:240 - Cannot read IP mode file for wolfSSL.I-CUBE-wolfSSL.5.7.4
2025-02-27 20:56:20,098 [WARN] PackLoader:240 - Cannot read IP mode file for ITTIA_DB.I-CUBE-ITTIADB.8.9.0
2025-02-27 20:56:20,166 [WARN] PackLoader:240 - Cannot read IP mode file for SEGGER.I-CUBE-embOS.1.3.1
2025-02-27 20:56:20,262 [WARN] PackLoader:240 - Cannot read IP mode file for STMicroelectronics.X-CUBE-ALGOBUILD.1.4.0
2025-02-27 20:56:20,299 [WARN] PackLoader:240 - Cannot read IP mode file for STMicroelectronics.X-CUBE-AZRTOS-F4.1.1.0
2025-02-27 20:56:20,327 [WARN] PackLoader:240 - Cannot read IP mode file for STMicroelectronics.X-CUBE-FREERTOS.1.2.0
2025-02-27 20:56:20,371 [WARN] PackLoader:240 - Cannot read IP mode file for STMicroelectronics.X-CUBE-AZRTOS-L5.2.0.0
2025-02-27 20:56:20,395 [WARN] PackLoader:240 - Cannot read IP mode file for STMicroelectronics.X-CUBE-NFC6.3.1.0
2025-02-27 20:56:20,418 [WARN] PackLoader:240 - Cannot read IP mode file for STMicroelectronics.X-CUBE-FREERTOS.1.3.0
2025-02-27 20:56:20,438 [WARN] PackLoader:240 - Cannot read IP mode file for STMicroelectronics.X-CUBE-NFC7.1.0.1
2025-02-27 20:56:20,499 [WARN] ConditionMgr:438 - getConditionDescription Invalid condition id : LAN8742 Phy interface Condition cause : null
2025-02-27 20:56:20,500 [WARN] PackLoader:240 - Cannot read IP mode file for STMicroelectronics.X-CUBE-AZRTOS-L4.2.0.0
2025-02-27 20:56:20,501 [WARN] ConditionMgr:1039 - genDependencies : Invalid condition id : LAN8742 Phy interface Condition cause : null
2025-02-27 20:56:20,502 [WARN] ConditionMgr:1039 - genDependencies : Invalid condition id : LAN8742 Phy interface Condition cause : null
2025-02-27 20:56:20,502 [WARN] ConditionMgr:1039 - genDependencies : Invalid condition id : LAN8742 Phy interface Condition cause : null
2025-02-27 20:56:20,535 [WARN] PackLoader:240 - Cannot read IP mode file for STMicroelectronics.X-CUBE-SFXS2LP1.4.0.0
2025-02-27 20:56:20,603 [WARN] PackLoader:240 - Cannot read IP mode file for STMicroelectronics.X-CUBE-AZRTOS-H7.3.3.0
2025-02-27 20:56:20,668 [WARN] PackLoader:240 - Cannot read IP mode file for STMicroelectronics.X-CUBE-IPS.3.0.0
2025-02-27 20:56:20,689 [INFO] WebApp:167 - Instantiating new browser for Auth
2025-02-27 20:56:20,723 [WARN] ConditionMgr:438 - getConditionDescription Invalid condition id : UX DEVICE CLASS RTOS Condition cause : null
2025-02-27 20:56:20,723 [WARN] ConditionMgr:438 - getConditionDescription Invalid condition id : UX DEVICE CLASS RTOS Condition cause : null
2025-02-27 20:56:20,726 [WARN] PackLoader:240 - Cannot read IP mode file for STMicroelectronics.X-CUBE-AZRTOS-WB.2.0.0
2025-02-27 20:56:20,728 [WARN] ConditionMgr:1039 - genDependencies : Invalid condition id : UX DEVICE CLASS RTOS Condition cause : null
2025-02-27 20:56:20,728 [WARN] ConditionMgr:1039 - genDependencies : Invalid condition id : UX DEVICE CLASS RTOS Condition cause : null
2025-02-27 20:56:20,729 [WARN] ConditionMgr:1039 - genDependencies : Invalid condition id : UX DEVICE CLASS RTOS Condition cause : null
2025-02-27 20:56:20,729 [WARN] ConditionMgr:1039 - genDependencies : Invalid condition id : UX DEVICE CLASS RTOS Condition cause : null
2025-02-27 20:56:20,729 [WARN] ConditionMgr:1039 - genDependencies : Invalid condition id : UX DEVICE CLASS RTOS Condition cause : null
2025-02-27 20:56:20,767 [WARN] PackLoader:240 - Cannot read IP mode file for STMicroelectronics.X-CUBE-GNSS1.7.0.0
2025-02-27 20:56:20,802 [WARN] PackLoader:240 - Cannot read IP mode file for STMicroelectronics.X-CUBE-GNSS1.7.0.1
2025-02-27 20:56:20,839 [WARN] PackLoader:240 - Cannot read IP mode file for STMicroelectronics.X-CUBE-SUBG2.5.0.0
2025-02-27 20:56:20,871 [WARN] PackLoader:240 - Cannot read IP mode file for Cesanta.I-CUBE-Mongoose.7.13.0
2025-02-27 20:56:20,912 [WARN] PackLoader:240 - Cannot read IP mode file for STMicroelectronics.X-CUBE-AZRTOS-G4.2.0.0
2025-02-27 20:56:20,945 [ERROR] Engine:466 - C:\Users\mridu\.stm32cubemx\thirdparties\pdsc\STMicroelectronics.X-CUBE-IPS.3.1.0.pdsc: PDSC version is not supported
2025-02-27 20:56:20,985 [WARN] PackLoader:240 - Cannot read IP mode file for STMicroelectronics.X-CUBE-ALS.1.0.2
2025-02-27 20:56:21,012 [WARN] PackLoader:240 - Cannot read IP mode file for STMicroelectronics.X-CUBE-TOUCHGFX.4.24.2
2025-02-27 20:56:21,037 [WARN] PackLoader:240 - Cannot read IP mode file for STMicroelectronics.X-CUBE-TOUCHGFX.4.24.1
2025-02-27 20:56:21,072 [WARN] PackLoader:240 - Cannot read IP mode file for wolfSSL.I-CUBE-wolfTPM.3.4.0
2025-02-27 20:56:21,107 [WARN] PackLoader:240 - Cannot read IP mode file for portGmbH.I-Cube-SoM-uGOAL.1.1.0
2025-02-27 20:56:21,154 [WARN] PackLoader:240 - Cannot read IP mode file for STMicroelectronics.X-CUBE-AZRTOS-H7RS.1.0.0
2025-02-27 20:56:21,177 [WARN] PackLoader:240 - Cannot read IP mode file for STMicroelectronics.FP-ATR-ASTRA1.2.0.0
2025-02-27 20:56:21,215 [WARN] PackLoader:240 - Cannot read IP mode file for Infineon.AIROC-Wi-Fi-Bluetooth-STM32.1.6.1
2025-02-27 20:56:21,240 [WARN] PackLoader:240 - Cannot read IP mode file for wolfSSL.I-CUBE-wolfSSH.1.4.17
2025-02-27 20:56:21,241 [INFO] ThirdParty:978 - Integrity check success = true
2025-02-27 20:56:21,241 [INFO] IntegrityCheckThread:100 - exiting critical section [integrity check]
2025-02-27 20:56:21,241 [INFO] IntegrityCheckThread:103 - End integrity checks thread
2025-02-27 20:56:22,198 [INFO] WebApp:448 - Apply proxy settings
2025-02-27 20:56:22,199 [INFO] WebApp:533 - Chromium requires no authentication
2025-02-27 20:56:22,231 [INFO] WebApp:476 - Direct internet connection detected
2025-02-27 20:56:22,285 [INFO] WebApp:869 - Register for checkConnection events
2025-02-27 20:56:22,285 [INFO] WebApp:448 - Apply proxy settings
2025-02-27 20:56:22,286 [INFO] WebApp:533 - Chromium requires no authentication
2025-02-27 20:56:22,286 [INFO] WebApp:476 - Direct internet connection detected
2025-02-27 20:56:22,493 [INFO] WebApp:186 - Connection restablished
2025-02-27 20:56:22,591 [INFO] WebApp:220 - Starting web application
2025-02-27 20:56:22,591 [INFO] WebApp:578 - Web application path used C:\ST\STM32CubeIDE_1.16.1\STM32CubeIDE\plugins\com.st.stm32cube.common.mx_6.12.1.202409122256\db\plugins\mcufinder\reactClient1\index.html
2025-02-27 20:56:22,966 [INFO] UserAuth:417 - Internet connection configuration mode: 1
2025-02-27 22:04:21,709 [INFO] WebApp:189 - Connection lost
