2025-03-01 10:43:45,718 [INFO] Activator:176 - 


2025-03-01 10:43:45,739 [INFO] Activator:177 - !SESSION log4j initialized
2025-03-01 10:44:06,256 [INFO] LogOutputStream:77 - [STDOUT_REDIRECT] 
2025-03-01 10:44:40,011 [INFO] ApplicationProperties:184 - Using Application install path: C:\ST\STM32CubeIDE_1.16.1\STM32CubeIDE\plugins\com.st.stm32cube.common.mx_6.12.1.202409122256
2025-03-01 10:44:40,245 [INFO] DbMcusXml:78 - Set database path to: C:\ST\STM32CubeIDE_1.16.1\STM32CubeIDE\plugins\com.st.stm32cube.common.mx_6.12.1.202409122256\\db\/mcu/
2025-03-01 10:44:40,245 [INFO] ApiDb:274 - Set plugin database path to: C:\ST\STM32CubeIDE_1.16.1\STM32CubeIDE\plugins\com.st.stm32cube.common.mx_6.12.1.202409122256\\db\/plugins/boardmanager/
2025-03-01 10:44:40,260 [WARN] ApiDb:259 - Overriding images path with different value:  => C:\ST\STM32CubeIDE_1.16.1\STM32CubeIDE\plugins\com.st.stm32cube.common.mx_6.12.1.202409122256\\db\/plugins/mcufinder/images/
2025-03-01 10:44:40,482 [INFO] ApiDb:250 - Set database path to: C:\Users\mridu\.stmcufinder\plugins\mcufinder//mcu/
2025-03-01 10:44:40,505 [INFO] DbMcusAds:125 - Set database path to: C:\Users\mridu\.stmcufinder\plugins\mcufinder//mcu/
2025-03-01 10:44:40,569 [INFO] CrossReferenceDbSqlite:203 - Set database path to: C:\Users\mridu\.stmcufinder\plugins\mcufinder//mcu/cs/
2025-03-01 10:44:42,546 [INFO] RulesReader:64 - Compatibility file has been processed (297 Rules)
2025-03-01 10:44:42,962 [INFO] DbMcusXml:78 - Set database path to: C:\ST\STM32CubeIDE_1.16.1\STM32CubeIDE\plugins\com.st.stm32cube.common.mx_6.12.1.202409122256\\db\/mcu/
2025-03-01 10:44:42,962 [INFO] ApiDb:274 - Set plugin database path to: C:\ST\STM32CubeIDE_1.16.1\STM32CubeIDE\plugins\com.st.stm32cube.common.mx_6.12.1.202409122256\\db\/plugins/boardmanager/
2025-03-01 10:44:42,962 [INFO] ApiDb:261 - Set plugin images path to: C:\ST\STM32CubeIDE_1.16.1\STM32CubeIDE\plugins\com.st.stm32cube.common.mx_6.12.1.202409122256\\db\/plugins/mcufinder/images/
2025-03-01 10:44:42,962 [WARN] DbFile:41 - Overriding database path with different value: C:\Users\mridu\.stmcufinder\plugins\mcufinder/ => C:\Users\mridu\.stmcufinder\plugins\mcufinder
2025-03-01 10:44:42,962 [INFO] ApiDb:250 - Set database path to: C:\Users\mridu\.stmcufinder\plugins\mcufinder//mcu/
2025-03-01 10:44:42,962 [WARN] DbFile:41 - Overriding database path with different value: C:\Users\mridu\.stmcufinder\plugins\mcufinder/ => C:\Users\mridu\.stmcufinder\plugins\mcufinder
2025-03-01 10:44:42,962 [INFO] DbMcusAds:125 - Set database path to: C:\Users\mridu\.stmcufinder\plugins\mcufinder//mcu/
2025-03-01 10:44:42,962 [WARN] DbFile:41 - Overriding database path with different value: C:\Users\mridu\.stmcufinder\plugins\mcufinder/ => C:\Users\mridu\.stmcufinder\plugins\mcufinder
2025-03-01 10:44:42,962 [WARN] DbFile:41 - Overriding database path with different value: C:\Users\mridu\.stmcufinder\plugins\mcufinder/ => C:\Users\mridu\.stmcufinder\plugins\mcufinder
2025-03-01 10:44:42,962 [INFO] CrossReferenceDbSqlite:203 - Set database path to: C:\Users\mridu\.stmcufinder\plugins\mcufinder//mcu/cs/
2025-03-01 10:44:43,362 [INFO] MainPanel:268 - HeapMemory: 268435456
2025-03-01 10:44:44,506 [INFO] DbMcusXml:78 - Set database path to: C:\ST\STM32CubeIDE_1.16.1\STM32CubeIDE\plugins\com.st.stm32cube.common.mx_6.12.1.202409122256\\db\/mcu/
2025-03-01 10:44:44,508 [INFO] ApiDb:274 - Set plugin database path to: C:\ST\STM32CubeIDE_1.16.1\STM32CubeIDE\plugins\com.st.stm32cube.common.mx_6.12.1.202409122256\\db\/plugins/boardmanager/
2025-03-01 10:44:44,509 [INFO] ApiDb:261 - Set plugin images path to: C:\ST\STM32CubeIDE_1.16.1\STM32CubeIDE\plugins\com.st.stm32cube.common.mx_6.12.1.202409122256\\db\/plugins/mcufinder/images/
2025-03-01 10:44:44,510 [WARN] DbFile:41 - Overriding database path with different value: C:\Users\mridu\.stmcufinder\plugins\mcufinder/ => C:\Users\mridu\.stmcufinder\plugins\mcufinder
2025-03-01 10:44:44,510 [INFO] ApiDb:250 - Set database path to: C:\Users\mridu\.stmcufinder\plugins\mcufinder//mcu/
2025-03-01 10:44:44,510 [WARN] DbFile:41 - Overriding database path with different value: C:\Users\mridu\.stmcufinder\plugins\mcufinder/ => C:\Users\mridu\.stmcufinder\plugins\mcufinder
2025-03-01 10:44:44,515 [INFO] DbMcusAds:125 - Set database path to: C:\Users\mridu\.stmcufinder\plugins\mcufinder//mcu/
2025-03-01 10:44:44,515 [WARN] DbFile:41 - Overriding database path with different value: C:\Users\mridu\.stmcufinder\plugins\mcufinder/ => C:\Users\mridu\.stmcufinder\plugins\mcufinder
2025-03-01 10:44:44,515 [WARN] DbFile:41 - Overriding database path with different value: C:\Users\mridu\.stmcufinder\plugins\mcufinder/ => C:\Users\mridu\.stmcufinder\plugins\mcufinder
2025-03-01 10:44:44,517 [INFO] CrossReferenceDbSqlite:203 - Set database path to: C:\Users\mridu\.stmcufinder\plugins\mcufinder//mcu/cs/
2025-03-01 10:44:45,067 [INFO] ApplicationProperties:184 - Using Application install path: C:\ST\STM32CubeIDE_1.16.1\STM32CubeIDE\plugins\com.st.stm32cube.common.mx_6.12.1.202409122256
2025-03-01 10:44:45,076 [INFO] PluginManage:196 - Search for loadable plugins [exclusion list=, ]
2025-03-01 10:44:45,076 [INFO] PluginManage:310 - Check plugin analytics
2025-03-01 10:44:48,792 [INFO] AnalyticsPlugin:253 - Accepted Software Licenses: 
2025-03-01 10:44:48,792 [INFO] AnalyticsPlugin:255 - Accepted CMSIS Pack Licenses: 
2025-03-01 10:44:48,793 [INFO] AnalyticsPlugin:257 - Accepted Firmware Licenses: 
2025-03-01 10:44:48,799 [INFO] PluginManage:359 - Loaded plugin analytics (category:tool,tabindex:-1)
2025-03-01 10:44:48,799 [INFO] PluginManage:310 - Check plugin cadmodel
2025-03-01 10:44:48,933 [INFO] CADModel:105 - Init CAD model plugin
2025-03-01 10:44:48,933 [INFO] PluginManage:359 - Loaded plugin cadmodel (category:power,tabindex:5)
2025-03-01 10:44:48,933 [INFO] PluginManage:310 - Check plugin clock
2025-03-01 10:44:49,068 [INFO] PluginManage:359 - Loaded plugin clock (category:base,tabindex:2)
2025-03-01 10:44:49,068 [INFO] PluginManage:310 - Check plugin ddr
2025-03-01 10:44:49,088 [INFO] PluginManage:359 - Loaded plugin ddr (category:tool,tabindex:6)
2025-03-01 10:44:49,088 [INFO] PluginManage:310 - Check plugin filemanager
2025-03-01 10:44:50,211 [INFO] PluginManage:359 - Loaded plugin filemanager (category:base,tabindex:10)
2025-03-01 10:44:50,211 [INFO] PluginManage:310 - Check plugin ipmanager
2025-03-01 10:44:50,246 [INFO] PluginManage:359 - Loaded plugin ipmanager (category:base,tabindex:5)
2025-03-01 10:44:50,246 [INFO] PluginManage:310 - Check plugin lpbam
2025-03-01 10:44:50,333 [INFO] PluginManage:359 - Loaded plugin lpbam (category:base,tabindex:0)
2025-03-01 10:44:50,333 [INFO] PluginManage:310 - Check plugin memorymap
2025-03-01 10:44:50,425 [INFO] PluginManage:359 - Loaded plugin memorymap (category:base,tabindex:4)
2025-03-01 10:44:50,439 [INFO] PluginManage:310 - Check plugin pinoutandconfiguration
2025-03-01 10:44:50,932 [INFO] PluginManage:359 - Loaded plugin pinoutandconfiguration (category:base,tabindex:1)
2025-03-01 10:44:50,933 [INFO] PluginManage:310 - Check plugin pinoutconfig
2025-03-01 10:44:51,953 [WARN] SupportedApi:132 - Cannot load RTOS API schema: s4s-elt-must-match.1: The content of 'definitions' must match (annotation?, (simpleType | complexType)?, (unique | key | keyref)*)). A problem was found starting at: attribute.
2025-03-01 10:44:52,481 [INFO] PluginManage:359 - Loaded plugin pinoutconfig (category:base,tabindex:0)
2025-03-01 10:44:52,481 [INFO] PluginManage:310 - Check plugin power
2025-03-01 10:44:52,548 [INFO] PluginManage:359 - Loaded plugin power (category:power,tabindex:4)
2025-03-01 10:44:52,549 [INFO] PluginManage:310 - Check plugin projectmanager
2025-03-01 10:44:52,607 [INFO] PluginManage:359 - Loaded plugin projectmanager (category:projectmanager,tabindex:4)
2025-03-01 10:44:52,608 [INFO] PluginManage:310 - Check plugin rif
2025-03-01 10:44:52,660 [INFO] PluginManage:359 - Loaded plugin rif (category:base,tabindex:3)
2025-03-01 10:44:52,660 [INFO] PluginManage:310 - Check plugin thirdparty
2025-03-01 10:44:54,106 [INFO] PluginManage:359 - Loaded plugin thirdparty (category:base,tabindex:-1)
2025-03-01 10:44:54,158 [INFO] PluginManage:310 - Check plugin tools
2025-03-01 10:44:54,158 [WARN] IntegrityCheckThread:84 - waiting for thirdparty lock release [integrity check]
2025-03-01 10:44:54,170 [INFO] IntegrityCheckThread:86 - entering critical section [integrity check]
2025-03-01 10:44:54,174 [INFO] ThirdPartyUpdaterWithRetryManager:70 - Updater plugin not ready yet. [1/15]
2025-03-01 10:44:54,481 [INFO] PluginManage:359 - Loaded plugin tools (category:base,tabindex:7)
2025-03-01 10:44:54,481 [INFO] PluginManage:310 - Check plugin tutovideos
2025-03-01 10:44:55,861 [INFO] PluginManage:359 - Loaded plugin tutovideos (category:base,tabindex:-1)
2025-03-01 10:44:55,861 [INFO] PluginManage:310 - Check plugin updater
2025-03-01 10:44:55,918 [INFO] PluginManage:359 - Loaded plugin updater (category:base,tabindex:12)
2025-03-01 10:44:55,918 [INFO] PluginManage:310 - Check plugin userauth
2025-03-01 10:44:55,942 [INFO] UserAuth:113 - Init User Auth plugin
2025-03-01 10:44:55,942 [INFO] PluginManage:359 - Loaded plugin userauth (category:base,tabindex:14)
2025-03-01 10:44:55,942 [INFO] PluginManage:283 - PluginManage : Loaded plugins [18]
2025-03-01 10:44:56,681 [INFO] PinOutPanel:1561 - setPackage(No Configuration,No Configuration)
2025-03-01 10:44:56,896 [INFO] CADModel:165 - CPN selected for project level
2025-03-01 10:44:56,901 [INFO] CADModel:114 - Register for checkConnection events
2025-03-01 10:44:57,021 [INFO] IPUIPlugin:80 - create IPUIPlugin
2025-03-01 10:44:57,021 [INFO] PluginManager:220 - loadIPPluginJar : add adc
2025-03-01 10:44:57,136 [INFO] IPUIPlugin:80 - create IPUIPlugin
2025-03-01 10:44:57,136 [INFO] PluginManager:220 - loadIPPluginJar : add aes
2025-03-01 10:44:57,185 [INFO] ThirdPartyUpdaterWithRetryManager:70 - Updater plugin not ready yet. [2/15]
2025-03-01 10:44:57,258 [INFO] IPUIPlugin:80 - create IPUIPlugin
2025-03-01 10:44:57,258 [INFO] PluginManager:220 - loadIPPluginJar : add can
2025-03-01 10:44:57,341 [INFO] IPUIPlugin:80 - create IPUIPlugin
2025-03-01 10:44:57,341 [INFO] PluginManager:220 - loadIPPluginJar : add comp
2025-03-01 10:44:57,446 [INFO] IPUIPlugin:80 - create IPUIPlugin
2025-03-01 10:44:57,446 [INFO] PluginManager:220 - loadIPPluginJar : add cryp
2025-03-01 10:44:57,484 [INFO] IPUIPlugin:80 - create IPUIPlugin
2025-03-01 10:44:57,484 [INFO] PluginManager:220 - loadIPPluginJar : add ddr_ctrl_phy
2025-03-01 10:44:57,576 [INFO] IPUIPlugin:80 - create IPUIPlugin
2025-03-01 10:44:57,576 [INFO] PluginManager:220 - loadIPPluginJar : add dfsdm
2025-03-01 10:44:57,615 [INFO] IPUIPlugin:80 - create IPUIPlugin
2025-03-01 10:44:57,615 [INFO] PluginManager:220 - loadIPPluginJar : add dma
2025-03-01 10:44:57,786 [INFO] IPUIPlugin:80 - create IPUIPlugin
2025-03-01 10:44:57,793 [INFO] PluginManager:220 - loadIPPluginJar : add dma3
2025-03-01 10:44:57,960 [INFO] IPUIPlugin:80 - create IPUIPlugin
2025-03-01 10:44:57,960 [INFO] PluginManager:220 - loadIPPluginJar : add extmemmanager
2025-03-01 10:44:58,024 [INFO] IPUIPlugin:80 - create IPUIPlugin
2025-03-01 10:44:58,035 [INFO] PluginManager:220 - loadIPPluginJar : add fatfs
2025-03-01 10:44:58,178 [INFO] IPUIPlugin:80 - create IPUIPlugin
2025-03-01 10:44:58,183 [INFO] PluginManager:220 - loadIPPluginJar : add fmc
2025-03-01 10:44:58,217 [INFO] IPUIPlugin:80 - create IPUIPlugin
2025-03-01 10:44:58,218 [INFO] PluginManager:220 - loadIPPluginJar : add freertos
2025-03-01 10:44:58,288 [INFO] IPUIPlugin:80 - create IPUIPlugin
2025-03-01 10:44:58,288 [INFO] PluginManager:220 - loadIPPluginJar : add genericplugin
2025-03-01 10:44:58,603 [INFO] IPUIPlugin:80 - create IPUIPlugin
2025-03-01 10:44:58,603 [INFO] PluginManager:220 - loadIPPluginJar : add gfxmmu
2025-03-01 10:44:59,008 [INFO] IPUIPlugin:80 - create IPUIPlugin
2025-03-01 10:44:59,008 [INFO] PluginManager:220 - loadIPPluginJar : add gic
2025-03-01 10:44:59,038 [INFO] IPUIPlugin:80 - create IPUIPlugin
2025-03-01 10:44:59,041 [INFO] PluginManager:220 - loadIPPluginJar : add gpio
2025-03-01 10:44:59,315 [INFO] IPUIPlugin:80 - create IPUIPlugin
2025-03-01 10:44:59,315 [INFO] PluginManager:220 - loadIPPluginJar : add gtzc
2025-03-01 10:44:59,421 [INFO] IPUIPlugin:80 - create IPUIPlugin
2025-03-01 10:44:59,421 [INFO] PluginManager:220 - loadIPPluginJar : add hash
2025-03-01 10:44:59,574 [INFO] IPUIPlugin:80 - create IPUIPlugin
2025-03-01 10:44:59,574 [INFO] PluginManager:220 - loadIPPluginJar : add i2c
2025-03-01 10:44:59,678 [INFO] IPUIPlugin:80 - create IPUIPlugin
2025-03-01 10:44:59,678 [INFO] PluginManager:220 - loadIPPluginJar : add i2s
2025-03-01 10:44:59,777 [INFO] IPUIPlugin:80 - create IPUIPlugin
2025-03-01 10:44:59,777 [INFO] PluginManager:220 - loadIPPluginJar : add i3c
2025-03-01 10:45:00,046 [INFO] IPUIPlugin:80 - create IPUIPlugin
2025-03-01 10:45:00,046 [INFO] PluginManager:220 - loadIPPluginJar : add ipddr
2025-03-01 10:45:00,191 [INFO] ThirdPartyUpdaterWithRetryManager:70 - Updater plugin not ready yet. [3/15]
2025-03-01 10:45:00,350 [INFO] IPUIPlugin:80 - create IPUIPlugin
2025-03-01 10:45:00,350 [INFO] PluginManager:220 - loadIPPluginJar : add linkedlist
2025-03-01 10:45:00,456 [INFO] IPUIPlugin:80 - create IPUIPlugin
2025-03-01 10:45:00,458 [INFO] PluginManager:220 - loadIPPluginJar : add lorawan
2025-03-01 10:45:00,622 [INFO] IPUIPlugin:80 - create IPUIPlugin
2025-03-01 10:45:00,624 [INFO] PluginManager:220 - loadIPPluginJar : add ltdc
2025-03-01 10:45:00,686 [INFO] IPUIPlugin:80 - create IPUIPlugin
2025-03-01 10:45:00,686 [INFO] PluginManager:220 - loadIPPluginJar : add mdma
2025-03-01 10:45:00,724 [INFO] IPUIPlugin:80 - create IPUIPlugin
2025-03-01 10:45:00,724 [INFO] PluginManager:220 - loadIPPluginJar : add nvic
2025-03-01 10:45:00,912 [INFO] IPUIPlugin:80 - create IPUIPlugin
2025-03-01 10:45:00,912 [INFO] PluginManager:220 - loadIPPluginJar : add opamp
2025-03-01 10:45:01,170 [INFO] IPUIPlugin:80 - create IPUIPlugin
2025-03-01 10:45:01,172 [INFO] PluginManager:220 - loadIPPluginJar : add openamp
2025-03-01 10:45:01,391 [INFO] IPUIPlugin:80 - create IPUIPlugin
2025-03-01 10:45:01,391 [INFO] PluginManager:220 - loadIPPluginJar : add pdm2pcm
2025-03-01 10:45:01,438 [INFO] IPUIPlugin:80 - create IPUIPlugin
2025-03-01 10:45:01,443 [INFO] PluginManager:220 - loadIPPluginJar : add plateformsettings
2025-03-01 10:45:01,526 [INFO] IPUIPlugin:80 - create IPUIPlugin
2025-03-01 10:45:01,526 [INFO] PluginManager:220 - loadIPPluginJar : add quadspi
2025-03-01 10:45:01,623 [INFO] IPUIPlugin:80 - create IPUIPlugin
2025-03-01 10:45:01,623 [INFO] PluginManager:220 - loadIPPluginJar : add radio
2025-03-01 10:45:01,663 [INFO] IPUIPlugin:80 - create IPUIPlugin
2025-03-01 10:45:01,663 [INFO] PluginManager:220 - loadIPPluginJar : add resmgrutility
2025-03-01 10:45:01,826 [INFO] IPUIPlugin:80 - create IPUIPlugin
2025-03-01 10:45:01,826 [INFO] PluginManager:220 - loadIPPluginJar : add sai
2025-03-01 10:45:01,973 [INFO] IPUIPlugin:80 - create IPUIPlugin
2025-03-01 10:45:01,974 [INFO] PluginManager:220 - loadIPPluginJar : add spi
2025-03-01 10:45:02,184 [INFO] IPUIPlugin:80 - create IPUIPlugin
2025-03-01 10:45:02,186 [INFO] PluginManager:220 - loadIPPluginJar : add stm32_wpan
2025-03-01 10:45:02,273 [INFO] IPUIPlugin:80 - create IPUIPlugin
2025-03-01 10:45:02,273 [INFO] PluginManager:220 - loadIPPluginJar : add tim
2025-03-01 10:45:02,442 [INFO] IPUIPlugin:80 - create IPUIPlugin
2025-03-01 10:45:02,442 [INFO] PluginManager:220 - loadIPPluginJar : add touchsensing
2025-03-01 10:45:02,529 [INFO] IPUIPlugin:80 - create IPUIPlugin
2025-03-01 10:45:02,529 [INFO] PluginManager:220 - loadIPPluginJar : add tracer_emb
2025-03-01 10:45:02,601 [INFO] IPUIPlugin:80 - create IPUIPlugin
2025-03-01 10:45:02,601 [INFO] PluginManager:220 - loadIPPluginJar : add ts
2025-03-01 10:45:02,674 [INFO] IPUIPlugin:80 - create IPUIPlugin
2025-03-01 10:45:02,674 [INFO] PluginManager:220 - loadIPPluginJar : add tsc
2025-03-01 10:45:02,756 [INFO] IPUIPlugin:80 - create IPUIPlugin
2025-03-01 10:45:02,756 [INFO] PluginManager:220 - loadIPPluginJar : add ucpd
2025-03-01 10:45:02,901 [INFO] IPUIPlugin:80 - create IPUIPlugin
2025-03-01 10:45:02,901 [INFO] PluginManager:220 - loadIPPluginJar : add usart
2025-03-01 10:45:03,037 [INFO] IPUIPlugin:80 - create IPUIPlugin
2025-03-01 10:45:03,037 [INFO] PluginManager:220 - loadIPPluginJar : add usbx
2025-03-01 10:45:03,199 [INFO] ThirdPartyUpdaterWithRetryManager:70 - Updater plugin not ready yet. [4/15]
2025-03-01 10:45:03,249 [INFO] CADModel:165 - CPN selected for project level
2025-03-01 10:45:03,249 [INFO] CADModel:114 - Register for checkConnection events
2025-03-01 10:45:03,249 [FATAL] Updater:334 - Updater called before beeing initialized
2025-03-01 10:45:03,251 [ERROR] CADModel:125 - Updater not yet initialized, retry later 
2025-03-01 10:45:03,625 [INFO] CADModel:165 - CPN selected for project level
2025-03-01 10:45:03,625 [INFO] CADModel:114 - Register for checkConnection events
2025-03-01 10:45:03,625 [FATAL] Updater:334 - Updater called before beeing initialized
2025-03-01 10:45:03,625 [ERROR] CADModel:125 - Updater not yet initialized, retry later 
2025-03-01 10:45:03,641 [FATAL] Updater:334 - Updater called before beeing initialized
2025-03-01 10:45:03,951 [FATAL] Updater:334 - Updater called before beeing initialized
2025-03-01 10:45:03,965 [INFO] DbMcusAds:53 - JSON generation date=Tue Dec 17 08:01:15 PST 2024 (1734451275111)
2025-03-01 10:45:03,965 [FATAL] Updater:334 - Updater called before beeing initialized
2025-03-01 10:45:04,061 [WARN] DetailPanel:346 - Failed to get advertising image, set to default
2025-03-01 10:45:04,262 [FATAL] Updater:334 - Updater called before beeing initialized
2025-03-01 10:45:04,270 [FATAL] Updater:334 - Updater called before beeing initialized
2025-03-01 10:45:04,270 [FATAL] Updater:334 - Updater called before beeing initialized
2025-03-01 10:45:04,270 [WARN] DetailPanel:346 - Failed to get advertising image, set to default
2025-03-01 10:45:04,274 [FATAL] Updater:334 - Updater called before beeing initialized
2025-03-01 10:45:04,412 [ERROR] Updater:1164 - MainUpdater not yet initialized. External WinMGr cannot be set.
2025-03-01 10:45:04,562 [INFO] Updater:1100 - Updater Version found : 6.12.1
2025-03-01 10:45:04,619 [INFO] ApplicationProperties:184 - Using Application install path: C:\ST\STM32CubeIDE_1.16.1\STM32CubeIDE\plugins\com.st.stm32cube.common.mx_6.12.1.202409122256
2025-03-01 10:45:06,209 [FATAL] Updater:334 - Updater called before beeing initialized
2025-03-01 10:45:06,209 [ERROR] IntegrityCheckThread:130 - Cannot retrieve database content from updater: error 21
2025-03-01 10:45:06,209 [INFO] ThirdParty:978 - Integrity check success = false
2025-03-01 10:45:06,209 [INFO] IntegrityCheckThread:100 - exiting critical section [integrity check]
2025-03-01 10:45:06,209 [INFO] IntegrityCheckThread:103 - End integrity checks thread
2025-03-01 10:45:06,289 [ERROR] LogOutputStream:75 - [STDERR_REDIRECT] Mar 01, 2025 10:45:06 AM java.util.prefs.WindowsPreferences <init>
2025-03-01 10:45:06,304 [ERROR] LogOutputStream:75 - [STDERR_REDIRECT] WARNING: Could not open/create prefs root node Software\JavaSoft\Prefs at root 0xffffffff80000002. Windows RegCreateKeyEx(...) returned error code 5.
2025-03-01 10:45:06,304 [ERROR] LogOutputStream:75 - [STDERR_REDIRECT] 
2025-03-01 10:45:07,440 [INFO] MainUpdater:2873 - connection check result : 10
2025-03-01 10:45:07,442 [INFO] MainUpdater:290 - Updater Check For Update Now.
2025-03-01 10:45:07,442 [INFO] MicroXplorer:498 - Change Database Version : DB.6.0.121
2025-03-01 10:45:07,843 [INFO] McuFinderGlobals:63 - Set McuFinder mode to 2 (CubeIDE integrated)
2025-03-01 10:45:07,890 [INFO] UserAuth:417 - Internet connection configuration mode: 1
2025-03-01 10:45:08,381 [INFO] JxBrowserEngine:152 - Initiate JxBrowser Engine with user profile folder
2025-03-01 10:45:08,914 [INFO] CheckServerUpdateThread:120 - End of CheckServer Thread
2025-03-01 10:45:16,457 [INFO] WebApp:167 - Instantiating new browser for Auth
2025-03-01 10:45:18,102 [INFO] WebApp:448 - Apply proxy settings
2025-03-01 10:45:18,103 [INFO] WebApp:533 - Chromium requires no authentication
2025-03-01 10:45:18,122 [INFO] WebApp:476 - Direct internet connection detected
2025-03-01 10:45:18,206 [INFO] WebApp:869 - Register for checkConnection events
2025-03-01 10:45:18,206 [INFO] WebApp:448 - Apply proxy settings
2025-03-01 10:45:18,206 [INFO] WebApp:533 - Chromium requires no authentication
2025-03-01 10:45:18,206 [INFO] WebApp:476 - Direct internet connection detected
2025-03-01 10:45:18,600 [INFO] WebApp:186 - Connection restablished
2025-03-01 10:45:20,110 [INFO] WebApp:220 - Starting web application
2025-03-01 10:45:20,110 [INFO] WebApp:578 - Web application path used C:\ST\STM32CubeIDE_1.16.1\STM32CubeIDE\plugins\com.st.stm32cube.common.mx_6.12.1.202409122256\db\plugins\mcufinder\reactClient1\index.html
2025-03-01 10:45:20,538 [INFO] UserAuth:417 - Internet connection configuration mode: 1
2025-03-01 11:21:56,624 [INFO] WebApp:189 - Connection lost
2025-03-01 11:21:57,033 [INFO] WebApp:186 - Connection restablished
2025-03-01 12:21:57,227 [INFO] WebApp:189 - Connection lost
2025-03-01 12:22:00,157 [INFO] WebApp:186 - Connection restablished
2025-03-01 12:27:38,538 [INFO] WebApp:189 - Connection lost
2025-03-01 12:27:38,889 [INFO] WebApp:186 - Connection restablished
2025-03-01 12:42:47,907 [INFO] WebApp:189 - Connection lost
2025-03-01 12:42:48,053 [INFO] WebApp:186 - Connection restablished
2025-03-01 12:43:04,017 [INFO] WebApp:189 - Connection lost
2025-03-01 12:43:04,257 [INFO] WebApp:186 - Connection restablished
2025-03-01 13:15:02,136 [INFO] WebApp:189 - Connection lost
2025-03-01 13:15:08,397 [INFO] WebApp:186 - Connection restablished
2025-03-01 13:15:08,488 [INFO] WebApp:189 - Connection lost
2025-03-01 13:15:08,563 [INFO] WebApp:186 - Connection restablished
2025-03-01 13:15:11,691 [INFO] WebApp:189 - Connection lost
2025-03-01 13:15:11,796 [INFO] WebApp:186 - Connection restablished
2025-03-01 13:16:56,511 [INFO] WebApp:189 - Connection lost
2025-03-01 13:16:56,665 [INFO] WebApp:186 - Connection restablished
2025-03-01 13:57:16,744 [ERROR] LogOutputStream:75 - [STDERR_REDIRECT] 
2025-03-01 13:57:54,879 [INFO] Activator:176 - 


2025-03-01 13:57:54,881 [INFO] Activator:177 - !SESSION log4j initialized
2025-03-01 13:58:00,987 [INFO] LogOutputStream:77 - [STDOUT_REDIRECT] 
2025-03-01 13:58:09,894 [INFO] ApplicationProperties:184 - Using Application install path: C:\ST\STM32CubeIDE_1.16.1\STM32CubeIDE\plugins\com.st.stm32cube.common.mx_6.12.1.202409122256
2025-03-01 13:58:09,932 [INFO] DbMcusXml:78 - Set database path to: C:\ST\STM32CubeIDE_1.16.1\STM32CubeIDE\plugins\com.st.stm32cube.common.mx_6.12.1.202409122256\\db\/mcu/
2025-03-01 13:58:09,932 [INFO] ApiDb:274 - Set plugin database path to: C:\ST\STM32CubeIDE_1.16.1\STM32CubeIDE\plugins\com.st.stm32cube.common.mx_6.12.1.202409122256\\db\/plugins/boardmanager/
2025-03-01 13:58:09,932 [WARN] ApiDb:259 - Overriding images path with different value:  => C:\ST\STM32CubeIDE_1.16.1\STM32CubeIDE\plugins\com.st.stm32cube.common.mx_6.12.1.202409122256\\db\/plugins/mcufinder/images/
2025-03-01 13:58:09,957 [INFO] ApiDb:250 - Set database path to: C:\Users\mridu\.stmcufinder\plugins\mcufinder//mcu/
2025-03-01 13:58:09,957 [INFO] DbMcusAds:125 - Set database path to: C:\Users\mridu\.stmcufinder\plugins\mcufinder//mcu/
2025-03-01 13:58:09,957 [INFO] CrossReferenceDbSqlite:203 - Set database path to: C:\Users\mridu\.stmcufinder\plugins\mcufinder//mcu/cs/
2025-03-01 13:58:10,272 [INFO] RulesReader:64 - Compatibility file has been processed (297 Rules)
2025-03-01 13:58:10,514 [INFO] DbMcusXml:78 - Set database path to: C:\ST\STM32CubeIDE_1.16.1\STM32CubeIDE\plugins\com.st.stm32cube.common.mx_6.12.1.202409122256\\db\/mcu/
2025-03-01 13:58:10,514 [INFO] ApiDb:274 - Set plugin database path to: C:\ST\STM32CubeIDE_1.16.1\STM32CubeIDE\plugins\com.st.stm32cube.common.mx_6.12.1.202409122256\\db\/plugins/boardmanager/
2025-03-01 13:58:10,514 [INFO] ApiDb:261 - Set plugin images path to: C:\ST\STM32CubeIDE_1.16.1\STM32CubeIDE\plugins\com.st.stm32cube.common.mx_6.12.1.202409122256\\db\/plugins/mcufinder/images/
2025-03-01 13:58:10,514 [WARN] DbFile:41 - Overriding database path with different value: C:\Users\mridu\.stmcufinder\plugins\mcufinder/ => C:\Users\mridu\.stmcufinder\plugins\mcufinder
2025-03-01 13:58:10,514 [INFO] ApiDb:250 - Set database path to: C:\Users\mridu\.stmcufinder\plugins\mcufinder//mcu/
2025-03-01 13:58:10,514 [WARN] DbFile:41 - Overriding database path with different value: C:\Users\mridu\.stmcufinder\plugins\mcufinder/ => C:\Users\mridu\.stmcufinder\plugins\mcufinder
2025-03-01 13:58:10,514 [INFO] DbMcusAds:125 - Set database path to: C:\Users\mridu\.stmcufinder\plugins\mcufinder//mcu/
2025-03-01 13:58:10,514 [WARN] DbFile:41 - Overriding database path with different value: C:\Users\mridu\.stmcufinder\plugins\mcufinder/ => C:\Users\mridu\.stmcufinder\plugins\mcufinder
2025-03-01 13:58:10,514 [WARN] DbFile:41 - Overriding database path with different value: C:\Users\mridu\.stmcufinder\plugins\mcufinder/ => C:\Users\mridu\.stmcufinder\plugins\mcufinder
2025-03-01 13:58:10,514 [INFO] CrossReferenceDbSqlite:203 - Set database path to: C:\Users\mridu\.stmcufinder\plugins\mcufinder//mcu/cs/
2025-03-01 13:58:10,766 [INFO] MainPanel:268 - HeapMemory: 268435456
2025-03-01 13:58:11,114 [INFO] DbMcusXml:78 - Set database path to: C:\ST\STM32CubeIDE_1.16.1\STM32CubeIDE\plugins\com.st.stm32cube.common.mx_6.12.1.202409122256\\db\/mcu/
2025-03-01 13:58:11,114 [INFO] ApiDb:274 - Set plugin database path to: C:\ST\STM32CubeIDE_1.16.1\STM32CubeIDE\plugins\com.st.stm32cube.common.mx_6.12.1.202409122256\\db\/plugins/boardmanager/
2025-03-01 13:58:11,114 [INFO] ApiDb:261 - Set plugin images path to: C:\ST\STM32CubeIDE_1.16.1\STM32CubeIDE\plugins\com.st.stm32cube.common.mx_6.12.1.202409122256\\db\/plugins/mcufinder/images/
2025-03-01 13:58:11,115 [WARN] DbFile:41 - Overriding database path with different value: C:\Users\mridu\.stmcufinder\plugins\mcufinder/ => C:\Users\mridu\.stmcufinder\plugins\mcufinder
2025-03-01 13:58:11,115 [INFO] ApiDb:250 - Set database path to: C:\Users\mridu\.stmcufinder\plugins\mcufinder//mcu/
2025-03-01 13:58:11,115 [WARN] DbFile:41 - Overriding database path with different value: C:\Users\mridu\.stmcufinder\plugins\mcufinder/ => C:\Users\mridu\.stmcufinder\plugins\mcufinder
2025-03-01 13:58:11,115 [INFO] DbMcusAds:125 - Set database path to: C:\Users\mridu\.stmcufinder\plugins\mcufinder//mcu/
2025-03-01 13:58:11,115 [WARN] DbFile:41 - Overriding database path with different value: C:\Users\mridu\.stmcufinder\plugins\mcufinder/ => C:\Users\mridu\.stmcufinder\plugins\mcufinder
2025-03-01 13:58:11,116 [WARN] DbFile:41 - Overriding database path with different value: C:\Users\mridu\.stmcufinder\plugins\mcufinder/ => C:\Users\mridu\.stmcufinder\plugins\mcufinder
2025-03-01 13:58:11,116 [INFO] CrossReferenceDbSqlite:203 - Set database path to: C:\Users\mridu\.stmcufinder\plugins\mcufinder//mcu/cs/
2025-03-01 13:58:11,160 [INFO] ApplicationProperties:184 - Using Application install path: C:\ST\STM32CubeIDE_1.16.1\STM32CubeIDE\plugins\com.st.stm32cube.common.mx_6.12.1.202409122256
2025-03-01 13:58:11,161 [INFO] PluginManage:196 - Search for loadable plugins [exclusion list=, ]
2025-03-01 13:58:11,161 [INFO] PluginManage:310 - Check plugin analytics
2025-03-01 13:58:11,871 [INFO] AnalyticsPlugin:253 - Accepted Software Licenses: 
2025-03-01 13:58:11,872 [INFO] AnalyticsPlugin:255 - Accepted CMSIS Pack Licenses: 
2025-03-01 13:58:11,876 [INFO] AnalyticsPlugin:257 - Accepted Firmware Licenses: 
2025-03-01 13:58:11,897 [INFO] PluginManage:359 - Loaded plugin analytics (category:tool,tabindex:-1)
2025-03-01 13:58:11,897 [INFO] PluginManage:310 - Check plugin cadmodel
2025-03-01 13:58:11,955 [INFO] CADModel:105 - Init CAD model plugin
2025-03-01 13:58:11,958 [INFO] PluginManage:359 - Loaded plugin cadmodel (category:power,tabindex:5)
2025-03-01 13:58:11,958 [INFO] PluginManage:310 - Check plugin clock
2025-03-01 13:58:12,005 [INFO] PluginManage:359 - Loaded plugin clock (category:base,tabindex:2)
2025-03-01 13:58:12,005 [INFO] PluginManage:310 - Check plugin ddr
2025-03-01 13:58:12,005 [INFO] PluginManage:359 - Loaded plugin ddr (category:tool,tabindex:6)
2025-03-01 13:58:12,005 [INFO] PluginManage:310 - Check plugin filemanager
2025-03-01 13:58:12,479 [INFO] PluginManage:359 - Loaded plugin filemanager (category:base,tabindex:10)
2025-03-01 13:58:12,479 [INFO] PluginManage:310 - Check plugin ipmanager
2025-03-01 13:58:12,500 [INFO] PluginManage:359 - Loaded plugin ipmanager (category:base,tabindex:5)
2025-03-01 13:58:12,500 [INFO] PluginManage:310 - Check plugin lpbam
2025-03-01 13:58:12,535 [INFO] PluginManage:359 - Loaded plugin lpbam (category:base,tabindex:0)
2025-03-01 13:58:12,535 [INFO] PluginManage:310 - Check plugin memorymap
2025-03-01 13:58:12,638 [INFO] PluginManage:359 - Loaded plugin memorymap (category:base,tabindex:4)
2025-03-01 13:58:12,638 [INFO] PluginManage:310 - Check plugin pinoutandconfiguration
2025-03-01 13:58:12,694 [INFO] PluginManage:359 - Loaded plugin pinoutandconfiguration (category:base,tabindex:1)
2025-03-01 13:58:12,694 [INFO] PluginManage:310 - Check plugin pinoutconfig
2025-03-01 13:58:13,037 [WARN] SupportedApi:132 - Cannot load RTOS API schema: s4s-elt-must-match.1: The content of 'definitions' must match (annotation?, (simpleType | complexType)?, (unique | key | keyref)*)). A problem was found starting at: attribute.
2025-03-01 13:58:13,458 [INFO] PluginManage:359 - Loaded plugin pinoutconfig (category:base,tabindex:0)
2025-03-01 13:58:13,458 [INFO] PluginManage:310 - Check plugin power
2025-03-01 13:58:13,509 [INFO] PluginManage:359 - Loaded plugin power (category:power,tabindex:4)
2025-03-01 13:58:13,509 [INFO] PluginManage:310 - Check plugin projectmanager
2025-03-01 13:58:13,559 [INFO] PluginManage:359 - Loaded plugin projectmanager (category:projectmanager,tabindex:4)
2025-03-01 13:58:13,559 [INFO] PluginManage:310 - Check plugin rif
2025-03-01 13:58:13,605 [INFO] PluginManage:359 - Loaded plugin rif (category:base,tabindex:3)
2025-03-01 13:58:13,607 [INFO] PluginManage:310 - Check plugin thirdparty
2025-03-01 13:58:14,389 [INFO] PluginManage:359 - Loaded plugin thirdparty (category:base,tabindex:-1)
2025-03-01 13:58:14,389 [WARN] IntegrityCheckThread:84 - waiting for thirdparty lock release [integrity check]
2025-03-01 13:58:14,396 [INFO] IntegrityCheckThread:86 - entering critical section [integrity check]
2025-03-01 13:58:14,396 [INFO] PluginManage:310 - Check plugin tools
2025-03-01 13:58:14,396 [INFO] ThirdPartyUpdaterWithRetryManager:70 - Updater plugin not ready yet. [1/15]
2025-03-01 13:58:14,502 [INFO] PluginManage:359 - Loaded plugin tools (category:base,tabindex:7)
2025-03-01 13:58:14,503 [INFO] PluginManage:310 - Check plugin tutovideos
2025-03-01 13:58:15,008 [INFO] PluginManage:359 - Loaded plugin tutovideos (category:base,tabindex:-1)
2025-03-01 13:58:15,008 [INFO] PluginManage:310 - Check plugin updater
2025-03-01 13:58:15,050 [INFO] PluginManage:359 - Loaded plugin updater (category:base,tabindex:12)
2025-03-01 13:58:15,050 [INFO] PluginManage:310 - Check plugin userauth
2025-03-01 13:58:15,059 [INFO] UserAuth:113 - Init User Auth plugin
2025-03-01 13:58:15,059 [INFO] PluginManage:359 - Loaded plugin userauth (category:base,tabindex:14)
2025-03-01 13:58:15,059 [INFO] PluginManage:283 - PluginManage : Loaded plugins [18]
2025-03-01 13:58:15,761 [INFO] PinOutPanel:1561 - setPackage(No Configuration,No Configuration)
2025-03-01 13:58:16,053 [INFO] CADModel:165 - CPN selected for project level
2025-03-01 13:58:16,055 [INFO] CADModel:114 - Register for checkConnection events
2025-03-01 13:58:16,104 [INFO] IPUIPlugin:80 - create IPUIPlugin
2025-03-01 13:58:16,104 [INFO] PluginManager:220 - loadIPPluginJar : add adc
2025-03-01 13:58:16,200 [INFO] IPUIPlugin:80 - create IPUIPlugin
2025-03-01 13:58:16,200 [INFO] PluginManager:220 - loadIPPluginJar : add aes
2025-03-01 13:58:16,321 [INFO] IPUIPlugin:80 - create IPUIPlugin
2025-03-01 13:58:16,321 [INFO] PluginManager:220 - loadIPPluginJar : add can
2025-03-01 13:58:16,412 [INFO] IPUIPlugin:80 - create IPUIPlugin
2025-03-01 13:58:16,413 [INFO] PluginManager:220 - loadIPPluginJar : add comp
2025-03-01 13:58:16,525 [INFO] IPUIPlugin:80 - create IPUIPlugin
2025-03-01 13:58:16,538 [INFO] PluginManager:220 - loadIPPluginJar : add cryp
2025-03-01 13:58:16,575 [INFO] IPUIPlugin:80 - create IPUIPlugin
2025-03-01 13:58:16,575 [INFO] PluginManager:220 - loadIPPluginJar : add ddr_ctrl_phy
2025-03-01 13:58:16,677 [INFO] IPUIPlugin:80 - create IPUIPlugin
2025-03-01 13:58:16,677 [INFO] PluginManager:220 - loadIPPluginJar : add dfsdm
2025-03-01 13:58:16,728 [INFO] IPUIPlugin:80 - create IPUIPlugin
2025-03-01 13:58:16,728 [INFO] PluginManager:220 - loadIPPluginJar : add dma
2025-03-01 13:58:16,871 [INFO] IPUIPlugin:80 - create IPUIPlugin
2025-03-01 13:58:16,871 [INFO] PluginManager:220 - loadIPPluginJar : add dma3
2025-03-01 13:58:17,010 [INFO] IPUIPlugin:80 - create IPUIPlugin
2025-03-01 13:58:17,010 [INFO] PluginManager:220 - loadIPPluginJar : add extmemmanager
2025-03-01 13:58:17,077 [INFO] IPUIPlugin:80 - create IPUIPlugin
2025-03-01 13:58:17,078 [INFO] PluginManager:220 - loadIPPluginJar : add fatfs
2025-03-01 13:58:17,238 [INFO] IPUIPlugin:80 - create IPUIPlugin
2025-03-01 13:58:17,240 [INFO] PluginManager:220 - loadIPPluginJar : add fmc
2025-03-01 13:58:17,273 [INFO] IPUIPlugin:80 - create IPUIPlugin
2025-03-01 13:58:17,273 [INFO] PluginManager:220 - loadIPPluginJar : add freertos
2025-03-01 13:58:17,344 [INFO] IPUIPlugin:80 - create IPUIPlugin
2025-03-01 13:58:17,344 [INFO] PluginManager:220 - loadIPPluginJar : add genericplugin
2025-03-01 13:58:17,402 [INFO] ThirdPartyUpdaterWithRetryManager:70 - Updater plugin not ready yet. [2/15]
2025-03-01 13:58:17,638 [INFO] IPUIPlugin:80 - create IPUIPlugin
2025-03-01 13:58:17,638 [INFO] PluginManager:220 - loadIPPluginJar : add gfxmmu
2025-03-01 13:58:18,019 [INFO] IPUIPlugin:80 - create IPUIPlugin
2025-03-01 13:58:18,019 [INFO] PluginManager:220 - loadIPPluginJar : add gic
2025-03-01 13:58:18,051 [INFO] IPUIPlugin:80 - create IPUIPlugin
2025-03-01 13:58:18,051 [INFO] PluginManager:220 - loadIPPluginJar : add gpio
2025-03-01 13:58:18,342 [INFO] IPUIPlugin:80 - create IPUIPlugin
2025-03-01 13:58:18,342 [INFO] PluginManager:220 - loadIPPluginJar : add gtzc
2025-03-01 13:58:18,452 [INFO] IPUIPlugin:80 - create IPUIPlugin
2025-03-01 13:58:18,452 [INFO] PluginManager:220 - loadIPPluginJar : add hash
2025-03-01 13:58:18,610 [INFO] IPUIPlugin:80 - create IPUIPlugin
2025-03-01 13:58:18,610 [INFO] PluginManager:220 - loadIPPluginJar : add i2c
2025-03-01 13:58:18,716 [INFO] IPUIPlugin:80 - create IPUIPlugin
2025-03-01 13:58:18,716 [INFO] PluginManager:220 - loadIPPluginJar : add i2s
2025-03-01 13:58:18,830 [INFO] IPUIPlugin:80 - create IPUIPlugin
2025-03-01 13:58:18,830 [INFO] PluginManager:220 - loadIPPluginJar : add i3c
2025-03-01 13:58:19,154 [INFO] IPUIPlugin:80 - create IPUIPlugin
2025-03-01 13:58:19,155 [INFO] PluginManager:220 - loadIPPluginJar : add ipddr
2025-03-01 13:58:19,500 [INFO] IPUIPlugin:80 - create IPUIPlugin
2025-03-01 13:58:19,500 [INFO] PluginManager:220 - loadIPPluginJar : add linkedlist
2025-03-01 13:58:19,604 [INFO] IPUIPlugin:80 - create IPUIPlugin
2025-03-01 13:58:19,605 [INFO] PluginManager:220 - loadIPPluginJar : add lorawan
2025-03-01 13:58:19,710 [INFO] IPUIPlugin:80 - create IPUIPlugin
2025-03-01 13:58:19,710 [INFO] PluginManager:220 - loadIPPluginJar : add ltdc
2025-03-01 13:58:19,758 [INFO] IPUIPlugin:80 - create IPUIPlugin
2025-03-01 13:58:19,758 [INFO] PluginManager:220 - loadIPPluginJar : add mdma
2025-03-01 13:58:19,809 [INFO] IPUIPlugin:80 - create IPUIPlugin
2025-03-01 13:58:19,809 [INFO] PluginManager:220 - loadIPPluginJar : add nvic
2025-03-01 13:58:19,940 [INFO] IPUIPlugin:80 - create IPUIPlugin
2025-03-01 13:58:19,940 [INFO] PluginManager:220 - loadIPPluginJar : add opamp
2025-03-01 13:58:20,117 [INFO] IPUIPlugin:80 - create IPUIPlugin
2025-03-01 13:58:20,117 [INFO] PluginManager:220 - loadIPPluginJar : add openamp
2025-03-01 13:58:20,235 [INFO] IPUIPlugin:80 - create IPUIPlugin
2025-03-01 13:58:20,235 [INFO] PluginManager:220 - loadIPPluginJar : add pdm2pcm
2025-03-01 13:58:20,267 [INFO] IPUIPlugin:80 - create IPUIPlugin
2025-03-01 13:58:20,283 [INFO] PluginManager:220 - loadIPPluginJar : add plateformsettings
2025-03-01 13:58:20,330 [INFO] IPUIPlugin:80 - create IPUIPlugin
2025-03-01 13:58:20,330 [INFO] PluginManager:220 - loadIPPluginJar : add quadspi
2025-03-01 13:58:20,410 [INFO] ThirdPartyUpdaterWithRetryManager:70 - Updater plugin not ready yet. [3/15]
2025-03-01 13:58:20,410 [INFO] IPUIPlugin:80 - create IPUIPlugin
2025-03-01 13:58:20,410 [INFO] PluginManager:220 - loadIPPluginJar : add radio
2025-03-01 13:58:20,442 [INFO] IPUIPlugin:80 - create IPUIPlugin
2025-03-01 13:58:20,442 [INFO] PluginManager:220 - loadIPPluginJar : add resmgrutility
2025-03-01 13:58:20,569 [INFO] IPUIPlugin:80 - create IPUIPlugin
2025-03-01 13:58:20,569 [INFO] PluginManager:220 - loadIPPluginJar : add sai
2025-03-01 13:58:20,665 [INFO] IPUIPlugin:80 - create IPUIPlugin
2025-03-01 13:58:20,665 [INFO] PluginManager:220 - loadIPPluginJar : add spi
2025-03-01 13:58:20,887 [INFO] IPUIPlugin:80 - create IPUIPlugin
2025-03-01 13:58:20,887 [INFO] PluginManager:220 - loadIPPluginJar : add stm32_wpan
2025-03-01 13:58:20,950 [INFO] IPUIPlugin:80 - create IPUIPlugin
2025-03-01 13:58:20,950 [INFO] PluginManager:220 - loadIPPluginJar : add tim
2025-03-01 13:58:21,126 [INFO] IPUIPlugin:80 - create IPUIPlugin
2025-03-01 13:58:21,126 [INFO] PluginManager:220 - loadIPPluginJar : add touchsensing
2025-03-01 13:58:21,190 [INFO] IPUIPlugin:80 - create IPUIPlugin
2025-03-01 13:58:21,190 [INFO] PluginManager:220 - loadIPPluginJar : add tracer_emb
2025-03-01 13:58:21,254 [INFO] IPUIPlugin:80 - create IPUIPlugin
2025-03-01 13:58:21,254 [INFO] PluginManager:220 - loadIPPluginJar : add ts
2025-03-01 13:58:21,321 [INFO] IPUIPlugin:80 - create IPUIPlugin
2025-03-01 13:58:21,321 [INFO] PluginManager:220 - loadIPPluginJar : add tsc
2025-03-01 13:58:21,382 [INFO] IPUIPlugin:80 - create IPUIPlugin
2025-03-01 13:58:21,382 [INFO] PluginManager:220 - loadIPPluginJar : add ucpd
2025-03-01 13:58:21,494 [INFO] IPUIPlugin:80 - create IPUIPlugin
2025-03-01 13:58:21,494 [INFO] PluginManager:220 - loadIPPluginJar : add usart
2025-03-01 13:58:21,622 [INFO] IPUIPlugin:80 - create IPUIPlugin
2025-03-01 13:58:21,622 [INFO] PluginManager:220 - loadIPPluginJar : add usbx
2025-03-01 13:58:21,830 [INFO] CADModel:165 - CPN selected for project level
2025-03-01 13:58:21,830 [INFO] CADModel:114 - Register for checkConnection events
2025-03-01 13:58:21,830 [FATAL] Updater:334 - Updater called before beeing initialized
2025-03-01 13:58:21,830 [ERROR] CADModel:125 - Updater not yet initialized, retry later 
2025-03-01 13:58:22,161 [INFO] CADModel:165 - CPN selected for project level
2025-03-01 13:58:22,161 [INFO] CADModel:114 - Register for checkConnection events
2025-03-01 13:58:22,161 [FATAL] Updater:334 - Updater called before beeing initialized
2025-03-01 13:58:22,161 [ERROR] CADModel:125 - Updater not yet initialized, retry later 
2025-03-01 13:58:22,165 [FATAL] Updater:334 - Updater called before beeing initialized
2025-03-01 13:58:22,418 [FATAL] Updater:334 - Updater called before beeing initialized
2025-03-01 13:58:22,434 [INFO] DbMcusAds:53 - JSON generation date=Tue Dec 17 08:01:15 PST 2024 (1734451275111)
2025-03-01 13:58:22,434 [FATAL] Updater:334 - Updater called before beeing initialized
2025-03-01 13:58:22,514 [WARN] DetailPanel:346 - Failed to get advertising image, set to default
2025-03-01 13:58:22,705 [FATAL] Updater:334 - Updater called before beeing initialized
2025-03-01 13:58:22,705 [FATAL] Updater:334 - Updater called before beeing initialized
2025-03-01 13:58:22,705 [FATAL] Updater:334 - Updater called before beeing initialized
2025-03-01 13:58:22,705 [WARN] DetailPanel:346 - Failed to get advertising image, set to default
2025-03-01 13:58:22,705 [FATAL] Updater:334 - Updater called before beeing initialized
2025-03-01 13:58:22,850 [ERROR] Updater:1164 - MainUpdater not yet initialized. External WinMGr cannot be set.
2025-03-01 13:58:22,866 [INFO] Updater:1100 - Updater Version found : 6.12.1
2025-03-01 13:58:22,897 [INFO] ApplicationProperties:184 - Using Application install path: C:\ST\STM32CubeIDE_1.16.1\STM32CubeIDE\plugins\com.st.stm32cube.common.mx_6.12.1.202409122256
2025-03-01 13:58:23,423 [INFO] ThirdPartyUpdaterWithRetryManager:70 - Updater plugin not ready yet. [4/15]
2025-03-01 13:58:24,544 [ERROR] LogOutputStream:75 - [STDERR_REDIRECT] Mar 01, 2025 1:58:24 PM java.util.prefs.WindowsPreferences <init>
2025-03-01 13:58:24,560 [ERROR] LogOutputStream:75 - [STDERR_REDIRECT] WARNING: Could not open/create prefs root node Software\JavaSoft\Prefs at root 0xffffffff80000002. Windows RegCreateKeyEx(...) returned error code 5.
2025-03-01 13:58:24,560 [ERROR] LogOutputStream:75 - [STDERR_REDIRECT] 
2025-03-01 13:58:25,306 [INFO] MainUpdater:2873 - connection check result : 10
2025-03-01 13:58:25,306 [INFO] MainUpdater:290 - Updater Check For Update Now.
2025-03-01 13:58:25,306 [INFO] MicroXplorer:498 - Change Database Version : DB.6.0.121
2025-03-01 13:58:25,366 [INFO] McuFinderGlobals:63 - Set McuFinder mode to 2 (CubeIDE integrated)
2025-03-01 13:58:25,392 [INFO] UserAuth:417 - Internet connection configuration mode: 1
2025-03-01 13:58:25,484 [INFO] JxBrowserEngine:152 - Initiate JxBrowser Engine with user profile folder
2025-03-01 13:58:25,898 [INFO] CheckServerUpdateThread:120 - End of CheckServer Thread
2025-03-01 13:58:27,044 [WARN] PackLoader:240 - Cannot read IP mode file for STMicroelectronics.FP-SNS-MOTENVWB1.1.4.0
2025-03-01 13:58:27,092 [WARN] PackLoader:240 - Cannot read IP mode file for STMicroelectronics.FP-ATR-ASTRA1.2.0.2
2025-03-01 13:58:27,124 [WARN] PackLoader:240 - Cannot read IP mode file for STMicroelectronics.FP-ATR-ASTRA1.2.0.1
2025-03-01 13:58:27,155 [WARN] PackLoader:240 - Cannot read IP mode file for STMicroelectronics.X-CUBE-SMBUS.2.1.0
2025-03-01 13:58:27,203 [WARN] PackLoader:240 - Cannot read IP mode file for STMicroelectronics.X-CUBE-WB05N.1.1.0
2025-03-01 13:58:27,314 [WARN] PackLoader:240 - Cannot read IP mode file for STMicroelectronics.X-CUBE-AZRTOS-F7.1.1.0
2025-03-01 13:58:27,504 [WARN] PackLoader:240 - Cannot read IP mode file for STMicroelectronics.X-CUBE-MEMS1.11.0.0
2025-03-01 13:58:27,884 [WARN] PackLoader:240 - Cannot read IP mode file for STMicroelectronics.FP-SNS-FLIGHT1.5.0.2
2025-03-01 13:58:27,916 [WARN] PackLoader:240 - Cannot read IP mode file for STMicroelectronics.X-CUBE-DISPLAY.3.0.0
2025-03-01 13:58:27,964 [WARN] PackLoader:240 - Cannot read IP mode file for STMicroelectronics.X-CUBE-BLE1.7.0.0
2025-03-01 13:58:28,011 [WARN] PackLoader:240 - Cannot read IP mode file for STMicroelectronics.X-CUBE-BLEMGR.4.0.0
2025-03-01 13:58:28,091 [WARN] PackLoader:240 - Cannot read IP mode file for emotas.I-CUBE-CANOPEN.1.3.0
2025-03-01 13:58:28,139 [WARN] PackLoader:240 - Cannot read IP mode file for STMicroelectronics.X-CUBE-BLEMGR.3.1.0
2025-03-01 13:58:28,170 [WARN] PackLoader:240 - Cannot read IP mode file for STMicroelectronics.X-CUBE-AI.10.0.0
2025-03-01 13:58:28,202 [WARN] PackLoader:240 - Cannot read IP mode file for STMicroelectronics.FP-SNS-SMARTAG2.1.2.0
2025-03-01 13:58:28,393 [WARN] PackLoader:240 - Cannot read IP mode file for STMicroelectronics.X-CUBE-MEMS1.11.1.0
2025-03-01 13:58:28,663 [INFO] LogOutputStream:77 - [STDOUT_REDIRECT] 1 : Invalid condition id : UX_CORESTACK_Condition cause : null
2025-03-01 13:58:28,663 [INFO] LogOutputStream:77 - [STDOUT_REDIRECT] 1 : Invalid condition id : UX_CORESTACK_Condition cause : null
2025-03-01 13:58:28,663 [INFO] LogOutputStream:77 - [STDOUT_REDIRECT] 1 : Invalid condition id : UX_CORESTACK_Condition cause : null
2025-03-01 13:58:28,663 [INFO] LogOutputStream:77 - [STDOUT_REDIRECT] 1 : Invalid condition id : UX_CORESTACK_Condition cause : null
2025-03-01 13:58:28,663 [INFO] LogOutputStream:77 - [STDOUT_REDIRECT] 1 : Invalid condition id : UX_CORESTACK_Condition cause : null
2025-03-01 13:58:28,679 [WARN] PackLoader:240 - Cannot read IP mode file for STMicroelectronics.X-CUBE-AZRTOS-WL.2.0.0
2025-03-01 13:58:28,711 [WARN] PackLoader:240 - Cannot read IP mode file for STMicroelectronics.FP-SNS-MOTENV1.5.0.0
2025-03-01 13:58:28,726 [WARN] PackLoader:240 - Cannot read IP mode file for wolfSSL.I-CUBE-wolfMQTT.1.19.0
2025-03-01 13:58:28,774 [WARN] PackLoader:240 - Cannot read IP mode file for WES.I-CUBE-Cesium.1.3.0
2025-03-01 13:58:28,806 [WARN] PackLoader:240 - Cannot read IP mode file for STMicroelectronics.X-CUBE-BLE2.3.3.0
2025-03-01 13:58:28,870 [WARN] PackLoader:240 - Cannot read IP mode file for STMicroelectronics.X-CUBE-TCPP.4.1.0
2025-03-01 13:58:28,975 [WARN] PackLoader:240 - Cannot read IP mode file for STMicroelectronics.X-CUBE-AZRTOS-G0.1.1.0
2025-03-01 13:58:29,032 [WARN] PackLoader:240 - Cannot read IP mode file for STMicroelectronics.X-CUBE-SAFEA1.1.2.2
2025-03-01 13:58:29,074 [WARN] PackLoader:240 - Cannot read IP mode file for STMicroelectronics.X-CUBE-NFC4.3.0.0
2025-03-01 13:58:29,122 [WARN] PackLoader:240 - Cannot read IP mode file for EmbeddedOffice.I-CUBE-FS-RTOS.1.0.1
2025-03-01 13:58:29,122 [ERROR] ConditionMgr:805 - Attr not supported : Dmpu
2025-03-01 13:58:29,122 [ERROR] ConditionMgr:805 - Attr not supported : Dmpu
2025-03-01 13:58:29,122 [ERROR] ConditionMgr:805 - Attr not supported : Dmpu
2025-03-01 13:58:29,122 [ERROR] ConditionMgr:805 - Attr not supported : Dmpu
2025-03-01 13:58:29,122 [ERROR] ConditionMgr:805 - Attr not supported : Dmpu
2025-03-01 13:58:29,122 [ERROR] ConditionMgr:805 - Attr not supported : Dmpu
2025-03-01 13:58:29,122 [ERROR] ConditionMgr:805 - Attr not supported : Dmpu
2025-03-01 13:58:29,122 [ERROR] ConditionMgr:805 - Attr not supported : Dmpu
2025-03-01 13:58:29,122 [ERROR] ConditionMgr:805 - Attr not supported : Dmpu
2025-03-01 13:58:29,122 [ERROR] ConditionMgr:805 - Attr not supported : Dmpu
2025-03-01 13:58:29,122 [ERROR] ConditionMgr:805 - Attr not supported : Dmpu
2025-03-01 13:58:29,122 [ERROR] ConditionMgr:805 - Attr not supported : Dmpu
2025-03-01 13:58:29,122 [ERROR] ConditionMgr:805 - Attr not supported : Dmpu
2025-03-01 13:58:29,122 [ERROR] ConditionMgr:805 - Attr not supported : Dmpu
2025-03-01 13:58:29,122 [ERROR] ConditionMgr:805 - Attr not supported : Dmpu
2025-03-01 13:58:29,122 [ERROR] ConditionMgr:805 - Attr not supported : Dmpu
2025-03-01 13:58:29,122 [ERROR] ConditionMgr:805 - Attr not supported : Dmpu
2025-03-01 13:58:29,122 [ERROR] ConditionMgr:805 - Attr not supported : Dmpu
2025-03-01 13:58:29,122 [ERROR] ConditionMgr:805 - Attr not supported : Dmpu
2025-03-01 13:58:29,122 [ERROR] ConditionMgr:805 - Attr not supported : Dmpu
2025-03-01 13:58:29,122 [ERROR] ConditionMgr:805 - Attr not supported : Dmpu
2025-03-01 13:58:29,122 [ERROR] ConditionMgr:805 - Attr not supported : Dmpu
2025-03-01 13:58:29,122 [ERROR] ConditionMgr:805 - Attr not supported : Dmpu
2025-03-01 13:58:29,122 [ERROR] ConditionMgr:805 - Attr not supported : Dmpu
2025-03-01 13:58:29,122 [ERROR] ConditionMgr:805 - Attr not supported : Dmpu
2025-03-01 13:58:29,122 [ERROR] ConditionMgr:805 - Attr not supported : Dmpu
2025-03-01 13:58:29,122 [ERROR] ConditionMgr:805 - Attr not supported : Dmpu
2025-03-01 13:58:29,122 [ERROR] ConditionMgr:805 - Attr not supported : Dmpu
2025-03-01 13:58:29,122 [ERROR] ConditionMgr:805 - Attr not supported : Dmpu
2025-03-01 13:58:29,138 [ERROR] ConditionMgr:805 - Attr not supported : Dmpu
2025-03-01 13:58:29,138 [ERROR] ConditionMgr:805 - Attr not supported : Dmpu
2025-03-01 13:58:29,138 [ERROR] ConditionMgr:805 - Attr not supported : Dmpu
2025-03-01 13:58:29,138 [ERROR] ConditionMgr:805 - Attr not supported : Dmpu
2025-03-01 13:58:29,138 [ERROR] ConditionMgr:805 - Attr not supported : Dmpu
2025-03-01 13:58:29,138 [ERROR] ConditionMgr:805 - Attr not supported : Dmpu
2025-03-01 13:58:29,138 [ERROR] ConditionMgr:805 - Attr not supported : Dmpu
2025-03-01 13:58:29,138 [ERROR] ConditionMgr:805 - Attr not supported : Dmpu
2025-03-01 13:58:29,138 [ERROR] ConditionMgr:805 - Attr not supported : Dmpu
2025-03-01 13:58:29,138 [ERROR] ConditionMgr:805 - Attr not supported : Dmpu
2025-03-01 13:58:29,138 [ERROR] ConditionMgr:805 - Attr not supported : Dmpu
2025-03-01 13:58:29,138 [ERROR] ConditionMgr:805 - Attr not supported : Dmpu
2025-03-01 13:58:29,138 [ERROR] ConditionMgr:805 - Attr not supported : Dmpu
2025-03-01 13:58:29,138 [ERROR] ConditionMgr:805 - Attr not supported : Dmpu
2025-03-01 13:58:29,138 [ERROR] ConditionMgr:805 - Attr not supported : Dmpu
2025-03-01 13:58:29,138 [ERROR] ConditionMgr:805 - Attr not supported : Dmpu
2025-03-01 13:58:29,138 [ERROR] ConditionMgr:805 - Attr not supported : Dmpu
2025-03-01 13:58:29,138 [ERROR] ConditionMgr:805 - Attr not supported : Dmpu
2025-03-01 13:58:29,138 [ERROR] ConditionMgr:805 - Attr not supported : Dmpu
2025-03-01 13:58:29,138 [ERROR] ConditionMgr:805 - Attr not supported : Dmpu
2025-03-01 13:58:29,138 [ERROR] ConditionMgr:805 - Attr not supported : Dmpu
2025-03-01 13:58:29,138 [ERROR] ConditionMgr:805 - Attr not supported : Dmpu
2025-03-01 13:58:29,138 [ERROR] ConditionMgr:805 - Attr not supported : Dmpu
2025-03-01 13:58:29,138 [ERROR] ConditionMgr:805 - Attr not supported : Dmpu
2025-03-01 13:58:29,138 [ERROR] ConditionMgr:805 - Attr not supported : Dmpu
2025-03-01 13:58:29,138 [ERROR] ConditionMgr:805 - Attr not supported : Dmpu
2025-03-01 13:58:29,138 [ERROR] ConditionMgr:805 - Attr not supported : Dmpu
2025-03-01 13:58:29,138 [ERROR] ConditionMgr:805 - Attr not supported : Dmpu
2025-03-01 13:58:29,138 [ERROR] ConditionMgr:805 - Attr not supported : Dmpu
2025-03-01 13:58:29,138 [ERROR] ConditionMgr:805 - Attr not supported : Dmpu
2025-03-01 13:58:29,138 [ERROR] ConditionMgr:805 - Attr not supported : Dmpu
2025-03-01 13:58:29,138 [ERROR] ConditionMgr:805 - Attr not supported : Dmpu
2025-03-01 13:58:29,138 [ERROR] ConditionMgr:805 - Attr not supported : Dmpu
2025-03-01 13:58:29,138 [ERROR] ConditionMgr:805 - Attr not supported : Dmpu
2025-03-01 13:58:29,138 [ERROR] ConditionMgr:805 - Attr not supported : Dmpu
2025-03-01 13:58:29,170 [ERROR] Engine:466 - C:\Users\mridu\.stm32cubemx\thirdparties\pdsc\STMicroelectronics.X-CUBE-TCPP.4.2.0.pdsc: PDSC version is not supported
2025-03-01 13:58:29,218 [WARN] PackLoader:240 - Cannot read IP mode file for RealThread.X-CUBE-RT-Thread_Nano.4.1.1
2025-03-01 13:58:29,265 [WARN] PackLoader:240 - Cannot read IP mode file for STMicroelectronics.FP-ATR-SIGFOX1.3.2.0
2025-03-01 13:58:29,329 [WARN] ConditionMgr:438 - getConditionDescription Invalid condition id : Cortex-A Device cause : null
2025-03-01 13:58:29,409 [WARN] ConditionMgr:1039 - genDependencies : Invalid condition id : Cortex-A Device cause : null
2025-03-01 13:58:29,409 [WARN] ConditionMgr:1039 - genDependencies : Invalid condition id : Cortex-A Device cause : null
2025-03-01 13:58:29,409 [WARN] ConditionMgr:1039 - genDependencies : Invalid condition id : Cortex-A Device cause : null
2025-03-01 13:58:29,440 [WARN] PackLoader:240 - Cannot read IP mode file for STMicroelectronics.X-CUBE-EEPRMA1.5.1.0
2025-03-01 13:58:29,488 [WARN] PackLoader:240 - Cannot read IP mode file for wolfSSL.I-CUBE-wolfSSL.5.7.4
2025-03-01 13:58:29,536 [WARN] PackLoader:240 - Cannot read IP mode file for ITTIA_DB.I-CUBE-ITTIADB.8.9.0
2025-03-01 13:58:29,631 [WARN] PackLoader:240 - Cannot read IP mode file for SEGGER.I-CUBE-embOS.1.3.1
2025-03-01 13:58:29,758 [WARN] PackLoader:240 - Cannot read IP mode file for STMicroelectronics.X-CUBE-ALGOBUILD.1.4.0
2025-03-01 13:58:29,838 [WARN] PackLoader:240 - Cannot read IP mode file for STMicroelectronics.X-CUBE-AZRTOS-F4.1.1.0
2025-03-01 13:58:29,886 [WARN] PackLoader:240 - Cannot read IP mode file for STMicroelectronics.X-CUBE-FREERTOS.1.2.0
2025-03-01 13:58:29,981 [WARN] PackLoader:240 - Cannot read IP mode file for STMicroelectronics.X-CUBE-AZRTOS-L5.2.0.0
2025-03-01 13:58:30,044 [WARN] PackLoader:240 - Cannot read IP mode file for STMicroelectronics.X-CUBE-NFC6.3.1.0
2025-03-01 13:58:30,076 [WARN] PackLoader:240 - Cannot read IP mode file for STMicroelectronics.X-CUBE-FREERTOS.1.3.0
2025-03-01 13:58:30,108 [WARN] PackLoader:240 - Cannot read IP mode file for STMicroelectronics.X-CUBE-NFC7.1.0.1
2025-03-01 13:58:30,172 [WARN] ConditionMgr:438 - getConditionDescription Invalid condition id : LAN8742 Phy interface Condition cause : null
2025-03-01 13:58:30,188 [WARN] PackLoader:240 - Cannot read IP mode file for STMicroelectronics.X-CUBE-AZRTOS-L4.2.0.0
2025-03-01 13:58:30,188 [WARN] ConditionMgr:1039 - genDependencies : Invalid condition id : LAN8742 Phy interface Condition cause : null
2025-03-01 13:58:30,188 [WARN] ConditionMgr:1039 - genDependencies : Invalid condition id : LAN8742 Phy interface Condition cause : null
2025-03-01 13:58:30,188 [WARN] ConditionMgr:1039 - genDependencies : Invalid condition id : LAN8742 Phy interface Condition cause : null
2025-03-01 13:58:30,219 [WARN] PackLoader:240 - Cannot read IP mode file for STMicroelectronics.X-CUBE-SFXS2LP1.4.0.0
2025-03-01 13:58:30,299 [WARN] PackLoader:240 - Cannot read IP mode file for STMicroelectronics.X-CUBE-AZRTOS-H7.3.3.0
2025-03-01 13:58:30,347 [WARN] PackLoader:240 - Cannot read IP mode file for STMicroelectronics.X-CUBE-IPS.3.0.0
2025-03-01 13:58:30,410 [WARN] ConditionMgr:438 - getConditionDescription Invalid condition id : UX DEVICE CLASS RTOS Condition cause : null
2025-03-01 13:58:30,410 [WARN] ConditionMgr:438 - getConditionDescription Invalid condition id : UX DEVICE CLASS RTOS Condition cause : null
2025-03-01 13:58:30,410 [WARN] PackLoader:240 - Cannot read IP mode file for STMicroelectronics.X-CUBE-AZRTOS-WB.2.0.0
2025-03-01 13:58:30,410 [WARN] ConditionMgr:1039 - genDependencies : Invalid condition id : UX DEVICE CLASS RTOS Condition cause : null
2025-03-01 13:58:30,410 [WARN] ConditionMgr:1039 - genDependencies : Invalid condition id : UX DEVICE CLASS RTOS Condition cause : null
2025-03-01 13:58:30,410 [WARN] ConditionMgr:1039 - genDependencies : Invalid condition id : UX DEVICE CLASS RTOS Condition cause : null
2025-03-01 13:58:30,410 [WARN] ConditionMgr:1039 - genDependencies : Invalid condition id : UX DEVICE CLASS RTOS Condition cause : null
2025-03-01 13:58:30,410 [WARN] ConditionMgr:1039 - genDependencies : Invalid condition id : UX DEVICE CLASS RTOS Condition cause : null
2025-03-01 13:58:30,442 [WARN] PackLoader:240 - Cannot read IP mode file for STMicroelectronics.X-CUBE-GNSS1.7.0.0
2025-03-01 13:58:30,474 [WARN] PackLoader:240 - Cannot read IP mode file for STMicroelectronics.X-CUBE-GNSS1.7.0.1
2025-03-01 13:58:30,521 [WARN] PackLoader:240 - Cannot read IP mode file for STMicroelectronics.X-CUBE-SUBG2.5.0.0
2025-03-01 13:58:30,553 [WARN] PackLoader:240 - Cannot read IP mode file for Cesanta.I-CUBE-Mongoose.7.13.0
2025-03-01 13:58:30,616 [WARN] PackLoader:240 - Cannot read IP mode file for STMicroelectronics.X-CUBE-AZRTOS-G4.2.0.0
2025-03-01 13:58:30,648 [ERROR] Engine:466 - C:\Users\mridu\.stm32cubemx\thirdparties\pdsc\STMicroelectronics.X-CUBE-IPS.3.1.0.pdsc: PDSC version is not supported
2025-03-01 13:58:30,680 [WARN] PackLoader:240 - Cannot read IP mode file for STMicroelectronics.X-CUBE-ALS.1.0.2
2025-03-01 13:58:30,712 [WARN] PackLoader:240 - Cannot read IP mode file for STMicroelectronics.X-CUBE-TOUCHGFX.4.24.2
2025-03-01 13:58:30,728 [WARN] PackLoader:240 - Cannot read IP mode file for STMicroelectronics.X-CUBE-TOUCHGFX.4.24.1
2025-03-01 13:58:30,759 [WARN] PackLoader:240 - Cannot read IP mode file for wolfSSL.I-CUBE-wolfTPM.3.4.0
2025-03-01 13:58:30,791 [WARN] PackLoader:240 - Cannot read IP mode file for portGmbH.I-Cube-SoM-uGOAL.1.1.0
2025-03-01 13:58:30,854 [WARN] PackLoader:240 - Cannot read IP mode file for STMicroelectronics.X-CUBE-AZRTOS-H7RS.1.0.0
2025-03-01 13:58:30,886 [WARN] PackLoader:240 - Cannot read IP mode file for STMicroelectronics.FP-ATR-ASTRA1.2.0.0
2025-03-01 13:58:30,934 [WARN] PackLoader:240 - Cannot read IP mode file for Infineon.AIROC-Wi-Fi-Bluetooth-STM32.1.6.1
2025-03-01 13:58:30,982 [WARN] PackLoader:240 - Cannot read IP mode file for wolfSSL.I-CUBE-wolfSSH.1.4.17
2025-03-01 13:58:30,982 [INFO] ThirdParty:978 - Integrity check success = true
2025-03-01 13:58:30,982 [INFO] IntegrityCheckThread:100 - exiting critical section [integrity check]
2025-03-01 13:58:30,982 [INFO] IntegrityCheckThread:103 - End integrity checks thread
2025-03-01 13:58:32,170 [INFO] WebApp:167 - Instantiating new browser for Auth
2025-03-01 13:58:33,747 [INFO] WebApp:448 - Apply proxy settings
2025-03-01 13:58:33,747 [INFO] WebApp:533 - Chromium requires no authentication
2025-03-01 13:58:33,771 [INFO] WebApp:476 - Direct internet connection detected
2025-03-01 13:58:33,845 [INFO] WebApp:869 - Register for checkConnection events
2025-03-01 13:58:33,847 [INFO] WebApp:448 - Apply proxy settings
2025-03-01 13:58:33,847 [INFO] WebApp:533 - Chromium requires no authentication
2025-03-01 13:58:33,847 [INFO] WebApp:476 - Direct internet connection detected
2025-03-01 13:58:34,073 [INFO] WebApp:186 - Connection restablished
2025-03-01 13:58:34,425 [INFO] WebApp:220 - Starting web application
2025-03-01 13:58:34,426 [INFO] WebApp:578 - Web application path used C:\ST\STM32CubeIDE_1.16.1\STM32CubeIDE\plugins\com.st.stm32cube.common.mx_6.12.1.202409122256\db\plugins\mcufinder\reactClient1\index.html
2025-03-01 13:58:34,673 [INFO] UserAuth:417 - Internet connection configuration mode: 1
2025-03-01 14:04:15,161 [INFO] MainUpdater:2873 - connection check result : 10
2025-03-01 14:04:15,350 [ERROR] LogOutputStream:75 - [STDERR_REDIRECT] Mar 01, 2025 2:04:15 PM java.util.prefs.WindowsPreferences WindowsRegOpenKey1
2025-03-01 14:04:15,354 [ERROR] LogOutputStream:75 - [STDERR_REDIRECT] WARNING: Trying to recreate Windows registry node Software\JavaSoft\Prefs at root 0xffffffff80000002.
2025-03-01 14:04:15,355 [ERROR] LogOutputStream:75 - [STDERR_REDIRECT] 
2025-03-01 14:04:15,357 [ERROR] LogOutputStream:75 - [STDERR_REDIRECT] Mar 01, 2025 2:04:15 PM java.util.prefs.WindowsPreferences openKey
2025-03-01 14:04:15,358 [ERROR] LogOutputStream:75 - [STDERR_REDIRECT] WARNING: Could not open windows registry node Software\JavaSoft\Prefs at root 0xffffffff80000002. Windows RegOpenKey(...) returned error code 2.
2025-03-01 14:04:15,359 [ERROR] LogOutputStream:75 - [STDERR_REDIRECT] 
2025-03-01 14:04:15,360 [ERROR] LogOutputStream:75 - [STDERR_REDIRECT] Mar 01, 2025 2:04:15 PM java.util.prefs.WindowsPreferences WindowsRegOpenKey1
2025-03-01 14:04:15,361 [ERROR] LogOutputStream:75 - [STDERR_REDIRECT] WARNING: Trying to recreate Windows registry node Software\JavaSoft\Prefs at root 0xffffffff80000002.
2025-03-01 14:04:15,361 [ERROR] LogOutputStream:75 - [STDERR_REDIRECT] 
2025-03-01 14:04:15,362 [ERROR] LogOutputStream:75 - [STDERR_REDIRECT] Mar 01, 2025 2:04:15 PM java.util.prefs.WindowsPreferences openKey
2025-03-01 14:04:15,363 [ERROR] LogOutputStream:75 - [STDERR_REDIRECT] WARNING: Could not open windows registry node Software\JavaSoft\Prefs at root 0xffffffff80000002. Windows RegOpenKey(...) returned error code 2.
2025-03-01 14:04:15,363 [ERROR] LogOutputStream:75 - [STDERR_REDIRECT] 
2025-03-01 14:04:15,502 [INFO] CheckServerUpdateThread:120 - End of CheckServer Thread
2025-03-01 14:15:14,019 [INFO] WebApp:189 - Connection lost
2025-03-01 14:15:14,152 [INFO] WebApp:186 - Connection restablished
2025-03-01 14:25:56,727 [INFO] Activator:176 - 


2025-03-01 14:25:56,727 [INFO] Activator:177 - !SESSION log4j initialized
2025-03-01 14:26:06,019 [INFO] LogOutputStream:77 - [STDOUT_REDIRECT] 
2025-03-01 14:26:16,630 [INFO] ApplicationProperties:184 - Using Application install path: C:\ST\STM32CubeIDE_1.16.1\STM32CubeIDE\plugins\com.st.stm32cube.common.mx_6.14.0.202502271554
2025-03-01 14:26:16,663 [INFO] DbMcusXml:78 - Set database path to: C:\ST\STM32CubeIDE_1.16.1\STM32CubeIDE\plugins\com.st.stm32cube.common.mx_6.14.0.202502271554\\db\/mcu/
2025-03-01 14:26:16,671 [INFO] ApiDb:274 - Set plugin database path to: C:\ST\STM32CubeIDE_1.16.1\STM32CubeIDE\plugins\com.st.stm32cube.common.mx_6.14.0.202502271554\\db\/plugins/boardmanager/
2025-03-01 14:26:16,671 [WARN] ApiDb:259 - Overriding images path with different value:  => C:\ST\STM32CubeIDE_1.16.1\STM32CubeIDE\plugins\com.st.stm32cube.common.mx_6.14.0.202502271554\\db\/plugins/mcufinder/images/
2025-03-01 14:26:22,041 [INFO] ApiDb:250 - Set database path to: C:\Users\mridu\.stmcufinder\plugins\mcufinder//mcu/
2025-03-01 14:26:22,043 [INFO] DbMcusAds:125 - Set database path to: C:\Users\mridu\.stmcufinder\plugins\mcufinder//mcu/
2025-03-01 14:26:22,055 [INFO] CrossReferenceDbSqlite:203 - Set database path to: C:\Users\mridu\.stmcufinder\plugins\mcufinder//mcu/cs/
2025-03-01 14:26:22,365 [INFO] RulesReader:64 - Compatibility file has been processed (301 Rules)
2025-03-01 14:26:22,600 [INFO] DbMcusXml:78 - Set database path to: C:\ST\STM32CubeIDE_1.16.1\STM32CubeIDE\plugins\com.st.stm32cube.common.mx_6.14.0.202502271554\\db\/mcu/
2025-03-01 14:26:22,601 [INFO] ApiDb:274 - Set plugin database path to: C:\ST\STM32CubeIDE_1.16.1\STM32CubeIDE\plugins\com.st.stm32cube.common.mx_6.14.0.202502271554\\db\/plugins/boardmanager/
2025-03-01 14:26:22,601 [INFO] ApiDb:261 - Set plugin images path to: C:\ST\STM32CubeIDE_1.16.1\STM32CubeIDE\plugins\com.st.stm32cube.common.mx_6.14.0.202502271554\\db\/plugins/mcufinder/images/
2025-03-01 14:26:22,601 [WARN] DbFile:41 - Overriding database path with different value: C:\Users\mridu\.stmcufinder\plugins\mcufinder/ => C:\Users\mridu\.stmcufinder\plugins\mcufinder
2025-03-01 14:26:22,602 [INFO] ApiDb:250 - Set database path to: C:\Users\mridu\.stmcufinder\plugins\mcufinder//mcu/
2025-03-01 14:26:22,602 [WARN] DbFile:41 - Overriding database path with different value: C:\Users\mridu\.stmcufinder\plugins\mcufinder/ => C:\Users\mridu\.stmcufinder\plugins\mcufinder
2025-03-01 14:26:22,602 [INFO] DbMcusAds:125 - Set database path to: C:\Users\mridu\.stmcufinder\plugins\mcufinder//mcu/
2025-03-01 14:26:22,602 [WARN] DbFile:41 - Overriding database path with different value: C:\Users\mridu\.stmcufinder\plugins\mcufinder/ => C:\Users\mridu\.stmcufinder\plugins\mcufinder
2025-03-01 14:26:22,602 [WARN] DbFile:41 - Overriding database path with different value: C:\Users\mridu\.stmcufinder\plugins\mcufinder/ => C:\Users\mridu\.stmcufinder\plugins\mcufinder
2025-03-01 14:26:22,602 [INFO] CrossReferenceDbSqlite:203 - Set database path to: C:\Users\mridu\.stmcufinder\plugins\mcufinder//mcu/cs/
2025-03-01 14:26:22,797 [INFO] MainPanel:272 - HeapMemory: 285212672
2025-03-01 14:26:23,052 [INFO] DbMcusXml:78 - Set database path to: C:\ST\STM32CubeIDE_1.16.1\STM32CubeIDE\plugins\com.st.stm32cube.common.mx_6.14.0.202502271554\\db\/mcu/
2025-03-01 14:26:23,053 [INFO] ApiDb:274 - Set plugin database path to: C:\ST\STM32CubeIDE_1.16.1\STM32CubeIDE\plugins\com.st.stm32cube.common.mx_6.14.0.202502271554\\db\/plugins/boardmanager/
2025-03-01 14:26:23,053 [INFO] ApiDb:261 - Set plugin images path to: C:\ST\STM32CubeIDE_1.16.1\STM32CubeIDE\plugins\com.st.stm32cube.common.mx_6.14.0.202502271554\\db\/plugins/mcufinder/images/
2025-03-01 14:26:23,054 [WARN] DbFile:41 - Overriding database path with different value: C:\Users\mridu\.stmcufinder\plugins\mcufinder/ => C:\Users\mridu\.stmcufinder\plugins\mcufinder
2025-03-01 14:26:23,054 [INFO] ApiDb:250 - Set database path to: C:\Users\mridu\.stmcufinder\plugins\mcufinder//mcu/
2025-03-01 14:26:23,054 [WARN] DbFile:41 - Overriding database path with different value: C:\Users\mridu\.stmcufinder\plugins\mcufinder/ => C:\Users\mridu\.stmcufinder\plugins\mcufinder
2025-03-01 14:26:23,054 [INFO] DbMcusAds:125 - Set database path to: C:\Users\mridu\.stmcufinder\plugins\mcufinder//mcu/
2025-03-01 14:26:23,054 [WARN] DbFile:41 - Overriding database path with different value: C:\Users\mridu\.stmcufinder\plugins\mcufinder/ => C:\Users\mridu\.stmcufinder\plugins\mcufinder
2025-03-01 14:26:23,055 [WARN] DbFile:41 - Overriding database path with different value: C:\Users\mridu\.stmcufinder\plugins\mcufinder/ => C:\Users\mridu\.stmcufinder\plugins\mcufinder
2025-03-01 14:26:23,055 [INFO] CrossReferenceDbSqlite:203 - Set database path to: C:\Users\mridu\.stmcufinder\plugins\mcufinder//mcu/cs/
2025-03-01 14:26:23,101 [INFO] ApplicationProperties:184 - Using Application install path: C:\ST\STM32CubeIDE_1.16.1\STM32CubeIDE\plugins\com.st.stm32cube.common.mx_6.14.0.202502271554
2025-03-01 14:26:23,104 [INFO] PluginManage:196 - Search for loadable plugins [exclusion list=, ]
2025-03-01 14:26:23,109 [INFO] PluginManage:310 - Check plugin analytics
2025-03-01 14:26:23,630 [INFO] AnalyticsPlugin:253 - Accepted Software Licenses: 
2025-03-01 14:26:23,630 [INFO] AnalyticsPlugin:255 - Accepted CMSIS Pack Licenses: 
2025-03-01 14:26:23,631 [INFO] AnalyticsPlugin:257 - Accepted Firmware Licenses: 
2025-03-01 14:26:23,638 [INFO] PluginManage:359 - Loaded plugin analytics (category:tool,tabindex:-1)
2025-03-01 14:26:23,638 [INFO] PluginManage:310 - Check plugin cadmodel
2025-03-01 14:26:23,648 [INFO] CADModel:105 - Init CAD model plugin
2025-03-01 14:26:23,649 [INFO] PluginManage:359 - Loaded plugin cadmodel (category:power,tabindex:5)
2025-03-01 14:26:23,649 [INFO] PluginManage:310 - Check plugin clock
2025-03-01 14:26:23,669 [INFO] PluginManage:359 - Loaded plugin clock (category:base,tabindex:2)
2025-03-01 14:26:23,671 [INFO] PluginManage:310 - Check plugin ddr
2025-03-01 14:26:23,676 [INFO] PluginManage:359 - Loaded plugin ddr (category:tool,tabindex:6)
2025-03-01 14:26:23,676 [INFO] PluginManage:310 - Check plugin filemanager
2025-03-01 14:26:24,064 [INFO] PluginManage:359 - Loaded plugin filemanager (category:base,tabindex:10)
2025-03-01 14:26:24,064 [INFO] PluginManage:310 - Check plugin ipmanager
2025-03-01 14:26:24,083 [INFO] PluginManage:359 - Loaded plugin ipmanager (category:base,tabindex:5)
2025-03-01 14:26:24,083 [INFO] PluginManage:310 - Check plugin lpbam
2025-03-01 14:26:24,105 [INFO] PluginManage:359 - Loaded plugin lpbam (category:base,tabindex:0)
2025-03-01 14:26:24,105 [INFO] PluginManage:310 - Check plugin memorymap
2025-03-01 14:26:24,143 [INFO] PluginManage:359 - Loaded plugin memorymap (category:base,tabindex:4)
2025-03-01 14:26:24,144 [INFO] PluginManage:310 - Check plugin pinoutandconfiguration
2025-03-01 14:26:24,167 [INFO] PluginManage:359 - Loaded plugin pinoutandconfiguration (category:base,tabindex:1)
2025-03-01 14:26:24,167 [INFO] PluginManage:310 - Check plugin pinoutconfig
2025-03-01 14:26:24,465 [WARN] SupportedApi:132 - Cannot load RTOS API schema: s4s-elt-must-match.1: The content of 'definitions' must match (annotation?, (simpleType | complexType)?, (unique | key | keyref)*)). A problem was found starting at: attribute.
2025-03-01 14:26:24,823 [INFO] PluginManage:359 - Loaded plugin pinoutconfig (category:base,tabindex:0)
2025-03-01 14:26:24,823 [INFO] PluginManage:310 - Check plugin power
2025-03-01 14:26:24,839 [INFO] PluginManage:359 - Loaded plugin power (category:power,tabindex:4)
2025-03-01 14:26:24,839 [INFO] PluginManage:310 - Check plugin projectmanager
2025-03-01 14:26:24,876 [INFO] PluginManage:359 - Loaded plugin projectmanager (category:projectmanager,tabindex:4)
2025-03-01 14:26:24,876 [INFO] PluginManage:310 - Check plugin rif
2025-03-01 14:26:24,888 [INFO] PluginManage:359 - Loaded plugin rif (category:base,tabindex:3)
2025-03-01 14:26:24,890 [INFO] PluginManage:310 - Check plugin thirdparty
2025-03-01 14:26:25,187 [INFO] PluginManage:359 - Loaded plugin thirdparty (category:base,tabindex:-1)
2025-03-01 14:26:25,187 [WARN] IntegrityCheckThread:84 - waiting for thirdparty lock release [integrity check]
2025-03-01 14:26:25,187 [INFO] PluginManage:310 - Check plugin tools
2025-03-01 14:26:25,187 [INFO] IntegrityCheckThread:86 - entering critical section [integrity check]
2025-03-01 14:26:25,198 [INFO] ThirdPartyUpdaterWithRetryManager:70 - Updater plugin not ready yet. [1/15]
2025-03-01 14:26:25,202 [INFO] PluginManage:359 - Loaded plugin tools (category:base,tabindex:7)
2025-03-01 14:26:25,202 [INFO] PluginManage:310 - Check plugin tutovideos
2025-03-01 14:26:25,545 [INFO] PluginManage:359 - Loaded plugin tutovideos (category:base,tabindex:-1)
2025-03-01 14:26:25,545 [INFO] PluginManage:310 - Check plugin updater
2025-03-01 14:26:25,580 [INFO] PluginManage:359 - Loaded plugin updater (category:base,tabindex:12)
2025-03-01 14:26:25,580 [INFO] PluginManage:310 - Check plugin userauth
2025-03-01 14:26:25,582 [INFO] UserAuth:118 - Init User Auth plugin
2025-03-01 14:26:25,582 [INFO] PluginManage:359 - Loaded plugin userauth (category:base,tabindex:14)
2025-03-01 14:26:25,582 [INFO] PluginManage:283 - PluginManage : Loaded plugins [18]
2025-03-01 14:26:25,942 [INFO] PinOutPanel:1589 - setPackage(No Configuration,No Configuration)
2025-03-01 14:26:26,092 [INFO] CADModel:165 - CPN selected for project level
2025-03-01 14:26:26,092 [INFO] CADModel:114 - Register for checkConnection events
2025-03-01 14:26:26,108 [INFO] IPUIPlugin:80 - create IPUIPlugin
2025-03-01 14:26:26,108 [INFO] PluginManager:220 - loadIPPluginJar : add adc
2025-03-01 14:26:26,108 [INFO] IPUIPlugin:80 - create IPUIPlugin
2025-03-01 14:26:26,116 [INFO] PluginManager:220 - loadIPPluginJar : add aes
2025-03-01 14:26:26,116 [INFO] IPUIPlugin:80 - create IPUIPlugin
2025-03-01 14:26:26,116 [INFO] PluginManager:220 - loadIPPluginJar : add can
2025-03-01 14:26:26,116 [INFO] IPUIPlugin:80 - create IPUIPlugin
2025-03-01 14:26:26,116 [INFO] PluginManager:220 - loadIPPluginJar : add comp
2025-03-01 14:26:26,116 [INFO] IPUIPlugin:80 - create IPUIPlugin
2025-03-01 14:26:26,116 [INFO] PluginManager:220 - loadIPPluginJar : add cryp
2025-03-01 14:26:26,116 [INFO] IPUIPlugin:80 - create IPUIPlugin
2025-03-01 14:26:26,116 [INFO] PluginManager:220 - loadIPPluginJar : add ddr_ctrl_phy
2025-03-01 14:26:26,116 [INFO] IPUIPlugin:80 - create IPUIPlugin
2025-03-01 14:26:26,116 [INFO] PluginManager:220 - loadIPPluginJar : add dfsdm
2025-03-01 14:26:26,132 [INFO] IPUIPlugin:80 - create IPUIPlugin
2025-03-01 14:26:26,132 [INFO] PluginManager:220 - loadIPPluginJar : add dma
2025-03-01 14:26:26,132 [INFO] IPUIPlugin:80 - create IPUIPlugin
2025-03-01 14:26:26,132 [INFO] PluginManager:220 - loadIPPluginJar : add dma3
2025-03-01 14:26:26,132 [INFO] IPUIPlugin:80 - create IPUIPlugin
2025-03-01 14:26:26,132 [INFO] PluginManager:220 - loadIPPluginJar : add extmemmanager
2025-03-01 14:26:26,132 [INFO] IPUIPlugin:80 - create IPUIPlugin
2025-03-01 14:26:26,132 [INFO] PluginManager:220 - loadIPPluginJar : add fatfs
2025-03-01 14:26:26,148 [INFO] IPUIPlugin:80 - create IPUIPlugin
2025-03-01 14:26:26,148 [INFO] PluginManager:220 - loadIPPluginJar : add fmc
2025-03-01 14:26:26,148 [INFO] IPUIPlugin:80 - create IPUIPlugin
2025-03-01 14:26:26,148 [INFO] PluginManager:220 - loadIPPluginJar : add freertos
2025-03-01 14:26:26,157 [INFO] IPUIPlugin:80 - create IPUIPlugin
2025-03-01 14:26:26,158 [INFO] PluginManager:220 - loadIPPluginJar : add genericplugin
2025-03-01 14:26:26,161 [INFO] IPUIPlugin:80 - create IPUIPlugin
2025-03-01 14:26:26,162 [INFO] PluginManager:220 - loadIPPluginJar : add gfxmmu
2025-03-01 14:26:26,167 [INFO] IPUIPlugin:80 - create IPUIPlugin
2025-03-01 14:26:26,167 [INFO] PluginManager:220 - loadIPPluginJar : add gic
2025-03-01 14:26:26,167 [INFO] IPUIPlugin:80 - create IPUIPlugin
2025-03-01 14:26:26,167 [INFO] PluginManager:220 - loadIPPluginJar : add gpio
2025-03-01 14:26:26,175 [INFO] IPUIPlugin:80 - create IPUIPlugin
2025-03-01 14:26:26,175 [INFO] PluginManager:220 - loadIPPluginJar : add gtzc
2025-03-01 14:26:26,177 [INFO] IPUIPlugin:80 - create IPUIPlugin
2025-03-01 14:26:26,177 [INFO] PluginManager:220 - loadIPPluginJar : add hash
2025-03-01 14:26:26,179 [INFO] IPUIPlugin:80 - create IPUIPlugin
2025-03-01 14:26:26,179 [INFO] PluginManager:220 - loadIPPluginJar : add i2c
2025-03-01 14:26:26,179 [INFO] IPUIPlugin:80 - create IPUIPlugin
2025-03-01 14:26:26,179 [INFO] PluginManager:220 - loadIPPluginJar : add i2s
2025-03-01 14:26:26,183 [INFO] IPUIPlugin:80 - create IPUIPlugin
2025-03-01 14:26:26,183 [INFO] PluginManager:220 - loadIPPluginJar : add i3c
2025-03-01 14:26:26,183 [INFO] IPUIPlugin:80 - create IPUIPlugin
2025-03-01 14:26:26,183 [INFO] PluginManager:220 - loadIPPluginJar : add ipddr
2025-03-01 14:26:26,194 [INFO] IPUIPlugin:80 - create IPUIPlugin
2025-03-01 14:26:26,194 [INFO] PluginManager:220 - loadIPPluginJar : add linkedlist
2025-03-01 14:26:26,201 [INFO] IPUIPlugin:80 - create IPUIPlugin
2025-03-01 14:26:26,201 [INFO] PluginManager:220 - loadIPPluginJar : add lorawan
2025-03-01 14:26:26,201 [INFO] IPUIPlugin:80 - create IPUIPlugin
2025-03-01 14:26:26,201 [INFO] PluginManager:220 - loadIPPluginJar : add ltdc
2025-03-01 14:26:26,201 [INFO] IPUIPlugin:80 - create IPUIPlugin
2025-03-01 14:26:26,201 [INFO] PluginManager:220 - loadIPPluginJar : add mdma
2025-03-01 14:26:26,218 [INFO] IPUIPlugin:80 - create IPUIPlugin
2025-03-01 14:26:26,218 [INFO] PluginManager:220 - loadIPPluginJar : add nvic
2025-03-01 14:26:26,224 [INFO] IPUIPlugin:80 - create IPUIPlugin
2025-03-01 14:26:26,224 [INFO] PluginManager:220 - loadIPPluginJar : add opamp
2025-03-01 14:26:26,237 [INFO] IPUIPlugin:80 - create IPUIPlugin
2025-03-01 14:26:26,237 [INFO] PluginManager:220 - loadIPPluginJar : add openamp
2025-03-01 14:26:26,239 [INFO] IPUIPlugin:80 - create IPUIPlugin
2025-03-01 14:26:26,239 [INFO] PluginManager:220 - loadIPPluginJar : add pdm2pcm
2025-03-01 14:26:26,250 [INFO] IPUIPlugin:80 - create IPUIPlugin
2025-03-01 14:26:26,262 [INFO] PluginManager:220 - loadIPPluginJar : add plateformsettings
2025-03-01 14:26:26,262 [INFO] IPUIPlugin:80 - create IPUIPlugin
2025-03-01 14:26:26,262 [INFO] PluginManager:220 - loadIPPluginJar : add quadspi
2025-03-01 14:26:26,262 [INFO] IPUIPlugin:80 - create IPUIPlugin
2025-03-01 14:26:26,262 [INFO] PluginManager:220 - loadIPPluginJar : add radio
2025-03-01 14:26:26,275 [INFO] IPUIPlugin:80 - create IPUIPlugin
2025-03-01 14:26:26,275 [INFO] PluginManager:220 - loadIPPluginJar : add resmgrutility
2025-03-01 14:26:26,281 [INFO] IPUIPlugin:80 - create IPUIPlugin
2025-03-01 14:26:26,281 [INFO] PluginManager:220 - loadIPPluginJar : add sai
2025-03-01 14:26:26,287 [INFO] IPUIPlugin:80 - create IPUIPlugin
2025-03-01 14:26:26,287 [INFO] PluginManager:220 - loadIPPluginJar : add spi
2025-03-01 14:26:26,293 [INFO] IPUIPlugin:80 - create IPUIPlugin
2025-03-01 14:26:26,293 [INFO] PluginManager:220 - loadIPPluginJar : add stm32_wpan
2025-03-01 14:26:26,309 [INFO] IPUIPlugin:80 - create IPUIPlugin
2025-03-01 14:26:26,309 [INFO] PluginManager:220 - loadIPPluginJar : add tim
2025-03-01 14:26:26,309 [INFO] IPUIPlugin:80 - create IPUIPlugin
2025-03-01 14:26:26,309 [INFO] PluginManager:220 - loadIPPluginJar : add touchsensing
2025-03-01 14:26:26,309 [INFO] IPUIPlugin:80 - create IPUIPlugin
2025-03-01 14:26:26,309 [INFO] PluginManager:220 - loadIPPluginJar : add tracer_emb
2025-03-01 14:26:26,309 [INFO] IPUIPlugin:80 - create IPUIPlugin
2025-03-01 14:26:26,309 [INFO] PluginManager:220 - loadIPPluginJar : add ts
2025-03-01 14:26:26,309 [INFO] IPUIPlugin:80 - create IPUIPlugin
2025-03-01 14:26:26,309 [INFO] PluginManager:220 - loadIPPluginJar : add tsc
2025-03-01 14:26:26,309 [INFO] IPUIPlugin:80 - create IPUIPlugin
2025-03-01 14:26:26,309 [INFO] PluginManager:220 - loadIPPluginJar : add ucpd
2025-03-01 14:26:26,325 [INFO] IPUIPlugin:80 - create IPUIPlugin
2025-03-01 14:26:26,325 [INFO] PluginManager:220 - loadIPPluginJar : add usart
2025-03-01 14:26:26,325 [INFO] IPUIPlugin:80 - create IPUIPlugin
2025-03-01 14:26:26,325 [INFO] PluginManager:220 - loadIPPluginJar : add usbx
2025-03-01 14:26:26,484 [FATAL] Updater:351 - Updater called before beeing initialized
2025-03-01 14:26:26,586 [INFO] RulesReader:64 - Compatibility file has been processed (301 Rules)
2025-03-01 14:26:26,610 [INFO] RulesReader:64 - Compatibility file has been processed (301 Rules)
2025-03-01 14:26:26,620 [INFO] CADModel:165 - CPN selected for project level
2025-03-01 14:26:26,620 [INFO] CADModel:114 - Register for checkConnection events
2025-03-01 14:26:26,620 [FATAL] Updater:351 - Updater called before beeing initialized
2025-03-01 14:26:26,620 [ERROR] CADModel:125 - Updater not yet initialized, retry later 
2025-03-01 14:26:26,828 [FATAL] Updater:351 - Updater called before beeing initialized
2025-03-01 14:26:26,834 [INFO] CADModel:165 - CPN selected for project level
2025-03-01 14:26:26,834 [INFO] CADModel:114 - Register for checkConnection events
2025-03-01 14:26:26,834 [FATAL] Updater:351 - Updater called before beeing initialized
2025-03-01 14:26:26,834 [ERROR] CADModel:125 - Updater not yet initialized, retry later 
2025-03-01 14:26:26,838 [FATAL] Updater:351 - Updater called before beeing initialized
2025-03-01 14:26:26,970 [FATAL] Updater:351 - Updater called before beeing initialized
2025-03-01 14:26:26,970 [INFO] DbMcusAds:53 - JSON generation date=Wed Sep 29 23:55:09 PDT 2021 (1632984909247)
2025-03-01 14:26:26,970 [FATAL] Updater:351 - Updater called before beeing initialized
2025-03-01 14:26:27,069 [WARN] DetailPanel:346 - Failed to get advertising image, set to default
2025-03-01 14:26:27,392 [FATAL] Updater:351 - Updater called before beeing initialized
2025-03-01 14:26:27,409 [FATAL] Updater:351 - Updater called before beeing initialized
2025-03-01 14:26:27,409 [FATAL] Updater:351 - Updater called before beeing initialized
2025-03-01 14:26:27,409 [WARN] DetailPanel:346 - Failed to get advertising image, set to default
2025-03-01 14:26:27,409 [FATAL] Updater:351 - Updater called before beeing initialized
2025-03-01 14:26:27,504 [ERROR] Updater:1198 - MainUpdater not yet initialized. External WinMGr cannot be set.
2025-03-01 14:26:27,506 [INFO] Updater:1134 - Updater Version found : 6.14.0
2025-03-01 14:26:27,533 [INFO] ApplicationProperties:184 - Using Application install path: C:\ST\STM32CubeIDE_1.16.1\STM32CubeIDE\plugins\com.st.stm32cube.common.mx_6.14.0.202502271554
2025-03-01 14:26:28,208 [INFO] ThirdPartyUpdaterWithRetryManager:70 - Updater plugin not ready yet. [2/15]
2025-03-01 14:26:29,182 [ERROR] LogOutputStream:75 - [STDERR_REDIRECT] Mar 01, 2025 2:26:29 PM java.util.prefs.WindowsPreferences <init>
2025-03-01 14:26:29,186 [ERROR] LogOutputStream:75 - [STDERR_REDIRECT] WARNING: Could not open/create prefs root node Software\JavaSoft\Prefs at root 0xffffffff80000002. Windows RegCreateKeyEx(...) returned error code 5.
2025-03-01 14:26:29,186 [ERROR] LogOutputStream:75 - [STDERR_REDIRECT] 
2025-03-01 14:26:29,358 [INFO] MainUpdater:525 - Copy updater definitions from MX database
2025-03-01 14:26:29,680 [INFO] MainUpdater:2872 - connection check result : 10
2025-03-01 14:26:29,680 [INFO] MainUpdater:3566 - Updater definition file requires update
2025-03-01 14:26:29,682 [INFO] MainUpdater:289 - Updater Check For Update Now.
2025-03-01 14:26:29,684 [INFO] MicroXplorer:498 - Change Database Version : DB.6.0.140
2025-03-01 14:26:29,700 [INFO] McuFinderGlobals:63 - Set McuFinder mode to 2 (CubeIDE integrated)
2025-03-01 14:26:29,726 [INFO] ServerAccessManage:473 - Download File updaters.zip
2025-03-01 14:26:29,730 [INFO] UserAuth:486 - Internet connection configuration mode: 1
2025-03-01 14:26:29,759 [INFO] JxBrowserEngine:152 - Initiate JxBrowser Engine with user profile folder
2025-03-01 14:26:29,834 [INFO] FileExtend:242 - Unzip File : updaters.zip
2025-03-01 14:26:29,834 [INFO] FileExtend:257 - Standard Zip Deflate
2025-03-01 14:26:31,220 [WARN] MainUpdater:1193 - Updater busy. Cannot search thirdparties
2025-03-01 14:26:31,221 [INFO] ThirdPartyUpdaterWithRetryManager:96 - Updater plugin is busy. [1/15]
2025-03-01 14:26:31,734 [INFO] ServerAccessManage:473 - Download File PacksControlFlags.xml
2025-03-01 14:26:31,877 [INFO] ServerAccessManage:473 - Download File cubemx.pidx
2025-03-01 14:26:32,060 [INFO] LoadServerUpdatesThread:375 - End of LoadServerUpdate Thread
2025-03-01 14:26:32,257 [INFO] CheckServerUpdateThread:120 - End of CheckServer Thread
2025-03-01 14:26:34,644 [WARN] PackLoader:240 - Cannot read IP mode file for STMicroelectronics.FP-SNS-MOTENVWB1.1.4.0
2025-03-01 14:26:34,665 [WARN] PackLoader:240 - Cannot read IP mode file for STMicroelectronics.FP-ATR-ASTRA1.2.0.2
2025-03-01 14:26:34,679 [WARN] PackLoader:240 - Cannot read IP mode file for STMicroelectronics.FP-ATR-ASTRA1.2.0.1
2025-03-01 14:26:34,699 [WARN] PackLoader:240 - Cannot read IP mode file for STMicroelectronics.X-CUBE-SMBUS.2.1.0
2025-03-01 14:26:34,727 [WARN] PackLoader:240 - Cannot read IP mode file for STMicroelectronics.X-CUBE-WB05N.1.1.0
2025-03-01 14:26:34,773 [WARN] PackLoader:240 - Cannot read IP mode file for STMicroelectronics.X-CUBE-AZRTOS-F7.1.1.0
2025-03-01 14:26:34,851 [WARN] PackLoader:240 - Cannot read IP mode file for STMicroelectronics.X-CUBE-MEMS1.11.0.0
2025-03-01 14:26:35,012 [WARN] PackLoader:240 - Cannot read IP mode file for STMicroelectronics.FP-SNS-FLIGHT1.5.0.2
2025-03-01 14:26:35,045 [WARN] PackLoader:240 - Cannot read IP mode file for STMicroelectronics.X-CUBE-DISPLAY.3.0.0
2025-03-01 14:26:35,078 [WARN] PackLoader:240 - Cannot read IP mode file for STMicroelectronics.X-CUBE-BLE1.7.0.0
2025-03-01 14:26:35,102 [WARN] PackLoader:240 - Cannot read IP mode file for STMicroelectronics.X-CUBE-BLEMGR.4.0.0
2025-03-01 14:26:35,121 [WARN] PackLoader:240 - Cannot read IP mode file for emotas.I-CUBE-CANOPEN.1.3.0
2025-03-01 14:26:35,145 [WARN] PackLoader:240 - Cannot read IP mode file for STMicroelectronics.X-CUBE-BLEMGR.3.1.0
2025-03-01 14:26:35,169 [WARN] PackLoader:240 - Cannot read IP mode file for STMicroelectronics.X-CUBE-AI.10.0.0
2025-03-01 14:26:35,199 [WARN] PackLoader:240 - Cannot read IP mode file for STMicroelectronics.FP-SNS-SMARTAG2.1.2.0
2025-03-01 14:26:35,290 [WARN] PackLoader:240 - Cannot read IP mode file for STMicroelectronics.X-CUBE-MEMS1.11.1.0
2025-03-01 14:26:35,445 [INFO] LogOutputStream:77 - [STDOUT_REDIRECT] 1 : Invalid condition id : UX_CORESTACK_Condition cause : null
2025-03-01 14:26:35,446 [INFO] LogOutputStream:77 - [STDOUT_REDIRECT] 1 : Invalid condition id : UX_CORESTACK_Condition cause : null
2025-03-01 14:26:35,447 [INFO] LogOutputStream:77 - [STDOUT_REDIRECT] 1 : Invalid condition id : UX_CORESTACK_Condition cause : null
2025-03-01 14:26:35,448 [INFO] LogOutputStream:77 - [STDOUT_REDIRECT] 1 : Invalid condition id : UX_CORESTACK_Condition cause : null
2025-03-01 14:26:35,450 [INFO] LogOutputStream:77 - [STDOUT_REDIRECT] 1 : Invalid condition id : UX_CORESTACK_Condition cause : null
2025-03-01 14:26:35,453 [WARN] PackLoader:240 - Cannot read IP mode file for STMicroelectronics.X-CUBE-AZRTOS-WL.2.0.0
2025-03-01 14:26:35,479 [WARN] PackLoader:240 - Cannot read IP mode file for STMicroelectronics.FP-SNS-MOTENV1.5.0.0
2025-03-01 14:26:35,505 [WARN] PackLoader:240 - Cannot read IP mode file for wolfSSL.I-CUBE-wolfMQTT.1.19.0
2025-03-01 14:26:35,535 [WARN] PackLoader:240 - Cannot read IP mode file for WES.I-CUBE-Cesium.1.3.0
2025-03-01 14:26:35,563 [WARN] PackLoader:240 - Cannot read IP mode file for STMicroelectronics.X-CUBE-BLE2.3.3.0
2025-03-01 14:26:35,586 [WARN] PackLoader:240 - Cannot read IP mode file for STMicroelectronics.X-CUBE-TCPP.4.1.0
2025-03-01 14:26:35,630 [WARN] PackLoader:240 - Cannot read IP mode file for STMicroelectronics.X-CUBE-AZRTOS-G0.1.1.0
2025-03-01 14:26:35,656 [WARN] PackLoader:240 - Cannot read IP mode file for STMicroelectronics.X-CUBE-SAFEA1.1.2.2
2025-03-01 14:26:35,679 [WARN] PackLoader:240 - Cannot read IP mode file for STMicroelectronics.X-CUBE-NFC4.3.0.0
2025-03-01 14:26:35,702 [WARN] PackLoader:240 - Cannot read IP mode file for EmbeddedOffice.I-CUBE-FS-RTOS.1.0.1
2025-03-01 14:26:35,722 [WARN] PackLoader:240 - Cannot read IP mode file for STMicroelectronics.X-CUBE-TCPP.4.2.0
2025-03-01 14:26:35,744 [WARN] PackLoader:240 - Cannot read IP mode file for RealThread.X-CUBE-RT-Thread_Nano.4.1.1
2025-03-01 14:26:35,760 [WARN] PackLoader:240 - Cannot read IP mode file for STMicroelectronics.FP-ATR-SIGFOX1.3.2.0
2025-03-01 14:26:35,782 [WARN] ConditionMgr:438 - getConditionDescription Invalid condition id : Cortex-A Device cause : null
2025-03-01 14:26:35,812 [WARN] ConditionMgr:1044 - genDependencies : Invalid condition id : Cortex-A Device cause : null
2025-03-01 14:26:35,812 [WARN] ConditionMgr:1044 - genDependencies : Invalid condition id : Cortex-A Device cause : null
2025-03-01 14:26:35,813 [WARN] ConditionMgr:1044 - genDependencies : Invalid condition id : Cortex-A Device cause : null
2025-03-01 14:26:35,827 [WARN] PackLoader:240 - Cannot read IP mode file for STMicroelectronics.X-CUBE-EEPRMA1.5.1.0
2025-03-01 14:26:35,840 [WARN] PackLoader:240 - Cannot read IP mode file for wolfSSL.I-CUBE-wolfSSL.5.7.4
2025-03-01 14:26:35,857 [WARN] PackLoader:240 - Cannot read IP mode file for ITTIA_DB.I-CUBE-ITTIADB.8.9.0
2025-03-01 14:26:35,896 [WARN] PackLoader:240 - Cannot read IP mode file for SEGGER.I-CUBE-embOS.1.3.1
2025-03-01 14:26:35,951 [WARN] PackLoader:240 - Cannot read IP mode file for STMicroelectronics.X-CUBE-ALGOBUILD.1.4.0
2025-03-01 14:26:35,994 [WARN] PackLoader:240 - Cannot read IP mode file for STMicroelectronics.X-CUBE-AZRTOS-F4.1.1.0
2025-03-01 14:26:36,016 [WARN] PackLoader:240 - Cannot read IP mode file for STMicroelectronics.X-CUBE-FREERTOS.1.2.0
2025-03-01 14:26:36,054 [WARN] PackLoader:240 - Cannot read IP mode file for STMicroelectronics.X-CUBE-AZRTOS-L5.2.0.0
2025-03-01 14:26:36,076 [WARN] PackLoader:240 - Cannot read IP mode file for STMicroelectronics.X-CUBE-NFC6.3.1.0
2025-03-01 14:26:36,104 [WARN] PackLoader:240 - Cannot read IP mode file for STMicroelectronics.X-CUBE-FREERTOS.1.3.0
2025-03-01 14:26:36,132 [WARN] PackLoader:240 - Cannot read IP mode file for STMicroelectronics.X-CUBE-NFC7.1.0.1
2025-03-01 14:26:36,170 [WARN] ConditionMgr:438 - getConditionDescription Invalid condition id : LAN8742 Phy interface Condition cause : null
2025-03-01 14:26:36,171 [WARN] PackLoader:240 - Cannot read IP mode file for STMicroelectronics.X-CUBE-AZRTOS-L4.2.0.0
2025-03-01 14:26:36,172 [WARN] ConditionMgr:1044 - genDependencies : Invalid condition id : LAN8742 Phy interface Condition cause : null
2025-03-01 14:26:36,172 [WARN] ConditionMgr:1044 - genDependencies : Invalid condition id : LAN8742 Phy interface Condition cause : null
2025-03-01 14:26:36,172 [WARN] ConditionMgr:1044 - genDependencies : Invalid condition id : LAN8742 Phy interface Condition cause : null
2025-03-01 14:26:36,191 [WARN] PackLoader:240 - Cannot read IP mode file for STMicroelectronics.X-CUBE-SFXS2LP1.4.0.0
2025-03-01 14:26:36,242 [WARN] PackLoader:240 - Cannot read IP mode file for STMicroelectronics.X-CUBE-AZRTOS-H7.3.3.0
2025-03-01 14:26:36,281 [WARN] PackLoader:240 - Cannot read IP mode file for STMicroelectronics.X-CUBE-IPS.3.0.0
2025-03-01 14:26:36,329 [WARN] ConditionMgr:438 - getConditionDescription Invalid condition id : UX DEVICE CLASS RTOS Condition cause : null
2025-03-01 14:26:36,329 [WARN] ConditionMgr:438 - getConditionDescription Invalid condition id : UX DEVICE CLASS RTOS Condition cause : null
2025-03-01 14:26:36,332 [WARN] PackLoader:240 - Cannot read IP mode file for STMicroelectronics.X-CUBE-AZRTOS-WB.2.0.0
2025-03-01 14:26:36,333 [WARN] ConditionMgr:1044 - genDependencies : Invalid condition id : UX DEVICE CLASS RTOS Condition cause : null
2025-03-01 14:26:36,333 [WARN] ConditionMgr:1044 - genDependencies : Invalid condition id : UX DEVICE CLASS RTOS Condition cause : null
2025-03-01 14:26:36,334 [WARN] ConditionMgr:1044 - genDependencies : Invalid condition id : UX DEVICE CLASS RTOS Condition cause : null
2025-03-01 14:26:36,334 [WARN] ConditionMgr:1044 - genDependencies : Invalid condition id : UX DEVICE CLASS RTOS Condition cause : null
2025-03-01 14:26:36,334 [WARN] ConditionMgr:1044 - genDependencies : Invalid condition id : UX DEVICE CLASS RTOS Condition cause : null
2025-03-01 14:26:36,360 [WARN] PackLoader:240 - Cannot read IP mode file for STMicroelectronics.X-CUBE-GNSS1.7.0.0
2025-03-01 14:26:36,383 [WARN] PackLoader:240 - Cannot read IP mode file for STMicroelectronics.X-CUBE-GNSS1.7.0.1
2025-03-01 14:26:36,407 [WARN] PackLoader:240 - Cannot read IP mode file for STMicroelectronics.X-CUBE-SUBG2.5.0.0
2025-03-01 14:26:36,434 [WARN] PackLoader:240 - Cannot read IP mode file for Cesanta.I-CUBE-Mongoose.7.13.0
2025-03-01 14:26:36,468 [WARN] PackLoader:240 - Cannot read IP mode file for STMicroelectronics.X-CUBE-AZRTOS-G4.2.0.0
2025-03-01 14:26:36,491 [WARN] PackLoader:240 - Cannot read IP mode file for STMicroelectronics.X-CUBE-IPS.3.1.0
2025-03-01 14:26:36,517 [WARN] PackLoader:240 - Cannot read IP mode file for STMicroelectronics.X-CUBE-ALS.1.0.2
2025-03-01 14:26:36,544 [WARN] PackLoader:240 - Cannot read IP mode file for STMicroelectronics.X-CUBE-TOUCHGFX.4.24.2
2025-03-01 14:26:36,566 [WARN] PackLoader:240 - Cannot read IP mode file for STMicroelectronics.X-CUBE-TOUCHGFX.4.24.1
2025-03-01 14:26:36,586 [WARN] PackLoader:240 - Cannot read IP mode file for wolfSSL.I-CUBE-wolfTPM.3.4.0
2025-03-01 14:26:36,613 [WARN] PackLoader:240 - Cannot read IP mode file for portGmbH.I-Cube-SoM-uGOAL.1.1.0
2025-03-01 14:26:36,667 [WARN] PackLoader:240 - Cannot read IP mode file for STMicroelectronics.X-CUBE-AZRTOS-H7RS.1.0.0
2025-03-01 14:26:36,687 [WARN] PackLoader:240 - Cannot read IP mode file for STMicroelectronics.FP-ATR-ASTRA1.2.0.0
2025-03-01 14:26:36,719 [WARN] PackLoader:240 - Cannot read IP mode file for Infineon.AIROC-Wi-Fi-Bluetooth-STM32.1.6.1
2025-03-01 14:26:36,741 [WARN] PackLoader:240 - Cannot read IP mode file for wolfSSL.I-CUBE-wolfSSH.1.4.17
2025-03-01 14:26:36,741 [INFO] ThirdParty:978 - Integrity check success = true
2025-03-01 14:26:36,741 [INFO] IntegrityCheckThread:100 - exiting critical section [integrity check]
2025-03-01 14:26:36,741 [INFO] IntegrityCheckThread:103 - End integrity checks thread
2025-03-01 14:26:37,273 [INFO] WebApp:169 - Instantiating new browser for Auth
2025-03-01 14:26:38,701 [INFO] WebApp:463 - Apply proxy settings
2025-03-01 14:26:38,701 [INFO] WebApp:548 - Chromium requires no authentication
2025-03-01 14:26:38,714 [INFO] WebApp:491 - Direct internet connection detected
2025-03-01 14:26:38,764 [INFO] WebApp:894 - Register for checkConnection events
2025-03-01 14:26:38,764 [INFO] WebApp:463 - Apply proxy settings
2025-03-01 14:26:38,764 [INFO] WebApp:548 - Chromium requires no authentication
2025-03-01 14:26:38,765 [INFO] WebApp:491 - Direct internet connection detected
2025-03-01 14:26:38,976 [INFO] WebApp:191 - Connection restablished
2025-03-01 14:26:39,170 [INFO] WebApp:225 - Starting web application
2025-03-01 14:26:39,170 [INFO] WebApp:593 - Web application path used C:\ST\STM32CubeIDE_1.16.1\STM32CubeIDE\plugins\com.st.stm32cube.common.mx_6.14.0.202502271554\db\plugins\mcufinder\reactClient1\index.html
2025-03-01 14:26:39,299 [INFO] UserAuth:486 - Internet connection configuration mode: 1
2025-03-01 14:27:20,152 [INFO] McuFinderGlobals:63 - Set McuFinder mode to 2 (CubeIDE integrated)
2025-03-01 14:27:20,235 [INFO] MainUpdater:2872 - connection check result : 10
2025-03-01 14:27:20,250 [INFO] MainUpdater:2872 - connection check result : 10
2025-03-01 14:27:20,364 [INFO] MicroXplorer:468 - Change Database Path : 
2025-03-01 14:27:20,365 [INFO] MicroXplorer:498 - Change Database Version : DB.6.0.140
2025-03-01 14:27:20,375 [WARN] ThirdParty:871 - waiting for thirdparty lock release [close project]
2025-03-01 14:27:20,376 [INFO] ThirdParty:873 - entering critical section [close project]
2025-03-01 14:27:20,377 [INFO] ThirdParty:883 - exiting critical section [close project]
2025-03-01 14:27:20,380 [INFO] PinOutPanel:1589 - setPackage(No Configuration,No Configuration)
2025-03-01 14:27:20,389 [INFO] UtilMem:75 - Begin LoadConfig() Used Memory: 355481440 Bytes (598736896)
2025-03-01 14:27:24,686 [INFO] ServerAccessManage:473 - Download File stm32cube_db_v60130.zip
2025-03-01 14:27:26,878 [INFO] FileExtend:242 - Unzip File : stm32cube_db_v60130.zip
2025-03-01 14:27:26,879 [INFO] FileExtend:257 - Standard Zip Deflate
2025-03-01 14:27:29,332 [ERROR] FileExtend:338 - User cancelled unzip
2025-03-01 14:27:29,540 [INFO] LoadServerPackagesThread:196 - End of LoadServerPackages Thread
2025-03-01 14:27:29,868 [INFO] CheckServerUpdateThread:120 - End of CheckServer Thread
2025-03-01 14:27:34,454 [INFO] MainUpdater:2872 - connection check result : 10
2025-03-01 14:27:34,454 [INFO] MainUpdater:2872 - connection check result : 10
2025-03-01 14:27:34,473 [INFO] MicroXplorer:468 - Change Database Path : 
2025-03-01 14:27:34,473 [INFO] MicroXplorer:498 - Change Database Version : DB.6.0.140
2025-03-01 14:27:34,473 [WARN] ThirdParty:871 - waiting for thirdparty lock release [close project]
2025-03-01 14:27:34,473 [INFO] ThirdParty:873 - entering critical section [close project]
2025-03-01 14:27:34,473 [INFO] ThirdParty:883 - exiting critical section [close project]
2025-03-01 14:27:34,475 [INFO] PinOutPanel:1589 - setPackage(No Configuration,No Configuration)
2025-03-01 14:27:34,476 [INFO] UtilMem:75 - Begin LoadConfig() Used Memory: 843581440 Bytes (1073741824)
2025-03-01 14:27:51,528 [INFO] MicroXplorer:468 - Change Database Path : 
2025-03-01 14:27:51,528 [INFO] MicroXplorer:498 - Change Database Version : DB.6.0.140
2025-03-01 14:27:51,528 [INFO] OpenFileManager:354 - Change cursor
2025-03-01 14:27:51,587 [INFO] Mcu:2011 - Initializing MCU STM32F103R(C-D-E)Tx STM32F103RCTx STM32F103RCT6
2025-03-01 14:27:53,385 [INFO] Context:756 - Trying to add GPIOservice into a context  which must be forbidden
2025-03-01 14:27:53,715 [INFO] Rule:224 - rule Adapt Old IOC before rework replace old CORTEX_M33/CORTEX_M55 attributes by the new one. is applicable
2025-03-01 14:27:53,715 [INFO] Rule:224 - rule Rename parametre of RCC RCC_APBDBG_DIV2 to RCC_TIMPRES_DIV2 is applicable
2025-03-01 14:27:53,716 [INFO] Rule:224 - rule Rename DIE493 pin PA10 [PA12] -> PA10 is applicable
2025-03-01 14:27:53,716 [INFO] Rule:224 - rule Rename DIE493 pin PA9 [PA11] -> PA9 is applicable
2025-03-01 14:27:53,716 [INFO] DbConfProperties:307 - Apply Compatibility (0/4 Rules)
2025-03-01 14:27:53,759 [INFO] ImportTextPane:218 - (OptionalMessage_ERROR) Pin42 (VP_RIF_VS_RIF1) cannot be retrieved for this MCU
2025-03-01 14:27:53,967 [INFO] RtosManager:558 - Registered RTOS mode: class=CMSIS, group=RTOS, mode=CMSIS_V1, owner=FREERTOS
2025-03-01 14:27:53,967 [INFO] RtosManager:558 - Registered RTOS mode: class=CMSIS, group=RTOS2, mode=CMSIS_V2, owner=FREERTOS
2025-03-01 14:27:53,967 [INFO] RtosManager:558 - Registered RTOS mode: class=RTOS, group=Core, mode=CMSIS_V1, owner=FREERTOS
2025-03-01 14:27:53,967 [INFO] RtosManager:558 - Registered RTOS mode: class=RTOS, group=Core, mode=CMSIS_V2, owner=FREERTOS
2025-03-01 14:27:53,967 [WARN] ModelIntegratedComponent:184 - Missing modes for component STMicroelectronics:FreeRTOS:0.0.1:STMicroelectronics:RTOS:FreeRTOS:Core:::10.2.0:
2025-03-01 14:27:53,987 [WARN] ModelIntegratedComponent:63 - No mode defined for component null
2025-03-01 14:27:53,987 [WARN] ModelIntegratedComponent:63 - No mode defined for component null
2025-03-01 14:27:53,987 [WARN] ModelIntegratedComponent:63 - No mode defined for component null
2025-03-01 14:27:53,987 [WARN] ModelIntegratedComponent:63 - No mode defined for component null
2025-03-01 14:27:53,987 [WARN] ModelIntegratedComponent:63 - No mode defined for component null
2025-03-01 14:27:53,988 [WARN] ModelIntegratedComponent:63 - No mode defined for component null
2025-03-01 14:27:53,988 [WARN] ModelIntegratedComponent:63 - No mode defined for component null
2025-03-01 14:27:53,988 [WARN] ModelIntegratedComponent:63 - No mode defined for component null
2025-03-01 14:27:53,988 [WARN] ModelIntegratedComponent:63 - No mode defined for component null
2025-03-01 14:27:53,988 [WARN] ModelIntegratedComponent:63 - No mode defined for component null
2025-03-01 14:27:53,988 [WARN] ModelIntegratedComponent:63 - No mode defined for component null
2025-03-01 14:27:53,988 [WARN] ModelIntegratedComponent:63 - No mode defined for component null
2025-03-01 14:27:53,988 [WARN] ModelIntegratedComponent:63 - No mode defined for component null
2025-03-01 14:27:53,988 [WARN] ModelIntegratedComponent:63 - No mode defined for component null
2025-03-01 14:27:53,988 [WARN] ModelIntegratedComponent:63 - No mode defined for component null
2025-03-01 14:27:53,988 [WARN] ModelIntegratedComponent:63 - No mode defined for component null
2025-03-01 14:27:53,989 [WARN] ModelIntegratedComponent:63 - No mode defined for component null
2025-03-01 14:27:53,989 [WARN] ModelIntegratedComponent:63 - No mode defined for component null
2025-03-01 14:27:53,989 [WARN] ModelIntegratedComponent:63 - No mode defined for component null
2025-03-01 14:27:53,989 [WARN] ModelIntegratedComponent:63 - No mode defined for component null
2025-03-01 14:27:53,989 [WARN] ModelIntegratedComponent:63 - No mode defined for component null
2025-03-01 14:27:53,989 [WARN] ModelIntegratedComponent:63 - No mode defined for component null
2025-03-01 14:27:53,989 [WARN] ModelIntegratedComponent:63 - No mode defined for component null
2025-03-01 14:27:53,989 [WARN] ModelIntegratedComponent:63 - No mode defined for component null
2025-03-01 14:27:53,989 [WARN] ModelIntegratedComponent:63 - No mode defined for component null
2025-03-01 14:27:53,989 [WARN] ModelIntegratedComponent:63 - No mode defined for component null
2025-03-01 14:27:53,989 [WARN] ModelIntegratedComponent:63 - No mode defined for component null
2025-03-01 14:27:53,989 [WARN] ModelIntegratedComponent:63 - No mode defined for component null
2025-03-01 14:27:53,989 [WARN] ModelIntegratedComponent:63 - No mode defined for component null
2025-03-01 14:27:53,989 [WARN] ModelIntegratedComponent:63 - No mode defined for component null
2025-03-01 14:27:53,989 [WARN] ModelIntegratedComponent:63 - No mode defined for component null
2025-03-01 14:27:53,989 [WARN] ModelIntegratedComponent:63 - No mode defined for component null
2025-03-01 14:27:53,989 [WARN] ModelIntegratedComponent:63 - No mode defined for component null
2025-03-01 14:27:53,989 [WARN] ModelIntegratedComponent:63 - No mode defined for component null
2025-03-01 14:27:53,989 [WARN] ModelIntegratedComponent:63 - No mode defined for component null
2025-03-01 14:27:53,990 [WARN] ModelPack:524 - Component already loaded: STMicroelectronics:HAL Drivers:0.0.0:STMicroelectronics:Device:STMicro_Driver:XSPI:HAL::0.0.1:HAL_XSPI
2025-03-01 14:27:54,083 [INFO] ThirdPartyModel:298 - Start build external matchings
2025-03-01 14:27:54,388 [INFO] ThirdPartyModel:316 - End build external matchings
2025-03-01 14:27:54,404 [INFO] RtosManager:967 - Current active RTOS is FREERTOS [Cortex-M3NS]
2025-03-01 14:27:54,413 [INFO] ImportTextPane:218 - (OptionalMessage_ERROR) IP (RCC) : Invalid parameter (FamilyName)
2025-03-01 14:27:54,413 [INFO] ImportTextPane:218 - (OptionalMessage_ERROR) IP (RCC) : Parameter (MCOFreq_Value) has invalid value (72000000)
2025-03-01 14:27:54,414 [INFO] ImportTextPane:218 - (OptionalMessage_ERROR) IP (RCC) : Parameter (USBFreq_Value) has invalid value (72000000)
2025-03-01 14:27:54,823 [INFO] ApiDb:581 - Connected to CubeFinder SQLite database (C:\Users\mridu\.stmcufinder\plugins\mcufinder\mcu\cube-finder-db.db)
2025-03-01 14:27:54,896 [INFO] ApiDb:668 - CubeFinder database Data Model version=2.1
2025-03-01 14:27:54,896 [INFO] ApiDb:669 - CubeFinder database Configuration version=3.0.39
2025-03-01 14:27:54,896 [INFO] ApiDb:670 - CubeFinder database generation date=2025-02-18 (1739885696)
2025-03-01 14:27:54,897 [INFO] ApiDb:671 - CubeFinder database FW Pack versions=[FP-ATR-ASTRA1_V2.0.0, FP-SNS-FLIGHT1_V5.0.2, FP-SNS-MOTENV1_V5.0.0, FP-SNS-MOTENVWB1_V1.4.0, FP-SNS-SMARTAG2_V1.2.0, FP-SNS-STBOX1_V2.0.0, STM32Cube_FW_C0_V1.4.0, STM32Cube_FW_F4_V1.28.1, STM32Cube_FW_F7_V1.17.2, STM32Cube_FW_G0_V1.6.2, STM32Cube_FW_G4_V1.6.1, STM32Cube_FW_H5_V1.5.0, STM32Cube_FW_H7RS_V1.2.0, STM32Cube_FW_H7_V1.12.1, STM32Cube_FW_L0_V1.12.2, STM32Cube_FW_L4_V1.18.1, STM32Cube_FW_L5_V1.5.1, STM32Cube_FW_N6_V1.1.0, STM32Cube_FW_U0_V1.2.0, STM32Cube_FW_U3_V1.1.0, STM32Cube_FW_U5_V1.7.0, STM32Cube_FW_WB0_V1.2.0, STM32Cube_FW_WBA_V1.6.0, STM32Cube_FW_WB_V1.22.0, STM32Cube_FW_WL3_V1.1.0, STM32Cube_FW_WL_V1.3.1, X-CUBE-ALGOBUILD_V1.4.0, X-CUBE-ALS_V1.0.2, X-CUBE-AZRTOS-F4_V1.1.0, X-CUBE-AZRTOS-F7_V1.1.0, X-CUBE-AZRTOS-G0_V1.1.0, X-CUBE-AZRTOS-G4_V2.0.0, X-CUBE-AZRTOS-H7RS_V1.0.0, X-CUBE-AZRTOS-H7_V3.3.0, X-CUBE-AZRTOS-L4_V2.0.0, X-CUBE-AZRTOS-L5_V2.0.0, X-CUBE-AZRTOS-WB_V2.0.0, X-CUBE-AZRTOS-WL_V2.0.0, X-CUBE-BLE1_V7.0.0, X-CUBE-BLE2_V3.3.0, X-CUBE-BLEMGR_V4.0.0, X-CUBE-EEPRMA1_V5.1.0, X-CUBE-FREERTOS_V1.3.0, X-CUBE-GNSS1_V6.0.0, X-CUBE-MEMS1_V11.1.0, X-CUBE-NFC4_V3.0.0, X-CUBE-NFC7_V1.0.1, X-CUBE-SFXS2LP1_V4.0.0, X-CUBE-SUBG2_V5.0.0, X-CUBE-TOF1_V3.4.2]
2025-03-01 14:27:54,957 [INFO] DbBoardsSqlite:226 - include board P-NUCLEO-WB55-NUCLEO as a kit item of type 'Nucleo-64'
2025-03-01 14:27:54,957 [INFO] DbBoardsSqlite:226 - include board P-NUCLEO-WB55-USBDONGLE as a kit item of type 'Nucleo USB Dongle'
2025-03-01 14:27:54,957 [INFO] DbBoardsSqlite:226 - include board STEVAL-IDP005V1 as a kit item of type 'Evaluation Board'
2025-03-01 14:27:54,957 [INFO] DbBoardsSqlite:226 - include board STEVAL-IDP005V2 as a kit item of type 'Evaluation Board'
2025-03-01 14:27:55,027 [INFO] ApiDb:240 - Found 895 in-development CPN: [B-G473E-ZEST1S, B-WB1M-WPAN1, B-WBA5M-WPAN, B-WL5M-SUBG1, NUCLEO-C031C6, NUCLEO-C051C8, NUCLEO-C071RB, NUCLEO-C092RC, NUCLEO-H503RB, NUCLEO-H533RE, NUCLEO-H563ZI, NUCLEO-H7S3L8, NUCLEO-N657X0-Q, NUCLEO-U031R8, NUCLEO-U083RC, NUCLEO-U385RG-Q, NUCLEO-U545RE-Q, NUCLEO-U5A5ZJ-Q, NUCLEO-WB05KZ, NUCLEO-WB07CC, NUCLEO-WB09KE, NUCLEO-WBA52CG, NUCLEO-WBA55CG, NUCLEO-WBA65RI, NUCLEO-WL33CC1, NUCLEO-WL33CC2, STEVAL-PROTEUS1, STEVAL-SMARTAG2, STEVAL-STWINBX1, STM320518-EVAL, STM32C0116-DK, STM32C011D6Y3TR, STM32C011D6Y6TR, STM32C011F4P3, STM32C011F4P6, STM32C011F4U3, STM32C011F4U6TR, STM32C011F6P3, STM32C011F6P6, STM32C011F6U3, STM32C011F6U6TR, STM32C011J4M3, STM32C011J4M6, STM32C011J6M3, STM32C011J6M6, STM32C0316-DK, STM32C031C4T3, STM32C031C4T6, STM32C031C4U3, STM32C031C4U6, STM32C031C6T3, STM32C031C6T6, STM32C031C6U3, STM32C031C6U6, STM32C031F4P3, STM32C031F4P6, STM32C031F6P3, STM32C031F6P6, STM32C031G4U3, STM32C031G4U6, STM32C031G6U3, STM32C031G6U6, STM32C031K4T3, STM32C031K4T6, STM32C031K4U3, STM32C031K4U6, STM32C031K6T3, STM32C031K6T6, STM32C031K6U3, STM32C031K6U6, STM32C051C6T6, STM32C051C6U6, STM32C051C8T6, STM32C051C8U6, STM32C051D8Y6TR, STM32C051F6P6, STM32C051F8P6, STM32C051G6U6, STM32C051G8U6, STM32C051K6T6, STM32C051K6U6, STM32C051K8T6, STM32C071C8T6, STM32C071C8T6N, STM32C071C8U6, STM32C071C8U6N, STM32C071CBT6, STM32C071CBT6N, STM32C071CBU6, STM32C071CBU6N, STM32C071F8P6, STM32C071F8P6N, STM32C071FBP6, STM32C071FBP6N, STM32C071FBY6TR, STM32C071G8U6, STM32C071G8U6N, STM32C071GBU6, STM32C071GBU6N, STM32C071K8T6, STM32C071K8T6N, STM32C071K8U6, STM32C071K8U6N, STM32C071KBT6, STM32C071KBT6N, STM32C071KBU6, STM32C071KBU6N, STM32C071R8T6, STM32C071R8T6N, STM32C071RBI6N, STM32C071RBT6, STM32C071RBT6N, STM32C091CBT6, STM32C091CBU6, STM32C091CCT6, STM32C091CCU6, STM32C091ECY6TR, STM32C091FBP6, STM32C091FCP6, STM32C091GBU6, STM32C091GCU6, STM32C091KBT6, STM32C091KBU6, STM32C091KCT6, STM32C091KCU6, STM32C091RBT6, STM32C091RCI6, STM32C091RCT6, STM32C092CBT6, STM32C092CBU6, STM32C092CCT6, STM32C092CCU6, STM32C092ECY6TR, STM32C092FBP6, STM32C092FCP6, STM32C092GBU6, STM32C092GCU6, STM32C092KBT6, STM32C092KBU6, STM32C092KCT6, STM32C092KCU6, STM32C092RBT6, STM32C092RCI6, STM32C092RCT6, STM32G071K8TXN, STM32G071K8UXN, STM32G081GBU6N, STM32G081KBT6N, STM32G081KBUXN, STM32G0B1CCT6N, STM32G0B1KCT6, STM32G0B1NEY6TR, STM32G0B1RCT6N, STM32G0C1CCT6, STM32G0C1CCT6N, STM32G0C1CCU6N, STM32G0C1CET6N, STM32G0C1CEU6N, STM32G0C1KCT6, STM32G0C1NEY6TR, STM32G0C1RCI6N, STM32G0C1RCT6N, STM32G0C1REI6N, STM32G0C1RET6N, STM32G0C1VCI6, STM32G0C1VEI6, STM32G411C6T3, STM32G411C6T6, STM32G411C6U3, STM32G411C6U6, STM32G411C8T3, STM32G411C8T6, STM32G411C8U3, STM32G411C8U6, STM32G411CBT3, STM32G411CBT6, STM32G411CBU3, STM32G411CBU6, STM32G411CCT3, STM32G411CCT6, STM32G411CCU3, STM32G411CCU6, STM32G411K6T3, STM32G411K6T6, STM32G411K6U3, STM32G411K6U6, STM32G411K8T3, STM32G411K8T6, STM32G411K8U3, STM32G411K8U6, STM32G411KBT3, STM32G411KBT6, STM32G411KBU3, STM32G411KBU6, STM32G411M6T3, STM32G411M6T6, STM32G411M8T3, STM32G411M8T6, STM32G411MBT3, STM32G411MBT6, STM32G411MCT3, STM32G411MCT6, STM32G411R6T3, STM32G411R6T6, STM32G411R8T3, STM32G411R8T6, STM32G411RBT3, STM32G411RBT6, STM32G411RCT3, STM32G411RCT6, STM32G414CBT3, STM32G414CBT6, STM32G414CBU3, STM32G414CBU6, STM32G414CCT3, STM32G414CCT6, STM32G414CCU3, STM32G414CCU6, STM32G414MBT3, STM32G414MBT6, STM32G414MCT3, STM32G414MCT6, STM32G414RBT3, STM32G414RBT6, STM32G414RCT3, STM32G414RCT6, STM32G414VBT3, STM32G414VBT6, STM32G414VCT3, STM32G414VCT6, STM32G431CBT3Z, STM32G431RBT3Z, STM32G471CCT6, STM32G471CCU6, STM32G471CET3, STM32G471CET6, STM32G471CEU3, STM32G471CEU6, STM32G471MCT6, STM32G471MET3, STM32G471MET6, STM32G471MEY6TR, STM32G471QCT6, STM32G471QET3, STM32G471RCT6, STM32G471RET3, STM32G471RET6, STM32G471VCH6, STM32G471VCI6, STM32G471VCT6, STM32G471VEH3, STM32G471VEH6, STM32G471VEI3, STM32G471VEI6, STM32G471VET3, STM32G471VET6, STM32G473QET3Z, STM32G473RET3Z, STM32G474CCT6, STM32G491RET3Z, STM32H503CBT6, STM32H503CBU6, STM32H503EBY6TR, STM32H503KBU6, STM32H503RBT6, STM32H523CCT6, STM32H523CCU6, STM32H523CET6, STM32H523CEU6, STM32H523HEY6TR, STM32H523RCT6, STM32H523RET6, STM32H523VCI6, STM32H523VCT6, STM32H523VEI6, STM32H523VET6, STM32H523ZCJ6, STM32H523ZCT6, STM32H523ZEJ6, STM32H523ZET6, STM32H533CET6, STM32H533CEU6, STM32H533HEY6TR, STM32H533RET6, STM32H533VEI6, STM32H533VET6, STM32H533ZEJ6, STM32H533ZET6, STM32H562AGI6, STM32H562AII6, STM32H562IGK6, STM32H562IGT6, STM32H562IIK6, STM32H562IIT6, STM32H562RGT6, STM32H562RGV6, STM32H562RIT6, STM32H562RIV6, STM32H562VGT6, STM32H562VIT6, STM32H562ZGT6, STM32H562ZIT6, STM32H563AGI6, STM32H563AII3Q, STM32H563AII6, STM32H563IGK6, STM32H563IGT6, STM32H563IIK3Q, STM32H563IIK6, STM32H563IIT3Q, STM32H563IIT6, STM32H563MIY3QTR, STM32H563RGT6, STM32H563RGV6, STM32H563RIT6, STM32H563RIV6, STM32H563VGT6, STM32H563VIT3Q, STM32H563VIT6, STM32H563ZGT6, STM32H563ZIT3Q, STM32H563ZIT6, STM32H573AII3Q, STM32H573AII6, STM32H573I-DK, STM32H573IIK3Q, STM32H573IIK6, STM32H573IIT3Q, STM32H573IIT6, STM32H573MIY3QTR, STM32H573RIT6, STM32H573RIV6, STM32H573VIT3Q, STM32H573VIT6, STM32H573ZIT3Q, STM32H573ZIT6, STM32H7R3A8I6, STM32H7R3I8K6, STM32H7R3I8T6, STM32H7R3L8H6, STM32H7R3L8H6H, STM32H7R3R8V6, STM32H7R3V8H6, STM32H7R3V8T6, STM32H7R3V8Y6TR, STM32H7R3Z8J6, STM32H7R3Z8T6, STM32H7R7A8I6, STM32H7R7I8K6, STM32H7R7I8T6, STM32H7R7L8H6, STM32H7R7L8H6H, STM32H7R7Z8J6, STM32H7S3A8I6, STM32H7S3I8K6, STM32H7S3I8T6, STM32H7S3L8H6, STM32H7S3L8H6H, STM32H7S3R8V6, STM32H7S3V8H6, STM32H7S3V8T6, STM32H7S3V8Y6TR, STM32H7S3Z8J6, STM32H7S3Z8T6, STM32H7S78-DK, STM32H7S7A8I6, STM32H7S7I8K6, STM32H7S7I8T6, STM32H7S7L8H6, STM32H7S7L8H6H, STM32H7S7Z8J6, STM32L4R5QGI6STR, STM32MP131AAE3, STM32MP131AAF3, STM32MP131AAG3, STM32MP131CAE3, STM32MP131CAF3, STM32MP131CAG3, STM32MP131DAE7, STM32MP131DAF7, STM32MP131DAG7, STM32MP131FAE7, STM32MP131FAF7, STM32MP131FAG7, STM32MP133AAE3, STM32MP133AAF3, STM32MP133AAG3, STM32MP133CAE3, STM32MP133CAF3, STM32MP133CAG3, STM32MP133DAE7, STM32MP133DAF7, STM32MP133DAG7, STM32MP133FAE7, STM32MP133FAF7, STM32MP133FAG7, STM32MP135AAE3, STM32MP135AAF3, STM32MP135AAG3, STM32MP135CAE3, STM32MP135CAF3, STM32MP135CAG3, STM32MP135DAE7, STM32MP135DAF7, STM32MP135DAG7, STM32MP135F-DK, STM32MP135FAE7, STM32MP135FAF7, STM32MP135FAF7T, STM32MP135FAF7U, STM32MP135FAG7, STM32MP231AAJ3, STM32MP231AAK3, STM32MP231AAL3, STM32MP231CAJ3, STM32MP231CAK3, STM32MP231CAL3, STM32MP231DAJ3, STM32MP231DAK3, STM32MP231DAL3, STM32MP231FAJ3, STM32MP231FAK3, STM32MP231FAL3, STM32MP233AAJ3, STM32MP233AAK3, STM32MP233AAL3, STM32MP233CAJ3, STM32MP233CAK3, STM32MP233CAL3, STM32MP233DAJ3, STM32MP233DAK3, STM32MP233DAL3, STM32MP233FAJ3, STM32MP233FAK3, STM32MP233FAL3, STM32MP235AAJ3, STM32MP235AAK3, STM32MP235AAL3, STM32MP235CAJ3, STM32MP235CAK3, STM32MP235CAL3, STM32MP235DAJ3, STM32MP235DAK3, STM32MP235DAL3, STM32MP235FAJ3, STM32MP235FAK3, STM32MP235FAL3, STM32MP251AAI3, STM32MP251AAJ3, STM32MP251AAK3, STM32MP251AAL3, STM32MP251CAI3, STM32MP251CAJ3, STM32MP251CAK3, STM32MP251CAL3, STM32MP251DAI3, STM32MP251DAJ3, STM32MP251DAK3, STM32MP251DAL3, STM32MP251FAI3, STM32MP251FAJ3, STM32MP251FAK3, STM32MP251FAL3, STM32MP253AAI3, STM32MP253AAJ3, STM32MP253AAK3, STM32MP253AAL3, STM32MP253CAI3, STM32MP253CAJ3, STM32MP253CAK3, STM32MP253CAL3, STM32MP253DAI3, STM32MP253DAJ3, STM32MP253DAK3, STM32MP253DAL3, STM32MP253FAI3, STM32MP253FAJ3, STM32MP253FAK3, STM32MP253FAL3, STM32MP255AAI3, STM32MP255AAJ3, STM32MP255AAK3, STM32MP255AAL3, STM32MP255CAI3, STM32MP255CAJ3, STM32MP255CAK3, STM32MP255CAL3, STM32MP255DAI3, STM32MP255DAJ3, STM32MP255DAK3, STM32MP255DAL3, STM32MP255FAI3, STM32MP255FAJ3, STM32MP255FAK3, STM32MP255FAL3, STM32MP257AAI3, STM32MP257AAJ3, STM32MP257AAK3, STM32MP257AAL3, STM32MP257CAI3, STM32MP257CAJ3, STM32MP257CAK3, STM32MP257CAL3, STM32MP257DAI3, STM32MP257DAJ3, STM32MP257DAK3, STM32MP257DAL3, STM32MP257F-DK, STM32MP257F-EV1, STM32MP257FAI3, STM32MP257FAJ3, STM32MP257FAK3, STM32MP257FAL3, STM32N645A0H3Q, STM32N645B0H3Q, STM32N645I0H3Q, STM32N645L0H3Q, STM32N645X0H3Q, STM32N645Z0H3Q, STM32N647A0H3Q, STM32N647B0H3Q, STM32N647I0H3Q, STM32N647L0H3Q, STM32N647X0H3Q, STM32N647Z0H3Q, STM32N655A0H3Q, STM32N655B0H3Q, STM32N655I0H3Q, STM32N655L0H3Q, STM32N655X0H3Q, STM32N655Z0H3Q, STM32N6570-DK, STM32N657A0H3Q, STM32N657B0H3Q, STM32N657I0H3Q, STM32N657L0H3Q, STM32N657X0H3Q, STM32N657Z0H3Q, STM32U031C6T6, STM32U031C6U6, STM32U031C8T6, STM32U031C8U6, STM32U031F4P6, STM32U031F6P6, STM32U031F8P6, STM32U031G6Y6TR, STM32U031G8Y6TR, STM32U031K4U6, STM32U031K6U6, STM32U031K8U6, STM32U031R6I6, STM32U031R6T6, STM32U031R8I6, STM32U031R8T6, STM32U073C8T6, STM32U073C8U6, STM32U073CBT6, STM32U073CBU6, STM32U073CCT6, STM32U073CCU6, STM32U073H8Y6TR, STM32U073HBY6TR, STM32U073HCY6TR, STM32U073K8U6, STM32U073KBU6, STM32U073KCU6, STM32U073M8I6, STM32U073M8T6, STM32U073MBI6, STM32U073MBT6, STM32U073MCI6, STM32U073MCT6, STM32U073R8I6, STM32U073R8T6, STM32U073RBI6, STM32U073RBT6, STM32U073RCI6, STM32U073RCT6, STM32U083C-DK, STM32U083CCT6, STM32U083CCU6, STM32U083HCY6TR, STM32U083KCU6, STM32U083MCI6, STM32U083MCT6, STM32U083RCI6, STM32U083RCT6, STM32U375CET6, STM32U375CET6Q, STM32U375CEU6, STM32U375CEU6Q, STM32U375CEY6QTR, STM32U375CGT6, STM32U375CGT6Q, STM32U375CGU6, STM32U375CGU6Q, STM32U375CGY6QTR, STM32U375KEU6, STM32U375KGU6, STM32U375REI6, STM32U375REI6Q, STM32U375RET6, STM32U375RET6Q, STM32U375REY6GTR, STM32U375REY6QTR, STM32U375RGI6, STM32U375RGI6Q, STM32U375RGT6, STM32U375RGT6Q, STM32U375RGY6GTR, STM32U375RGY6QTR, STM32U375VEI6, STM32U375VEI6Q, STM32U375VET6, STM32U375VET6Q, STM32U375VGI6, STM32U375VGI6Q, STM32U375VGT6, STM32U375VGT6Q, STM32U385CGT6, STM32U385CGT6Q, STM32U385CGU6, STM32U385CGU6Q, STM32U385CGY6QTR, STM32U385KGU6, STM32U385RGI6, STM32U385RGI6Q, STM32U385RGT6, STM32U385RGT6Q, STM32U385RGY6GTR, STM32U385RGY6QTR, STM32U385VGI6, STM32U385VGI6Q, STM32U385VGT6, STM32U385VGT6Q, STM32U535CBT6, STM32U535CBT6Q, STM32U535CBU6, STM32U535CBU6Q, STM32U535CCT6, STM32U535CCT6Q, STM32U535CCU6, STM32U535CCU6Q, STM32U535CET6, STM32U535CET6Q, STM32U535CEU6, STM32U535CEU6Q, STM32U535JEY6QTR, STM32U535NCY6QTR, STM32U535NEY6QTR, STM32U535RBI6, STM32U535RBI6Q, STM32U535RBT6, STM32U535RBT6Q, STM32U535RCI6, STM32U535RCI6Q, STM32U535RCT6, STM32U535RCT6Q, STM32U535REI6, STM32U535REI6Q, STM32U535RET6, STM32U535RET6Q, STM32U535VCI6, STM32U535VCI6Q, STM32U535VCT6, STM32U535VCT6Q, STM32U535VEI6, STM32U535VEI6Q, STM32U535VET6, STM32U535VET6Q, STM32U545CET6, STM32U545CET6Q, STM32U545CEU6, STM32U545CEU6Q, STM32U545JEY6QTR, STM32U545NEY6QTR, STM32U545REI6, STM32U545REI6Q, STM32U545RET6, STM32U545RET6Q, STM32U545VEI6, STM32U545VEI6Q, STM32U545VET6, STM32U545VET6Q, STM32U595AIH6, STM32U595AIH6Q, STM32U595AJH6, STM32U595AJH6Q, STM32U595QII6, STM32U595QII6Q, STM32U595QJI6, STM32U595QJI6Q, STM32U595RIT6, STM32U595RIT6Q, STM32U595RJT6, STM32U595RJT6Q, STM32U595VIT6, STM32U595VIT6Q, STM32U595VJT6, STM32U595VJT6Q, STM32U595ZIT6, STM32U595ZIT6Q, STM32U595ZIY6QTR, STM32U595ZJT6, STM32U595ZJT6Q, STM32U595ZJY6QTR, STM32U599BJY6QTR, STM32U599NIH6Q, STM32U599NJH6Q, STM32U599VIT6Q, STM32U599VJT6, STM32U599VJT6Q, STM32U599ZIT6Q, STM32U599ZIY6QTR, STM32U599ZJT6Q, STM32U599ZJY6QTR, STM32U5A5AJH6, STM32U5A5AJH6Q, STM32U5A5QII3Q , STM32U5A5QJI6, STM32U5A5QJI6Q, STM32U5A5RJT6, STM32U5A5RJT6Q, STM32U5A5VJT6, STM32U5A5VJT6Q, STM32U5A5ZJT6, STM32U5A5ZJT6Q, STM32U5A5ZJY6QTR, STM32U5A9BJY6QTR, STM32U5A9J-DK, STM32U5A9NJH6Q, STM32U5A9VJT6Q, STM32U5A9ZJT6Q, STM32U5A9ZJY6QTR, STM32U5F7VIT6, STM32U5F7VIT6Q, STM32U5F7VJT6, STM32U5F7VJT6Q, STM32U5F9BJY6QTR, STM32U5F9NJH6Q, STM32U5F9VIT6Q, STM32U5F9VJT6Q, STM32U5F9ZIJ6QTR, STM32U5F9ZIT6Q, STM32U5F9ZJJ6QTR, STM32U5F9ZJT6Q, STM32U5G7VJT6, STM32U5G7VJT6Q, STM32U5G9BJY6QTR, STM32U5G9J-DK1, STM32U5G9J-DK2, STM32U5G9NJH6Q, STM32U5G9VJT6Q, STM32U5G9ZJJ6QTR, STM32U5G9ZJT6Q, STM32WB05KZV6TR, STM32WB05KZV7TR, STM32WB05TZF6TR, STM32WB05TZF7TR, STM32WB06CCF6TR, STM32WB06CCF7TR, STM32WB06CCV6TR, STM32WB06CCV7TR, STM32WB06KCV6TR, STM32WB06KCV7TR, STM32WB07CCF6TR, STM32WB07CCF7TR, STM32WB07CCV6TR, STM32WB07CCV7TR, STM32WB07KCV6TR, STM32WB07KCV7TR, STM32WB09KEV6TR, STM32WB09KEV7TR, STM32WB09TEF6TR, STM32WB09TEF7TR, STM32WB1MMCH6, STM32WBA50KGU6, STM32WBA50KGU6TR, STM32WBA52CEU6, STM32WBA52CEU6TR, STM32WBA52CEU7, STM32WBA52CEU7TR, STM32WBA52CGU6, STM32WBA52CGU6TR, STM32WBA52CGU6U, STM32WBA52CGU7, STM32WBA52CGU7TR, STM32WBA52KEU6, STM32WBA52KEU6TR, STM32WBA52KGU6, STM32WBA52KGU6TR, STM32WBA54CEU6, STM32WBA54CEU6TR, STM32WBA54CEU7, STM32WBA54CEU7TR, STM32WBA54CGU6, STM32WBA54CGU6TR, STM32WBA54CGU7, STM32WBA54CGU7TR, STM32WBA54KEU6, STM32WBA54KEU6TR, STM32WBA54KEU7, STM32WBA54KEU7TR, STM32WBA54KGU6, STM32WBA54KGU6TR, STM32WBA54KGU7, STM32WBA54KGU7TR, STM32WBA55CEU6, STM32WBA55CEU6TR, STM32WBA55CEU7, STM32WBA55CEU7TR, STM32WBA55CGU6, STM32WBA55CGU6TR, STM32WBA55CGU6U, STM32WBA55CGU7, STM32WBA55CGU7TR, STM32WBA55G-DK1, STM32WBA55HEF6, STM32WBA55HEF7, STM32WBA55HGF6, STM32WBA55HGF7, STM32WBA55UEI6, STM32WBA55UEI6TR, STM32WBA55UEI7, STM32WBA55UEI7TR, STM32WBA55UGI6, STM32WBA55UGI6TR, STM32WBA55UGI7, STM32WBA55UGI7TR, STM32WBA5MJGH6TR, STM32WBA62CGU6, STM32WBA62CIU6, STM32WBA62MGF6, STM32WBA62MIF6, STM32WBA62PGI6, STM32WBA62PII6, STM32WBA63CGU6, STM32WBA63CGU7, STM32WBA63CIU6, STM32WBA63CIU7, STM32WBA64CGU6, STM32WBA64CGU7, STM32WBA64CIU6, STM32WBA64CIU7, STM32WBA65CGU6, STM32WBA65CGU7, STM32WBA65CIU6, STM32WBA65CIU7, STM32WBA65I-DK1, STM32WBA65MGF6, STM32WBA65MGF7, STM32WBA65MIF6, STM32WBA65MIF7, STM32WBA65PGI6, STM32WBA65PGI7, STM32WBA65PII6, STM32WBA65PII7, STM32WBA65RGV6, STM32WBA65RGV7, STM32WBA65RIV6, STM32WBA65RIV7, STM32WL30K8V6, STM32WL30KBV6, STM32WL31C8V6, STM32WL31CBV6, STM32WL31K8V6, STM32WL31KBV6, STM32WL33C8V6, STM32WL33C8V6TR, STM32WL33C8V7, STM32WL33C8V7TR, STM32WL33CBV6, STM32WL33CBV6TR, STM32WL33CBV7, STM32WL33CBV7TR, STM32WL33CCV6, STM32WL33CCV6TR, STM32WL33CCV7, STM32WL33CCV7A, STM32WL33CCV7ATR, STM32WL33CCV7TR, STM32WL33K8V6, STM32WL33K8V6TR, STM32WL33K8V7, STM32WL33K8V7TR, STM32WL33KBV6, STM32WL33KBV6TR, STM32WL33KBV7, STM32WL33KBV7TR, STM32WL33KCV6, STM32WL33KCV6TR, STM32WL33KCV7, STM32WL33KCV7TR, STM32WL5MOCH6, STM32WL5MOCH6TR]
2025-03-01 14:27:55,275 [INFO] BoardInfo:889 - No configuration file found for board P-NUCLEO-WB55
2025-03-01 14:27:55,276 [INFO] DbBoards:161 - Kit is not supported: P-NUCLEO-WB55
2025-03-01 14:27:55,284 [INFO] BoardInfo:889 - No configuration file found for board STEVAL-BFA001V1B
2025-03-01 14:27:55,285 [INFO] DbBoards:161 - Kit is not supported: STEVAL-BFA001V1B
2025-03-01 14:27:55,287 [INFO] BoardInfo:889 - No configuration file found for board STEVAL-BFA001V2B
2025-03-01 14:27:55,289 [INFO] DbBoards:161 - Kit is not supported: STEVAL-BFA001V2B
2025-03-01 14:27:55,508 [INFO] DbBoards:168 - Found 211 boards, 208 are supported
2025-03-01 14:27:55,508 [INFO] DbBoards:169 - Found 211 boards, 43 of them is supported for  Bsp
2025-03-01 14:27:55,512 [INFO] ApiDb:668 - CubeFinder database Data Model version=2.1
2025-03-01 14:27:55,512 [INFO] ApiDb:669 - CubeFinder database Configuration version=3.0.39
2025-03-01 14:27:55,512 [INFO] ApiDb:670 - CubeFinder database generation date=2025-02-18 (1739885696)
2025-03-01 14:27:55,512 [INFO] ApiDb:671 - CubeFinder database FW Pack versions=[FP-ATR-ASTRA1_V2.0.0, FP-SNS-FLIGHT1_V5.0.2, FP-SNS-MOTENV1_V5.0.0, FP-SNS-MOTENVWB1_V1.4.0, FP-SNS-SMARTAG2_V1.2.0, FP-SNS-STBOX1_V2.0.0, STM32Cube_FW_C0_V1.4.0, STM32Cube_FW_F4_V1.28.1, STM32Cube_FW_F7_V1.17.2, STM32Cube_FW_G0_V1.6.2, STM32Cube_FW_G4_V1.6.1, STM32Cube_FW_H5_V1.5.0, STM32Cube_FW_H7RS_V1.2.0, STM32Cube_FW_H7_V1.12.1, STM32Cube_FW_L0_V1.12.2, STM32Cube_FW_L4_V1.18.1, STM32Cube_FW_L5_V1.5.1, STM32Cube_FW_N6_V1.1.0, STM32Cube_FW_U0_V1.2.0, STM32Cube_FW_U3_V1.1.0, STM32Cube_FW_U5_V1.7.0, STM32Cube_FW_WB0_V1.2.0, STM32Cube_FW_WBA_V1.6.0, STM32Cube_FW_WB_V1.22.0, STM32Cube_FW_WL3_V1.1.0, STM32Cube_FW_WL_V1.3.1, X-CUBE-ALGOBUILD_V1.4.0, X-CUBE-ALS_V1.0.2, X-CUBE-AZRTOS-F4_V1.1.0, X-CUBE-AZRTOS-F7_V1.1.0, X-CUBE-AZRTOS-G0_V1.1.0, X-CUBE-AZRTOS-G4_V2.0.0, X-CUBE-AZRTOS-H7RS_V1.0.0, X-CUBE-AZRTOS-H7_V3.3.0, X-CUBE-AZRTOS-L4_V2.0.0, X-CUBE-AZRTOS-L5_V2.0.0, X-CUBE-AZRTOS-WB_V2.0.0, X-CUBE-AZRTOS-WL_V2.0.0, X-CUBE-BLE1_V7.0.0, X-CUBE-BLE2_V3.3.0, X-CUBE-BLEMGR_V4.0.0, X-CUBE-EEPRMA1_V5.1.0, X-CUBE-FREERTOS_V1.3.0, X-CUBE-GNSS1_V6.0.0, X-CUBE-MEMS1_V11.1.0, X-CUBE-NFC4_V3.0.0, X-CUBE-NFC7_V1.0.1, X-CUBE-SFXS2LP1_V4.0.0, X-CUBE-SUBG2_V5.0.0, X-CUBE-TOF1_V3.4.2]
2025-03-01 14:27:57,811 [INFO] ApiDb:240 - Found 895 in-development CPN: [B-G473E-ZEST1S, B-WB1M-WPAN1, B-WBA5M-WPAN, B-WL5M-SUBG1, NUCLEO-C031C6, NUCLEO-C051C8, NUCLEO-C071RB, NUCLEO-C092RC, NUCLEO-H503RB, NUCLEO-H533RE, NUCLEO-H563ZI, NUCLEO-H7S3L8, NUCLEO-N657X0-Q, NUCLEO-U031R8, NUCLEO-U083RC, NUCLEO-U385RG-Q, NUCLEO-U545RE-Q, NUCLEO-U5A5ZJ-Q, NUCLEO-WB05KZ, NUCLEO-WB07CC, NUCLEO-WB09KE, NUCLEO-WBA52CG, NUCLEO-WBA55CG, NUCLEO-WBA65RI, NUCLEO-WL33CC1, NUCLEO-WL33CC2, STEVAL-PROTEUS1, STEVAL-SMARTAG2, STEVAL-STWINBX1, STM320518-EVAL, STM32C0116-DK, STM32C011D6Y3TR, STM32C011D6Y6TR, STM32C011F4P3, STM32C011F4P6, STM32C011F4U3, STM32C011F4U6TR, STM32C011F6P3, STM32C011F6P6, STM32C011F6U3, STM32C011F6U6TR, STM32C011J4M3, STM32C011J4M6, STM32C011J6M3, STM32C011J6M6, STM32C0316-DK, STM32C031C4T3, STM32C031C4T6, STM32C031C4U3, STM32C031C4U6, STM32C031C6T3, STM32C031C6T6, STM32C031C6U3, STM32C031C6U6, STM32C031F4P3, STM32C031F4P6, STM32C031F6P3, STM32C031F6P6, STM32C031G4U3, STM32C031G4U6, STM32C031G6U3, STM32C031G6U6, STM32C031K4T3, STM32C031K4T6, STM32C031K4U3, STM32C031K4U6, STM32C031K6T3, STM32C031K6T6, STM32C031K6U3, STM32C031K6U6, STM32C051C6T6, STM32C051C6U6, STM32C051C8T6, STM32C051C8U6, STM32C051D8Y6TR, STM32C051F6P6, STM32C051F8P6, STM32C051G6U6, STM32C051G8U6, STM32C051K6T6, STM32C051K6U6, STM32C051K8T6, STM32C071C8T6, STM32C071C8T6N, STM32C071C8U6, STM32C071C8U6N, STM32C071CBT6, STM32C071CBT6N, STM32C071CBU6, STM32C071CBU6N, STM32C071F8P6, STM32C071F8P6N, STM32C071FBP6, STM32C071FBP6N, STM32C071FBY6TR, STM32C071G8U6, STM32C071G8U6N, STM32C071GBU6, STM32C071GBU6N, STM32C071K8T6, STM32C071K8T6N, STM32C071K8U6, STM32C071K8U6N, STM32C071KBT6, STM32C071KBT6N, STM32C071KBU6, STM32C071KBU6N, STM32C071R8T6, STM32C071R8T6N, STM32C071RBI6N, STM32C071RBT6, STM32C071RBT6N, STM32C091CBT6, STM32C091CBU6, STM32C091CCT6, STM32C091CCU6, STM32C091ECY6TR, STM32C091FBP6, STM32C091FCP6, STM32C091GBU6, STM32C091GCU6, STM32C091KBT6, STM32C091KBU6, STM32C091KCT6, STM32C091KCU6, STM32C091RBT6, STM32C091RCI6, STM32C091RCT6, STM32C092CBT6, STM32C092CBU6, STM32C092CCT6, STM32C092CCU6, STM32C092ECY6TR, STM32C092FBP6, STM32C092FCP6, STM32C092GBU6, STM32C092GCU6, STM32C092KBT6, STM32C092KBU6, STM32C092KCT6, STM32C092KCU6, STM32C092RBT6, STM32C092RCI6, STM32C092RCT6, STM32G071K8TXN, STM32G071K8UXN, STM32G081GBU6N, STM32G081KBT6N, STM32G081KBUXN, STM32G0B1CCT6N, STM32G0B1KCT6, STM32G0B1NEY6TR, STM32G0B1RCT6N, STM32G0C1CCT6, STM32G0C1CCT6N, STM32G0C1CCU6N, STM32G0C1CET6N, STM32G0C1CEU6N, STM32G0C1KCT6, STM32G0C1NEY6TR, STM32G0C1RCI6N, STM32G0C1RCT6N, STM32G0C1REI6N, STM32G0C1RET6N, STM32G0C1VCI6, STM32G0C1VEI6, STM32G411C6T3, STM32G411C6T6, STM32G411C6U3, STM32G411C6U6, STM32G411C8T3, STM32G411C8T6, STM32G411C8U3, STM32G411C8U6, STM32G411CBT3, STM32G411CBT6, STM32G411CBU3, STM32G411CBU6, STM32G411CCT3, STM32G411CCT6, STM32G411CCU3, STM32G411CCU6, STM32G411K6T3, STM32G411K6T6, STM32G411K6U3, STM32G411K6U6, STM32G411K8T3, STM32G411K8T6, STM32G411K8U3, STM32G411K8U6, STM32G411KBT3, STM32G411KBT6, STM32G411KBU3, STM32G411KBU6, STM32G411M6T3, STM32G411M6T6, STM32G411M8T3, STM32G411M8T6, STM32G411MBT3, STM32G411MBT6, STM32G411MCT3, STM32G411MCT6, STM32G411R6T3, STM32G411R6T6, STM32G411R8T3, STM32G411R8T6, STM32G411RBT3, STM32G411RBT6, STM32G411RCT3, STM32G411RCT6, STM32G414CBT3, STM32G414CBT6, STM32G414CBU3, STM32G414CBU6, STM32G414CCT3, STM32G414CCT6, STM32G414CCU3, STM32G414CCU6, STM32G414MBT3, STM32G414MBT6, STM32G414MCT3, STM32G414MCT6, STM32G414RBT3, STM32G414RBT6, STM32G414RCT3, STM32G414RCT6, STM32G414VBT3, STM32G414VBT6, STM32G414VCT3, STM32G414VCT6, STM32G431CBT3Z, STM32G431RBT3Z, STM32G471CCT6, STM32G471CCU6, STM32G471CET3, STM32G471CET6, STM32G471CEU3, STM32G471CEU6, STM32G471MCT6, STM32G471MET3, STM32G471MET6, STM32G471MEY6TR, STM32G471QCT6, STM32G471QET3, STM32G471RCT6, STM32G471RET3, STM32G471RET6, STM32G471VCH6, STM32G471VCI6, STM32G471VCT6, STM32G471VEH3, STM32G471VEH6, STM32G471VEI3, STM32G471VEI6, STM32G471VET3, STM32G471VET6, STM32G473QET3Z, STM32G473RET3Z, STM32G474CCT6, STM32G491RET3Z, STM32H503CBT6, STM32H503CBU6, STM32H503EBY6TR, STM32H503KBU6, STM32H503RBT6, STM32H523CCT6, STM32H523CCU6, STM32H523CET6, STM32H523CEU6, STM32H523HEY6TR, STM32H523RCT6, STM32H523RET6, STM32H523VCI6, STM32H523VCT6, STM32H523VEI6, STM32H523VET6, STM32H523ZCJ6, STM32H523ZCT6, STM32H523ZEJ6, STM32H523ZET6, STM32H533CET6, STM32H533CEU6, STM32H533HEY6TR, STM32H533RET6, STM32H533VEI6, STM32H533VET6, STM32H533ZEJ6, STM32H533ZET6, STM32H562AGI6, STM32H562AII6, STM32H562IGK6, STM32H562IGT6, STM32H562IIK6, STM32H562IIT6, STM32H562RGT6, STM32H562RGV6, STM32H562RIT6, STM32H562RIV6, STM32H562VGT6, STM32H562VIT6, STM32H562ZGT6, STM32H562ZIT6, STM32H563AGI6, STM32H563AII3Q, STM32H563AII6, STM32H563IGK6, STM32H563IGT6, STM32H563IIK3Q, STM32H563IIK6, STM32H563IIT3Q, STM32H563IIT6, STM32H563MIY3QTR, STM32H563RGT6, STM32H563RGV6, STM32H563RIT6, STM32H563RIV6, STM32H563VGT6, STM32H563VIT3Q, STM32H563VIT6, STM32H563ZGT6, STM32H563ZIT3Q, STM32H563ZIT6, STM32H573AII3Q, STM32H573AII6, STM32H573I-DK, STM32H573IIK3Q, STM32H573IIK6, STM32H573IIT3Q, STM32H573IIT6, STM32H573MIY3QTR, STM32H573RIT6, STM32H573RIV6, STM32H573VIT3Q, STM32H573VIT6, STM32H573ZIT3Q, STM32H573ZIT6, STM32H7R3A8I6, STM32H7R3I8K6, STM32H7R3I8T6, STM32H7R3L8H6, STM32H7R3L8H6H, STM32H7R3R8V6, STM32H7R3V8H6, STM32H7R3V8T6, STM32H7R3V8Y6TR, STM32H7R3Z8J6, STM32H7R3Z8T6, STM32H7R7A8I6, STM32H7R7I8K6, STM32H7R7I8T6, STM32H7R7L8H6, STM32H7R7L8H6H, STM32H7R7Z8J6, STM32H7S3A8I6, STM32H7S3I8K6, STM32H7S3I8T6, STM32H7S3L8H6, STM32H7S3L8H6H, STM32H7S3R8V6, STM32H7S3V8H6, STM32H7S3V8T6, STM32H7S3V8Y6TR, STM32H7S3Z8J6, STM32H7S3Z8T6, STM32H7S78-DK, STM32H7S7A8I6, STM32H7S7I8K6, STM32H7S7I8T6, STM32H7S7L8H6, STM32H7S7L8H6H, STM32H7S7Z8J6, STM32L4R5QGI6STR, STM32MP131AAE3, STM32MP131AAF3, STM32MP131AAG3, STM32MP131CAE3, STM32MP131CAF3, STM32MP131CAG3, STM32MP131DAE7, STM32MP131DAF7, STM32MP131DAG7, STM32MP131FAE7, STM32MP131FAF7, STM32MP131FAG7, STM32MP133AAE3, STM32MP133AAF3, STM32MP133AAG3, STM32MP133CAE3, STM32MP133CAF3, STM32MP133CAG3, STM32MP133DAE7, STM32MP133DAF7, STM32MP133DAG7, STM32MP133FAE7, STM32MP133FAF7, STM32MP133FAG7, STM32MP135AAE3, STM32MP135AAF3, STM32MP135AAG3, STM32MP135CAE3, STM32MP135CAF3, STM32MP135CAG3, STM32MP135DAE7, STM32MP135DAF7, STM32MP135DAG7, STM32MP135F-DK, STM32MP135FAE7, STM32MP135FAF7, STM32MP135FAF7T, STM32MP135FAF7U, STM32MP135FAG7, STM32MP231AAJ3, STM32MP231AAK3, STM32MP231AAL3, STM32MP231CAJ3, STM32MP231CAK3, STM32MP231CAL3, STM32MP231DAJ3, STM32MP231DAK3, STM32MP231DAL3, STM32MP231FAJ3, STM32MP231FAK3, STM32MP231FAL3, STM32MP233AAJ3, STM32MP233AAK3, STM32MP233AAL3, STM32MP233CAJ3, STM32MP233CAK3, STM32MP233CAL3, STM32MP233DAJ3, STM32MP233DAK3, STM32MP233DAL3, STM32MP233FAJ3, STM32MP233FAK3, STM32MP233FAL3, STM32MP235AAJ3, STM32MP235AAK3, STM32MP235AAL3, STM32MP235CAJ3, STM32MP235CAK3, STM32MP235CAL3, STM32MP235DAJ3, STM32MP235DAK3, STM32MP235DAL3, STM32MP235FAJ3, STM32MP235FAK3, STM32MP235FAL3, STM32MP251AAI3, STM32MP251AAJ3, STM32MP251AAK3, STM32MP251AAL3, STM32MP251CAI3, STM32MP251CAJ3, STM32MP251CAK3, STM32MP251CAL3, STM32MP251DAI3, STM32MP251DAJ3, STM32MP251DAK3, STM32MP251DAL3, STM32MP251FAI3, STM32MP251FAJ3, STM32MP251FAK3, STM32MP251FAL3, STM32MP253AAI3, STM32MP253AAJ3, STM32MP253AAK3, STM32MP253AAL3, STM32MP253CAI3, STM32MP253CAJ3, STM32MP253CAK3, STM32MP253CAL3, STM32MP253DAI3, STM32MP253DAJ3, STM32MP253DAK3, STM32MP253DAL3, STM32MP253FAI3, STM32MP253FAJ3, STM32MP253FAK3, STM32MP253FAL3, STM32MP255AAI3, STM32MP255AAJ3, STM32MP255AAK3, STM32MP255AAL3, STM32MP255CAI3, STM32MP255CAJ3, STM32MP255CAK3, STM32MP255CAL3, STM32MP255DAI3, STM32MP255DAJ3, STM32MP255DAK3, STM32MP255DAL3, STM32MP255FAI3, STM32MP255FAJ3, STM32MP255FAK3, STM32MP255FAL3, STM32MP257AAI3, STM32MP257AAJ3, STM32MP257AAK3, STM32MP257AAL3, STM32MP257CAI3, STM32MP257CAJ3, STM32MP257CAK3, STM32MP257CAL3, STM32MP257DAI3, STM32MP257DAJ3, STM32MP257DAK3, STM32MP257DAL3, STM32MP257F-DK, STM32MP257F-EV1, STM32MP257FAI3, STM32MP257FAJ3, STM32MP257FAK3, STM32MP257FAL3, STM32N645A0H3Q, STM32N645B0H3Q, STM32N645I0H3Q, STM32N645L0H3Q, STM32N645X0H3Q, STM32N645Z0H3Q, STM32N647A0H3Q, STM32N647B0H3Q, STM32N647I0H3Q, STM32N647L0H3Q, STM32N647X0H3Q, STM32N647Z0H3Q, STM32N655A0H3Q, STM32N655B0H3Q, STM32N655I0H3Q, STM32N655L0H3Q, STM32N655X0H3Q, STM32N655Z0H3Q, STM32N6570-DK, STM32N657A0H3Q, STM32N657B0H3Q, STM32N657I0H3Q, STM32N657L0H3Q, STM32N657X0H3Q, STM32N657Z0H3Q, STM32U031C6T6, STM32U031C6U6, STM32U031C8T6, STM32U031C8U6, STM32U031F4P6, STM32U031F6P6, STM32U031F8P6, STM32U031G6Y6TR, STM32U031G8Y6TR, STM32U031K4U6, STM32U031K6U6, STM32U031K8U6, STM32U031R6I6, STM32U031R6T6, STM32U031R8I6, STM32U031R8T6, STM32U073C8T6, STM32U073C8U6, STM32U073CBT6, STM32U073CBU6, STM32U073CCT6, STM32U073CCU6, STM32U073H8Y6TR, STM32U073HBY6TR, STM32U073HCY6TR, STM32U073K8U6, STM32U073KBU6, STM32U073KCU6, STM32U073M8I6, STM32U073M8T6, STM32U073MBI6, STM32U073MBT6, STM32U073MCI6, STM32U073MCT6, STM32U073R8I6, STM32U073R8T6, STM32U073RBI6, STM32U073RBT6, STM32U073RCI6, STM32U073RCT6, STM32U083C-DK, STM32U083CCT6, STM32U083CCU6, STM32U083HCY6TR, STM32U083KCU6, STM32U083MCI6, STM32U083MCT6, STM32U083RCI6, STM32U083RCT6, STM32U375CET6, STM32U375CET6Q, STM32U375CEU6, STM32U375CEU6Q, STM32U375CEY6QTR, STM32U375CGT6, STM32U375CGT6Q, STM32U375CGU6, STM32U375CGU6Q, STM32U375CGY6QTR, STM32U375KEU6, STM32U375KGU6, STM32U375REI6, STM32U375REI6Q, STM32U375RET6, STM32U375RET6Q, STM32U375REY6GTR, STM32U375REY6QTR, STM32U375RGI6, STM32U375RGI6Q, STM32U375RGT6, STM32U375RGT6Q, STM32U375RGY6GTR, STM32U375RGY6QTR, STM32U375VEI6, STM32U375VEI6Q, STM32U375VET6, STM32U375VET6Q, STM32U375VGI6, STM32U375VGI6Q, STM32U375VGT6, STM32U375VGT6Q, STM32U385CGT6, STM32U385CGT6Q, STM32U385CGU6, STM32U385CGU6Q, STM32U385CGY6QTR, STM32U385KGU6, STM32U385RGI6, STM32U385RGI6Q, STM32U385RGT6, STM32U385RGT6Q, STM32U385RGY6GTR, STM32U385RGY6QTR, STM32U385VGI6, STM32U385VGI6Q, STM32U385VGT6, STM32U385VGT6Q, STM32U535CBT6, STM32U535CBT6Q, STM32U535CBU6, STM32U535CBU6Q, STM32U535CCT6, STM32U535CCT6Q, STM32U535CCU6, STM32U535CCU6Q, STM32U535CET6, STM32U535CET6Q, STM32U535CEU6, STM32U535CEU6Q, STM32U535JEY6QTR, STM32U535NCY6QTR, STM32U535NEY6QTR, STM32U535RBI6, STM32U535RBI6Q, STM32U535RBT6, STM32U535RBT6Q, STM32U535RCI6, STM32U535RCI6Q, STM32U535RCT6, STM32U535RCT6Q, STM32U535REI6, STM32U535REI6Q, STM32U535RET6, STM32U535RET6Q, STM32U535VCI6, STM32U535VCI6Q, STM32U535VCT6, STM32U535VCT6Q, STM32U535VEI6, STM32U535VEI6Q, STM32U535VET6, STM32U535VET6Q, STM32U545CET6, STM32U545CET6Q, STM32U545CEU6, STM32U545CEU6Q, STM32U545JEY6QTR, STM32U545NEY6QTR, STM32U545REI6, STM32U545REI6Q, STM32U545RET6, STM32U545RET6Q, STM32U545VEI6, STM32U545VEI6Q, STM32U545VET6, STM32U545VET6Q, STM32U595AIH6, STM32U595AIH6Q, STM32U595AJH6, STM32U595AJH6Q, STM32U595QII6, STM32U595QII6Q, STM32U595QJI6, STM32U595QJI6Q, STM32U595RIT6, STM32U595RIT6Q, STM32U595RJT6, STM32U595RJT6Q, STM32U595VIT6, STM32U595VIT6Q, STM32U595VJT6, STM32U595VJT6Q, STM32U595ZIT6, STM32U595ZIT6Q, STM32U595ZIY6QTR, STM32U595ZJT6, STM32U595ZJT6Q, STM32U595ZJY6QTR, STM32U599BJY6QTR, STM32U599NIH6Q, STM32U599NJH6Q, STM32U599VIT6Q, STM32U599VJT6, STM32U599VJT6Q, STM32U599ZIT6Q, STM32U599ZIY6QTR, STM32U599ZJT6Q, STM32U599ZJY6QTR, STM32U5A5AJH6, STM32U5A5AJH6Q, STM32U5A5QII3Q , STM32U5A5QJI6, STM32U5A5QJI6Q, STM32U5A5RJT6, STM32U5A5RJT6Q, STM32U5A5VJT6, STM32U5A5VJT6Q, STM32U5A5ZJT6, STM32U5A5ZJT6Q, STM32U5A5ZJY6QTR, STM32U5A9BJY6QTR, STM32U5A9J-DK, STM32U5A9NJH6Q, STM32U5A9VJT6Q, STM32U5A9ZJT6Q, STM32U5A9ZJY6QTR, STM32U5F7VIT6, STM32U5F7VIT6Q, STM32U5F7VJT6, STM32U5F7VJT6Q, STM32U5F9BJY6QTR, STM32U5F9NJH6Q, STM32U5F9VIT6Q, STM32U5F9VJT6Q, STM32U5F9ZIJ6QTR, STM32U5F9ZIT6Q, STM32U5F9ZJJ6QTR, STM32U5F9ZJT6Q, STM32U5G7VJT6, STM32U5G7VJT6Q, STM32U5G9BJY6QTR, STM32U5G9J-DK1, STM32U5G9J-DK2, STM32U5G9NJH6Q, STM32U5G9VJT6Q, STM32U5G9ZJJ6QTR, STM32U5G9ZJT6Q, STM32WB05KZV6TR, STM32WB05KZV7TR, STM32WB05TZF6TR, STM32WB05TZF7TR, STM32WB06CCF6TR, STM32WB06CCF7TR, STM32WB06CCV6TR, STM32WB06CCV7TR, STM32WB06KCV6TR, STM32WB06KCV7TR, STM32WB07CCF6TR, STM32WB07CCF7TR, STM32WB07CCV6TR, STM32WB07CCV7TR, STM32WB07KCV6TR, STM32WB07KCV7TR, STM32WB09KEV6TR, STM32WB09KEV7TR, STM32WB09TEF6TR, STM32WB09TEF7TR, STM32WB1MMCH6, STM32WBA50KGU6, STM32WBA50KGU6TR, STM32WBA52CEU6, STM32WBA52CEU6TR, STM32WBA52CEU7, STM32WBA52CEU7TR, STM32WBA52CGU6, STM32WBA52CGU6TR, STM32WBA52CGU6U, STM32WBA52CGU7, STM32WBA52CGU7TR, STM32WBA52KEU6, STM32WBA52KEU6TR, STM32WBA52KGU6, STM32WBA52KGU6TR, STM32WBA54CEU6, STM32WBA54CEU6TR, STM32WBA54CEU7, STM32WBA54CEU7TR, STM32WBA54CGU6, STM32WBA54CGU6TR, STM32WBA54CGU7, STM32WBA54CGU7TR, STM32WBA54KEU6, STM32WBA54KEU6TR, STM32WBA54KEU7, STM32WBA54KEU7TR, STM32WBA54KGU6, STM32WBA54KGU6TR, STM32WBA54KGU7, STM32WBA54KGU7TR, STM32WBA55CEU6, STM32WBA55CEU6TR, STM32WBA55CEU7, STM32WBA55CEU7TR, STM32WBA55CGU6, STM32WBA55CGU6TR, STM32WBA55CGU6U, STM32WBA55CGU7, STM32WBA55CGU7TR, STM32WBA55G-DK1, STM32WBA55HEF6, STM32WBA55HEF7, STM32WBA55HGF6, STM32WBA55HGF7, STM32WBA55UEI6, STM32WBA55UEI6TR, STM32WBA55UEI7, STM32WBA55UEI7TR, STM32WBA55UGI6, STM32WBA55UGI6TR, STM32WBA55UGI7, STM32WBA55UGI7TR, STM32WBA5MJGH6TR, STM32WBA62CGU6, STM32WBA62CIU6, STM32WBA62MGF6, STM32WBA62MIF6, STM32WBA62PGI6, STM32WBA62PII6, STM32WBA63CGU6, STM32WBA63CGU7, STM32WBA63CIU6, STM32WBA63CIU7, STM32WBA64CGU6, STM32WBA64CGU7, STM32WBA64CIU6, STM32WBA64CIU7, STM32WBA65CGU6, STM32WBA65CGU7, STM32WBA65CIU6, STM32WBA65CIU7, STM32WBA65I-DK1, STM32WBA65MGF6, STM32WBA65MGF7, STM32WBA65MIF6, STM32WBA65MIF7, STM32WBA65PGI6, STM32WBA65PGI7, STM32WBA65PII6, STM32WBA65PII7, STM32WBA65RGV6, STM32WBA65RGV7, STM32WBA65RIV6, STM32WBA65RIV7, STM32WL30K8V6, STM32WL30KBV6, STM32WL31C8V6, STM32WL31CBV6, STM32WL31K8V6, STM32WL31KBV6, STM32WL33C8V6, STM32WL33C8V6TR, STM32WL33C8V7, STM32WL33C8V7TR, STM32WL33CBV6, STM32WL33CBV6TR, STM32WL33CBV7, STM32WL33CBV7TR, STM32WL33CCV6, STM32WL33CCV6TR, STM32WL33CCV7, STM32WL33CCV7A, STM32WL33CCV7ATR, STM32WL33CCV7TR, STM32WL33K8V6, STM32WL33K8V6TR, STM32WL33K8V7, STM32WL33K8V7TR, STM32WL33KBV6, STM32WL33KBV6TR, STM32WL33KBV7, STM32WL33KBV7TR, STM32WL33KCV6, STM32WL33KCV6TR, STM32WL33KCV7, STM32WL33KCV7TR, STM32WL5MOCH6, STM32WL5MOCH6TR]
2025-03-01 14:27:57,815 [INFO] DbMcus:218 - Found 4682 MCUs, 4682 are supported
2025-03-01 14:27:57,815 [INFO] ApiDb:423 - Load user favorites file C:\Users\mridu/.stm32cubeide/favorites.mcus.txt: 0 item(s)
2025-03-01 14:27:57,815 [INFO] ApiDb:427 - User favorites MCUs=[]
2025-03-01 14:27:57,816 [INFO] DbMcus:224 - Set 0 / 0 favorites MCUs
2025-03-01 14:27:58,238 [INFO] ApiDb:423 - Load user favorites file C:\Users\mridu/.stm32cubeide/favorites.boards.txt: 0 item(s)
2025-03-01 14:27:58,238 [INFO] ApiDb:427 - User favorites Boards=[]
2025-03-01 14:27:58,239 [INFO] DbBoards:198 - Set 0 / 0 favorites Boards
2025-03-01 14:27:58,345 [INFO] UtilMem:75 - End LoadConfig() Used Memory: 901702944 Bytes (1073741824)
2025-03-01 14:27:58,474 [WARN] ThirdParty:833 - waiting for thirdparty lock release [change project]
2025-03-01 14:27:58,474 [INFO] ThirdParty:835 - entering critical section [change project]
2025-03-01 14:27:58,474 [INFO] ThirdParty:1030 - CMSIS Pack Vendor :STMicroelectronics USBPD 4.1
2025-03-01 14:27:58,474 [INFO] ThirdParty:1030 - CMSIS Pack Vendor :STMicroelectronics X-CUBE-AZRTOS-H7 3.3.0
2025-03-01 14:27:58,474 [INFO] ThirdParty:1030 - CMSIS Pack Vendor :STMicroelectronics USB_HOST 2.0.0
2025-03-01 14:27:58,474 [INFO] ThirdParty:1030 - CMSIS Pack Vendor :STMicroelectronics FP-SNS-MOTENVWB1 1.4.0
2025-03-01 14:27:58,475 [INFO] ThirdParty:1030 - CMSIS Pack Vendor :STMicroelectronics X-CUBE-AZRTOS-F4 1.1.0
2025-03-01 14:27:58,475 [INFO] ThirdParty:1030 - CMSIS Pack Vendor :STMicroelectronics LIBJPEG 8.0.0
2025-03-01 14:27:58,475 [INFO] ThirdParty:1030 - CMSIS Pack Vendor :STMicroelectronics FP-ATR-ASTRA1 2.0.2
2025-03-01 14:27:58,475 [INFO] ThirdParty:1030 - CMSIS Pack Vendor :STMicroelectronics FP-ATR-ASTRA1 2.0.1
2025-03-01 14:27:58,475 [INFO] ThirdParty:1030 - CMSIS Pack Vendor :STMicroelectronics X-CUBE-SMBUS 2.1.0
2025-03-01 14:27:58,475 [INFO] ThirdParty:1030 - CMSIS Pack Vendor :STMicroelectronics X-CUBE-WB05N 1.1.0
2025-03-01 14:27:58,475 [INFO] ThirdParty:1030 - CMSIS Pack Vendor :STMicroelectronics USB_DEVICE 3.0.0
2025-03-01 14:27:58,475 [INFO] ThirdParty:1030 - CMSIS Pack Vendor :STMicroelectronics X-CUBE-TCPP 4.1.0
2025-03-01 14:27:58,475 [INFO] ThirdParty:1030 - CMSIS Pack Vendor :STMicroelectronics X-CUBE-FREERTOS 1.2.0
2025-03-01 14:27:58,475 [INFO] ThirdParty:1030 - CMSIS Pack Vendor :STMicroelectronics X-CUBE-IPS 3.0.0
2025-03-01 14:27:58,475 [INFO] ThirdParty:1030 - CMSIS Pack Vendor :STMicroelectronics X-CUBE-AZRTOS-WB 2.0.0
2025-03-01 14:27:58,475 [INFO] ThirdParty:1030 - CMSIS Pack Vendor :STMicroelectronics X-CUBE-GNSS1 7.0.0
2025-03-01 14:27:58,475 [INFO] ThirdParty:1030 - CMSIS Pack Vendor :STMicroelectronics X-CUBE-GNSS1 7.0.1
2025-03-01 14:27:58,476 [INFO] ThirdParty:1030 - CMSIS Pack Vendor :STMicroelectronics X-CUBE-AZRTOS-F7 1.1.0
2025-03-01 14:27:58,476 [INFO] ThirdParty:1030 - CMSIS Pack Vendor :STMicroelectronics X-CUBE-AZRTOS-L5 2.0.0
2025-03-01 14:27:58,476 [INFO] ThirdParty:1030 - CMSIS Pack Vendor :STMicroelectronics USB_DEVICE 2.0.0
2025-03-01 14:27:58,476 [INFO] ThirdParty:1030 - CMSIS Pack Vendor :STMicroelectronics X-CUBE-NFC6 3.1.0
2025-03-01 14:27:58,476 [INFO] ThirdParty:1030 - CMSIS Pack Vendor :STMicroelectronics X-CUBE-MEMS1 11.0.0
2025-03-01 14:27:58,476 [INFO] ThirdParty:1030 - CMSIS Pack Vendor :STMicroelectronics FreeRTOS 0.0.1
2025-03-01 14:27:58,476 [INFO] ThirdParty:1030 - CMSIS Pack Vendor :STMicroelectronics X-CUBE-AZRTOS-G0 1.1.0
2025-03-01 14:27:58,476 [INFO] ThirdParty:1030 - CMSIS Pack Vendor :STMicroelectronics X-CUBE-SAFEA1 1.2.2
2025-03-01 14:27:58,476 [INFO] ThirdParty:1030 - CMSIS Pack Vendor :STMicroelectronics X-CUBE-NFC4 3.0.0
2025-03-01 14:27:58,476 [INFO] ThirdParty:1030 - CMSIS Pack Vendor :STMicroelectronics X-CUBE-SUBG2 5.0.0
2025-03-01 14:27:58,476 [INFO] ThirdParty:1030 - CMSIS Pack Vendor :STMicroelectronics STM32_WPAN 1.0.0
2025-03-01 14:27:58,476 [INFO] ThirdParty:1030 - CMSIS Pack Vendor :EmbeddedOffice I-CUBE-FS-RTOS 1.0.1
2025-03-01 14:27:58,477 [INFO] ThirdParty:1030 - CMSIS Pack Vendor :STMicroelectronics lwIP 2.0.3
2025-03-01 14:27:58,477 [INFO] ThirdParty:1030 - CMSIS Pack Vendor :STMicroelectronics FP-SNS-FLIGHT1 5.0.2
2025-03-01 14:27:58,477 [INFO] ThirdParty:1030 - CMSIS Pack Vendor :Cesanta I-CUBE-Mongoose 7.13.0
2025-03-01 14:27:58,477 [INFO] ThirdParty:1030 - CMSIS Pack Vendor :STMicroelectronics USB_HOST 1.0.0
2025-03-01 14:27:58,477 [INFO] ThirdParty:1030 - CMSIS Pack Vendor :STMicroelectronics X-CUBE-AZRTOS-G4 2.0.0
2025-03-01 14:27:58,477 [INFO] ThirdParty:1030 - CMSIS Pack Vendor :STMicroelectronics PDM2PCM 3.1.0
2025-03-01 14:27:58,477 [INFO] ThirdParty:1030 - CMSIS Pack Vendor :STMicroelectronics PDM2PCM 3.3.0
2025-03-01 14:27:58,477 [INFO] ThirdParty:1030 - CMSIS Pack Vendor :STMicroelectronics X-CUBE-DISPLAY 3.0.0
2025-03-01 14:27:58,477 [INFO] ThirdParty:1030 - CMSIS Pack Vendor :STMicroelectronics X-CUBE-TCPP 4.2.0
2025-03-01 14:27:58,477 [INFO] ThirdParty:1030 - CMSIS Pack Vendor :RealThread X-CUBE-RT-Thread_Nano 4.1.1
2025-03-01 14:27:58,477 [INFO] ThirdParty:1030 - CMSIS Pack Vendor :STMicroelectronics X-CUBE-BLE1 7.0.0
2025-03-01 14:27:58,477 [INFO] ThirdParty:1030 - CMSIS Pack Vendor :STMicroelectronics FP-ATR-SIGFOX1 3.2.0
2025-03-01 14:27:58,477 [INFO] ThirdParty:1030 - CMSIS Pack Vendor :quantropi X-CUBE-qispace-sdk-base 1.9.3
2025-03-01 14:27:58,478 [INFO] ThirdParty:1030 - CMSIS Pack Vendor :STMicroelectronics X-CUBE-BLEMGR 4.0.0
2025-03-01 14:27:58,478 [INFO] ThirdParty:1030 - CMSIS Pack Vendor :STMicroelectronics X-CUBE-EEPRMA1 5.1.0
2025-03-01 14:27:58,478 [INFO] ThirdParty:1030 - CMSIS Pack Vendor :STMicroelectronics HAL Drivers 0.0.0
2025-03-01 14:27:58,478 [INFO] ThirdParty:1030 - CMSIS Pack Vendor :STMicroelectronics MBEDTLS 2.16.2
2025-03-01 14:27:58,478 [INFO] ThirdParty:1030 - CMSIS Pack Vendor :STMicroelectronics X-CUBE-IPS 3.1.0
2025-03-01 14:27:58,478 [INFO] ThirdParty:1030 - CMSIS Pack Vendor :STMicroelectronics X-CUBE-ALS 1.0.2
2025-03-01 14:27:58,478 [INFO] ThirdParty:1030 - CMSIS Pack Vendor :emotas I-CUBE-CANOPEN 1.3.0
2025-03-01 14:27:58,478 [INFO] ThirdParty:1030 - CMSIS Pack Vendor :STMicroelectronics X-CUBE-FREERTOS 1.3.0
2025-03-01 14:27:58,478 [INFO] ThirdParty:1030 - CMSIS Pack Vendor :wolfSSL I-CUBE-wolfSSL 5.7.4
2025-03-01 14:27:58,478 [INFO] ThirdParty:1030 - CMSIS Pack Vendor :STMicroelectronics X-CUBE-NFC7 1.0.1
2025-03-01 14:27:58,478 [INFO] ThirdParty:1030 - CMSIS Pack Vendor :STMicroelectronics MBEDTLS 2.14.1
2025-03-01 14:27:58,478 [INFO] ThirdParty:1030 - CMSIS Pack Vendor :ITTIA_DB I-CUBE-ITTIADB 8.9.0
2025-03-01 14:27:58,478 [INFO] ThirdParty:1030 - CMSIS Pack Vendor :STMicroelectronics X-CUBE-TOUCHGFX 4.24.2
2025-03-01 14:27:58,478 [INFO] ThirdParty:1030 - CMSIS Pack Vendor :STMicroelectronics X-CUBE-TOUCHGFX 4.24.1
2025-03-01 14:27:58,478 [INFO] ThirdParty:1030 - CMSIS Pack Vendor :wolfSSL I-CUBE-wolfTPM 3.4.0
2025-03-01 14:27:58,478 [INFO] ThirdParty:1030 - CMSIS Pack Vendor :portGmbH I-Cube-SoM-uGOAL 1.1.0
2025-03-01 14:27:58,479 [INFO] ThirdParty:1030 - CMSIS Pack Vendor :STMicroelectronics X-CUBE-BLEMGR 3.1.0
2025-03-01 14:27:58,479 [INFO] ThirdParty:1030 - CMSIS Pack Vendor :STMicroelectronics X-CUBE-AI 10.0.0
2025-03-01 14:27:58,479 [INFO] ThirdParty:1030 - CMSIS Pack Vendor :STMicroelectronics ThreadX 1.0.0
2025-03-01 14:27:58,479 [INFO] ThirdParty:1030 - CMSIS Pack Vendor :STMicroelectronics FP-SNS-SMARTAG2 1.2.0
2025-03-01 14:27:58,479 [INFO] ThirdParty:1030 - CMSIS Pack Vendor :STMicroelectronics X-CUBE-MEMS1 11.1.0
2025-03-01 14:27:58,479 [INFO] ThirdParty:1030 - CMSIS Pack Vendor :STMicroelectronics X-CUBE-AZRTOS-WL 2.0.0
2025-03-01 14:27:58,479 [INFO] ThirdParty:1030 - CMSIS Pack Vendor :SEGGER I-CUBE-embOS 1.3.1
2025-03-01 14:27:58,479 [INFO] ThirdParty:1030 - CMSIS Pack Vendor :STMicroelectronics X-CUBE-ALGOBUILD 1.4.0
2025-03-01 14:27:58,479 [INFO] ThirdParty:1030 - CMSIS Pack Vendor :STMicroelectronics FP-SNS-MOTENV1 5.0.0
2025-03-01 14:27:58,479 [INFO] ThirdParty:1030 - CMSIS Pack Vendor :STMicroelectronics USB_DEVICE 1.0.0
2025-03-01 14:27:58,479 [INFO] ThirdParty:1030 - CMSIS Pack Vendor :STMicroelectronics X-CUBE-AZRTOS-H7RS 1.0.0
2025-03-01 14:27:58,479 [INFO] ThirdParty:1030 - CMSIS Pack Vendor :wolfSSL I-CUBE-wolfMQTT 1.19.0
2025-03-01 14:27:58,479 [INFO] ThirdParty:1030 - CMSIS Pack Vendor :STMicroelectronics X-CUBE-AZRTOS-L4 2.0.0
2025-03-01 14:27:58,479 [INFO] ThirdParty:1030 - CMSIS Pack Vendor :STMicroelectronics ThreadX 0.0.2
2025-03-01 14:27:58,479 [INFO] ThirdParty:1030 - CMSIS Pack Vendor :WES I-CUBE-Cesium 1.3.0
2025-03-01 14:27:58,479 [INFO] ThirdParty:1030 - CMSIS Pack Vendor :STMicroelectronics FP-ATR-ASTRA1 2.0.0
2025-03-01 14:27:58,479 [INFO] ThirdParty:1030 - CMSIS Pack Vendor :STMicroelectronics lwIP 2.1.2
2025-03-01 14:27:58,479 [INFO] ThirdParty:1030 - CMSIS Pack Vendor :STMicroelectronics X-CUBE-SFXS2LP1 4.0.0
2025-03-01 14:27:58,479 [INFO] ThirdParty:1030 - CMSIS Pack Vendor :STMicroelectronics X-CUBE-BLE2 3.3.0
2025-03-01 14:27:58,479 [INFO] ThirdParty:1030 - CMSIS Pack Vendor :Infineon AIROC-Wi-Fi-Bluetooth-STM32 1.6.1
2025-03-01 14:27:58,479 [INFO] ThirdParty:1030 - CMSIS Pack Vendor :STMicroelectronics PDM2PCM 3.2.0
2025-03-01 14:27:58,479 [INFO] ThirdParty:1030 - CMSIS Pack Vendor :wolfSSL I-CUBE-wolfSSH 1.4.17
2025-03-01 14:27:58,479 [INFO] ThirdParty:841 - exiting critical section [change project]
2025-03-01 14:27:58,838 [INFO] PinOutPanel:1589 - setPackage(No Configuration,No Configuration)
2025-03-01 14:27:58,843 [INFO] PinOutPanel:1589 - setPackage(STM32F103RCTx,LQFP64)
2025-03-01 14:27:59,421 [INFO] UtilMem:75 - Before build in PCC Used Memory: 662066912 Bytes (1073741824)
2025-03-01 14:28:00,546 [INFO] UtilMem:75 - After build in PCC Used Memory: 721309408 Bytes (1073741824)
2025-03-01 14:28:00,778 [INFO] ApiDbMcu:508 - Load IP Config File for FREERTOS
2025-03-01 14:28:00,808 [INFO] IPUIPlugin:80 - create IPUIPlugin
2025-03-01 14:28:00,809 [INFO] IPUIPlugin:80 - create IPUIPlugin
2025-03-01 14:28:00,809 [INFO] IPUIPlugin:80 - create IPUIPlugin
2025-03-01 14:28:00,809 [INFO] IPUIPlugin:80 - create IPUIPlugin
2025-03-01 14:28:00,809 [INFO] IPUIPlugin:80 - create IPUIPlugin
2025-03-01 14:28:00,809 [INFO] IPUIPlugin:80 - create IPUIPlugin
2025-03-01 14:28:00,809 [INFO] IPUIPlugin:80 - create IPUIPlugin
2025-03-01 14:28:00,809 [INFO] IPUIPlugin:80 - create IPUIPlugin
2025-03-01 14:28:00,809 [INFO] IPUIPlugin:80 - create IPUIPlugin
2025-03-01 14:28:00,809 [INFO] IPUIPlugin:80 - create IPUIPlugin
2025-03-01 14:28:00,810 [INFO] IPUIPlugin:80 - create IPUIPlugin
2025-03-01 14:28:00,810 [INFO] IPUIPlugin:80 - create IPUIPlugin
2025-03-01 14:28:00,810 [INFO] IPUIPlugin:80 - create IPUIPlugin
2025-03-01 14:28:00,810 [INFO] IPUIPlugin:80 - create IPUIPlugin
2025-03-01 14:28:00,810 [INFO] IPUIPlugin:80 - create IPUIPlugin
2025-03-01 14:28:00,810 [INFO] IPUIPlugin:80 - create IPUIPlugin
2025-03-01 14:28:00,811 [INFO] IPUIPlugin:80 - create IPUIPlugin
2025-03-01 14:28:00,811 [INFO] IPUIPlugin:80 - create IPUIPlugin
2025-03-01 14:28:00,811 [INFO] IPUIPlugin:80 - create IPUIPlugin
2025-03-01 14:28:00,811 [INFO] IPUIPlugin:80 - create IPUIPlugin
2025-03-01 14:28:00,811 [INFO] IPUIPlugin:80 - create IPUIPlugin
2025-03-01 14:28:00,811 [INFO] IPUIPlugin:80 - create IPUIPlugin
2025-03-01 14:28:00,811 [INFO] IPUIPlugin:80 - create IPUIPlugin
2025-03-01 14:28:00,811 [INFO] IPUIPlugin:80 - create IPUIPlugin
2025-03-01 14:28:00,811 [INFO] IPUIPlugin:80 - create IPUIPlugin
2025-03-01 14:28:00,812 [INFO] IPUIPlugin:80 - create IPUIPlugin
2025-03-01 14:28:00,812 [INFO] IPUIPlugin:80 - create IPUIPlugin
2025-03-01 14:28:00,812 [INFO] IPUIPlugin:80 - create IPUIPlugin
2025-03-01 14:28:00,812 [INFO] IPUIPlugin:80 - create IPUIPlugin
2025-03-01 14:28:00,812 [INFO] IPUIPlugin:80 - create IPUIPlugin
2025-03-01 14:28:00,812 [INFO] IPUIPlugin:80 - create IPUIPlugin
2025-03-01 14:28:00,812 [INFO] IPUIPlugin:80 - create IPUIPlugin
2025-03-01 14:28:00,813 [INFO] IPUIPlugin:80 - create IPUIPlugin
2025-03-01 14:28:00,813 [INFO] IPUIPlugin:80 - create IPUIPlugin
2025-03-01 14:28:00,813 [INFO] IPUIPlugin:80 - create IPUIPlugin
2025-03-01 14:28:00,813 [INFO] IPUIPlugin:80 - create IPUIPlugin
2025-03-01 14:28:00,813 [INFO] IPUIPlugin:80 - create IPUIPlugin
2025-03-01 14:28:00,813 [INFO] IPUIPlugin:80 - create IPUIPlugin
2025-03-01 14:28:00,813 [INFO] IPUIPlugin:80 - create IPUIPlugin
2025-03-01 14:28:00,847 [INFO] Can:71 - Can Add PropertyChangeListener com.st.microxplorer.plugins.ip.can.Can@70a2fcb1
2025-03-01 14:28:00,900 [WARN] FreeRTOS:1023 - Null or empty value: should not occur! (nothing added to the table)
2025-03-01 14:28:01,172 [INFO] CADModel:165 - CPN selected for project levelSTM32F103RCT6
2025-03-01 14:28:01,172 [INFO] CADModel:114 - Register for checkConnection events
2025-03-01 14:28:01,174 [INFO] RtosManager:725 - Active RTOS found at IOC load: FREERTOS [Cortex-M3NS]
2025-03-01 14:28:01,250 [INFO] OpenFileManager:385 - Restore cursor
2025-03-01 14:29:35,128 [INFO] UtilMem:75 - End SaveConfig() Used Memory: 939736832 Bytes (1073741824)
2025-03-01 14:29:35,259 [INFO] UtilMem:75 - End SaveConfig() Used Memory: 953384360 Bytes (1073741824)
2025-03-01 14:29:35,555 [INFO] UtilMem:75 - End SaveConfig() Used Memory: 972250792 Bytes (1073741824)
2025-03-01 14:30:36,440 [INFO] BlockDiagram:2775 - set Specific Code input for plugin: SPI
2025-03-01 14:30:36,441 [INFO] BlockDiagram:2775 - set Specific Code input for plugin: NVIC
2025-03-01 14:30:36,441 [INFO] BlockDiagram:2775 - set Specific Code input for plugin: FREERTOS
2025-03-01 14:30:36,441 [INFO] BlockDiagram:2775 - set Specific Code input for plugin: UART
2025-03-01 14:30:36,441 [INFO] BlockDiagram:2775 - set Specific Code input for plugin: ADC
2025-03-01 14:30:36,441 [INFO] BlockDiagram:2775 - set Specific Code input for plugin: SYS
2025-03-01 14:30:36,441 [INFO] BlockDiagram:2775 - set Specific Code input for plugin: GPIO
2025-03-01 14:30:36,441 [INFO] BlockDiagram:2775 - set Specific Code input for plugin: ADC
2025-03-01 14:30:36,442 [INFO] BlockDiagram:2775 - set Specific Code input for plugin: CAN
2025-03-01 14:30:36,442 [INFO] BlockDiagram:2775 - set Specific Code input for plugin: RCC
2025-03-01 14:30:36,444 [INFO] CodeGenerator:882 - code generatio: config db path: C:\ST\STM32CubeIDE_1.16.1\STM32CubeIDE\plugins\com.st.stm32cube.common.mx_6.14.0.202502271554\\db\
2025-03-01 14:30:36,612 [INFO] CodeEngine:263 - oldGeneratedFile, C:\DEV\firmware_v3\components\drd\MXTmpFiles\license.tmp_save
2025-03-01 14:30:37,087 [INFO] CodeEngine:287 - Generated code: C:\DEV\firmware_v3\components\drd\MXTmpFiles\license.tmp
2025-03-01 14:30:37,237 [INFO] CodeEngine:263 - oldGeneratedFile, C:\DEV\firmware_v3\components\drd\Core\Src\gpio.c_save
2025-03-01 14:30:37,461 [INFO] CodeEngine:287 - Generated code: C:\DEV\firmware_v3\components\drd\Core\Src\gpio.c
2025-03-01 14:30:37,477 [INFO] CodeEngine:263 - oldGeneratedFile, C:\DEV\firmware_v3\components\drd\Core\Inc\gpio.h_save
2025-03-01 14:30:37,637 [INFO] CodeEngine:287 - Generated code: C:\DEV\firmware_v3\components\drd\Core\Inc\gpio.h
2025-03-01 14:30:38,159 [INFO] Middleware:1452 - No code input for Bsp Dependency
2025-03-01 14:30:38,172 [INFO] CodeEngine:263 - oldGeneratedFile, C:\DEV\firmware_v3\components\drd\MXTmpFiles\rtos_inc.tmp_save
2025-03-01 14:30:38,297 [INFO] CodeEngine:287 - Generated code: C:\DEV\firmware_v3\components\drd\MXTmpFiles\rtos_inc.tmp
2025-03-01 14:30:38,302 [INFO] CodeEngine:263 - oldGeneratedFile, C:\DEV\firmware_v3\components\drd\MXTmpFiles\rtos_kernelInit.tmp_save
2025-03-01 14:30:38,409 [INFO] CodeEngine:287 - Generated code: C:\DEV\firmware_v3\components\drd\MXTmpFiles\rtos_kernelInit.tmp
2025-03-01 14:30:38,416 [INFO] CodeEngine:263 - oldGeneratedFile, C:\DEV\firmware_v3\components\drd\MXTmpFiles\rtos_kernelStart.tmp_save
2025-03-01 14:30:38,490 [INFO] CodeEngine:287 - Generated code: C:\DEV\firmware_v3\components\drd\MXTmpFiles\rtos_kernelStart.tmp
2025-03-01 14:30:38,498 [INFO] CodeEngine:263 - oldGeneratedFile, C:\DEV\firmware_v3\components\drd\MXTmpFiles\rtos_typedefs.tmp_save
2025-03-01 14:30:38,584 [INFO] CodeEngine:287 - Generated code: C:\DEV\firmware_v3\components\drd\MXTmpFiles\rtos_typedefs.tmp
2025-03-01 14:30:38,589 [INFO] CodeEngine:263 - oldGeneratedFile, C:\DEV\firmware_v3\components\drd\MXTmpFiles\rtos_vars.tmp_save
2025-03-01 14:30:38,693 [INFO] CodeEngine:287 - Generated code: C:\DEV\firmware_v3\components\drd\MXTmpFiles\rtos_vars.tmp
2025-03-01 14:30:38,702 [INFO] CodeEngine:263 - oldGeneratedFile, C:\DEV\firmware_v3\components\drd\MXTmpFiles\rtos_pfp.tmp_save
2025-03-01 14:30:38,793 [INFO] CodeEngine:287 - Generated code: C:\DEV\firmware_v3\components\drd\MXTmpFiles\rtos_pfp.tmp
2025-03-01 14:30:38,800 [INFO] CodeEngine:263 - oldGeneratedFile, C:\DEV\firmware_v3\components\drd\MXTmpFiles\rtos_obj_creat.tmp_save
2025-03-01 14:30:38,897 [INFO] CodeEngine:287 - Generated code: C:\DEV\firmware_v3\components\drd\MXTmpFiles\rtos_obj_creat.tmp
2025-03-01 14:30:38,902 [INFO] CodeEngine:263 - oldGeneratedFile, C:\DEV\firmware_v3\components\drd\MXTmpFiles\rtos_default_thread.tmp_save
2025-03-01 14:30:38,989 [INFO] CodeEngine:287 - Generated code: C:\DEV\firmware_v3\components\drd\MXTmpFiles\rtos_default_thread.tmp
2025-03-01 14:30:38,993 [INFO] CodeEngine:263 - oldGeneratedFile, C:\DEV\firmware_v3\components\drd\MXTmpFiles\rtos_threads.tmp_save
2025-03-01 14:30:39,086 [INFO] CodeEngine:287 - Generated code: C:\DEV\firmware_v3\components\drd\MXTmpFiles\rtos_threads.tmp
2025-03-01 14:30:39,106 [INFO] Middleware:1452 - No code input for Bsp Dependency
2025-03-01 14:30:39,119 [INFO] CodeEngine:263 - oldGeneratedFile, C:\DEV\firmware_v3\components\drd\MXTmpFiles\rtos_inc.tmp_save
2025-03-01 14:30:39,193 [INFO] CodeEngine:287 - Generated code: C:\DEV\firmware_v3\components\drd\MXTmpFiles\rtos_inc.tmp
2025-03-01 14:30:39,200 [INFO] CodeEngine:263 - oldGeneratedFile, C:\DEV\firmware_v3\components\drd\MXTmpFiles\rtos_kernelInit.tmp_save
2025-03-01 14:30:39,253 [INFO] CodeEngine:287 - Generated code: C:\DEV\firmware_v3\components\drd\MXTmpFiles\rtos_kernelInit.tmp
2025-03-01 14:30:39,260 [INFO] CodeEngine:263 - oldGeneratedFile, C:\DEV\firmware_v3\components\drd\MXTmpFiles\rtos_kernelStart.tmp_save
2025-03-01 14:30:39,326 [INFO] CodeEngine:287 - Generated code: C:\DEV\firmware_v3\components\drd\MXTmpFiles\rtos_kernelStart.tmp
2025-03-01 14:30:39,333 [INFO] CodeEngine:263 - oldGeneratedFile, C:\DEV\firmware_v3\components\drd\MXTmpFiles\rtos_typedefs.tmp_save
2025-03-01 14:30:39,394 [INFO] CodeEngine:287 - Generated code: C:\DEV\firmware_v3\components\drd\MXTmpFiles\rtos_typedefs.tmp
2025-03-01 14:30:39,414 [INFO] CodeEngine:263 - oldGeneratedFile, C:\DEV\firmware_v3\components\drd\MXTmpFiles\rtos_vars.tmp_save
2025-03-01 14:30:39,475 [INFO] CodeEngine:287 - Generated code: C:\DEV\firmware_v3\components\drd\MXTmpFiles\rtos_vars.tmp
2025-03-01 14:30:39,482 [INFO] CodeEngine:263 - oldGeneratedFile, C:\DEV\firmware_v3\components\drd\MXTmpFiles\rtos_pfp.tmp_save
2025-03-01 14:30:39,535 [INFO] CodeEngine:287 - Generated code: C:\DEV\firmware_v3\components\drd\MXTmpFiles\rtos_pfp.tmp
2025-03-01 14:30:39,551 [INFO] CodeEngine:263 - oldGeneratedFile, C:\DEV\firmware_v3\components\drd\MXTmpFiles\rtos_obj_creat.tmp_save
2025-03-01 14:30:39,606 [INFO] CodeEngine:287 - Generated code: C:\DEV\firmware_v3\components\drd\MXTmpFiles\rtos_obj_creat.tmp
2025-03-01 14:30:39,612 [INFO] CodeEngine:263 - oldGeneratedFile, C:\DEV\firmware_v3\components\drd\MXTmpFiles\rtos_default_thread.tmp_save
2025-03-01 14:30:39,661 [INFO] CodeEngine:287 - Generated code: C:\DEV\firmware_v3\components\drd\MXTmpFiles\rtos_default_thread.tmp
2025-03-01 14:30:39,667 [INFO] CodeEngine:263 - oldGeneratedFile, C:\DEV\firmware_v3\components\drd\MXTmpFiles\rtos_threads.tmp_save
2025-03-01 14:30:39,719 [INFO] CodeEngine:287 - Generated code: C:\DEV\firmware_v3\components\drd\MXTmpFiles\rtos_threads.tmp
2025-03-01 14:30:39,735 [INFO] CodeEngine:263 - oldGeneratedFile, C:\DEV\firmware_v3\components\drd\Core\Inc\FreeRTOSConfig.h_save
2025-03-01 14:30:39,855 [INFO] CodeEngine:287 - Generated code: C:\DEV\firmware_v3\components\drd\Core\Inc\FreeRTOSConfig.h
2025-03-01 14:30:39,875 [INFO] CodeEngine:263 - oldGeneratedFile, C:\DEV\firmware_v3\components\drd\Core\Src\freertos.c_save
2025-03-01 14:30:39,992 [INFO] CodeEngine:287 - Generated code: C:\DEV\firmware_v3\components\drd\Core\Src\freertos.c
2025-03-01 14:30:40,022 [INFO] CodeEngine:263 - oldGeneratedFile, C:\DEV\firmware_v3\components\drd\Core\Src\adc.c_save
2025-03-01 14:30:40,211 [INFO] CodeEngine:287 - Generated code: C:\DEV\firmware_v3\components\drd\Core\Src\adc.c
2025-03-01 14:30:40,228 [INFO] CodeEngine:263 - oldGeneratedFile, C:\DEV\firmware_v3\components\drd\Core\Inc\adc.h_save
2025-03-01 14:30:40,323 [INFO] CodeEngine:287 - Generated code: C:\DEV\firmware_v3\components\drd\Core\Inc\adc.h
2025-03-01 14:30:40,343 [INFO] CodeEngine:263 - oldGeneratedFile, C:\DEV\firmware_v3\components\drd\Core\Src\can.c_save
2025-03-01 14:30:40,460 [INFO] CodeEngine:287 - Generated code: C:\DEV\firmware_v3\components\drd\Core\Src\can.c
2025-03-01 14:30:40,468 [INFO] CodeEngine:263 - oldGeneratedFile, C:\DEV\firmware_v3\components\drd\Core\Inc\can.h_save
2025-03-01 14:30:40,575 [INFO] CodeEngine:287 - Generated code: C:\DEV\firmware_v3\components\drd\Core\Inc\can.h
2025-03-01 14:30:40,609 [INFO] CodeEngine:263 - oldGeneratedFile, C:\DEV\firmware_v3\components\drd\Core\Src\spi.c_save
2025-03-01 14:30:40,712 [INFO] CodeEngine:287 - Generated code: C:\DEV\firmware_v3\components\drd\Core\Src\spi.c
2025-03-01 14:30:40,721 [INFO] CodeEngine:263 - oldGeneratedFile, C:\DEV\firmware_v3\components\drd\Core\Inc\spi.h_save
2025-03-01 14:30:40,822 [INFO] CodeEngine:287 - Generated code: C:\DEV\firmware_v3\components\drd\Core\Inc\spi.h
2025-03-01 14:30:40,894 [INFO] CodeEngine:263 - oldGeneratedFile, C:\DEV\firmware_v3\components\drd\Core\Src\usart.c_save
2025-03-01 14:30:41,020 [INFO] CodeEngine:287 - Generated code: C:\DEV\firmware_v3\components\drd\Core\Src\usart.c
2025-03-01 14:30:41,025 [INFO] CodeEngine:263 - oldGeneratedFile, C:\DEV\firmware_v3\components\drd\Core\Inc\usart.h_save
2025-03-01 14:30:41,111 [INFO] CodeEngine:287 - Generated code: C:\DEV\firmware_v3\components\drd\Core\Inc\usart.h
2025-03-01 14:30:41,138 [INFO] CodeEngine:263 - oldGeneratedFile, C:\DEV\firmware_v3\components\drd\Core\Src\stm32f1xx_it.c_save
2025-03-01 14:30:41,258 [INFO] CodeEngine:287 - Generated code: C:\DEV\firmware_v3\components\drd\Core\Src\stm32f1xx_it.c
2025-03-01 14:30:41,276 [INFO] CodeEngine:263 - oldGeneratedFile, C:\DEV\firmware_v3\components\drd\Core\Inc\stm32f1xx_it.h_save
2025-03-01 14:30:41,376 [INFO] CodeEngine:287 - Generated code: C:\DEV\firmware_v3\components\drd\Core\Inc\stm32f1xx_it.h
2025-03-01 14:30:41,428 [INFO] CodeEngine:263 - oldGeneratedFile, C:\DEV\firmware_v3\components\drd\Core\Src\stm32f1xx_hal_msp.c_save
2025-03-01 14:30:41,539 [INFO] CodeEngine:287 - Generated code: C:\DEV\firmware_v3\components\drd\Core\Src\stm32f1xx_hal_msp.c
2025-03-01 14:30:41,547 [INFO] CodeEngine:263 - oldGeneratedFile, C:\DEV\firmware_v3\components\drd\MXTmpFiles\system.tmp_save
2025-03-01 14:30:41,628 [INFO] CodeEngine:287 - Generated code: C:\DEV\firmware_v3\components\drd\MXTmpFiles\system.tmp
2025-03-01 14:30:41,671 [INFO] CodeEngine:319 - oldGeneratedFile, C:\DEV\firmware_v3\components\drd\Core\Inc\stm32f1xx_hal_conf.h_save
2025-03-01 14:30:41,792 [INFO] CodeEngine:343 - Generated code: C:\DEV\firmware_v3\components\drd\Core\Inc\stm32f1xx_hal_conf.h
2025-03-01 14:30:41,880 [INFO] ApiDbMcu:508 - Load IP Config File for ADC1
2025-03-01 14:30:41,886 [INFO] ApiDbMcu:508 - Load IP Config File for ADC2
2025-03-01 14:30:41,890 [INFO] ApiDbMcu:508 - Load IP Config File for CAN
2025-03-01 14:30:41,896 [INFO] ApiDbMcu:508 - Load IP Config File for SPI1
2025-03-01 14:30:41,904 [INFO] ApiDbMcu:508 - Load IP Config File for UART5
2025-03-01 14:30:41,908 [INFO] ApiDbMcu:508 - Load IP Config File for RCC
2025-03-01 14:30:41,948 [INFO] CodeEngine:263 - oldGeneratedFile, C:\DEV\firmware_v3\components\drd\Core\Inc\main.h_save
2025-03-01 14:30:42,169 [INFO] CodeEngine:287 - Generated code: C:\DEV\firmware_v3\components\drd\Core\Inc\main.h
2025-03-01 14:30:42,206 [INFO] CodeEngine:263 - oldGeneratedFile, C:\DEV\firmware_v3\components\drd\Core\Src\main.c_save
2025-03-01 14:30:42,440 [INFO] CodeEngine:287 - Generated code: C:\DEV\firmware_v3\components\drd\Core\Src\main.c
2025-03-01 14:30:43,099 [INFO] ProjectBuilder:3324 - Time for Copy HAL[1] : 476mS.
2025-03-01 14:30:43,114 [INFO] ProjectBuilder:4912 - Project Generator version: 4.6.0-B36
2025-03-01 14:30:43,176 [INFO] ConfigFileManager:1590 - The Die is : DIE414
2025-03-01 14:30:43,191 [INFO] ApiDbMcu:508 - Load IP Config File for FATFS
2025-03-01 14:30:43,209 [INFO] ApiDbMcu:508 - Load IP Config File for USB_DEVICE
2025-03-01 14:30:43,593 [INFO] LogOutputStream:77 - [STDOUT_REDIRECT] 
2025-03-01 14:30:45,559 [INFO] ProjectBuilder:5191 - Time for Generating toolchain IDE Files: 2445mS.
2025-03-01 14:30:45,560 [INFO] ProjectBuilder:3181 - Time for Copy CMSIS : 0mS.
2025-03-01 14:30:45,567 [INFO] ProjectBuilder:3181 - Time for Copy CMSIS : 0mS.
2025-03-01 15:15:14,530 [INFO] WebApp:194 - Connection lost
2025-03-01 15:15:14,776 [INFO] WebApp:191 - Connection restablished
2025-03-01 15:59:06,429 [INFO] WebApp:194 - Connection lost
2025-03-01 15:59:06,708 [INFO] WebApp:191 - Connection restablished
2025-03-01 15:59:09,576 [INFO] WebApp:194 - Connection lost
2025-03-01 15:59:09,703 [INFO] WebApp:191 - Connection restablished
2025-03-01 16:01:50,627 [ERROR] LogOutputStream:75 - [STDERR_REDIRECT] 
2025-03-01 16:01:50,637 [ERROR] LogOutputStream:75 - [STDERR_REDIRECT] 
