2024-12-03 17:52:30,356 [INFO] Activator:176 - 


2024-12-03 17:52:30,372 [INFO] Activator:177 - !SESSION log4j initialized
2024-12-03 17:52:47,656 [INFO] LogOutputStream:77 - [STDOUT_REDIRECT] 
2024-12-03 17:52:51,558 [INFO] ApplicationProperties:184 - Using Application install path: C:\ST\STM32CubeIDE_1.16.1\STM32CubeIDE\plugins\com.st.stm32cube.common.mx_6.12.1.202409122256
2024-12-03 17:52:51,589 [INFO] DbMcusXml:78 - Set database path to: C:\ST\STM32CubeIDE_1.16.1\STM32CubeIDE\plugins\com.st.stm32cube.common.mx_6.12.1.202409122256\\db\/mcu/
2024-12-03 17:52:51,589 [INFO] ApiDb:274 - Set plugin database path to: C:\ST\STM32CubeIDE_1.16.1\STM32CubeIDE\plugins\com.st.stm32cube.common.mx_6.12.1.202409122256\\db\/plugins/boardmanager/
2024-12-03 17:52:51,589 [WARN] ApiDb:259 - Overriding images path with different value:  => C:\ST\STM32CubeIDE_1.16.1\STM32CubeIDE\plugins\com.st.stm32cube.common.mx_6.12.1.202409122256\\db\/plugins/mcufinder/images/
2024-12-03 17:52:51,601 [INFO] ApiDb:250 - Set database path to: C:\Users\mridu\.stmcufinder\plugins\mcufinder//mcu/
2024-12-03 17:52:51,603 [INFO] DbMcusAds:125 - Set database path to: C:\Users\mridu\.stmcufinder\plugins\mcufinder//mcu/
2024-12-03 17:52:51,607 [INFO] CrossReferenceDbSqlite:203 - Set database path to: C:\Users\mridu\.stmcufinder\plugins\mcufinder//mcu/cs/
2024-12-03 17:52:51,646 [ERROR] ConfigurationRetriever:142 - IOException on connection: Read timed out
2024-12-03 17:52:51,818 [INFO] RulesReader:64 - Compatibility file has been processed (297 Rules)
2024-12-03 17:52:51,952 [INFO] DbMcusXml:78 - Set database path to: C:\ST\STM32CubeIDE_1.16.1\STM32CubeIDE\plugins\com.st.stm32cube.common.mx_6.12.1.202409122256\\db\/mcu/
2024-12-03 17:52:51,952 [INFO] ApiDb:274 - Set plugin database path to: C:\ST\STM32CubeIDE_1.16.1\STM32CubeIDE\plugins\com.st.stm32cube.common.mx_6.12.1.202409122256\\db\/plugins/boardmanager/
2024-12-03 17:52:51,953 [INFO] ApiDb:261 - Set plugin images path to: C:\ST\STM32CubeIDE_1.16.1\STM32CubeIDE\plugins\com.st.stm32cube.common.mx_6.12.1.202409122256\\db\/plugins/mcufinder/images/
2024-12-03 17:52:51,953 [WARN] DbFile:41 - Overriding database path with different value: C:\Users\mridu\.stmcufinder\plugins\mcufinder/ => C:\Users\mridu\.stmcufinder\plugins\mcufinder
2024-12-03 17:52:51,953 [INFO] ApiDb:250 - Set database path to: C:\Users\mridu\.stmcufinder\plugins\mcufinder//mcu/
2024-12-03 17:52:51,953 [WARN] DbFile:41 - Overriding database path with different value: C:\Users\mridu\.stmcufinder\plugins\mcufinder/ => C:\Users\mridu\.stmcufinder\plugins\mcufinder
2024-12-03 17:52:51,953 [INFO] DbMcusAds:125 - Set database path to: C:\Users\mridu\.stmcufinder\plugins\mcufinder//mcu/
2024-12-03 17:52:51,953 [WARN] DbFile:41 - Overriding database path with different value: C:\Users\mridu\.stmcufinder\plugins\mcufinder/ => C:\Users\mridu\.stmcufinder\plugins\mcufinder
2024-12-03 17:52:51,954 [WARN] DbFile:41 - Overriding database path with different value: C:\Users\mridu\.stmcufinder\plugins\mcufinder/ => C:\Users\mridu\.stmcufinder\plugins\mcufinder
2024-12-03 17:52:51,954 [INFO] CrossReferenceDbSqlite:203 - Set database path to: C:\Users\mridu\.stmcufinder\plugins\mcufinder//mcu/cs/
2024-12-03 17:52:52,092 [INFO] MainPanel:268 - HeapMemory: 268435456
2024-12-03 17:52:52,300 [INFO] DbMcusXml:78 - Set database path to: C:\ST\STM32CubeIDE_1.16.1\STM32CubeIDE\plugins\com.st.stm32cube.common.mx_6.12.1.202409122256\\db\/mcu/
2024-12-03 17:52:52,302 [INFO] ApiDb:274 - Set plugin database path to: C:\ST\STM32CubeIDE_1.16.1\STM32CubeIDE\plugins\com.st.stm32cube.common.mx_6.12.1.202409122256\\db\/plugins/boardmanager/
2024-12-03 17:52:52,302 [INFO] ApiDb:261 - Set plugin images path to: C:\ST\STM32CubeIDE_1.16.1\STM32CubeIDE\plugins\com.st.stm32cube.common.mx_6.12.1.202409122256\\db\/plugins/mcufinder/images/
2024-12-03 17:52:52,302 [WARN] DbFile:41 - Overriding database path with different value: C:\Users\mridu\.stmcufinder\plugins\mcufinder/ => C:\Users\mridu\.stmcufinder\plugins\mcufinder
2024-12-03 17:52:52,302 [INFO] ApiDb:250 - Set database path to: C:\Users\mridu\.stmcufinder\plugins\mcufinder//mcu/
2024-12-03 17:52:52,303 [WARN] DbFile:41 - Overriding database path with different value: C:\Users\mridu\.stmcufinder\plugins\mcufinder/ => C:\Users\mridu\.stmcufinder\plugins\mcufinder
2024-12-03 17:52:52,303 [INFO] DbMcusAds:125 - Set database path to: C:\Users\mridu\.stmcufinder\plugins\mcufinder//mcu/
2024-12-03 17:52:52,303 [WARN] DbFile:41 - Overriding database path with different value: C:\Users\mridu\.stmcufinder\plugins\mcufinder/ => C:\Users\mridu\.stmcufinder\plugins\mcufinder
2024-12-03 17:52:52,303 [WARN] DbFile:41 - Overriding database path with different value: C:\Users\mridu\.stmcufinder\plugins\mcufinder/ => C:\Users\mridu\.stmcufinder\plugins\mcufinder
2024-12-03 17:52:52,303 [INFO] CrossReferenceDbSqlite:203 - Set database path to: C:\Users\mridu\.stmcufinder\plugins\mcufinder//mcu/cs/
2024-12-03 17:52:52,327 [INFO] ApplicationProperties:184 - Using Application install path: C:\ST\STM32CubeIDE_1.16.1\STM32CubeIDE\plugins\com.st.stm32cube.common.mx_6.12.1.202409122256
2024-12-03 17:52:52,330 [INFO] PluginManage:196 - Search for loadable plugins [exclusion list=, ]
2024-12-03 17:52:52,333 [INFO] PluginManage:310 - Check plugin analytics
2024-12-03 17:52:52,650 [INFO] AnalyticsPlugin:253 - Accepted Software Licenses: 
2024-12-03 17:52:52,651 [INFO] AnalyticsPlugin:255 - Accepted CMSIS Pack Licenses: 
2024-12-03 17:52:52,652 [INFO] AnalyticsPlugin:257 - Accepted Firmware Licenses: 
2024-12-03 17:52:52,657 [INFO] PluginManage:359 - Loaded plugin analytics (category:tool,tabindex:-1)
2024-12-03 17:52:52,658 [INFO] PluginManage:310 - Check plugin cadmodel
2024-12-03 17:52:52,693 [INFO] CADModel:105 - Init CAD model plugin
2024-12-03 17:52:52,693 [INFO] PluginManage:359 - Loaded plugin cadmodel (category:power,tabindex:5)
2024-12-03 17:52:52,695 [INFO] PluginManage:310 - Check plugin clock
2024-12-03 17:52:52,738 [INFO] PluginManage:359 - Loaded plugin clock (category:base,tabindex:2)
2024-12-03 17:52:52,739 [INFO] PluginManage:310 - Check plugin ddr
2024-12-03 17:52:52,747 [INFO] PluginManage:359 - Loaded plugin ddr (category:tool,tabindex:6)
2024-12-03 17:52:52,748 [INFO] PluginManage:310 - Check plugin filemanager
2024-12-03 17:52:53,100 [INFO] PluginManage:359 - Loaded plugin filemanager (category:base,tabindex:10)
2024-12-03 17:52:53,100 [INFO] PluginManage:310 - Check plugin ipmanager
2024-12-03 17:52:53,112 [INFO] PluginManage:359 - Loaded plugin ipmanager (category:base,tabindex:5)
2024-12-03 17:52:53,113 [INFO] PluginManage:310 - Check plugin lpbam
2024-12-03 17:52:53,141 [INFO] PluginManage:359 - Loaded plugin lpbam (category:base,tabindex:0)
2024-12-03 17:52:53,141 [INFO] PluginManage:310 - Check plugin memorymap
2024-12-03 17:52:53,183 [INFO] PluginManage:359 - Loaded plugin memorymap (category:base,tabindex:4)
2024-12-03 17:52:53,183 [INFO] PluginManage:310 - Check plugin pinoutandconfiguration
2024-12-03 17:52:53,214 [INFO] PluginManage:359 - Loaded plugin pinoutandconfiguration (category:base,tabindex:1)
2024-12-03 17:52:53,214 [INFO] PluginManage:310 - Check plugin pinoutconfig
2024-12-03 17:52:53,376 [WARN] SupportedApi:132 - Cannot load RTOS API schema: s4s-elt-must-match.1: The content of 'definitions' must match (annotation?, (simpleType | complexType)?, (unique | key | keyref)*)). A problem was found starting at: attribute.
2024-12-03 17:52:53,601 [INFO] PluginManage:359 - Loaded plugin pinoutconfig (category:base,tabindex:0)
2024-12-03 17:52:53,601 [INFO] PluginManage:310 - Check plugin power
2024-12-03 17:52:53,643 [INFO] PluginManage:359 - Loaded plugin power (category:power,tabindex:4)
2024-12-03 17:52:53,643 [INFO] PluginManage:310 - Check plugin projectmanager
2024-12-03 17:52:53,676 [INFO] PluginManage:359 - Loaded plugin projectmanager (category:projectmanager,tabindex:4)
2024-12-03 17:52:53,676 [INFO] PluginManage:310 - Check plugin rif
2024-12-03 17:52:53,712 [INFO] PluginManage:359 - Loaded plugin rif (category:base,tabindex:3)
2024-12-03 17:52:53,713 [INFO] PluginManage:310 - Check plugin thirdparty
2024-12-03 17:52:54,436 [INFO] PluginManage:359 - Loaded plugin thirdparty (category:base,tabindex:-1)
2024-12-03 17:52:54,437 [INFO] PluginManage:310 - Check plugin tools
2024-12-03 17:52:54,437 [WARN] IntegrityCheckThread:84 - waiting for thirdparty lock release [integrity check]
2024-12-03 17:52:54,437 [INFO] IntegrityCheckThread:86 - entering critical section [integrity check]
2024-12-03 17:52:54,438 [INFO] ThirdPartyUpdaterWithRetryManager:70 - Updater plugin not ready yet. [1/15]
2024-12-03 17:52:54,492 [INFO] PluginManage:359 - Loaded plugin tools (category:base,tabindex:7)
2024-12-03 17:52:54,492 [INFO] PluginManage:310 - Check plugin tutovideos
2024-12-03 17:52:54,848 [INFO] PluginManage:359 - Loaded plugin tutovideos (category:base,tabindex:-1)
2024-12-03 17:52:54,848 [INFO] PluginManage:310 - Check plugin updater
2024-12-03 17:52:54,873 [INFO] PluginManage:359 - Loaded plugin updater (category:base,tabindex:12)
2024-12-03 17:52:54,874 [INFO] PluginManage:310 - Check plugin userauth
2024-12-03 17:52:54,881 [INFO] UserAuth:113 - Init User Auth plugin
2024-12-03 17:52:54,881 [INFO] PluginManage:359 - Loaded plugin userauth (category:base,tabindex:14)
2024-12-03 17:52:54,881 [INFO] PluginManage:283 - PluginManage : Loaded plugins [18]
2024-12-03 17:52:55,202 [INFO] PinOutPanel:1561 - setPackage(No Configuration,No Configuration)
2024-12-03 17:52:55,359 [INFO] CADModel:165 - CPN selected for project level
2024-12-03 17:52:55,359 [INFO] CADModel:114 - Register for checkConnection events
2024-12-03 17:52:55,402 [INFO] IPUIPlugin:80 - create IPUIPlugin
2024-12-03 17:52:55,402 [INFO] PluginManager:220 - loadIPPluginJar : add adc
2024-12-03 17:52:55,457 [INFO] IPUIPlugin:80 - create IPUIPlugin
2024-12-03 17:52:55,458 [INFO] PluginManager:220 - loadIPPluginJar : add aes
2024-12-03 17:52:55,527 [INFO] IPUIPlugin:80 - create IPUIPlugin
2024-12-03 17:52:55,528 [INFO] PluginManager:220 - loadIPPluginJar : add can
2024-12-03 17:52:55,569 [INFO] IPUIPlugin:80 - create IPUIPlugin
2024-12-03 17:52:55,569 [INFO] PluginManager:220 - loadIPPluginJar : add comp
2024-12-03 17:52:55,629 [INFO] IPUIPlugin:80 - create IPUIPlugin
2024-12-03 17:52:55,629 [INFO] PluginManager:220 - loadIPPluginJar : add cryp
2024-12-03 17:52:55,649 [INFO] IPUIPlugin:80 - create IPUIPlugin
2024-12-03 17:52:55,649 [INFO] PluginManager:220 - loadIPPluginJar : add ddr_ctrl_phy
2024-12-03 17:52:55,703 [INFO] IPUIPlugin:80 - create IPUIPlugin
2024-12-03 17:52:55,703 [INFO] PluginManager:220 - loadIPPluginJar : add dfsdm
2024-12-03 17:52:55,731 [INFO] IPUIPlugin:80 - create IPUIPlugin
2024-12-03 17:52:55,732 [INFO] PluginManager:220 - loadIPPluginJar : add dma
2024-12-03 17:52:55,804 [INFO] IPUIPlugin:80 - create IPUIPlugin
2024-12-03 17:52:55,804 [INFO] PluginManager:220 - loadIPPluginJar : add dma3
2024-12-03 17:52:55,884 [INFO] IPUIPlugin:80 - create IPUIPlugin
2024-12-03 17:52:55,884 [INFO] PluginManager:220 - loadIPPluginJar : add extmemmanager
2024-12-03 17:52:55,921 [INFO] IPUIPlugin:80 - create IPUIPlugin
2024-12-03 17:52:55,921 [INFO] PluginManager:220 - loadIPPluginJar : add fatfs
2024-12-03 17:52:56,000 [INFO] IPUIPlugin:80 - create IPUIPlugin
2024-12-03 17:52:56,000 [INFO] PluginManager:220 - loadIPPluginJar : add fmc
2024-12-03 17:52:56,028 [INFO] IPUIPlugin:80 - create IPUIPlugin
2024-12-03 17:52:56,029 [INFO] PluginManager:220 - loadIPPluginJar : add freertos
2024-12-03 17:52:56,066 [INFO] IPUIPlugin:80 - create IPUIPlugin
2024-12-03 17:52:56,066 [INFO] PluginManager:220 - loadIPPluginJar : add genericplugin
2024-12-03 17:52:56,244 [INFO] IPUIPlugin:80 - create IPUIPlugin
2024-12-03 17:52:56,244 [INFO] PluginManager:220 - loadIPPluginJar : add gfxmmu
2024-12-03 17:52:56,479 [INFO] IPUIPlugin:80 - create IPUIPlugin
2024-12-03 17:52:56,479 [INFO] PluginManager:220 - loadIPPluginJar : add gic
2024-12-03 17:52:56,516 [INFO] IPUIPlugin:80 - create IPUIPlugin
2024-12-03 17:52:56,516 [INFO] PluginManager:220 - loadIPPluginJar : add gpio
2024-12-03 17:52:56,680 [INFO] IPUIPlugin:80 - create IPUIPlugin
2024-12-03 17:52:56,681 [INFO] PluginManager:220 - loadIPPluginJar : add gtzc
2024-12-03 17:52:56,762 [INFO] IPUIPlugin:80 - create IPUIPlugin
2024-12-03 17:52:56,762 [INFO] PluginManager:220 - loadIPPluginJar : add hash
2024-12-03 17:52:56,859 [INFO] IPUIPlugin:80 - create IPUIPlugin
2024-12-03 17:52:56,859 [INFO] PluginManager:220 - loadIPPluginJar : add i2c
2024-12-03 17:52:56,925 [INFO] IPUIPlugin:80 - create IPUIPlugin
2024-12-03 17:52:56,925 [INFO] PluginManager:220 - loadIPPluginJar : add i2s
2024-12-03 17:52:57,000 [INFO] IPUIPlugin:80 - create IPUIPlugin
2024-12-03 17:52:57,000 [INFO] PluginManager:220 - loadIPPluginJar : add i3c
2024-12-03 17:52:57,193 [INFO] IPUIPlugin:80 - create IPUIPlugin
2024-12-03 17:52:57,194 [INFO] PluginManager:220 - loadIPPluginJar : add ipddr
2024-12-03 17:52:57,385 [INFO] IPUIPlugin:80 - create IPUIPlugin
2024-12-03 17:52:57,385 [INFO] PluginManager:220 - loadIPPluginJar : add linkedlist
2024-12-03 17:52:57,440 [INFO] ThirdPartyUpdaterWithRetryManager:70 - Updater plugin not ready yet. [2/15]
2024-12-03 17:52:57,455 [INFO] IPUIPlugin:80 - create IPUIPlugin
2024-12-03 17:52:57,455 [INFO] PluginManager:220 - loadIPPluginJar : add lorawan
2024-12-03 17:52:57,530 [INFO] IPUIPlugin:80 - create IPUIPlugin
2024-12-03 17:52:57,530 [INFO] PluginManager:220 - loadIPPluginJar : add ltdc
2024-12-03 17:52:57,560 [INFO] IPUIPlugin:80 - create IPUIPlugin
2024-12-03 17:52:57,560 [INFO] PluginManager:220 - loadIPPluginJar : add mdma
2024-12-03 17:52:57,588 [INFO] IPUIPlugin:80 - create IPUIPlugin
2024-12-03 17:52:57,589 [INFO] PluginManager:220 - loadIPPluginJar : add nvic
2024-12-03 17:52:57,658 [INFO] IPUIPlugin:80 - create IPUIPlugin
2024-12-03 17:52:57,659 [INFO] PluginManager:220 - loadIPPluginJar : add opamp
2024-12-03 17:52:57,780 [INFO] IPUIPlugin:80 - create IPUIPlugin
2024-12-03 17:52:57,781 [INFO] PluginManager:220 - loadIPPluginJar : add openamp
2024-12-03 17:52:57,884 [INFO] IPUIPlugin:80 - create IPUIPlugin
2024-12-03 17:52:57,884 [INFO] PluginManager:220 - loadIPPluginJar : add pdm2pcm
2024-12-03 17:52:57,913 [INFO] IPUIPlugin:80 - create IPUIPlugin
2024-12-03 17:52:57,916 [INFO] PluginManager:220 - loadIPPluginJar : add plateformsettings
2024-12-03 17:52:57,968 [INFO] IPUIPlugin:80 - create IPUIPlugin
2024-12-03 17:52:57,968 [INFO] PluginManager:220 - loadIPPluginJar : add quadspi
2024-12-03 17:52:58,026 [INFO] IPUIPlugin:80 - create IPUIPlugin
2024-12-03 17:52:58,027 [INFO] PluginManager:220 - loadIPPluginJar : add radio
2024-12-03 17:52:58,052 [INFO] IPUIPlugin:80 - create IPUIPlugin
2024-12-03 17:52:58,052 [INFO] PluginManager:220 - loadIPPluginJar : add resmgrutility
2024-12-03 17:52:58,141 [INFO] IPUIPlugin:80 - create IPUIPlugin
2024-12-03 17:52:58,141 [INFO] PluginManager:220 - loadIPPluginJar : add sai
2024-12-03 17:52:58,217 [INFO] IPUIPlugin:80 - create IPUIPlugin
2024-12-03 17:52:58,217 [INFO] PluginManager:220 - loadIPPluginJar : add spi
2024-12-03 17:52:58,341 [INFO] IPUIPlugin:80 - create IPUIPlugin
2024-12-03 17:52:58,341 [INFO] PluginManager:220 - loadIPPluginJar : add stm32_wpan
2024-12-03 17:52:58,392 [INFO] IPUIPlugin:80 - create IPUIPlugin
2024-12-03 17:52:58,393 [INFO] PluginManager:220 - loadIPPluginJar : add tim
2024-12-03 17:52:58,491 [INFO] IPUIPlugin:80 - create IPUIPlugin
2024-12-03 17:52:58,491 [INFO] PluginManager:220 - loadIPPluginJar : add touchsensing
2024-12-03 17:52:58,535 [INFO] IPUIPlugin:80 - create IPUIPlugin
2024-12-03 17:52:58,535 [INFO] PluginManager:220 - loadIPPluginJar : add tracer_emb
2024-12-03 17:52:58,583 [INFO] IPUIPlugin:80 - create IPUIPlugin
2024-12-03 17:52:58,584 [INFO] PluginManager:220 - loadIPPluginJar : add ts
2024-12-03 17:52:58,629 [INFO] IPUIPlugin:80 - create IPUIPlugin
2024-12-03 17:52:58,630 [INFO] PluginManager:220 - loadIPPluginJar : add tsc
2024-12-03 17:52:58,678 [INFO] IPUIPlugin:80 - create IPUIPlugin
2024-12-03 17:52:58,678 [INFO] PluginManager:220 - loadIPPluginJar : add ucpd
2024-12-03 17:52:58,770 [INFO] IPUIPlugin:80 - create IPUIPlugin
2024-12-03 17:52:58,771 [INFO] PluginManager:220 - loadIPPluginJar : add usart
2024-12-03 17:52:58,851 [INFO] IPUIPlugin:80 - create IPUIPlugin
2024-12-03 17:52:58,852 [INFO] PluginManager:220 - loadIPPluginJar : add usbx
2024-12-03 17:52:59,013 [INFO] CADModel:165 - CPN selected for project level
2024-12-03 17:52:59,014 [INFO] CADModel:114 - Register for checkConnection events
2024-12-03 17:52:59,014 [FATAL] Updater:334 - Updater called before beeing initialized
2024-12-03 17:52:59,014 [ERROR] CADModel:125 - Updater not yet initialized, retry later 
2024-12-03 17:52:59,241 [INFO] CADModel:165 - CPN selected for project level
2024-12-03 17:52:59,241 [INFO] CADModel:114 - Register for checkConnection events
2024-12-03 17:52:59,241 [FATAL] Updater:334 - Updater called before beeing initialized
2024-12-03 17:52:59,241 [ERROR] CADModel:125 - Updater not yet initialized, retry later 
2024-12-03 17:52:59,244 [FATAL] Updater:334 - Updater called before beeing initialized
2024-12-03 17:52:59,400 [FATAL] Updater:334 - Updater called before beeing initialized
2024-12-03 17:52:59,419 [INFO] DbMcusAds:53 - JSON generation date=Fri Sep 20 06:04:38 PDT 2024 (1726837478367)
2024-12-03 17:52:59,420 [FATAL] Updater:334 - Updater called before beeing initialized
2024-12-03 17:52:59,477 [WARN] DetailPanel:346 - Failed to get advertising image, set to default
2024-12-03 17:52:59,667 [FATAL] Updater:334 - Updater called before beeing initialized
2024-12-03 17:52:59,671 [FATAL] Updater:334 - Updater called before beeing initialized
2024-12-03 17:52:59,671 [FATAL] Updater:334 - Updater called before beeing initialized
2024-12-03 17:52:59,673 [WARN] DetailPanel:346 - Failed to get advertising image, set to default
2024-12-03 17:52:59,689 [FATAL] Updater:334 - Updater called before beeing initialized
2024-12-03 17:52:59,791 [ERROR] Updater:1164 - MainUpdater not yet initialized. External WinMGr cannot be set.
2024-12-03 17:52:59,812 [INFO] Updater:1100 - Updater Version found : 6.12.1
2024-12-03 17:52:59,843 [INFO] ApplicationProperties:184 - Using Application install path: C:\ST\STM32CubeIDE_1.16.1\STM32CubeIDE\plugins\com.st.stm32cube.common.mx_6.12.1.202409122256
2024-12-03 17:53:00,441 [INFO] ThirdPartyUpdaterWithRetryManager:70 - Updater plugin not ready yet. [3/15]
2024-12-03 17:53:01,461 [ERROR] LogOutputStream:75 - [STDERR_REDIRECT] Dec 03, 2024 5:53:01 PM java.util.prefs.WindowsPreferences <init>
2024-12-03 17:53:01,464 [ERROR] LogOutputStream:75 - [STDERR_REDIRECT] WARNING: Could not open/create prefs root node Software\JavaSoft\Prefs at root 0xffffffff80000002. Windows RegCreateKeyEx(...) returned error code 5.
2024-12-03 17:53:01,464 [ERROR] LogOutputStream:75 - [STDERR_REDIRECT] 
2024-12-03 17:53:02,060 [INFO] MainUpdater:2873 - connection check result : 10
2024-12-03 17:53:02,061 [INFO] MainUpdater:290 - Updater Check For Update Now.
2024-12-03 17:53:02,061 [INFO] MicroXplorer:498 - Change Database Version : DB.6.0.121
2024-12-03 17:53:02,099 [INFO] McuFinderGlobals:63 - Set McuFinder mode to 2 (CubeIDE integrated)
2024-12-03 17:53:02,111 [INFO] UserAuth:417 - Internet connection configuration mode: 1
2024-12-03 17:53:02,160 [INFO] JxBrowserEngine:152 - Initiate JxBrowser Engine with user profile folder
2024-12-03 17:53:02,407 [INFO] CheckServerUpdateThread:120 - End of CheckServer Thread
2024-12-03 17:53:03,806 [WARN] PackLoader:240 - Cannot read IP mode file for STMicroelectronics.FP-SNS-MOTENVWB1.1.4.0
2024-12-03 17:53:03,839 [WARN] PackLoader:240 - Cannot read IP mode file for STMicroelectronics.FP-ATR-ASTRA1.2.0.1
2024-12-03 17:53:03,869 [WARN] PackLoader:240 - Cannot read IP mode file for STMicroelectronics.X-CUBE-SMBUS.2.1.0
2024-12-03 17:53:03,903 [WARN] PackLoader:240 - Cannot read IP mode file for STMicroelectronics.X-CUBE-WB05N.1.1.0
2024-12-03 17:53:03,985 [WARN] PackLoader:240 - Cannot read IP mode file for STMicroelectronics.X-CUBE-AZRTOS-F7.1.1.0
2024-12-03 17:53:04,016 [WARN] PackLoader:240 - Cannot read IP mode file for STMicroelectronics.FP-SNS-FLIGHT1.5.0.2
2024-12-03 17:53:04,050 [WARN] PackLoader:240 - Cannot read IP mode file for STMicroelectronics.X-CUBE-DISPLAY.3.0.0
2024-12-03 17:53:04,088 [WARN] PackLoader:240 - Cannot read IP mode file for STMicroelectronics.X-CUBE-BLE1.7.0.0
2024-12-03 17:53:04,114 [WARN] PackLoader:240 - Cannot read IP mode file for emotas.I-CUBE-CANOPEN.1.3.0
2024-12-03 17:53:04,147 [WARN] PackLoader:240 - Cannot read IP mode file for STMicroelectronics.X-CUBE-BLEMGR.3.1.0
2024-12-03 17:53:04,176 [WARN] PackLoader:240 - Cannot read IP mode file for STMicroelectronics.FP-SNS-SMARTAG2.1.2.0
2024-12-03 17:53:04,212 [INFO] LogOutputStream:77 - [STDOUT_REDIRECT] 1 : Invalid condition id : UX_CORESTACK_Condition cause : null
2024-12-03 17:53:04,213 [INFO] LogOutputStream:77 - [STDOUT_REDIRECT] 1 : Invalid condition id : UX_CORESTACK_Condition cause : null
2024-12-03 17:53:04,215 [INFO] LogOutputStream:77 - [STDOUT_REDIRECT] 1 : Invalid condition id : UX_CORESTACK_Condition cause : null
2024-12-03 17:53:04,218 [INFO] LogOutputStream:77 - [STDOUT_REDIRECT] 1 : Invalid condition id : UX_CORESTACK_Condition cause : null
2024-12-03 17:53:04,219 [INFO] LogOutputStream:77 - [STDOUT_REDIRECT] 1 : Invalid condition id : UX_CORESTACK_Condition cause : null
2024-12-03 17:53:04,235 [WARN] PackLoader:240 - Cannot read IP mode file for STMicroelectronics.X-CUBE-AZRTOS-WL.2.0.0
2024-12-03 17:53:04,265 [WARN] PackLoader:240 - Cannot read IP mode file for STMicroelectronics.FP-SNS-MOTENV1.5.0.0
2024-12-03 17:53:04,294 [WARN] PackLoader:240 - Cannot read IP mode file for wolfSSL.I-CUBE-wolfMQTT.1.19.0
2024-12-03 17:53:04,321 [WARN] PackLoader:240 - Cannot read IP mode file for WES.I-CUBE-Cesium.1.3.0
2024-12-03 17:53:04,348 [WARN] PackLoader:240 - Cannot read IP mode file for STMicroelectronics.X-CUBE-BLE2.3.3.0
2024-12-03 17:53:04,378 [WARN] PackLoader:240 - Cannot read IP mode file for STMicroelectronics.X-CUBE-TCPP.4.1.0
2024-12-03 17:53:04,431 [WARN] PackLoader:240 - Cannot read IP mode file for STMicroelectronics.X-CUBE-AZRTOS-G0.1.1.0
2024-12-03 17:53:04,467 [WARN] PackLoader:240 - Cannot read IP mode file for STMicroelectronics.X-CUBE-SAFEA1.1.2.2
2024-12-03 17:53:04,498 [WARN] PackLoader:240 - Cannot read IP mode file for STMicroelectronics.X-CUBE-NFC4.3.0.0
2024-12-03 17:53:04,541 [WARN] PackLoader:240 - Cannot read IP mode file for EmbeddedOffice.I-CUBE-FS-RTOS.1.0.1
2024-12-03 17:53:04,541 [ERROR] ConditionMgr:805 - Attr not supported : Dmpu
2024-12-03 17:53:04,541 [ERROR] ConditionMgr:805 - Attr not supported : Dmpu
2024-12-03 17:53:04,542 [ERROR] ConditionMgr:805 - Attr not supported : Dmpu
2024-12-03 17:53:04,542 [ERROR] ConditionMgr:805 - Attr not supported : Dmpu
2024-12-03 17:53:04,542 [ERROR] ConditionMgr:805 - Attr not supported : Dmpu
2024-12-03 17:53:04,543 [ERROR] ConditionMgr:805 - Attr not supported : Dmpu
2024-12-03 17:53:04,543 [ERROR] ConditionMgr:805 - Attr not supported : Dmpu
2024-12-03 17:53:04,543 [ERROR] ConditionMgr:805 - Attr not supported : Dmpu
2024-12-03 17:53:04,543 [ERROR] ConditionMgr:805 - Attr not supported : Dmpu
2024-12-03 17:53:04,543 [ERROR] ConditionMgr:805 - Attr not supported : Dmpu
2024-12-03 17:53:04,543 [ERROR] ConditionMgr:805 - Attr not supported : Dmpu
2024-12-03 17:53:04,543 [ERROR] ConditionMgr:805 - Attr not supported : Dmpu
2024-12-03 17:53:04,543 [ERROR] ConditionMgr:805 - Attr not supported : Dmpu
2024-12-03 17:53:04,543 [ERROR] ConditionMgr:805 - Attr not supported : Dmpu
2024-12-03 17:53:04,543 [ERROR] ConditionMgr:805 - Attr not supported : Dmpu
2024-12-03 17:53:04,543 [ERROR] ConditionMgr:805 - Attr not supported : Dmpu
2024-12-03 17:53:04,543 [ERROR] ConditionMgr:805 - Attr not supported : Dmpu
2024-12-03 17:53:04,543 [ERROR] ConditionMgr:805 - Attr not supported : Dmpu
2024-12-03 17:53:04,543 [ERROR] ConditionMgr:805 - Attr not supported : Dmpu
2024-12-03 17:53:04,543 [ERROR] ConditionMgr:805 - Attr not supported : Dmpu
2024-12-03 17:53:04,544 [ERROR] ConditionMgr:805 - Attr not supported : Dmpu
2024-12-03 17:53:04,544 [ERROR] ConditionMgr:805 - Attr not supported : Dmpu
2024-12-03 17:53:04,544 [ERROR] ConditionMgr:805 - Attr not supported : Dmpu
2024-12-03 17:53:04,544 [ERROR] ConditionMgr:805 - Attr not supported : Dmpu
2024-12-03 17:53:04,545 [ERROR] ConditionMgr:805 - Attr not supported : Dmpu
2024-12-03 17:53:04,545 [ERROR] ConditionMgr:805 - Attr not supported : Dmpu
2024-12-03 17:53:04,545 [ERROR] ConditionMgr:805 - Attr not supported : Dmpu
2024-12-03 17:53:04,545 [ERROR] ConditionMgr:805 - Attr not supported : Dmpu
2024-12-03 17:53:04,545 [ERROR] ConditionMgr:805 - Attr not supported : Dmpu
2024-12-03 17:53:04,545 [ERROR] ConditionMgr:805 - Attr not supported : Dmpu
2024-12-03 17:53:04,545 [ERROR] ConditionMgr:805 - Attr not supported : Dmpu
2024-12-03 17:53:04,545 [ERROR] ConditionMgr:805 - Attr not supported : Dmpu
2024-12-03 17:53:04,545 [ERROR] ConditionMgr:805 - Attr not supported : Dmpu
2024-12-03 17:53:04,545 [ERROR] ConditionMgr:805 - Attr not supported : Dmpu
2024-12-03 17:53:04,545 [ERROR] ConditionMgr:805 - Attr not supported : Dmpu
2024-12-03 17:53:04,546 [ERROR] ConditionMgr:805 - Attr not supported : Dmpu
2024-12-03 17:53:04,546 [ERROR] ConditionMgr:805 - Attr not supported : Dmpu
2024-12-03 17:53:04,546 [ERROR] ConditionMgr:805 - Attr not supported : Dmpu
2024-12-03 17:53:04,546 [ERROR] ConditionMgr:805 - Attr not supported : Dmpu
2024-12-03 17:53:04,546 [ERROR] ConditionMgr:805 - Attr not supported : Dmpu
2024-12-03 17:53:04,546 [ERROR] ConditionMgr:805 - Attr not supported : Dmpu
2024-12-03 17:53:04,546 [ERROR] ConditionMgr:805 - Attr not supported : Dmpu
2024-12-03 17:53:04,546 [ERROR] ConditionMgr:805 - Attr not supported : Dmpu
2024-12-03 17:53:04,546 [ERROR] ConditionMgr:805 - Attr not supported : Dmpu
2024-12-03 17:53:04,546 [ERROR] ConditionMgr:805 - Attr not supported : Dmpu
2024-12-03 17:53:04,547 [ERROR] ConditionMgr:805 - Attr not supported : Dmpu
2024-12-03 17:53:04,547 [ERROR] ConditionMgr:805 - Attr not supported : Dmpu
2024-12-03 17:53:04,547 [ERROR] ConditionMgr:805 - Attr not supported : Dmpu
2024-12-03 17:53:04,547 [ERROR] ConditionMgr:805 - Attr not supported : Dmpu
2024-12-03 17:53:04,547 [ERROR] ConditionMgr:805 - Attr not supported : Dmpu
2024-12-03 17:53:04,547 [ERROR] ConditionMgr:805 - Attr not supported : Dmpu
2024-12-03 17:53:04,547 [ERROR] ConditionMgr:805 - Attr not supported : Dmpu
2024-12-03 17:53:04,547 [ERROR] ConditionMgr:805 - Attr not supported : Dmpu
2024-12-03 17:53:04,547 [ERROR] ConditionMgr:805 - Attr not supported : Dmpu
2024-12-03 17:53:04,547 [ERROR] ConditionMgr:805 - Attr not supported : Dmpu
2024-12-03 17:53:04,547 [ERROR] ConditionMgr:805 - Attr not supported : Dmpu
2024-12-03 17:53:04,548 [ERROR] ConditionMgr:805 - Attr not supported : Dmpu
2024-12-03 17:53:04,548 [ERROR] ConditionMgr:805 - Attr not supported : Dmpu
2024-12-03 17:53:04,548 [ERROR] ConditionMgr:805 - Attr not supported : Dmpu
2024-12-03 17:53:04,548 [ERROR] ConditionMgr:805 - Attr not supported : Dmpu
2024-12-03 17:53:04,548 [ERROR] ConditionMgr:805 - Attr not supported : Dmpu
2024-12-03 17:53:04,548 [ERROR] ConditionMgr:805 - Attr not supported : Dmpu
2024-12-03 17:53:04,549 [ERROR] ConditionMgr:805 - Attr not supported : Dmpu
2024-12-03 17:53:04,549 [ERROR] ConditionMgr:805 - Attr not supported : Dmpu
2024-12-03 17:53:04,583 [WARN] PackLoader:240 - Cannot read IP mode file for RealThread.X-CUBE-RT-Thread_Nano.4.1.1
2024-12-03 17:53:04,607 [WARN] PackLoader:240 - Cannot read IP mode file for STMicroelectronics.FP-ATR-SIGFOX1.3.2.0
2024-12-03 17:53:04,638 [WARN] ConditionMgr:438 - getConditionDescription Invalid condition id : Cortex-A Device cause : null
2024-12-03 17:53:04,686 [WARN] ConditionMgr:1039 - genDependencies : Invalid condition id : Cortex-A Device cause : null
2024-12-03 17:53:04,686 [WARN] ConditionMgr:1039 - genDependencies : Invalid condition id : Cortex-A Device cause : null
2024-12-03 17:53:04,686 [WARN] ConditionMgr:1039 - genDependencies : Invalid condition id : Cortex-A Device cause : null
2024-12-03 17:53:04,721 [WARN] PackLoader:240 - Cannot read IP mode file for STMicroelectronics.X-CUBE-EEPRMA1.5.1.0
2024-12-03 17:53:04,751 [WARN] PackLoader:240 - Cannot read IP mode file for wolfSSL.I-CUBE-wolfSSL.5.7.4
2024-12-03 17:53:04,781 [WARN] PackLoader:240 - Cannot read IP mode file for ITTIA_DB.I-CUBE-ITTIADB.8.9.0
2024-12-03 17:53:04,851 [WARN] PackLoader:240 - Cannot read IP mode file for SEGGER.I-CUBE-embOS.1.3.1
2024-12-03 17:53:04,953 [WARN] PackLoader:240 - Cannot read IP mode file for STMicroelectronics.X-CUBE-ALGOBUILD.1.4.0
2024-12-03 17:53:05,005 [WARN] PackLoader:240 - Cannot read IP mode file for STMicroelectronics.X-CUBE-AZRTOS-F4.1.1.0
2024-12-03 17:53:05,034 [WARN] PackLoader:240 - Cannot read IP mode file for STMicroelectronics.X-CUBE-FREERTOS.1.2.0
2024-12-03 17:53:05,090 [WARN] PackLoader:240 - Cannot read IP mode file for STMicroelectronics.X-CUBE-AZRTOS-L5.2.0.0
2024-12-03 17:53:05,128 [WARN] PackLoader:240 - Cannot read IP mode file for STMicroelectronics.X-CUBE-NFC6.3.1.0
2024-12-03 17:53:05,178 [WARN] PackLoader:240 - Cannot read IP mode file for STMicroelectronics.X-CUBE-NFC7.1.0.1
2024-12-03 17:53:05,306 [WARN] ConditionMgr:438 - getConditionDescription Invalid condition id : LAN8742 Phy interface Condition cause : null
2024-12-03 17:53:05,309 [WARN] PackLoader:240 - Cannot read IP mode file for STMicroelectronics.X-CUBE-AZRTOS-L4.2.0.0
2024-12-03 17:53:05,313 [WARN] ConditionMgr:1039 - genDependencies : Invalid condition id : LAN8742 Phy interface Condition cause : null
2024-12-03 17:53:05,315 [WARN] ConditionMgr:1039 - genDependencies : Invalid condition id : LAN8742 Phy interface Condition cause : null
2024-12-03 17:53:05,317 [WARN] ConditionMgr:1039 - genDependencies : Invalid condition id : LAN8742 Phy interface Condition cause : null
2024-12-03 17:53:05,368 [WARN] PackLoader:240 - Cannot read IP mode file for STMicroelectronics.X-CUBE-SFXS2LP1.4.0.0
2024-12-03 17:53:05,435 [WARN] PackLoader:240 - Cannot read IP mode file for STMicroelectronics.X-CUBE-AZRTOS-H7.3.3.0
2024-12-03 17:53:05,491 [WARN] ConditionMgr:438 - getConditionDescription Invalid condition id : UX DEVICE CLASS RTOS Condition cause : null
2024-12-03 17:53:05,491 [WARN] ConditionMgr:438 - getConditionDescription Invalid condition id : UX DEVICE CLASS RTOS Condition cause : null
2024-12-03 17:53:05,494 [WARN] PackLoader:240 - Cannot read IP mode file for STMicroelectronics.X-CUBE-AZRTOS-WB.2.0.0
2024-12-03 17:53:05,496 [WARN] ConditionMgr:1039 - genDependencies : Invalid condition id : UX DEVICE CLASS RTOS Condition cause : null
2024-12-03 17:53:05,496 [WARN] ConditionMgr:1039 - genDependencies : Invalid condition id : UX DEVICE CLASS RTOS Condition cause : null
2024-12-03 17:53:05,497 [WARN] ConditionMgr:1039 - genDependencies : Invalid condition id : UX DEVICE CLASS RTOS Condition cause : null
2024-12-03 17:53:05,497 [WARN] ConditionMgr:1039 - genDependencies : Invalid condition id : UX DEVICE CLASS RTOS Condition cause : null
2024-12-03 17:53:05,497 [WARN] ConditionMgr:1039 - genDependencies : Invalid condition id : UX DEVICE CLASS RTOS Condition cause : null
2024-12-03 17:53:05,533 [WARN] PackLoader:240 - Cannot read IP mode file for STMicroelectronics.X-CUBE-SUBG2.5.0.0
2024-12-03 17:53:05,568 [WARN] PackLoader:240 - Cannot read IP mode file for Cesanta.I-CUBE-Mongoose.7.13.0
2024-12-03 17:53:05,611 [WARN] PackLoader:240 - Cannot read IP mode file for STMicroelectronics.X-CUBE-AZRTOS-G4.2.0.0
2024-12-03 17:53:05,637 [WARN] PackLoader:240 - Cannot read IP mode file for STMicroelectronics.X-CUBE-ALS.1.0.2
2024-12-03 17:53:05,667 [WARN] PackLoader:240 - Cannot read IP mode file for STMicroelectronics.X-CUBE-TOUCHGFX.4.24.1
2024-12-03 17:53:05,692 [WARN] PackLoader:240 - Cannot read IP mode file for wolfSSL.I-CUBE-wolfTPM.3.4.0
2024-12-03 17:53:05,717 [WARN] PackLoader:240 - Cannot read IP mode file for portGmbH.I-Cube-SoM-uGOAL.1.1.0
2024-12-03 17:53:05,767 [WARN] PackLoader:240 - Cannot read IP mode file for STMicroelectronics.X-CUBE-AZRTOS-H7RS.1.0.0
2024-12-03 17:53:05,795 [WARN] PackLoader:240 - Cannot read IP mode file for STMicroelectronics.FP-ATR-ASTRA1.2.0.0
2024-12-03 17:53:05,857 [WARN] PackLoader:240 - Cannot read IP mode file for Infineon.AIROC-Wi-Fi-Bluetooth-STM32.1.6.1
2024-12-03 17:53:05,882 [WARN] PackLoader:240 - Cannot read IP mode file for wolfSSL.I-CUBE-wolfSSH.1.4.17
2024-12-03 17:53:05,883 [INFO] ThirdParty:978 - Integrity check success = true
2024-12-03 17:53:05,884 [INFO] IntegrityCheckThread:100 - exiting critical section [integrity check]
2024-12-03 17:53:05,884 [INFO] IntegrityCheckThread:103 - End integrity checks thread
2024-12-03 17:53:13,061 [INFO] WebApp:167 - Instantiating new browser for Auth
2024-12-03 17:53:14,702 [INFO] WebApp:448 - Apply proxy settings
2024-12-03 17:53:14,704 [INFO] WebApp:533 - Chromium requires no authentication
2024-12-03 17:53:14,726 [INFO] WebApp:476 - Direct internet connection detected
2024-12-03 17:53:14,778 [INFO] WebApp:869 - Register for checkConnection events
2024-12-03 17:53:14,778 [INFO] WebApp:448 - Apply proxy settings
2024-12-03 17:53:14,779 [INFO] WebApp:533 - Chromium requires no authentication
2024-12-03 17:53:14,779 [INFO] WebApp:476 - Direct internet connection detected
2024-12-03 17:53:15,200 [INFO] WebApp:220 - Starting web application
2024-12-03 17:53:15,201 [INFO] WebApp:578 - Web application path used C:\ST\STM32CubeIDE_1.16.1\STM32CubeIDE\plugins\com.st.stm32cube.common.mx_6.12.1.202409122256\db\plugins\mcufinder\reactClient1\index.html
2024-12-03 17:53:15,734 [INFO] UserAuth:417 - Internet connection configuration mode: 1
2024-12-03 17:53:16,480 [INFO] WebApp:186 - Connection restablished
2024-12-03 17:58:10,187 [INFO] WebApp:189 - Connection lost
2024-12-03 17:58:10,762 [INFO] WebApp:186 - Connection restablished
2024-12-03 18:00:40,922 [ERROR] ConfigurationRetriever:142 - IOException on connection: Read timed out
2024-12-03 18:01:37,391 [INFO] WebApp:189 - Connection lost
2024-12-03 18:01:37,608 [INFO] WebApp:186 - Connection restablished
2024-12-03 18:02:48,404 [INFO] WebApp:189 - Connection lost
2024-12-03 18:02:48,585 [INFO] WebApp:186 - Connection restablished
2024-12-03 18:03:08,894 [INFO] WebApp:189 - Connection lost
2024-12-03 18:03:09,292 [INFO] WebApp:186 - Connection restablished
2024-12-03 18:04:15,398 [INFO] WebApp:189 - Connection lost
2024-12-03 18:04:15,573 [INFO] WebApp:186 - Connection restablished
2024-12-03 18:04:48,415 [INFO] WebApp:189 - Connection lost
2024-12-03 18:04:49,505 [INFO] WebApp:186 - Connection restablished
2024-12-03 18:04:53,894 [INFO] WebApp:189 - Connection lost
2024-12-03 18:04:54,022 [INFO] WebApp:186 - Connection restablished
2024-12-03 18:06:43,898 [INFO] WebApp:189 - Connection lost
2024-12-03 18:06:44,075 [INFO] WebApp:186 - Connection restablished
2024-12-03 18:10:25,916 [INFO] WebApp:189 - Connection lost
2024-12-03 18:10:28,084 [INFO] WebApp:186 - Connection restablished
2024-12-03 18:10:56,413 [INFO] WebApp:189 - Connection lost
2024-12-03 18:10:56,555 [INFO] WebApp:186 - Connection restablished
2024-12-03 18:11:14,393 [INFO] WebApp:189 - Connection lost
2024-12-03 18:11:14,769 [INFO] WebApp:186 - Connection restablished
2024-12-03 18:11:26,876 [INFO] WebApp:189 - Connection lost
2024-12-03 18:11:27,054 [INFO] WebApp:186 - Connection restablished
2024-12-03 18:12:12,445 [INFO] WebApp:189 - Connection lost
2024-12-03 18:12:12,640 [INFO] WebApp:186 - Connection restablished
2024-12-03 18:13:25,397 [INFO] WebApp:189 - Connection lost
2024-12-03 18:13:25,544 [INFO] WebApp:186 - Connection restablished
2024-12-03 18:14:22,891 [INFO] WebApp:189 - Connection lost
2024-12-03 18:14:25,370 [INFO] WebApp:186 - Connection restablished
2024-12-03 18:15:08,497 [INFO] WebApp:189 - Connection lost
2024-12-03 18:15:08,712 [INFO] WebApp:186 - Connection restablished
2024-12-03 18:15:56,533 [INFO] WebApp:189 - Connection lost
2024-12-03 18:15:56,758 [INFO] WebApp:186 - Connection restablished
2024-12-03 18:16:25,437 [INFO] WebApp:189 - Connection lost
2024-12-03 18:16:25,588 [INFO] WebApp:186 - Connection restablished
2024-12-03 18:16:39,041 [INFO] WebApp:189 - Connection lost
2024-12-03 18:16:39,256 [INFO] WebApp:186 - Connection restablished
2024-12-03 18:16:56,884 [INFO] WebApp:189 - Connection lost
2024-12-03 18:16:57,054 [INFO] WebApp:186 - Connection restablished
2024-12-03 18:17:09,507 [INFO] WebApp:189 - Connection lost
2024-12-03 18:17:10,106 [INFO] WebApp:186 - Connection restablished
2024-12-03 18:17:30,546 [INFO] WebApp:189 - Connection lost
2024-12-03 18:17:30,913 [INFO] WebApp:186 - Connection restablished
2024-12-03 18:17:54,912 [INFO] WebApp:189 - Connection lost
2024-12-03 18:17:55,159 [INFO] WebApp:186 - Connection restablished
2024-12-03 18:18:23,924 [INFO] WebApp:189 - Connection lost
2024-12-03 18:18:24,155 [INFO] WebApp:186 - Connection restablished
2024-12-03 18:18:59,935 [INFO] WebApp:189 - Connection lost
2024-12-03 18:19:00,104 [INFO] WebApp:186 - Connection restablished
2024-12-03 18:19:17,933 [INFO] WebApp:189 - Connection lost
2024-12-03 18:19:18,520 [INFO] WebApp:186 - Connection restablished
2024-12-03 18:19:38,431 [INFO] WebApp:189 - Connection lost
2024-12-03 18:19:38,633 [INFO] WebApp:186 - Connection restablished
2024-12-03 18:19:51,945 [INFO] WebApp:189 - Connection lost
2024-12-03 18:19:52,241 [INFO] WebApp:186 - Connection restablished
2024-12-03 18:20:04,894 [INFO] WebApp:189 - Connection lost
2024-12-03 18:20:05,099 [INFO] WebApp:186 - Connection restablished
2024-12-03 18:21:00,392 [INFO] WebApp:189 - Connection lost
2024-12-03 18:21:01,081 [INFO] WebApp:186 - Connection restablished
2024-12-03 18:22:14,712 [INFO] WebApp:189 - Connection lost
2024-12-03 18:22:15,139 [INFO] WebApp:186 - Connection restablished
2024-12-03 18:22:34,427 [INFO] WebApp:189 - Connection lost
2024-12-03 18:22:35,031 [INFO] WebApp:186 - Connection restablished
2024-12-03 18:22:48,769 [INFO] WebApp:189 - Connection lost
2024-12-03 18:22:49,083 [INFO] WebApp:186 - Connection restablished
2024-12-03 18:23:41,006 [INFO] WebApp:189 - Connection lost
2024-12-03 18:23:41,192 [INFO] WebApp:186 - Connection restablished
2024-12-03 18:24:50,383 [INFO] WebApp:189 - Connection lost
2024-12-03 18:24:50,697 [INFO] WebApp:186 - Connection restablished
2024-12-03 18:26:40,421 [INFO] WebApp:189 - Connection lost
2024-12-03 18:26:40,567 [INFO] WebApp:186 - Connection restablished
2024-12-03 18:27:00,931 [INFO] WebApp:189 - Connection lost
2024-12-03 18:27:01,160 [INFO] WebApp:186 - Connection restablished
2024-12-03 18:27:26,902 [INFO] WebApp:189 - Connection lost
2024-12-03 18:27:27,039 [INFO] WebApp:186 - Connection restablished
2024-12-03 18:27:46,914 [INFO] WebApp:189 - Connection lost
2024-12-03 18:27:47,155 [INFO] WebApp:186 - Connection restablished
2024-12-03 18:28:14,371 [INFO] WebApp:189 - Connection lost
2024-12-03 18:28:14,504 [INFO] WebApp:186 - Connection restablished
2024-12-03 18:28:57,928 [INFO] WebApp:189 - Connection lost
2024-12-03 18:28:58,173 [INFO] WebApp:186 - Connection restablished
2024-12-03 18:29:50,920 [INFO] WebApp:189 - Connection lost
2024-12-03 18:29:51,138 [INFO] WebApp:186 - Connection restablished
2024-12-03 18:32:00,889 [INFO] WebApp:189 - Connection lost
2024-12-03 18:32:01,070 [INFO] WebApp:186 - Connection restablished
2024-12-03 18:33:32,409 [INFO] WebApp:189 - Connection lost
2024-12-03 18:33:32,703 [INFO] WebApp:186 - Connection restablished
2024-12-03 18:34:15,422 [INFO] WebApp:189 - Connection lost
2024-12-03 18:34:15,599 [INFO] WebApp:186 - Connection restablished
2024-12-03 18:35:10,406 [INFO] WebApp:189 - Connection lost
2024-12-03 18:35:10,584 [INFO] WebApp:186 - Connection restablished
2024-12-03 18:36:23,917 [INFO] WebApp:189 - Connection lost
2024-12-03 18:36:24,057 [INFO] WebApp:186 - Connection restablished
2024-12-03 18:37:05,900 [INFO] WebApp:189 - Connection lost
2024-12-03 18:37:06,045 [INFO] WebApp:186 - Connection restablished
2024-12-03 18:37:24,902 [INFO] WebApp:189 - Connection lost
2024-12-03 18:37:25,088 [INFO] WebApp:186 - Connection restablished
2024-12-03 18:38:36,212 [INFO] McuFinderGlobals:63 - Set McuFinder mode to 2 (CubeIDE integrated)
2024-12-03 18:38:36,296 [INFO] MainUpdater:2873 - connection check result : 10
2024-12-03 18:38:36,314 [INFO] MainUpdater:2873 - connection check result : 10
2024-12-03 18:38:36,894 [INFO] RulesReader:64 - Compatibility file has been processed (297 Rules)
2024-12-03 18:38:36,923 [INFO] RulesReader:64 - Compatibility file has been processed (297 Rules)
2024-12-03 18:38:36,931 [INFO] MicroXplorer:468 - Change Database Path : 
2024-12-03 18:38:36,931 [INFO] MicroXplorer:498 - Change Database Version : DB.6.0.121
2024-12-03 18:38:36,947 [WARN] ThirdParty:871 - waiting for thirdparty lock release [close project]
2024-12-03 18:38:36,947 [INFO] ThirdParty:873 - entering critical section [close project]
2024-12-03 18:38:36,950 [INFO] ThirdParty:883 - exiting critical section [close project]
2024-12-03 18:38:36,957 [INFO] PinOutPanel:1561 - setPackage(No Configuration,No Configuration)
2024-12-03 18:38:36,966 [INFO] UtilMem:75 - Begin LoadConfig() Used Memory: 699267464 Bytes (1042284544)
2024-12-03 18:38:36,970 [INFO] MicroXplorer:468 - Change Database Path : 
2024-12-03 18:38:36,971 [INFO] MicroXplorer:498 - Change Database Version : DB.6.0.121
2024-12-03 18:38:36,971 [INFO] OpenFileManager:332 - Change cursor
2024-12-03 18:38:37,046 [INFO] Mcu:2032 - Initializing MCU STM32F103R(8-B)Tx STM32F103RBTx STM32F103RBT6
2024-12-03 18:38:39,326 [INFO] Context:742 - Trying to add GPIOservice into a context  which must be forbidden
2024-12-03 18:38:39,857 [INFO] RtosManager:555 - Registered RTOS mode: class=CMSIS, group=RTOS, mode=CMSIS_V1, owner=FREERTOS
2024-12-03 18:38:39,858 [INFO] RtosManager:555 - Registered RTOS mode: class=CMSIS, group=RTOS2, mode=CMSIS_V2, owner=FREERTOS
2024-12-03 18:38:39,858 [INFO] RtosManager:555 - Registered RTOS mode: class=RTOS, group=Core, mode=CMSIS_V1, owner=FREERTOS
2024-12-03 18:38:39,858 [INFO] RtosManager:555 - Registered RTOS mode: class=RTOS, group=Core, mode=CMSIS_V2, owner=FREERTOS
2024-12-03 18:38:39,858 [WARN] ModelIntegratedComponent:184 - Missing modes for component STMicroelectronics:FreeRTOS:0.0.1:STMicroelectronics:RTOS:FreeRTOS:Core:::10.2.0:
2024-12-03 18:38:39,875 [WARN] ModelIntegratedComponent:63 - No mode defined for component null
2024-12-03 18:38:39,876 [WARN] ModelIntegratedComponent:63 - No mode defined for component null
2024-12-03 18:38:39,876 [WARN] ModelIntegratedComponent:63 - No mode defined for component null
2024-12-03 18:38:39,876 [WARN] ModelIntegratedComponent:63 - No mode defined for component null
2024-12-03 18:38:39,876 [WARN] ModelIntegratedComponent:63 - No mode defined for component null
2024-12-03 18:38:39,876 [WARN] ModelIntegratedComponent:63 - No mode defined for component null
2024-12-03 18:38:39,876 [WARN] ModelIntegratedComponent:63 - No mode defined for component null
2024-12-03 18:38:39,876 [WARN] ModelIntegratedComponent:63 - No mode defined for component null
2024-12-03 18:38:39,876 [WARN] ModelIntegratedComponent:63 - No mode defined for component null
2024-12-03 18:38:39,876 [WARN] ModelIntegratedComponent:63 - No mode defined for component null
2024-12-03 18:38:39,876 [WARN] ModelIntegratedComponent:63 - No mode defined for component null
2024-12-03 18:38:39,876 [WARN] ModelIntegratedComponent:63 - No mode defined for component null
2024-12-03 18:38:39,876 [WARN] ModelIntegratedComponent:63 - No mode defined for component null
2024-12-03 18:38:39,876 [WARN] ModelIntegratedComponent:63 - No mode defined for component null
2024-12-03 18:38:39,876 [WARN] ModelIntegratedComponent:63 - No mode defined for component null
2024-12-03 18:38:39,876 [WARN] ModelIntegratedComponent:63 - No mode defined for component null
2024-12-03 18:38:39,876 [WARN] ModelIntegratedComponent:63 - No mode defined for component null
2024-12-03 18:38:39,876 [WARN] ModelIntegratedComponent:63 - No mode defined for component null
2024-12-03 18:38:39,876 [WARN] ModelIntegratedComponent:63 - No mode defined for component null
2024-12-03 18:38:39,876 [WARN] ModelIntegratedComponent:63 - No mode defined for component null
2024-12-03 18:38:39,876 [WARN] ModelIntegratedComponent:63 - No mode defined for component null
2024-12-03 18:38:39,876 [WARN] ModelIntegratedComponent:63 - No mode defined for component null
2024-12-03 18:38:39,876 [WARN] ModelIntegratedComponent:63 - No mode defined for component null
2024-12-03 18:38:39,877 [WARN] ModelIntegratedComponent:63 - No mode defined for component null
2024-12-03 18:38:39,877 [WARN] ModelIntegratedComponent:63 - No mode defined for component null
2024-12-03 18:38:39,877 [WARN] ModelIntegratedComponent:63 - No mode defined for component null
2024-12-03 18:38:39,877 [WARN] ModelIntegratedComponent:63 - No mode defined for component null
2024-12-03 18:38:39,877 [WARN] ModelIntegratedComponent:63 - No mode defined for component null
2024-12-03 18:38:39,877 [WARN] ModelIntegratedComponent:63 - No mode defined for component null
2024-12-03 18:38:39,877 [WARN] ModelIntegratedComponent:63 - No mode defined for component null
2024-12-03 18:38:39,877 [WARN] ModelIntegratedComponent:63 - No mode defined for component null
2024-12-03 18:38:39,877 [WARN] ModelIntegratedComponent:63 - No mode defined for component null
2024-12-03 18:38:39,877 [WARN] ModelIntegratedComponent:63 - No mode defined for component null
2024-12-03 18:38:39,877 [WARN] ModelIntegratedComponent:63 - No mode defined for component null
2024-12-03 18:38:39,877 [WARN] ModelIntegratedComponent:63 - No mode defined for component null
2024-12-03 18:38:39,878 [WARN] ModelPack:524 - Component already loaded: STMicroelectronics:HAL Drivers:0.0.0:STMicroelectronics:Device:STMicro_Driver:XSPI:HAL::0.0.1:HAL_XSPI
2024-12-03 18:38:39,913 [INFO] ThirdPartyModel:298 - Start build external matchings
2024-12-03 18:38:39,985 [INFO] ThirdPartyModel:316 - End build external matchings
2024-12-03 18:38:40,007 [INFO] ImportTextPane:205 - (OptionalMessage_ERROR) IP (DMA) : Parameter (Instance) has Id (I2C1_RX) currently not set
2024-12-03 18:38:40,007 [INFO] ImportTextPane:205 - (OptionalMessage_ERROR) IP (DMA) : Parameter (Direction) has Id (I2C1_RX) currently not set
2024-12-03 18:38:40,008 [INFO] ImportTextPane:205 - (OptionalMessage_ERROR) IP (DMA) : Parameter (PeriphInc) has Id (I2C1_RX) currently not set
2024-12-03 18:38:40,008 [INFO] ImportTextPane:205 - (OptionalMessage_ERROR) IP (DMA) : Parameter (MemInc) has Id (I2C1_RX) currently not set
2024-12-03 18:38:40,008 [INFO] ImportTextPane:205 - (OptionalMessage_ERROR) IP (DMA) : Parameter (PeriphDataAlignment) has Id (I2C1_RX) currently not set
2024-12-03 18:38:40,008 [INFO] ImportTextPane:205 - (OptionalMessage_ERROR) IP (DMA) : Parameter (MemDataAlignment) has Id (I2C1_RX) currently not set
2024-12-03 18:38:40,008 [INFO] ImportTextPane:205 - (OptionalMessage_ERROR) IP (DMA) : Parameter (Mode) has Id (I2C1_RX) currently not set
2024-12-03 18:38:40,008 [INFO] ImportTextPane:205 - (OptionalMessage_ERROR) IP (DMA) : Parameter (Priority) has Id (I2C1_RX) currently not set
2024-12-03 18:38:40,010 [INFO] ImportTextPane:205 - (OptionalMessage_ERROR) IP (RCC) : Parameter (ADCFreqValue) has invalid value (32000000)
2024-12-03 18:38:40,011 [INFO] ImportTextPane:205 - (OptionalMessage_ERROR) IP (RCC) : Invalid parameter (FamilyName)
2024-12-03 18:38:40,011 [INFO] ImportTextPane:205 - (OptionalMessage_ERROR) IP (RCC) : Parameter (MCOFreq_Value) has invalid value (64000000)
2024-12-03 18:38:40,012 [INFO] ImportTextPane:205 - (OptionalMessage_ERROR) IP (RCC) : Parameter (USBFreq_Value) has invalid value (64000000)
2024-12-03 18:38:40,520 [INFO] ApiDb:581 - Connected to CubeFinder SQLite database (C:\Users\mridu\.stmcufinder\plugins\mcufinder\mcu\cube-finder-db.db)
2024-12-03 18:38:40,640 [INFO] ApiDb:668 - CubeFinder database Data Model version=2.1
2024-12-03 18:38:40,640 [INFO] ApiDb:669 - CubeFinder database Configuration version=3.0.39
2024-12-03 18:38:40,640 [INFO] ApiDb:670 - CubeFinder database generation date=2024-10-15 (1729006872)
2024-12-03 18:38:40,640 [INFO] ApiDb:671 - CubeFinder database FW Pack versions=[FP-ATR-ASTRA1_V2.0.0, FP-SNS-FLIGHT1_V5.0.2, FP-SNS-MOTENV1_V5.0.0, FP-SNS-MOTENVWB1_V1.4.0, FP-SNS-SMARTAG2_V1.2.0, FP-SNS-STBOX1_V2.0.0, STM32Cube_FW_C0_V1.2.0, STM32Cube_FW_F4_V1.28.1, STM32Cube_FW_F7_V1.17.2, STM32Cube_FW_G0_V1.6.2, STM32Cube_FW_G4_V1.6.0, STM32Cube_FW_H5_V1.3.0, STM32Cube_FW_H7RS_V1.1.0, STM32Cube_FW_H7_V1.11.2, STM32Cube_FW_L0_V1.12.2, STM32Cube_FW_L5_V1.5.1, STM32Cube_FW_U0_V1.1.0, STM32Cube_FW_U5_V1.6.0, STM32Cube_FW_WB0_V1.0.0, STM32Cube_FW_WBA_V1.4.1, STM32Cube_FW_WB_V1.20.0, STM32Cube_FW_WL_V1.3.0, X-CUBE-ALGOBUILD_V1.4.0, X-CUBE-ALS_V1.0.2, X-CUBE-AZRTOS-F4_V1.1.0, X-CUBE-AZRTOS-F7_V1.1.0, X-CUBE-AZRTOS-G0_V1.1.0, X-CUBE-AZRTOS-G4_V2.0.0, X-CUBE-AZRTOS-H7RS_V1.0.0, X-CUBE-AZRTOS-H7_V3.3.0, X-CUBE-AZRTOS-L4_V2.0.0, X-CUBE-AZRTOS-L5_V2.0.0, X-CUBE-AZRTOS-WB_V2.0.0, X-CUBE-AZRTOS-WL_V2.0.0, X-CUBE-BLE1_V7.0.0, X-CUBE-BLE2_V3.3.0, X-CUBE-BLEMGR_V3.1.0, X-CUBE-EEPRMA1_V5.1.0, X-CUBE-FREERTOS_V1.2.0, X-CUBE-GNSS1_V6.0.0, X-CUBE-MEMS1_V11.0.0, X-CUBE-NFC4_V3.0.0, X-CUBE-NFC7_V1.0.1, X-CUBE-SFXS2LP1_V4.0.0, X-CUBE-SUBG2_V5.0.0, X-CUBE-TOF1_V3.4.2]
2024-12-03 18:38:40,850 [INFO] DbBoardsSqlite:226 - include board P-NUCLEO-WB55-NUCLEO as a kit item of type 'Nucleo-64'
2024-12-03 18:38:40,851 [INFO] DbBoardsSqlite:226 - include board P-NUCLEO-WB55-USBDONGLE as a kit item of type 'Nucleo USB Dongle'
2024-12-03 18:38:40,853 [INFO] DbBoardsSqlite:226 - include board STEVAL-IDP005V1 as a kit item of type 'Evaluation Board'
2024-12-03 18:38:40,854 [INFO] DbBoardsSqlite:226 - include board STEVAL-IDP005V2 as a kit item of type 'Evaluation Board'
2024-12-03 18:38:41,852 [INFO] ApiDb:240 - Found 646 in-development CPN: [B-G473E-ZEST1S, B-WB1M-WPAN1, B-WL5M-SUBG1, NUCLEO-C031C6, NUCLEO-C071RB, NUCLEO-H503RB, NUCLEO-H533RE, NUCLEO-H563ZI, NUCLEO-H7S3L8, NUCLEO-U031R8, NUCLEO-U083RC, NUCLEO-U545RE-Q, NUCLEO-U5A5ZJ-Q, NUCLEO-WB05KZ, NUCLEO-WB07CC, NUCLEO-WB09KE, NUCLEO-WBA52CG, NUCLEO-WBA55CG, STEVAL-PROTEUS1, STEVAL-SMARTAG2, STEVAL-STWINBX1, STM320518-EVAL, STM32C0116-DK, STM32C011D6Y3TR, STM32C011D6Y6TR, STM32C011F4P3, STM32C011F4P6, STM32C011F4U3, STM32C011F4U6TR, STM32C011F6P3, STM32C011F6P6, STM32C011F6U3, STM32C011F6U6TR, STM32C011J4M3, STM32C011J4M6, STM32C011J6M3, STM32C011J6M6, STM32C0316-DK, STM32C031C4T3, STM32C031C4T6, STM32C031C4U3, STM32C031C4U6, STM32C031C6T3, STM32C031C6T6, STM32C031C6U3, STM32C031C6U6, STM32C031F4P3, STM32C031F4P6, STM32C031F6P3, STM32C031F6P6, STM32C031G4U3, STM32C031G4U6, STM32C031G6U3, STM32C031G6U6, STM32C031K4T3, STM32C031K4T6, STM32C031K4U3, STM32C031K4U6, STM32C031K6T3, STM32C031K6T6, STM32C031K6U3, STM32C031K6U6, STM32C071C8T6, STM32C071C8T6N, STM32C071C8U6, STM32C071C8U6N, STM32C071CBT6, STM32C071CBT6N, STM32C071CBU6, STM32C071CBU6N, STM32C071F8P6, STM32C071F8P6N, STM32C071FBP6, STM32C071FBP6N, STM32C071FBY6TR, STM32C071G8U6, STM32C071G8U6N, STM32C071GBU6, STM32C071GBU6N, STM32C071K8T6, STM32C071K8T6N, STM32C071K8U6, STM32C071K8U6N, STM32C071KBT6, STM32C071KBT6N, STM32C071KBU6, STM32C071KBU6N, STM32C071R8T6, STM32C071R8T6N, STM32C071RBI6N, STM32C071RBT6, STM32C071RBT6N, STM32G071K8TXN, STM32G071K8UXN, STM32G081GBU6N, STM32G081KBT6N, STM32G081KBUXN, STM32G0B1CCT6N, STM32G0B1KCT6, STM32G0B1NEY6TR, STM32G0B1RCT6N, STM32G0C1CCT6, STM32G0C1CCT6N, STM32G0C1CCU6N, STM32G0C1CET6N, STM32G0C1CEU6N, STM32G0C1KCT6, STM32G0C1NEY6TR, STM32G0C1RCI6N, STM32G0C1RCT6N, STM32G0C1REI6N, STM32G0C1RET6N, STM32G0C1VCI6, STM32G0C1VEI6, STM32G411C6T3, STM32G411C6T6, STM32G411C6U3, STM32G411C6U6, STM32G411C8T3, STM32G411C8T6, STM32G411C8U3, STM32G411C8U6, STM32G411CBT3, STM32G411CBT6, STM32G411CBU3, STM32G411CBU6, STM32G411K6T3, STM32G411K6T6, STM32G411K6U3, STM32G411K6U6, STM32G411K8T3, STM32G411K8T6, STM32G411K8U3, STM32G411K8U6, STM32G411KBT3, STM32G411KBT6, STM32G411KBU3, STM32G411KBU6, STM32G411M6T3, STM32G411M6T6, STM32G411M8T3, STM32G411M8T6, STM32G411MBT3, STM32G411MBT6, STM32G411R6T3, STM32G411R6T6, STM32G411R8T3, STM32G411R8T6, STM32G411RBT3, STM32G411RBT6, STM32G414CBT3, STM32G414CBT6, STM32G414CBU3, STM32G414CBU6, STM32G414CCT3, STM32G414CCT6, STM32G414CCU3, STM32G414CCU6, STM32G414MBT3, STM32G414MBT6, STM32G414MCT3, STM32G414MCT6, STM32G414RBT3, STM32G414RBT6, STM32G414RCT3, STM32G414RCT6, STM32G414VBT3, STM32G414VBT6, STM32G414VCT3, STM32G414VCT6, STM32G431CBT3Z, STM32G431RBT3Z, STM32G471CCT6, STM32G471CCU6, STM32G471CET3, STM32G471CET6, STM32G471CEU3, STM32G471CEU6, STM32G471MCT6, STM32G471MET3, STM32G471MET6, STM32G471MEY6TR, STM32G471QCT6, STM32G471QET3, STM32G471RCT6, STM32G471RET3, STM32G471RET6, STM32G471VCH6, STM32G471VCI6, STM32G471VCT6, STM32G471VEH3, STM32G471VEH6, STM32G471VEI3, STM32G471VEI6, STM32G471VET3, STM32G471VET6, STM32G473QET3Z, STM32G473RET3Z, STM32G474CCT6, STM32G491RET3Z, STM32H503CBT6, STM32H503CBU6, STM32H503EBY6TR, STM32H503KBU6, STM32H503RBT6, STM32H523CCT6, STM32H523CCU6, STM32H523CET6, STM32H523CEU6, STM32H523HEY6TR, STM32H523RCT6, STM32H523RET6, STM32H523VCI6, STM32H523VCT6, STM32H523VEI6, STM32H523VET6, STM32H523ZCJ6, STM32H523ZCT6, STM32H523ZEJ6, STM32H523ZET6, STM32H533CET6, STM32H533CEU6, STM32H533HEY6TR, STM32H533RET6, STM32H533VEI6, STM32H533VET6, STM32H533ZEJ6, STM32H533ZET6, STM32H562AGI6, STM32H562AII6, STM32H562IGK6, STM32H562IGT6, STM32H562IIK6, STM32H562IIT6, STM32H562RGT6, STM32H562RGV6, STM32H562RIT6, STM32H562RIV6, STM32H562VGT6, STM32H562VIT6, STM32H562ZGT6, STM32H562ZIT6, STM32H563AGI6, STM32H563AII3Q, STM32H563AII6, STM32H563IGK6, STM32H563IGT6, STM32H563IIK3Q, STM32H563IIK6, STM32H563IIT3Q, STM32H563IIT6, STM32H563MIY3QTR, STM32H563RGT6, STM32H563RGV6, STM32H563RIT6, STM32H563RIV6, STM32H563VGT6, STM32H563VIT3Q, STM32H563VIT6, STM32H563ZGT6, STM32H563ZIT3Q, STM32H563ZIT6, STM32H573AII3Q, STM32H573AII6, STM32H573I-DK, STM32H573IIK3Q, STM32H573IIK6, STM32H573IIT3Q, STM32H573IIT6, STM32H573MIY3QTR, STM32H573RIT6, STM32H573RIV6, STM32H573VIT3Q, STM32H573VIT6, STM32H573ZIT3Q, STM32H573ZIT6, STM32H7R3A8I6, STM32H7R3I8K6, STM32H7R3I8T6, STM32H7R3L8H6, STM32H7R3L8H6H, STM32H7R3R8V6, STM32H7R3V8H6, STM32H7R3V8T6, STM32H7R3V8Y6TR, STM32H7R3Z8J6, STM32H7R3Z8T6, STM32H7R7A8I6, STM32H7R7I8K6, STM32H7R7I8T6, STM32H7R7L8H6, STM32H7R7L8H6H, STM32H7R7Z8J6, STM32H7S3A8I6, STM32H7S3I8K6, STM32H7S3I8T6, STM32H7S3L8H6, STM32H7S3L8H6H, STM32H7S3R8V6, STM32H7S3V8H6, STM32H7S3V8T6, STM32H7S3V8Y6TR, STM32H7S3Z8J6, STM32H7S3Z8T6, STM32H7S78-DK, STM32H7S7A8I6, STM32H7S7I8K6, STM32H7S7I8T6, STM32H7S7L8H6, STM32H7S7L8H6H, STM32H7S7Z8J6, STM32L4R5QGI6STR, STM32MP131AAE3, STM32MP131AAF3, STM32MP131AAG3, STM32MP131CAE3, STM32MP131CAF3, STM32MP131CAG3, STM32MP131DAE7, STM32MP131DAF7, STM32MP131DAG7, STM32MP131FAE7, STM32MP131FAF7, STM32MP131FAG7, STM32MP133AAE3, STM32MP133AAF3, STM32MP133AAG3, STM32MP133CAE3, STM32MP133CAF3, STM32MP133CAG3, STM32MP133DAE7, STM32MP133DAF7, STM32MP133DAG7, STM32MP133FAE7, STM32MP133FAF7, STM32MP133FAG7, STM32MP135AAE3, STM32MP135AAF3, STM32MP135AAG3, STM32MP135CAE3, STM32MP135CAF3, STM32MP135CAG3, STM32MP135DAE7, STM32MP135DAF7, STM32MP135DAG7, STM32MP135F-DK, STM32MP135FAE7, STM32MP135FAF7, STM32MP135FAF7T, STM32MP135FAF7U, STM32MP135FAG7, STM32MP251AAI3, STM32MP251AAK3, STM32MP251AAL3, STM32MP251CAI3, STM32MP251CAK3, STM32MP251CAL3, STM32MP251DAI3, STM32MP251DAK3, STM32MP251DAL3, STM32MP251FAI3, STM32MP251FAK3, STM32MP251FAL3, STM32MP253AAI3, STM32MP253AAK3, STM32MP253AAL3, STM32MP253CAI3, STM32MP253CAK3, STM32MP253CAL3, STM32MP253DAI3, STM32MP253DAK3, STM32MP253DAL3, STM32MP253FAI3, STM32MP253FAK3, STM32MP253FAL3, STM32MP255AAI3, STM32MP255AAK3, STM32MP255AAL3, STM32MP255CAI3, STM32MP255CAK3, STM32MP255CAL3, STM32MP255DAI3, STM32MP255DAK3, STM32MP255DAL3, STM32MP255FAI3, STM32MP255FAK3, STM32MP255FAL3, STM32MP257AAI3, STM32MP257AAK3, STM32MP257AAL3, STM32MP257CAI3, STM32MP257CAK3, STM32MP257CAL3, STM32MP257DAI3, STM32MP257DAK3, STM32MP257DAL3, STM32MP257F-DK, STM32MP257F-EV1, STM32MP257FAI3, STM32MP257FAK3, STM32MP257FAL3, STM32U031C6T6, STM32U031C6U6, STM32U031C8T6, STM32U031C8U6, STM32U031F4P6, STM32U031F6P6, STM32U031F8P6, STM32U031G6Y6TR, STM32U031G8Y6TR, STM32U031K4U6, STM32U031K6U6, STM32U031K8U6, STM32U031R6I6, STM32U031R6T6, STM32U031R8I6, STM32U031R8T6, STM32U073C8T6, STM32U073C8U6, STM32U073CBT6, STM32U073CBU6, STM32U073CCT6, STM32U073CCU6, STM32U073H8Y6TR, STM32U073HBY6TR, STM32U073HCY6TR, STM32U073K8U6, STM32U073KBU6, STM32U073KCU6, STM32U073M8I6, STM32U073M8T6, STM32U073MBI6, STM32U073MBT6, STM32U073MCI6, STM32U073MCT6, STM32U073R8I6, STM32U073R8T6, STM32U073RBI6, STM32U073RBT6, STM32U073RCI6, STM32U073RCT6, STM32U083C-DK, STM32U083CCT6, STM32U083CCU6, STM32U083HCY6TR, STM32U083KCU6, STM32U083MCI6, STM32U083MCT6, STM32U083RCI6, STM32U083RCT6, STM32U535CBT6, STM32U535CBT6Q, STM32U535CBU6, STM32U535CBU6Q, STM32U535CCT6, STM32U535CCT6Q, STM32U535CCU6, STM32U535CCU6Q, STM32U535CET6, STM32U535CET6Q, STM32U535CEU6, STM32U535CEU6Q, STM32U535JEY6QTR, STM32U535NCY6QTR, STM32U535NEY6QTR, STM32U535RBI6, STM32U535RBI6Q, STM32U535RBT6, STM32U535RBT6Q, STM32U535RCI6, STM32U535RCI6Q, STM32U535RCT6, STM32U535RCT6Q, STM32U535REI6, STM32U535REI6Q, STM32U535RET6, STM32U535RET6Q, STM32U535VCI6, STM32U535VCI6Q, STM32U535VCT6, STM32U535VCT6Q, STM32U535VEI6, STM32U535VEI6Q, STM32U535VET6, STM32U535VET6Q, STM32U545CET6, STM32U545CET6Q, STM32U545CEU6, STM32U545CEU6Q, STM32U545JEY6QTR, STM32U545NEY6QTR, STM32U545REI6, STM32U545REI6Q, STM32U545RET6, STM32U545RET6Q, STM32U545VEI6, STM32U545VEI6Q, STM32U545VET6, STM32U545VET6Q, STM32U595AIH6, STM32U595AIH6Q, STM32U595AJH6, STM32U595AJH6Q, STM32U595QII6, STM32U595QII6Q, STM32U595QJI6, STM32U595QJI6Q, STM32U595RIT6, STM32U595RIT6Q, STM32U595RJT6, STM32U595RJT6Q, STM32U595VIT6, STM32U595VIT6Q, STM32U595VJT6, STM32U595VJT6Q, STM32U595ZIT6, STM32U595ZIT6Q, STM32U595ZIY6QTR, STM32U595ZJT6, STM32U595ZJT6Q, STM32U595ZJY6QTR, STM32U599BJY6QTR, STM32U599NIH6Q, STM32U599NJH6Q, STM32U599VIT6Q, STM32U599VJT6, STM32U599VJT6Q, STM32U599ZIT6Q, STM32U599ZIY6QTR, STM32U599ZJT6Q, STM32U599ZJY6QTR, STM32U5A5AJH6, STM32U5A5AJH6Q, STM32U5A5QII3Q , STM32U5A5QJI6, STM32U5A5QJI6Q, STM32U5A5RJT6, STM32U5A5RJT6Q, STM32U5A5VJT6, STM32U5A5VJT6Q, STM32U5A5ZJT6, STM32U5A5ZJT6Q, STM32U5A5ZJY6QTR, STM32U5A9BJY6QTR, STM32U5A9J-DK, STM32U5A9NJH6Q, STM32U5A9VJT6Q, STM32U5A9ZJT6Q, STM32U5A9ZJY6QTR, STM32U5F7VIT6, STM32U5F7VIT6Q, STM32U5F7VJT6, STM32U5F7VJT6Q, STM32U5F9BJY6QTR, STM32U5F9NJH6Q, STM32U5F9VIT6Q, STM32U5F9VJT6Q, STM32U5F9ZIJ6QTR, STM32U5F9ZIT6Q, STM32U5F9ZJJ6QTR, STM32U5F9ZJT6Q, STM32U5G7VJT6, STM32U5G7VJT6Q, STM32U5G9BJY6QTR, STM32U5G9J-DK1, STM32U5G9J-DK2, STM32U5G9NJH6Q, STM32U5G9VJT6Q, STM32U5G9ZJJ6QTR, STM32U5G9ZJT6Q, STM32WB05KZV6TR, STM32WB05KZV7TR, STM32WB05TZF6TR, STM32WB05TZF7TR, STM32WB06CCF6TR, STM32WB06CCF7TR, STM32WB06CCV6TR, STM32WB06CCV7TR, STM32WB06KCV6TR, STM32WB06KCV7TR, STM32WB07CCF6TR, STM32WB07CCF7TR, STM32WB07CCV6TR, STM32WB07CCV7TR, STM32WB07KCV6TR, STM32WB07KCV7TR, STM32WB09KEV6TR, STM32WB09KEV7TR, STM32WB09TEF6TR, STM32WB09TEF7TR, STM32WB1MMCH6, STM32WBA50KGU6, STM32WBA50KGU6TR, STM32WBA52CEU6, STM32WBA52CEU6TR, STM32WBA52CEU7, STM32WBA52CEU7TR, STM32WBA52CGU6, STM32WBA52CGU6TR, STM32WBA52CGU6U, STM32WBA52CGU7, STM32WBA52CGU7TR, STM32WBA52KEU6, STM32WBA52KEU6TR, STM32WBA52KGU6, STM32WBA52KGU6TR, STM32WBA54CEU6, STM32WBA54CEU6TR, STM32WBA54CEU7, STM32WBA54CEU7TR, STM32WBA54CGU6, STM32WBA54CGU6TR, STM32WBA54CGU7, STM32WBA54CGU7TR, STM32WBA54KEU6, STM32WBA54KEU6TR, STM32WBA54KEU7, STM32WBA54KEU7TR, STM32WBA54KGU6, STM32WBA54KGU6TR, STM32WBA54KGU7, STM32WBA54KGU7TR, STM32WBA55CEU6, STM32WBA55CEU6TR, STM32WBA55CEU7, STM32WBA55CEU7TR, STM32WBA55CGU6, STM32WBA55CGU6TR, STM32WBA55CGU6U, STM32WBA55CGU7, STM32WBA55CGU7TR, STM32WBA55G-DK1, STM32WBA55HEF6, STM32WBA55HEF7, STM32WBA55HGF6, STM32WBA55HGF7, STM32WBA55UEI6, STM32WBA55UEI6TR, STM32WBA55UEI7, STM32WBA55UEI7TR, STM32WBA55UGI6, STM32WBA55UGI6TR, STM32WBA55UGI7, STM32WBA55UGI7TR, STM32WL5MOCH6, STM32WL5MOCH6TR]
2024-12-03 18:38:42,231 [INFO] BoardInfo:889 - No configuration file found for board P-NUCLEO-WB55
2024-12-03 18:38:42,234 [INFO] DbBoards:161 - Kit is not supported: P-NUCLEO-WB55
2024-12-03 18:38:42,249 [INFO] BoardInfo:889 - No configuration file found for board STEVAL-BFA001V1B
2024-12-03 18:38:42,251 [INFO] DbBoards:161 - Kit is not supported: STEVAL-BFA001V1B
2024-12-03 18:38:42,253 [INFO] BoardInfo:889 - No configuration file found for board STEVAL-BFA001V2B
2024-12-03 18:38:42,257 [INFO] DbBoards:161 - Kit is not supported: STEVAL-BFA001V2B
2024-12-03 18:38:42,758 [INFO] DbBoards:168 - Found 201 boards, 198 are supported
2024-12-03 18:38:42,759 [INFO] DbBoards:169 - Found 201 boards, 25 of them is supported for  Bsp
2024-12-03 18:38:42,768 [INFO] ApiDb:668 - CubeFinder database Data Model version=2.1
2024-12-03 18:38:42,768 [INFO] ApiDb:669 - CubeFinder database Configuration version=3.0.39
2024-12-03 18:38:42,768 [INFO] ApiDb:670 - CubeFinder database generation date=2024-10-15 (1729006872)
2024-12-03 18:38:42,768 [INFO] ApiDb:671 - CubeFinder database FW Pack versions=[FP-ATR-ASTRA1_V2.0.0, FP-SNS-FLIGHT1_V5.0.2, FP-SNS-MOTENV1_V5.0.0, FP-SNS-MOTENVWB1_V1.4.0, FP-SNS-SMARTAG2_V1.2.0, FP-SNS-STBOX1_V2.0.0, STM32Cube_FW_C0_V1.2.0, STM32Cube_FW_F4_V1.28.1, STM32Cube_FW_F7_V1.17.2, STM32Cube_FW_G0_V1.6.2, STM32Cube_FW_G4_V1.6.0, STM32Cube_FW_H5_V1.3.0, STM32Cube_FW_H7RS_V1.1.0, STM32Cube_FW_H7_V1.11.2, STM32Cube_FW_L0_V1.12.2, STM32Cube_FW_L5_V1.5.1, STM32Cube_FW_U0_V1.1.0, STM32Cube_FW_U5_V1.6.0, STM32Cube_FW_WB0_V1.0.0, STM32Cube_FW_WBA_V1.4.1, STM32Cube_FW_WB_V1.20.0, STM32Cube_FW_WL_V1.3.0, X-CUBE-ALGOBUILD_V1.4.0, X-CUBE-ALS_V1.0.2, X-CUBE-AZRTOS-F4_V1.1.0, X-CUBE-AZRTOS-F7_V1.1.0, X-CUBE-AZRTOS-G0_V1.1.0, X-CUBE-AZRTOS-G4_V2.0.0, X-CUBE-AZRTOS-H7RS_V1.0.0, X-CUBE-AZRTOS-H7_V3.3.0, X-CUBE-AZRTOS-L4_V2.0.0, X-CUBE-AZRTOS-L5_V2.0.0, X-CUBE-AZRTOS-WB_V2.0.0, X-CUBE-AZRTOS-WL_V2.0.0, X-CUBE-BLE1_V7.0.0, X-CUBE-BLE2_V3.3.0, X-CUBE-BLEMGR_V3.1.0, X-CUBE-EEPRMA1_V5.1.0, X-CUBE-FREERTOS_V1.2.0, X-CUBE-GNSS1_V6.0.0, X-CUBE-MEMS1_V11.0.0, X-CUBE-NFC4_V3.0.0, X-CUBE-NFC7_V1.0.1, X-CUBE-SFXS2LP1_V4.0.0, X-CUBE-SUBG2_V5.0.0, X-CUBE-TOF1_V3.4.2]
2024-12-03 18:38:45,646 [INFO] ApiDb:240 - Found 646 in-development CPN: [B-G473E-ZEST1S, B-WB1M-WPAN1, B-WL5M-SUBG1, NUCLEO-C031C6, NUCLEO-C071RB, NUCLEO-H503RB, NUCLEO-H533RE, NUCLEO-H563ZI, NUCLEO-H7S3L8, NUCLEO-U031R8, NUCLEO-U083RC, NUCLEO-U545RE-Q, NUCLEO-U5A5ZJ-Q, NUCLEO-WB05KZ, NUCLEO-WB07CC, NUCLEO-WB09KE, NUCLEO-WBA52CG, NUCLEO-WBA55CG, STEVAL-PROTEUS1, STEVAL-SMARTAG2, STEVAL-STWINBX1, STM320518-EVAL, STM32C0116-DK, STM32C011D6Y3TR, STM32C011D6Y6TR, STM32C011F4P3, STM32C011F4P6, STM32C011F4U3, STM32C011F4U6TR, STM32C011F6P3, STM32C011F6P6, STM32C011F6U3, STM32C011F6U6TR, STM32C011J4M3, STM32C011J4M6, STM32C011J6M3, STM32C011J6M6, STM32C0316-DK, STM32C031C4T3, STM32C031C4T6, STM32C031C4U3, STM32C031C4U6, STM32C031C6T3, STM32C031C6T6, STM32C031C6U3, STM32C031C6U6, STM32C031F4P3, STM32C031F4P6, STM32C031F6P3, STM32C031F6P6, STM32C031G4U3, STM32C031G4U6, STM32C031G6U3, STM32C031G6U6, STM32C031K4T3, STM32C031K4T6, STM32C031K4U3, STM32C031K4U6, STM32C031K6T3, STM32C031K6T6, STM32C031K6U3, STM32C031K6U6, STM32C071C8T6, STM32C071C8T6N, STM32C071C8U6, STM32C071C8U6N, STM32C071CBT6, STM32C071CBT6N, STM32C071CBU6, STM32C071CBU6N, STM32C071F8P6, STM32C071F8P6N, STM32C071FBP6, STM32C071FBP6N, STM32C071FBY6TR, STM32C071G8U6, STM32C071G8U6N, STM32C071GBU6, STM32C071GBU6N, STM32C071K8T6, STM32C071K8T6N, STM32C071K8U6, STM32C071K8U6N, STM32C071KBT6, STM32C071KBT6N, STM32C071KBU6, STM32C071KBU6N, STM32C071R8T6, STM32C071R8T6N, STM32C071RBI6N, STM32C071RBT6, STM32C071RBT6N, STM32G071K8TXN, STM32G071K8UXN, STM32G081GBU6N, STM32G081KBT6N, STM32G081KBUXN, STM32G0B1CCT6N, STM32G0B1KCT6, STM32G0B1NEY6TR, STM32G0B1RCT6N, STM32G0C1CCT6, STM32G0C1CCT6N, STM32G0C1CCU6N, STM32G0C1CET6N, STM32G0C1CEU6N, STM32G0C1KCT6, STM32G0C1NEY6TR, STM32G0C1RCI6N, STM32G0C1RCT6N, STM32G0C1REI6N, STM32G0C1RET6N, STM32G0C1VCI6, STM32G0C1VEI6, STM32G411C6T3, STM32G411C6T6, STM32G411C6U3, STM32G411C6U6, STM32G411C8T3, STM32G411C8T6, STM32G411C8U3, STM32G411C8U6, STM32G411CBT3, STM32G411CBT6, STM32G411CBU3, STM32G411CBU6, STM32G411K6T3, STM32G411K6T6, STM32G411K6U3, STM32G411K6U6, STM32G411K8T3, STM32G411K8T6, STM32G411K8U3, STM32G411K8U6, STM32G411KBT3, STM32G411KBT6, STM32G411KBU3, STM32G411KBU6, STM32G411M6T3, STM32G411M6T6, STM32G411M8T3, STM32G411M8T6, STM32G411MBT3, STM32G411MBT6, STM32G411R6T3, STM32G411R6T6, STM32G411R8T3, STM32G411R8T6, STM32G411RBT3, STM32G411RBT6, STM32G414CBT3, STM32G414CBT6, STM32G414CBU3, STM32G414CBU6, STM32G414CCT3, STM32G414CCT6, STM32G414CCU3, STM32G414CCU6, STM32G414MBT3, STM32G414MBT6, STM32G414MCT3, STM32G414MCT6, STM32G414RBT3, STM32G414RBT6, STM32G414RCT3, STM32G414RCT6, STM32G414VBT3, STM32G414VBT6, STM32G414VCT3, STM32G414VCT6, STM32G431CBT3Z, STM32G431RBT3Z, STM32G471CCT6, STM32G471CCU6, STM32G471CET3, STM32G471CET6, STM32G471CEU3, STM32G471CEU6, STM32G471MCT6, STM32G471MET3, STM32G471MET6, STM32G471MEY6TR, STM32G471QCT6, STM32G471QET3, STM32G471RCT6, STM32G471RET3, STM32G471RET6, STM32G471VCH6, STM32G471VCI6, STM32G471VCT6, STM32G471VEH3, STM32G471VEH6, STM32G471VEI3, STM32G471VEI6, STM32G471VET3, STM32G471VET6, STM32G473QET3Z, STM32G473RET3Z, STM32G474CCT6, STM32G491RET3Z, STM32H503CBT6, STM32H503CBU6, STM32H503EBY6TR, STM32H503KBU6, STM32H503RBT6, STM32H523CCT6, STM32H523CCU6, STM32H523CET6, STM32H523CEU6, STM32H523HEY6TR, STM32H523RCT6, STM32H523RET6, STM32H523VCI6, STM32H523VCT6, STM32H523VEI6, STM32H523VET6, STM32H523ZCJ6, STM32H523ZCT6, STM32H523ZEJ6, STM32H523ZET6, STM32H533CET6, STM32H533CEU6, STM32H533HEY6TR, STM32H533RET6, STM32H533VEI6, STM32H533VET6, STM32H533ZEJ6, STM32H533ZET6, STM32H562AGI6, STM32H562AII6, STM32H562IGK6, STM32H562IGT6, STM32H562IIK6, STM32H562IIT6, STM32H562RGT6, STM32H562RGV6, STM32H562RIT6, STM32H562RIV6, STM32H562VGT6, STM32H562VIT6, STM32H562ZGT6, STM32H562ZIT6, STM32H563AGI6, STM32H563AII3Q, STM32H563AII6, STM32H563IGK6, STM32H563IGT6, STM32H563IIK3Q, STM32H563IIK6, STM32H563IIT3Q, STM32H563IIT6, STM32H563MIY3QTR, STM32H563RGT6, STM32H563RGV6, STM32H563RIT6, STM32H563RIV6, STM32H563VGT6, STM32H563VIT3Q, STM32H563VIT6, STM32H563ZGT6, STM32H563ZIT3Q, STM32H563ZIT6, STM32H573AII3Q, STM32H573AII6, STM32H573I-DK, STM32H573IIK3Q, STM32H573IIK6, STM32H573IIT3Q, STM32H573IIT6, STM32H573MIY3QTR, STM32H573RIT6, STM32H573RIV6, STM32H573VIT3Q, STM32H573VIT6, STM32H573ZIT3Q, STM32H573ZIT6, STM32H7R3A8I6, STM32H7R3I8K6, STM32H7R3I8T6, STM32H7R3L8H6, STM32H7R3L8H6H, STM32H7R3R8V6, STM32H7R3V8H6, STM32H7R3V8T6, STM32H7R3V8Y6TR, STM32H7R3Z8J6, STM32H7R3Z8T6, STM32H7R7A8I6, STM32H7R7I8K6, STM32H7R7I8T6, STM32H7R7L8H6, STM32H7R7L8H6H, STM32H7R7Z8J6, STM32H7S3A8I6, STM32H7S3I8K6, STM32H7S3I8T6, STM32H7S3L8H6, STM32H7S3L8H6H, STM32H7S3R8V6, STM32H7S3V8H6, STM32H7S3V8T6, STM32H7S3V8Y6TR, STM32H7S3Z8J6, STM32H7S3Z8T6, STM32H7S78-DK, STM32H7S7A8I6, STM32H7S7I8K6, STM32H7S7I8T6, STM32H7S7L8H6, STM32H7S7L8H6H, STM32H7S7Z8J6, STM32L4R5QGI6STR, STM32MP131AAE3, STM32MP131AAF3, STM32MP131AAG3, STM32MP131CAE3, STM32MP131CAF3, STM32MP131CAG3, STM32MP131DAE7, STM32MP131DAF7, STM32MP131DAG7, STM32MP131FAE7, STM32MP131FAF7, STM32MP131FAG7, STM32MP133AAE3, STM32MP133AAF3, STM32MP133AAG3, STM32MP133CAE3, STM32MP133CAF3, STM32MP133CAG3, STM32MP133DAE7, STM32MP133DAF7, STM32MP133DAG7, STM32MP133FAE7, STM32MP133FAF7, STM32MP133FAG7, STM32MP135AAE3, STM32MP135AAF3, STM32MP135AAG3, STM32MP135CAE3, STM32MP135CAF3, STM32MP135CAG3, STM32MP135DAE7, STM32MP135DAF7, STM32MP135DAG7, STM32MP135F-DK, STM32MP135FAE7, STM32MP135FAF7, STM32MP135FAF7T, STM32MP135FAF7U, STM32MP135FAG7, STM32MP251AAI3, STM32MP251AAK3, STM32MP251AAL3, STM32MP251CAI3, STM32MP251CAK3, STM32MP251CAL3, STM32MP251DAI3, STM32MP251DAK3, STM32MP251DAL3, STM32MP251FAI3, STM32MP251FAK3, STM32MP251FAL3, STM32MP253AAI3, STM32MP253AAK3, STM32MP253AAL3, STM32MP253CAI3, STM32MP253CAK3, STM32MP253CAL3, STM32MP253DAI3, STM32MP253DAK3, STM32MP253DAL3, STM32MP253FAI3, STM32MP253FAK3, STM32MP253FAL3, STM32MP255AAI3, STM32MP255AAK3, STM32MP255AAL3, STM32MP255CAI3, STM32MP255CAK3, STM32MP255CAL3, STM32MP255DAI3, STM32MP255DAK3, STM32MP255DAL3, STM32MP255FAI3, STM32MP255FAK3, STM32MP255FAL3, STM32MP257AAI3, STM32MP257AAK3, STM32MP257AAL3, STM32MP257CAI3, STM32MP257CAK3, STM32MP257CAL3, STM32MP257DAI3, STM32MP257DAK3, STM32MP257DAL3, STM32MP257F-DK, STM32MP257F-EV1, STM32MP257FAI3, STM32MP257FAK3, STM32MP257FAL3, STM32U031C6T6, STM32U031C6U6, STM32U031C8T6, STM32U031C8U6, STM32U031F4P6, STM32U031F6P6, STM32U031F8P6, STM32U031G6Y6TR, STM32U031G8Y6TR, STM32U031K4U6, STM32U031K6U6, STM32U031K8U6, STM32U031R6I6, STM32U031R6T6, STM32U031R8I6, STM32U031R8T6, STM32U073C8T6, STM32U073C8U6, STM32U073CBT6, STM32U073CBU6, STM32U073CCT6, STM32U073CCU6, STM32U073H8Y6TR, STM32U073HBY6TR, STM32U073HCY6TR, STM32U073K8U6, STM32U073KBU6, STM32U073KCU6, STM32U073M8I6, STM32U073M8T6, STM32U073MBI6, STM32U073MBT6, STM32U073MCI6, STM32U073MCT6, STM32U073R8I6, STM32U073R8T6, STM32U073RBI6, STM32U073RBT6, STM32U073RCI6, STM32U073RCT6, STM32U083C-DK, STM32U083CCT6, STM32U083CCU6, STM32U083HCY6TR, STM32U083KCU6, STM32U083MCI6, STM32U083MCT6, STM32U083RCI6, STM32U083RCT6, STM32U535CBT6, STM32U535CBT6Q, STM32U535CBU6, STM32U535CBU6Q, STM32U535CCT6, STM32U535CCT6Q, STM32U535CCU6, STM32U535CCU6Q, STM32U535CET6, STM32U535CET6Q, STM32U535CEU6, STM32U535CEU6Q, STM32U535JEY6QTR, STM32U535NCY6QTR, STM32U535NEY6QTR, STM32U535RBI6, STM32U535RBI6Q, STM32U535RBT6, STM32U535RBT6Q, STM32U535RCI6, STM32U535RCI6Q, STM32U535RCT6, STM32U535RCT6Q, STM32U535REI6, STM32U535REI6Q, STM32U535RET6, STM32U535RET6Q, STM32U535VCI6, STM32U535VCI6Q, STM32U535VCT6, STM32U535VCT6Q, STM32U535VEI6, STM32U535VEI6Q, STM32U535VET6, STM32U535VET6Q, STM32U545CET6, STM32U545CET6Q, STM32U545CEU6, STM32U545CEU6Q, STM32U545JEY6QTR, STM32U545NEY6QTR, STM32U545REI6, STM32U545REI6Q, STM32U545RET6, STM32U545RET6Q, STM32U545VEI6, STM32U545VEI6Q, STM32U545VET6, STM32U545VET6Q, STM32U595AIH6, STM32U595AIH6Q, STM32U595AJH6, STM32U595AJH6Q, STM32U595QII6, STM32U595QII6Q, STM32U595QJI6, STM32U595QJI6Q, STM32U595RIT6, STM32U595RIT6Q, STM32U595RJT6, STM32U595RJT6Q, STM32U595VIT6, STM32U595VIT6Q, STM32U595VJT6, STM32U595VJT6Q, STM32U595ZIT6, STM32U595ZIT6Q, STM32U595ZIY6QTR, STM32U595ZJT6, STM32U595ZJT6Q, STM32U595ZJY6QTR, STM32U599BJY6QTR, STM32U599NIH6Q, STM32U599NJH6Q, STM32U599VIT6Q, STM32U599VJT6, STM32U599VJT6Q, STM32U599ZIT6Q, STM32U599ZIY6QTR, STM32U599ZJT6Q, STM32U599ZJY6QTR, STM32U5A5AJH6, STM32U5A5AJH6Q, STM32U5A5QII3Q , STM32U5A5QJI6, STM32U5A5QJI6Q, STM32U5A5RJT6, STM32U5A5RJT6Q, STM32U5A5VJT6, STM32U5A5VJT6Q, STM32U5A5ZJT6, STM32U5A5ZJT6Q, STM32U5A5ZJY6QTR, STM32U5A9BJY6QTR, STM32U5A9J-DK, STM32U5A9NJH6Q, STM32U5A9VJT6Q, STM32U5A9ZJT6Q, STM32U5A9ZJY6QTR, STM32U5F7VIT6, STM32U5F7VIT6Q, STM32U5F7VJT6, STM32U5F7VJT6Q, STM32U5F9BJY6QTR, STM32U5F9NJH6Q, STM32U5F9VIT6Q, STM32U5F9VJT6Q, STM32U5F9ZIJ6QTR, STM32U5F9ZIT6Q, STM32U5F9ZJJ6QTR, STM32U5F9ZJT6Q, STM32U5G7VJT6, STM32U5G7VJT6Q, STM32U5G9BJY6QTR, STM32U5G9J-DK1, STM32U5G9J-DK2, STM32U5G9NJH6Q, STM32U5G9VJT6Q, STM32U5G9ZJJ6QTR, STM32U5G9ZJT6Q, STM32WB05KZV6TR, STM32WB05KZV7TR, STM32WB05TZF6TR, STM32WB05TZF7TR, STM32WB06CCF6TR, STM32WB06CCF7TR, STM32WB06CCV6TR, STM32WB06CCV7TR, STM32WB06KCV6TR, STM32WB06KCV7TR, STM32WB07CCF6TR, STM32WB07CCF7TR, STM32WB07CCV6TR, STM32WB07CCV7TR, STM32WB07KCV6TR, STM32WB07KCV7TR, STM32WB09KEV6TR, STM32WB09KEV7TR, STM32WB09TEF6TR, STM32WB09TEF7TR, STM32WB1MMCH6, STM32WBA50KGU6, STM32WBA50KGU6TR, STM32WBA52CEU6, STM32WBA52CEU6TR, STM32WBA52CEU7, STM32WBA52CEU7TR, STM32WBA52CGU6, STM32WBA52CGU6TR, STM32WBA52CGU6U, STM32WBA52CGU7, STM32WBA52CGU7TR, STM32WBA52KEU6, STM32WBA52KEU6TR, STM32WBA52KGU6, STM32WBA52KGU6TR, STM32WBA54CEU6, STM32WBA54CEU6TR, STM32WBA54CEU7, STM32WBA54CEU7TR, STM32WBA54CGU6, STM32WBA54CGU6TR, STM32WBA54CGU7, STM32WBA54CGU7TR, STM32WBA54KEU6, STM32WBA54KEU6TR, STM32WBA54KEU7, STM32WBA54KEU7TR, STM32WBA54KGU6, STM32WBA54KGU6TR, STM32WBA54KGU7, STM32WBA54KGU7TR, STM32WBA55CEU6, STM32WBA55CEU6TR, STM32WBA55CEU7, STM32WBA55CEU7TR, STM32WBA55CGU6, STM32WBA55CGU6TR, STM32WBA55CGU6U, STM32WBA55CGU7, STM32WBA55CGU7TR, STM32WBA55G-DK1, STM32WBA55HEF6, STM32WBA55HEF7, STM32WBA55HGF6, STM32WBA55HGF7, STM32WBA55UEI6, STM32WBA55UEI6TR, STM32WBA55UEI7, STM32WBA55UEI7TR, STM32WBA55UGI6, STM32WBA55UGI6TR, STM32WBA55UGI7, STM32WBA55UGI7TR, STM32WL5MOCH6, STM32WL5MOCH6TR]
2024-12-03 18:38:45,650 [INFO] DbMcus:218 - Found 4252 MCUs, 4252 are supported
2024-12-03 18:38:45,651 [INFO] ApiDb:423 - Load user favorites file C:\Users\mridu/.stm32cubeide/favorites.mcus.txt: 0 item(s)
2024-12-03 18:38:45,652 [INFO] ApiDb:427 - User favorites MCUs=[]
2024-12-03 18:38:45,652 [INFO] DbMcus:224 - Set 0 / 0 favorites MCUs
2024-12-03 18:38:46,167 [INFO] ApiDb:423 - Load user favorites file C:\Users\mridu/.stm32cubeide/favorites.boards.txt: 0 item(s)
2024-12-03 18:38:46,167 [INFO] ApiDb:427 - User favorites Boards=[]
2024-12-03 18:38:46,167 [INFO] DbBoards:198 - Set 0 / 0 favorites Boards
2024-12-03 18:38:46,305 [INFO] UtilMem:75 - End LoadConfig() Used Memory: 849919352 Bytes (1073741824)
2024-12-03 18:38:46,574 [WARN] ThirdParty:833 - waiting for thirdparty lock release [change project]
2024-12-03 18:38:46,575 [INFO] ThirdParty:835 - entering critical section [change project]
2024-12-03 18:38:46,575 [INFO] ThirdParty:1030 - CMSIS Pack Vendor :STMicroelectronics USBPD 4.1
2024-12-03 18:38:46,575 [INFO] ThirdParty:1030 - CMSIS Pack Vendor :STMicroelectronics X-CUBE-AZRTOS-H7 3.3.0
2024-12-03 18:38:46,575 [INFO] ThirdParty:1030 - CMSIS Pack Vendor :STMicroelectronics USB_HOST 2.0.0
2024-12-03 18:38:46,575 [INFO] ThirdParty:1030 - CMSIS Pack Vendor :STMicroelectronics FP-SNS-MOTENVWB1 1.4.0
2024-12-03 18:38:46,575 [INFO] ThirdParty:1030 - CMSIS Pack Vendor :STMicroelectronics X-CUBE-AZRTOS-F4 1.1.0
2024-12-03 18:38:46,575 [INFO] ThirdParty:1030 - CMSIS Pack Vendor :STMicroelectronics LIBJPEG 8.0.0
2024-12-03 18:38:46,575 [INFO] ThirdParty:1030 - CMSIS Pack Vendor :STMicroelectronics FP-ATR-ASTRA1 2.0.1
2024-12-03 18:38:46,575 [INFO] ThirdParty:1030 - CMSIS Pack Vendor :STMicroelectronics X-CUBE-SMBUS 2.1.0
2024-12-03 18:38:46,575 [INFO] ThirdParty:1030 - CMSIS Pack Vendor :STMicroelectronics X-CUBE-WB05N 1.1.0
2024-12-03 18:38:46,575 [INFO] ThirdParty:1030 - CMSIS Pack Vendor :STMicroelectronics USB_DEVICE 3.0.0
2024-12-03 18:38:46,575 [INFO] ThirdParty:1030 - CMSIS Pack Vendor :STMicroelectronics X-CUBE-TCPP 4.1.0
2024-12-03 18:38:46,575 [INFO] ThirdParty:1030 - CMSIS Pack Vendor :STMicroelectronics X-CUBE-FREERTOS 1.2.0
2024-12-03 18:38:46,575 [INFO] ThirdParty:1030 - CMSIS Pack Vendor :STMicroelectronics X-CUBE-AZRTOS-WB 2.0.0
2024-12-03 18:38:46,575 [INFO] ThirdParty:1030 - CMSIS Pack Vendor :STMicroelectronics X-CUBE-AZRTOS-F7 1.1.0
2024-12-03 18:38:46,575 [INFO] ThirdParty:1030 - CMSIS Pack Vendor :STMicroelectronics X-CUBE-AZRTOS-L5 2.0.0
2024-12-03 18:38:46,575 [INFO] ThirdParty:1030 - CMSIS Pack Vendor :STMicroelectronics USB_DEVICE 2.0.0
2024-12-03 18:38:46,575 [INFO] ThirdParty:1030 - CMSIS Pack Vendor :STMicroelectronics X-CUBE-NFC6 3.1.0
2024-12-03 18:38:46,575 [INFO] ThirdParty:1030 - CMSIS Pack Vendor :STMicroelectronics FreeRTOS 0.0.1
2024-12-03 18:38:46,575 [INFO] ThirdParty:1030 - CMSIS Pack Vendor :STMicroelectronics X-CUBE-AZRTOS-G0 1.1.0
2024-12-03 18:38:46,575 [INFO] ThirdParty:1030 - CMSIS Pack Vendor :STMicroelectronics X-CUBE-SAFEA1 1.2.2
2024-12-03 18:38:46,575 [INFO] ThirdParty:1030 - CMSIS Pack Vendor :STMicroelectronics X-CUBE-NFC4 3.0.0
2024-12-03 18:38:46,576 [INFO] ThirdParty:1030 - CMSIS Pack Vendor :STMicroelectronics X-CUBE-SUBG2 5.0.0
2024-12-03 18:38:46,576 [INFO] ThirdParty:1030 - CMSIS Pack Vendor :STMicroelectronics STM32_WPAN 1.0.0
2024-12-03 18:38:46,576 [INFO] ThirdParty:1030 - CMSIS Pack Vendor :EmbeddedOffice I-CUBE-FS-RTOS 1.0.1
2024-12-03 18:38:46,576 [INFO] ThirdParty:1030 - CMSIS Pack Vendor :STMicroelectronics lwIP 2.0.3
2024-12-03 18:38:46,576 [INFO] ThirdParty:1030 - CMSIS Pack Vendor :STMicroelectronics FP-SNS-FLIGHT1 5.0.2
2024-12-03 18:38:46,576 [INFO] ThirdParty:1030 - CMSIS Pack Vendor :Cesanta I-CUBE-Mongoose 7.13.0
2024-12-03 18:38:46,576 [INFO] ThirdParty:1030 - CMSIS Pack Vendor :STMicroelectronics USB_HOST 1.0.0
2024-12-03 18:38:46,576 [INFO] ThirdParty:1030 - CMSIS Pack Vendor :STMicroelectronics X-CUBE-AZRTOS-G4 2.0.0
2024-12-03 18:38:46,576 [INFO] ThirdParty:1030 - CMSIS Pack Vendor :STMicroelectronics PDM2PCM 3.1.0
2024-12-03 18:38:46,576 [INFO] ThirdParty:1030 - CMSIS Pack Vendor :STMicroelectronics PDM2PCM 3.3.0
2024-12-03 18:38:46,576 [INFO] ThirdParty:1030 - CMSIS Pack Vendor :STMicroelectronics X-CUBE-DISPLAY 3.0.0
2024-12-03 18:38:46,576 [INFO] ThirdParty:1030 - CMSIS Pack Vendor :RealThread X-CUBE-RT-Thread_Nano 4.1.1
2024-12-03 18:38:46,576 [INFO] ThirdParty:1030 - CMSIS Pack Vendor :STMicroelectronics X-CUBE-BLE1 7.0.0
2024-12-03 18:38:46,576 [INFO] ThirdParty:1030 - CMSIS Pack Vendor :STMicroelectronics FP-ATR-SIGFOX1 3.2.0
2024-12-03 18:38:46,576 [INFO] ThirdParty:1030 - CMSIS Pack Vendor :quantropi X-CUBE-qispace-sdk-base 1.9.3
2024-12-03 18:38:46,576 [INFO] ThirdParty:1030 - CMSIS Pack Vendor :STMicroelectronics X-CUBE-EEPRMA1 5.1.0
2024-12-03 18:38:46,576 [INFO] ThirdParty:1030 - CMSIS Pack Vendor :STMicroelectronics HAL Drivers 0.0.0
2024-12-03 18:38:46,576 [INFO] ThirdParty:1030 - CMSIS Pack Vendor :STMicroelectronics MBEDTLS 2.16.2
2024-12-03 18:38:46,576 [INFO] ThirdParty:1030 - CMSIS Pack Vendor :STMicroelectronics X-CUBE-ALS 1.0.2
2024-12-03 18:38:46,576 [INFO] ThirdParty:1030 - CMSIS Pack Vendor :emotas I-CUBE-CANOPEN 1.3.0
2024-12-03 18:38:46,576 [INFO] ThirdParty:1030 - CMSIS Pack Vendor :wolfSSL I-CUBE-wolfSSL 5.7.4
2024-12-03 18:38:46,576 [INFO] ThirdParty:1030 - CMSIS Pack Vendor :STMicroelectronics X-CUBE-NFC7 1.0.1
2024-12-03 18:38:46,576 [INFO] ThirdParty:1030 - CMSIS Pack Vendor :STMicroelectronics MBEDTLS 2.14.1
2024-12-03 18:38:46,576 [INFO] ThirdParty:1030 - CMSIS Pack Vendor :ITTIA_DB I-CUBE-ITTIADB 8.9.0
2024-12-03 18:38:46,576 [INFO] ThirdParty:1030 - CMSIS Pack Vendor :STMicroelectronics X-CUBE-TOUCHGFX 4.24.1
2024-12-03 18:38:46,576 [INFO] ThirdParty:1030 - CMSIS Pack Vendor :wolfSSL I-CUBE-wolfTPM 3.4.0
2024-12-03 18:38:46,576 [INFO] ThirdParty:1030 - CMSIS Pack Vendor :portGmbH I-Cube-SoM-uGOAL 1.1.0
2024-12-03 18:38:46,576 [INFO] ThirdParty:1030 - CMSIS Pack Vendor :STMicroelectronics X-CUBE-BLEMGR 3.1.0
2024-12-03 18:38:46,576 [INFO] ThirdParty:1030 - CMSIS Pack Vendor :STMicroelectronics ThreadX 1.0.0
2024-12-03 18:38:46,576 [INFO] ThirdParty:1030 - CMSIS Pack Vendor :STMicroelectronics FP-SNS-SMARTAG2 1.2.0
2024-12-03 18:38:46,576 [INFO] ThirdParty:1030 - CMSIS Pack Vendor :STMicroelectronics X-CUBE-AZRTOS-WL 2.0.0
2024-12-03 18:38:46,576 [INFO] ThirdParty:1030 - CMSIS Pack Vendor :SEGGER I-CUBE-embOS 1.3.1
2024-12-03 18:38:46,577 [INFO] ThirdParty:1030 - CMSIS Pack Vendor :STMicroelectronics X-CUBE-ALGOBUILD 1.4.0
2024-12-03 18:38:46,577 [INFO] ThirdParty:1030 - CMSIS Pack Vendor :STMicroelectronics FP-SNS-MOTENV1 5.0.0
2024-12-03 18:38:46,577 [INFO] ThirdParty:1030 - CMSIS Pack Vendor :STMicroelectronics USB_DEVICE 1.0.0
2024-12-03 18:38:46,577 [INFO] ThirdParty:1030 - CMSIS Pack Vendor :STMicroelectronics X-CUBE-AZRTOS-H7RS 1.0.0
2024-12-03 18:38:46,577 [INFO] ThirdParty:1030 - CMSIS Pack Vendor :wolfSSL I-CUBE-wolfMQTT 1.19.0
2024-12-03 18:38:46,577 [INFO] ThirdParty:1030 - CMSIS Pack Vendor :STMicroelectronics X-CUBE-AZRTOS-L4 2.0.0
2024-12-03 18:38:46,577 [INFO] ThirdParty:1030 - CMSIS Pack Vendor :STMicroelectronics ThreadX 0.0.2
2024-12-03 18:38:46,577 [INFO] ThirdParty:1030 - CMSIS Pack Vendor :WES I-CUBE-Cesium 1.3.0
2024-12-03 18:38:46,577 [INFO] ThirdParty:1030 - CMSIS Pack Vendor :STMicroelectronics FP-ATR-ASTRA1 2.0.0
2024-12-03 18:38:46,577 [INFO] ThirdParty:1030 - CMSIS Pack Vendor :STMicroelectronics lwIP 2.1.2
2024-12-03 18:38:46,577 [INFO] ThirdParty:1030 - CMSIS Pack Vendor :STMicroelectronics X-CUBE-SFXS2LP1 4.0.0
2024-12-03 18:38:46,577 [INFO] ThirdParty:1030 - CMSIS Pack Vendor :STMicroelectronics X-CUBE-BLE2 3.3.0
2024-12-03 18:38:46,577 [INFO] ThirdParty:1030 - CMSIS Pack Vendor :Infineon AIROC-Wi-Fi-Bluetooth-STM32 1.6.1
2024-12-03 18:38:46,577 [INFO] ThirdParty:1030 - CMSIS Pack Vendor :STMicroelectronics PDM2PCM 3.2.0
2024-12-03 18:38:46,577 [INFO] ThirdParty:1030 - CMSIS Pack Vendor :wolfSSL I-CUBE-wolfSSH 1.4.17
2024-12-03 18:38:46,577 [INFO] ThirdParty:841 - exiting critical section [change project]
2024-12-03 18:38:47,068 [INFO] PinOutPanel:1561 - setPackage(No Configuration,No Configuration)
2024-12-03 18:38:47,072 [INFO] PinOutPanel:1561 - setPackage(STM32F103RBTx,LQFP64)
2024-12-03 18:38:47,885 [INFO] UtilMem:75 - Before build in PCC Used Memory: 605270464 Bytes (1073741824)
2024-12-03 18:38:49,441 [INFO] UtilMem:75 - After build in PCC Used Memory: 672379328 Bytes (1073741824)
2024-12-03 18:38:49,486 [INFO] IPUIPlugin:80 - create IPUIPlugin
2024-12-03 18:38:49,487 [INFO] IPUIPlugin:80 - create IPUIPlugin
2024-12-03 18:38:49,487 [INFO] IPUIPlugin:80 - create IPUIPlugin
2024-12-03 18:38:49,487 [INFO] IPUIPlugin:80 - create IPUIPlugin
2024-12-03 18:38:49,487 [INFO] IPUIPlugin:80 - create IPUIPlugin
2024-12-03 18:38:49,487 [INFO] IPUIPlugin:80 - create IPUIPlugin
2024-12-03 18:38:49,488 [INFO] IPUIPlugin:80 - create IPUIPlugin
2024-12-03 18:38:49,488 [INFO] IPUIPlugin:80 - create IPUIPlugin
2024-12-03 18:38:49,488 [INFO] IPUIPlugin:80 - create IPUIPlugin
2024-12-03 18:38:49,489 [INFO] IPUIPlugin:80 - create IPUIPlugin
2024-12-03 18:38:49,489 [INFO] IPUIPlugin:80 - create IPUIPlugin
2024-12-03 18:38:49,490 [INFO] IPUIPlugin:80 - create IPUIPlugin
2024-12-03 18:38:49,490 [INFO] IPUIPlugin:80 - create IPUIPlugin
2024-12-03 18:38:49,491 [INFO] IPUIPlugin:80 - create IPUIPlugin
2024-12-03 18:38:49,491 [INFO] IPUIPlugin:80 - create IPUIPlugin
2024-12-03 18:38:49,492 [INFO] IPUIPlugin:80 - create IPUIPlugin
2024-12-03 18:38:49,493 [INFO] IPUIPlugin:80 - create IPUIPlugin
2024-12-03 18:38:49,493 [INFO] IPUIPlugin:80 - create IPUIPlugin
2024-12-03 18:38:49,493 [INFO] IPUIPlugin:80 - create IPUIPlugin
2024-12-03 18:38:49,493 [INFO] IPUIPlugin:80 - create IPUIPlugin
2024-12-03 18:38:49,494 [INFO] IPUIPlugin:80 - create IPUIPlugin
2024-12-03 18:38:49,494 [INFO] IPUIPlugin:80 - create IPUIPlugin
2024-12-03 18:38:49,494 [INFO] IPUIPlugin:80 - create IPUIPlugin
2024-12-03 18:38:49,494 [INFO] IPUIPlugin:80 - create IPUIPlugin
2024-12-03 18:38:49,495 [INFO] IPUIPlugin:80 - create IPUIPlugin
2024-12-03 18:38:49,495 [INFO] IPUIPlugin:80 - create IPUIPlugin
2024-12-03 18:38:49,495 [INFO] IPUIPlugin:80 - create IPUIPlugin
2024-12-03 18:38:49,520 [WARN] IP:2191 - I2C_Coeff_DF not found: check if there is a RefParameter without a condition.
2024-12-03 18:38:49,521 [WARN] IP:2191 - Analog_Filter not found: check if there is a RefParameter without a condition.
2024-12-03 18:38:49,943 [INFO] CADModel:165 - CPN selected for project levelSTM32F103RBT6
2024-12-03 18:38:49,943 [INFO] CADModel:114 - Register for checkConnection events
2024-12-03 18:38:50,028 [INFO] OpenFileManager:363 - Restore cursor
2024-12-03 18:38:50,261 [WARN] IP:2191 - I2C_Coeff_DF not found: check if there is a RefParameter without a condition.
2024-12-03 18:38:50,262 [WARN] IP:2191 - Analog_Filter not found: check if there is a RefParameter without a condition.
2024-12-03 18:38:50,263 [WARN] IP:2191 - I2C_Coeff_DF not found: check if there is a RefParameter without a condition.
2024-12-03 18:38:50,263 [WARN] IP:2191 - Analog_Filter not found: check if there is a RefParameter without a condition.
2024-12-03 18:45:16,590 [INFO] WebApp:189 - Connection lost
2024-12-03 18:45:20,440 [INFO] WebApp:186 - Connection restablished
2024-12-03 18:45:52,872 [INFO] WebApp:189 - Connection lost
2024-12-03 18:45:53,443 [INFO] WebApp:186 - Connection restablished
2024-12-03 18:46:40,911 [INFO] WebApp:189 - Connection lost
2024-12-03 18:46:41,169 [INFO] WebApp:186 - Connection restablished
2024-12-03 18:47:04,639 [INFO] WebApp:189 - Connection lost
2024-12-03 18:47:04,786 [INFO] WebApp:186 - Connection restablished
2024-12-03 18:47:44,303 [INFO] WebApp:189 - Connection lost
2024-12-03 18:47:44,970 [INFO] WebApp:186 - Connection restablished
2024-12-03 18:48:59,650 [INFO] WebApp:189 - Connection lost
2024-12-03 18:48:59,815 [INFO] WebApp:186 - Connection restablished
2024-12-03 18:50:02,954 [INFO] WebApp:189 - Connection lost
2024-12-03 18:50:03,116 [INFO] WebApp:186 - Connection restablished
2024-12-03 18:50:41,424 [ERROR] ConfigurationRetriever:142 - IOException on connection: Connect timed out
2024-12-03 18:50:43,426 [ERROR] ConfigurationRetriever:142 - IOException on connection: Connect timed out
2024-12-03 18:50:45,428 [ERROR] ConfigurationRetriever:142 - IOException on connection: Connect timed out
2024-12-03 18:50:51,305 [ERROR] LogOutputStream:75 - [STDERR_REDIRECT] 
2024-12-03 18:50:51,306 [ERROR] LogOutputStream:75 - [STDERR_REDIRECT] 
2024-12-03 18:51:23,113 [INFO] Activator:176 - 


2024-12-03 18:51:23,116 [INFO] Activator:177 - !SESSION log4j initialized
2024-12-03 18:51:30,256 [INFO] LogOutputStream:77 - [STDOUT_REDIRECT] 
2024-12-03 18:51:32,025 [INFO] ApplicationProperties:184 - Using Application install path: C:\ST\STM32CubeIDE_1.16.1\STM32CubeIDE\plugins\com.st.stm32cube.common.mx_6.12.1.202409122256
2024-12-03 18:51:32,051 [INFO] DbMcusXml:78 - Set database path to: C:\ST\STM32CubeIDE_1.16.1\STM32CubeIDE\plugins\com.st.stm32cube.common.mx_6.12.1.202409122256\\db\/mcu/
2024-12-03 18:51:32,051 [INFO] ApiDb:274 - Set plugin database path to: C:\ST\STM32CubeIDE_1.16.1\STM32CubeIDE\plugins\com.st.stm32cube.common.mx_6.12.1.202409122256\\db\/plugins/boardmanager/
2024-12-03 18:51:32,052 [WARN] ApiDb:259 - Overriding images path with different value:  => C:\ST\STM32CubeIDE_1.16.1\STM32CubeIDE\plugins\com.st.stm32cube.common.mx_6.12.1.202409122256\\db\/plugins/mcufinder/images/
2024-12-03 18:51:32,063 [INFO] ApiDb:250 - Set database path to: C:\Users\mridu\.stmcufinder\plugins\mcufinder//mcu/
2024-12-03 18:51:32,065 [INFO] DbMcusAds:125 - Set database path to: C:\Users\mridu\.stmcufinder\plugins\mcufinder//mcu/
2024-12-03 18:51:32,068 [INFO] CrossReferenceDbSqlite:203 - Set database path to: C:\Users\mridu\.stmcufinder\plugins\mcufinder//mcu/cs/
2024-12-03 18:51:32,246 [INFO] RulesReader:64 - Compatibility file has been processed (297 Rules)
2024-12-03 18:51:32,402 [INFO] DbMcusXml:78 - Set database path to: C:\ST\STM32CubeIDE_1.16.1\STM32CubeIDE\plugins\com.st.stm32cube.common.mx_6.12.1.202409122256\\db\/mcu/
2024-12-03 18:51:32,402 [INFO] ApiDb:274 - Set plugin database path to: C:\ST\STM32CubeIDE_1.16.1\STM32CubeIDE\plugins\com.st.stm32cube.common.mx_6.12.1.202409122256\\db\/plugins/boardmanager/
2024-12-03 18:51:32,403 [INFO] ApiDb:261 - Set plugin images path to: C:\ST\STM32CubeIDE_1.16.1\STM32CubeIDE\plugins\com.st.stm32cube.common.mx_6.12.1.202409122256\\db\/plugins/mcufinder/images/
2024-12-03 18:51:32,403 [WARN] DbFile:41 - Overriding database path with different value: C:\Users\mridu\.stmcufinder\plugins\mcufinder/ => C:\Users\mridu\.stmcufinder\plugins\mcufinder
2024-12-03 18:51:32,403 [INFO] ApiDb:250 - Set database path to: C:\Users\mridu\.stmcufinder\plugins\mcufinder//mcu/
2024-12-03 18:51:32,403 [WARN] DbFile:41 - Overriding database path with different value: C:\Users\mridu\.stmcufinder\plugins\mcufinder/ => C:\Users\mridu\.stmcufinder\plugins\mcufinder
2024-12-03 18:51:32,403 [INFO] DbMcusAds:125 - Set database path to: C:\Users\mridu\.stmcufinder\plugins\mcufinder//mcu/
2024-12-03 18:51:32,403 [WARN] DbFile:41 - Overriding database path with different value: C:\Users\mridu\.stmcufinder\plugins\mcufinder/ => C:\Users\mridu\.stmcufinder\plugins\mcufinder
2024-12-03 18:51:32,403 [WARN] DbFile:41 - Overriding database path with different value: C:\Users\mridu\.stmcufinder\plugins\mcufinder/ => C:\Users\mridu\.stmcufinder\plugins\mcufinder
2024-12-03 18:51:32,403 [INFO] CrossReferenceDbSqlite:203 - Set database path to: C:\Users\mridu\.stmcufinder\plugins\mcufinder//mcu/cs/
2024-12-03 18:51:32,592 [INFO] MainPanel:268 - HeapMemory: 268435456
2024-12-03 18:51:32,790 [INFO] DbMcusXml:78 - Set database path to: C:\ST\STM32CubeIDE_1.16.1\STM32CubeIDE\plugins\com.st.stm32cube.common.mx_6.12.1.202409122256\\db\/mcu/
2024-12-03 18:51:32,790 [INFO] ApiDb:274 - Set plugin database path to: C:\ST\STM32CubeIDE_1.16.1\STM32CubeIDE\plugins\com.st.stm32cube.common.mx_6.12.1.202409122256\\db\/plugins/boardmanager/
2024-12-03 18:51:32,791 [INFO] ApiDb:261 - Set plugin images path to: C:\ST\STM32CubeIDE_1.16.1\STM32CubeIDE\plugins\com.st.stm32cube.common.mx_6.12.1.202409122256\\db\/plugins/mcufinder/images/
2024-12-03 18:51:32,793 [WARN] DbFile:41 - Overriding database path with different value: C:\Users\mridu\.stmcufinder\plugins\mcufinder/ => C:\Users\mridu\.stmcufinder\plugins\mcufinder
2024-12-03 18:51:32,793 [INFO] ApiDb:250 - Set database path to: C:\Users\mridu\.stmcufinder\plugins\mcufinder//mcu/
2024-12-03 18:51:32,794 [WARN] DbFile:41 - Overriding database path with different value: C:\Users\mridu\.stmcufinder\plugins\mcufinder/ => C:\Users\mridu\.stmcufinder\plugins\mcufinder
2024-12-03 18:51:32,794 [INFO] DbMcusAds:125 - Set database path to: C:\Users\mridu\.stmcufinder\plugins\mcufinder//mcu/
2024-12-03 18:51:32,794 [WARN] DbFile:41 - Overriding database path with different value: C:\Users\mridu\.stmcufinder\plugins\mcufinder/ => C:\Users\mridu\.stmcufinder\plugins\mcufinder
2024-12-03 18:51:32,794 [WARN] DbFile:41 - Overriding database path with different value: C:\Users\mridu\.stmcufinder\plugins\mcufinder/ => C:\Users\mridu\.stmcufinder\plugins\mcufinder
2024-12-03 18:51:32,794 [INFO] CrossReferenceDbSqlite:203 - Set database path to: C:\Users\mridu\.stmcufinder\plugins\mcufinder//mcu/cs/
2024-12-03 18:51:32,819 [INFO] ApplicationProperties:184 - Using Application install path: C:\ST\STM32CubeIDE_1.16.1\STM32CubeIDE\plugins\com.st.stm32cube.common.mx_6.12.1.202409122256
2024-12-03 18:51:32,820 [INFO] PluginManage:196 - Search for loadable plugins [exclusion list=, ]
2024-12-03 18:51:32,822 [INFO] PluginManage:310 - Check plugin analytics
2024-12-03 18:51:33,085 [INFO] AnalyticsPlugin:253 - Accepted Software Licenses: 
2024-12-03 18:51:33,085 [INFO] AnalyticsPlugin:255 - Accepted CMSIS Pack Licenses: 
2024-12-03 18:51:33,085 [INFO] AnalyticsPlugin:257 - Accepted Firmware Licenses: 
2024-12-03 18:51:33,090 [INFO] PluginManage:359 - Loaded plugin analytics (category:tool,tabindex:-1)
2024-12-03 18:51:33,091 [INFO] PluginManage:310 - Check plugin cadmodel
2024-12-03 18:51:33,097 [INFO] CADModel:105 - Init CAD model plugin
2024-12-03 18:51:33,097 [INFO] PluginManage:359 - Loaded plugin cadmodel (category:power,tabindex:5)
2024-12-03 18:51:33,099 [INFO] PluginManage:310 - Check plugin clock
2024-12-03 18:51:33,111 [INFO] PluginManage:359 - Loaded plugin clock (category:base,tabindex:2)
2024-12-03 18:51:33,111 [INFO] PluginManage:310 - Check plugin ddr
2024-12-03 18:51:33,117 [INFO] PluginManage:359 - Loaded plugin ddr (category:tool,tabindex:6)
2024-12-03 18:51:33,117 [INFO] PluginManage:310 - Check plugin filemanager
2024-12-03 18:51:33,324 [INFO] PluginManage:359 - Loaded plugin filemanager (category:base,tabindex:10)
2024-12-03 18:51:33,324 [INFO] PluginManage:310 - Check plugin ipmanager
2024-12-03 18:51:33,335 [INFO] PluginManage:359 - Loaded plugin ipmanager (category:base,tabindex:5)
2024-12-03 18:51:33,336 [INFO] PluginManage:310 - Check plugin lpbam
2024-12-03 18:51:33,347 [INFO] PluginManage:359 - Loaded plugin lpbam (category:base,tabindex:0)
2024-12-03 18:51:33,347 [INFO] PluginManage:310 - Check plugin memorymap
2024-12-03 18:51:33,367 [INFO] PluginManage:359 - Loaded plugin memorymap (category:base,tabindex:4)
2024-12-03 18:51:33,368 [INFO] PluginManage:310 - Check plugin pinoutandconfiguration
2024-12-03 18:51:33,377 [INFO] PluginManage:359 - Loaded plugin pinoutandconfiguration (category:base,tabindex:1)
2024-12-03 18:51:33,377 [INFO] PluginManage:310 - Check plugin pinoutconfig
2024-12-03 18:51:33,500 [WARN] SupportedApi:132 - Cannot load RTOS API schema: s4s-elt-must-match.1: The content of 'definitions' must match (annotation?, (simpleType | complexType)?, (unique | key | keyref)*)). A problem was found starting at: attribute.
2024-12-03 18:51:33,753 [INFO] PluginManage:359 - Loaded plugin pinoutconfig (category:base,tabindex:0)
2024-12-03 18:51:33,753 [INFO] PluginManage:310 - Check plugin power
2024-12-03 18:51:33,768 [INFO] PluginManage:359 - Loaded plugin power (category:power,tabindex:4)
2024-12-03 18:51:33,768 [INFO] PluginManage:310 - Check plugin projectmanager
2024-12-03 18:51:33,800 [INFO] PluginManage:359 - Loaded plugin projectmanager (category:projectmanager,tabindex:4)
2024-12-03 18:51:33,801 [INFO] PluginManage:310 - Check plugin rif
2024-12-03 18:51:33,813 [INFO] PluginManage:359 - Loaded plugin rif (category:base,tabindex:3)
2024-12-03 18:51:33,814 [INFO] PluginManage:310 - Check plugin thirdparty
2024-12-03 18:51:34,004 [INFO] PluginManage:359 - Loaded plugin thirdparty (category:base,tabindex:-1)
2024-12-03 18:51:34,004 [INFO] PluginManage:310 - Check plugin tools
2024-12-03 18:51:34,004 [WARN] IntegrityCheckThread:84 - waiting for thirdparty lock release [integrity check]
2024-12-03 18:51:34,004 [INFO] IntegrityCheckThread:86 - entering critical section [integrity check]
2024-12-03 18:51:34,005 [INFO] ThirdPartyUpdaterWithRetryManager:70 - Updater plugin not ready yet. [1/15]
2024-12-03 18:51:34,009 [INFO] PluginManage:359 - Loaded plugin tools (category:base,tabindex:7)
2024-12-03 18:51:34,009 [INFO] PluginManage:310 - Check plugin tutovideos
2024-12-03 18:51:34,277 [INFO] PluginManage:359 - Loaded plugin tutovideos (category:base,tabindex:-1)
2024-12-03 18:51:34,278 [INFO] PluginManage:310 - Check plugin updater
2024-12-03 18:51:34,303 [INFO] PluginManage:359 - Loaded plugin updater (category:base,tabindex:12)
2024-12-03 18:51:34,303 [INFO] PluginManage:310 - Check plugin userauth
2024-12-03 18:51:34,310 [INFO] UserAuth:113 - Init User Auth plugin
2024-12-03 18:51:34,310 [INFO] PluginManage:359 - Loaded plugin userauth (category:base,tabindex:14)
2024-12-03 18:51:34,311 [INFO] PluginManage:283 - PluginManage : Loaded plugins [18]
2024-12-03 18:51:34,637 [INFO] PinOutPanel:1561 - setPackage(No Configuration,No Configuration)
2024-12-03 18:51:34,757 [INFO] CADModel:165 - CPN selected for project level
2024-12-03 18:51:34,757 [INFO] CADModel:114 - Register for checkConnection events
2024-12-03 18:51:34,809 [INFO] IPUIPlugin:80 - create IPUIPlugin
2024-12-03 18:51:34,809 [INFO] PluginManager:220 - loadIPPluginJar : add adc
2024-12-03 18:51:34,825 [INFO] IPUIPlugin:80 - create IPUIPlugin
2024-12-03 18:51:34,825 [INFO] PluginManager:220 - loadIPPluginJar : add aes
2024-12-03 18:51:34,829 [INFO] IPUIPlugin:80 - create IPUIPlugin
2024-12-03 18:51:34,831 [INFO] PluginManager:220 - loadIPPluginJar : add can
2024-12-03 18:51:34,833 [INFO] IPUIPlugin:80 - create IPUIPlugin
2024-12-03 18:51:34,833 [INFO] PluginManager:220 - loadIPPluginJar : add comp
2024-12-03 18:51:34,837 [INFO] IPUIPlugin:80 - create IPUIPlugin
2024-12-03 18:51:34,838 [INFO] PluginManager:220 - loadIPPluginJar : add cryp
2024-12-03 18:51:34,844 [INFO] IPUIPlugin:80 - create IPUIPlugin
2024-12-03 18:51:34,844 [INFO] PluginManager:220 - loadIPPluginJar : add ddr_ctrl_phy
2024-12-03 18:51:34,848 [INFO] IPUIPlugin:80 - create IPUIPlugin
2024-12-03 18:51:34,848 [INFO] PluginManager:220 - loadIPPluginJar : add dfsdm
2024-12-03 18:51:34,856 [INFO] IPUIPlugin:80 - create IPUIPlugin
2024-12-03 18:51:34,857 [INFO] PluginManager:220 - loadIPPluginJar : add dma
2024-12-03 18:51:34,860 [INFO] IPUIPlugin:80 - create IPUIPlugin
2024-12-03 18:51:34,861 [INFO] PluginManager:220 - loadIPPluginJar : add dma3
2024-12-03 18:51:34,864 [INFO] IPUIPlugin:80 - create IPUIPlugin
2024-12-03 18:51:34,865 [INFO] PluginManager:220 - loadIPPluginJar : add extmemmanager
2024-12-03 18:51:34,867 [INFO] IPUIPlugin:80 - create IPUIPlugin
2024-12-03 18:51:34,867 [INFO] PluginManager:220 - loadIPPluginJar : add fatfs
2024-12-03 18:51:34,873 [INFO] IPUIPlugin:80 - create IPUIPlugin
2024-12-03 18:51:34,873 [INFO] PluginManager:220 - loadIPPluginJar : add fmc
2024-12-03 18:51:34,881 [INFO] IPUIPlugin:80 - create IPUIPlugin
2024-12-03 18:51:34,881 [INFO] PluginManager:220 - loadIPPluginJar : add freertos
2024-12-03 18:51:34,884 [INFO] IPUIPlugin:80 - create IPUIPlugin
2024-12-03 18:51:34,884 [INFO] PluginManager:220 - loadIPPluginJar : add genericplugin
2024-12-03 18:51:34,887 [INFO] IPUIPlugin:80 - create IPUIPlugin
2024-12-03 18:51:34,887 [INFO] PluginManager:220 - loadIPPluginJar : add gfxmmu
2024-12-03 18:51:34,894 [INFO] IPUIPlugin:80 - create IPUIPlugin
2024-12-03 18:51:34,894 [INFO] PluginManager:220 - loadIPPluginJar : add gic
2024-12-03 18:51:34,900 [INFO] IPUIPlugin:80 - create IPUIPlugin
2024-12-03 18:51:34,900 [INFO] PluginManager:220 - loadIPPluginJar : add gpio
2024-12-03 18:51:34,904 [INFO] IPUIPlugin:80 - create IPUIPlugin
2024-12-03 18:51:34,904 [INFO] PluginManager:220 - loadIPPluginJar : add gtzc
2024-12-03 18:51:34,909 [INFO] IPUIPlugin:80 - create IPUIPlugin
2024-12-03 18:51:34,910 [INFO] PluginManager:220 - loadIPPluginJar : add hash
2024-12-03 18:51:34,915 [INFO] IPUIPlugin:80 - create IPUIPlugin
2024-12-03 18:51:34,915 [INFO] PluginManager:220 - loadIPPluginJar : add i2c
2024-12-03 18:51:34,918 [INFO] IPUIPlugin:80 - create IPUIPlugin
2024-12-03 18:51:34,918 [INFO] PluginManager:220 - loadIPPluginJar : add i2s
2024-12-03 18:51:34,921 [INFO] IPUIPlugin:80 - create IPUIPlugin
2024-12-03 18:51:34,921 [INFO] PluginManager:220 - loadIPPluginJar : add i3c
2024-12-03 18:51:34,930 [INFO] IPUIPlugin:80 - create IPUIPlugin
2024-12-03 18:51:34,930 [INFO] PluginManager:220 - loadIPPluginJar : add ipddr
2024-12-03 18:51:34,946 [INFO] IPUIPlugin:80 - create IPUIPlugin
2024-12-03 18:51:34,946 [INFO] PluginManager:220 - loadIPPluginJar : add linkedlist
2024-12-03 18:51:34,952 [INFO] IPUIPlugin:80 - create IPUIPlugin
2024-12-03 18:51:34,952 [INFO] PluginManager:220 - loadIPPluginJar : add lorawan
2024-12-03 18:51:34,954 [INFO] IPUIPlugin:80 - create IPUIPlugin
2024-12-03 18:51:34,954 [INFO] PluginManager:220 - loadIPPluginJar : add ltdc
2024-12-03 18:51:34,962 [INFO] IPUIPlugin:80 - create IPUIPlugin
2024-12-03 18:51:34,962 [INFO] PluginManager:220 - loadIPPluginJar : add mdma
2024-12-03 18:51:34,967 [INFO] IPUIPlugin:80 - create IPUIPlugin
2024-12-03 18:51:34,967 [INFO] PluginManager:220 - loadIPPluginJar : add nvic
2024-12-03 18:51:34,971 [INFO] IPUIPlugin:80 - create IPUIPlugin
2024-12-03 18:51:34,971 [INFO] PluginManager:220 - loadIPPluginJar : add opamp
2024-12-03 18:51:34,976 [INFO] IPUIPlugin:80 - create IPUIPlugin
2024-12-03 18:51:34,976 [INFO] PluginManager:220 - loadIPPluginJar : add openamp
2024-12-03 18:51:34,982 [INFO] IPUIPlugin:80 - create IPUIPlugin
2024-12-03 18:51:34,982 [INFO] PluginManager:220 - loadIPPluginJar : add pdm2pcm
2024-12-03 18:51:34,990 [INFO] IPUIPlugin:80 - create IPUIPlugin
2024-12-03 18:51:34,993 [INFO] PluginManager:220 - loadIPPluginJar : add plateformsettings
2024-12-03 18:51:34,995 [INFO] IPUIPlugin:80 - create IPUIPlugin
2024-12-03 18:51:34,995 [INFO] PluginManager:220 - loadIPPluginJar : add quadspi
2024-12-03 18:51:34,997 [INFO] IPUIPlugin:80 - create IPUIPlugin
2024-12-03 18:51:34,997 [INFO] PluginManager:220 - loadIPPluginJar : add radio
2024-12-03 18:51:35,001 [INFO] IPUIPlugin:80 - create IPUIPlugin
2024-12-03 18:51:35,001 [INFO] PluginManager:220 - loadIPPluginJar : add resmgrutility
2024-12-03 18:51:35,006 [INFO] IPUIPlugin:80 - create IPUIPlugin
2024-12-03 18:51:35,006 [INFO] PluginManager:220 - loadIPPluginJar : add sai
2024-12-03 18:51:35,009 [INFO] IPUIPlugin:80 - create IPUIPlugin
2024-12-03 18:51:35,009 [INFO] PluginManager:220 - loadIPPluginJar : add spi
2024-12-03 18:51:35,017 [INFO] IPUIPlugin:80 - create IPUIPlugin
2024-12-03 18:51:35,017 [INFO] PluginManager:220 - loadIPPluginJar : add stm32_wpan
2024-12-03 18:51:35,020 [INFO] IPUIPlugin:80 - create IPUIPlugin
2024-12-03 18:51:35,020 [INFO] PluginManager:220 - loadIPPluginJar : add tim
2024-12-03 18:51:35,024 [INFO] IPUIPlugin:80 - create IPUIPlugin
2024-12-03 18:51:35,024 [INFO] PluginManager:220 - loadIPPluginJar : add touchsensing
2024-12-03 18:51:35,027 [INFO] IPUIPlugin:80 - create IPUIPlugin
2024-12-03 18:51:35,027 [INFO] PluginManager:220 - loadIPPluginJar : add tracer_emb
2024-12-03 18:51:35,030 [INFO] IPUIPlugin:80 - create IPUIPlugin
2024-12-03 18:51:35,030 [INFO] PluginManager:220 - loadIPPluginJar : add ts
2024-12-03 18:51:35,032 [INFO] IPUIPlugin:80 - create IPUIPlugin
2024-12-03 18:51:35,032 [INFO] PluginManager:220 - loadIPPluginJar : add tsc
2024-12-03 18:51:35,035 [INFO] IPUIPlugin:80 - create IPUIPlugin
2024-12-03 18:51:35,035 [INFO] PluginManager:220 - loadIPPluginJar : add ucpd
2024-12-03 18:51:35,040 [INFO] IPUIPlugin:80 - create IPUIPlugin
2024-12-03 18:51:35,040 [INFO] PluginManager:220 - loadIPPluginJar : add usart
2024-12-03 18:51:35,045 [INFO] IPUIPlugin:80 - create IPUIPlugin
2024-12-03 18:51:35,045 [INFO] PluginManager:220 - loadIPPluginJar : add usbx
2024-12-03 18:51:35,194 [INFO] CADModel:165 - CPN selected for project level
2024-12-03 18:51:35,195 [INFO] CADModel:114 - Register for checkConnection events
2024-12-03 18:51:35,195 [FATAL] Updater:334 - Updater called before beeing initialized
2024-12-03 18:51:35,195 [ERROR] CADModel:125 - Updater not yet initialized, retry later 
2024-12-03 18:51:35,458 [INFO] CADModel:165 - CPN selected for project level
2024-12-03 18:51:35,458 [INFO] CADModel:114 - Register for checkConnection events
2024-12-03 18:51:35,458 [FATAL] Updater:334 - Updater called before beeing initialized
2024-12-03 18:51:35,458 [ERROR] CADModel:125 - Updater not yet initialized, retry later 
2024-12-03 18:51:35,464 [FATAL] Updater:334 - Updater called before beeing initialized
2024-12-03 18:51:35,629 [FATAL] Updater:334 - Updater called before beeing initialized
2024-12-03 18:51:35,635 [INFO] DbMcusAds:53 - JSON generation date=Fri Sep 20 06:04:38 PDT 2024 (1726837478367)
2024-12-03 18:51:35,635 [FATAL] Updater:334 - Updater called before beeing initialized
2024-12-03 18:51:35,699 [WARN] DetailPanel:346 - Failed to get advertising image, set to default
2024-12-03 18:51:35,823 [FATAL] Updater:334 - Updater called before beeing initialized
2024-12-03 18:51:35,825 [FATAL] Updater:334 - Updater called before beeing initialized
2024-12-03 18:51:35,826 [FATAL] Updater:334 - Updater called before beeing initialized
2024-12-03 18:51:35,826 [WARN] DetailPanel:346 - Failed to get advertising image, set to default
2024-12-03 18:51:35,827 [FATAL] Updater:334 - Updater called before beeing initialized
2024-12-03 18:51:35,889 [ERROR] Updater:1164 - MainUpdater not yet initialized. External WinMGr cannot be set.
2024-12-03 18:51:35,892 [INFO] Updater:1100 - Updater Version found : 6.12.1
2024-12-03 18:51:35,920 [INFO] ApplicationProperties:184 - Using Application install path: C:\ST\STM32CubeIDE_1.16.1\STM32CubeIDE\plugins\com.st.stm32cube.common.mx_6.12.1.202409122256
2024-12-03 18:51:37,006 [INFO] ThirdPartyUpdaterWithRetryManager:70 - Updater plugin not ready yet. [2/15]
2024-12-03 18:51:37,498 [ERROR] LogOutputStream:75 - [STDERR_REDIRECT] Dec 03, 2024 6:51:37 PM java.util.prefs.WindowsPreferences <init>
2024-12-03 18:51:37,500 [ERROR] LogOutputStream:75 - [STDERR_REDIRECT] WARNING: Could not open/create prefs root node Software\JavaSoft\Prefs at root 0xffffffff80000002. Windows RegCreateKeyEx(...) returned error code 5.
2024-12-03 18:51:37,500 [ERROR] LogOutputStream:75 - [STDERR_REDIRECT] 
2024-12-03 18:51:37,953 [INFO] MainUpdater:2873 - connection check result : 10
2024-12-03 18:51:37,954 [INFO] MainUpdater:290 - Updater Check For Update Now.
2024-12-03 18:51:37,954 [INFO] MicroXplorer:498 - Change Database Version : DB.6.0.121
2024-12-03 18:51:37,966 [INFO] McuFinderGlobals:63 - Set McuFinder mode to 2 (CubeIDE integrated)
2024-12-03 18:51:37,967 [INFO] UserAuth:417 - Internet connection configuration mode: 1
2024-12-03 18:51:38,009 [INFO] JxBrowserEngine:152 - Initiate JxBrowser Engine with user profile folder
2024-12-03 18:51:38,218 [INFO] CheckServerUpdateThread:120 - End of CheckServer Thread
2024-12-03 18:51:39,657 [INFO] WebApp:167 - Instantiating new browser for Auth
2024-12-03 18:51:40,444 [WARN] PackLoader:240 - Cannot read IP mode file for STMicroelectronics.FP-SNS-MOTENVWB1.1.4.0
2024-12-03 18:51:40,459 [WARN] PackLoader:240 - Cannot read IP mode file for STMicroelectronics.FP-ATR-ASTRA1.2.0.1
2024-12-03 18:51:40,486 [WARN] PackLoader:240 - Cannot read IP mode file for STMicroelectronics.X-CUBE-SMBUS.2.1.0
2024-12-03 18:51:40,503 [WARN] PackLoader:240 - Cannot read IP mode file for STMicroelectronics.X-CUBE-WB05N.1.1.0
2024-12-03 18:51:40,575 [WARN] PackLoader:240 - Cannot read IP mode file for STMicroelectronics.X-CUBE-AZRTOS-F7.1.1.0
2024-12-03 18:51:40,592 [WARN] PackLoader:240 - Cannot read IP mode file for STMicroelectronics.FP-SNS-FLIGHT1.5.0.2
2024-12-03 18:51:40,616 [WARN] PackLoader:240 - Cannot read IP mode file for STMicroelectronics.X-CUBE-DISPLAY.3.0.0
2024-12-03 18:51:40,667 [WARN] PackLoader:240 - Cannot read IP mode file for STMicroelectronics.X-CUBE-BLE1.7.0.0
2024-12-03 18:51:40,681 [WARN] PackLoader:240 - Cannot read IP mode file for emotas.I-CUBE-CANOPEN.1.3.0
2024-12-03 18:51:40,707 [WARN] PackLoader:240 - Cannot read IP mode file for STMicroelectronics.X-CUBE-BLEMGR.3.1.0
2024-12-03 18:51:40,719 [WARN] PackLoader:240 - Cannot read IP mode file for STMicroelectronics.FP-SNS-SMARTAG2.1.2.0
2024-12-03 18:51:40,733 [INFO] LogOutputStream:77 - [STDOUT_REDIRECT] 1 : Invalid condition id : UX_CORESTACK_Condition cause : null
2024-12-03 18:51:40,735 [INFO] LogOutputStream:77 - [STDOUT_REDIRECT] 1 : Invalid condition id : UX_CORESTACK_Condition cause : null
2024-12-03 18:51:40,738 [INFO] LogOutputStream:77 - [STDOUT_REDIRECT] 1 : Invalid condition id : UX_CORESTACK_Condition cause : null
2024-12-03 18:51:40,741 [INFO] LogOutputStream:77 - [STDOUT_REDIRECT] 1 : Invalid condition id : UX_CORESTACK_Condition cause : null
2024-12-03 18:51:40,743 [INFO] LogOutputStream:77 - [STDOUT_REDIRECT] 1 : Invalid condition id : UX_CORESTACK_Condition cause : null
2024-12-03 18:51:40,757 [WARN] PackLoader:240 - Cannot read IP mode file for STMicroelectronics.X-CUBE-AZRTOS-WL.2.0.0
2024-12-03 18:51:40,778 [WARN] PackLoader:240 - Cannot read IP mode file for STMicroelectronics.FP-SNS-MOTENV1.5.0.0
2024-12-03 18:51:40,795 [WARN] PackLoader:240 - Cannot read IP mode file for wolfSSL.I-CUBE-wolfMQTT.1.19.0
2024-12-03 18:51:40,813 [WARN] PackLoader:240 - Cannot read IP mode file for WES.I-CUBE-Cesium.1.3.0
2024-12-03 18:51:40,828 [WARN] PackLoader:240 - Cannot read IP mode file for STMicroelectronics.X-CUBE-BLE2.3.3.0
2024-12-03 18:51:40,839 [WARN] PackLoader:240 - Cannot read IP mode file for STMicroelectronics.X-CUBE-TCPP.4.1.0
2024-12-03 18:51:40,867 [WARN] PackLoader:240 - Cannot read IP mode file for STMicroelectronics.X-CUBE-AZRTOS-G0.1.1.0
2024-12-03 18:51:40,885 [WARN] PackLoader:240 - Cannot read IP mode file for STMicroelectronics.X-CUBE-SAFEA1.1.2.2
2024-12-03 18:51:40,897 [WARN] PackLoader:240 - Cannot read IP mode file for STMicroelectronics.X-CUBE-NFC4.3.0.0
2024-12-03 18:51:40,920 [WARN] PackLoader:240 - Cannot read IP mode file for EmbeddedOffice.I-CUBE-FS-RTOS.1.0.1
2024-12-03 18:51:40,920 [ERROR] ConditionMgr:805 - Attr not supported : Dmpu
2024-12-03 18:51:40,921 [ERROR] ConditionMgr:805 - Attr not supported : Dmpu
2024-12-03 18:51:40,921 [ERROR] ConditionMgr:805 - Attr not supported : Dmpu
2024-12-03 18:51:40,921 [ERROR] ConditionMgr:805 - Attr not supported : Dmpu
2024-12-03 18:51:40,921 [ERROR] ConditionMgr:805 - Attr not supported : Dmpu
2024-12-03 18:51:40,921 [ERROR] ConditionMgr:805 - Attr not supported : Dmpu
2024-12-03 18:51:40,921 [ERROR] ConditionMgr:805 - Attr not supported : Dmpu
2024-12-03 18:51:40,922 [ERROR] ConditionMgr:805 - Attr not supported : Dmpu
2024-12-03 18:51:40,922 [ERROR] ConditionMgr:805 - Attr not supported : Dmpu
2024-12-03 18:51:40,922 [ERROR] ConditionMgr:805 - Attr not supported : Dmpu
2024-12-03 18:51:40,922 [ERROR] ConditionMgr:805 - Attr not supported : Dmpu
2024-12-03 18:51:40,922 [ERROR] ConditionMgr:805 - Attr not supported : Dmpu
2024-12-03 18:51:40,923 [ERROR] ConditionMgr:805 - Attr not supported : Dmpu
2024-12-03 18:51:40,923 [ERROR] ConditionMgr:805 - Attr not supported : Dmpu
2024-12-03 18:51:40,923 [ERROR] ConditionMgr:805 - Attr not supported : Dmpu
2024-12-03 18:51:40,923 [ERROR] ConditionMgr:805 - Attr not supported : Dmpu
2024-12-03 18:51:40,923 [ERROR] ConditionMgr:805 - Attr not supported : Dmpu
2024-12-03 18:51:40,924 [ERROR] ConditionMgr:805 - Attr not supported : Dmpu
2024-12-03 18:51:40,924 [ERROR] ConditionMgr:805 - Attr not supported : Dmpu
2024-12-03 18:51:40,925 [ERROR] ConditionMgr:805 - Attr not supported : Dmpu
2024-12-03 18:51:40,925 [ERROR] ConditionMgr:805 - Attr not supported : Dmpu
2024-12-03 18:51:40,926 [ERROR] ConditionMgr:805 - Attr not supported : Dmpu
2024-12-03 18:51:40,926 [ERROR] ConditionMgr:805 - Attr not supported : Dmpu
2024-12-03 18:51:40,926 [ERROR] ConditionMgr:805 - Attr not supported : Dmpu
2024-12-03 18:51:40,926 [ERROR] ConditionMgr:805 - Attr not supported : Dmpu
2024-12-03 18:51:40,927 [ERROR] ConditionMgr:805 - Attr not supported : Dmpu
2024-12-03 18:51:40,927 [ERROR] ConditionMgr:805 - Attr not supported : Dmpu
2024-12-03 18:51:40,927 [ERROR] ConditionMgr:805 - Attr not supported : Dmpu
2024-12-03 18:51:40,927 [ERROR] ConditionMgr:805 - Attr not supported : Dmpu
2024-12-03 18:51:40,927 [ERROR] ConditionMgr:805 - Attr not supported : Dmpu
2024-12-03 18:51:40,928 [ERROR] ConditionMgr:805 - Attr not supported : Dmpu
2024-12-03 18:51:40,928 [ERROR] ConditionMgr:805 - Attr not supported : Dmpu
2024-12-03 18:51:40,928 [ERROR] ConditionMgr:805 - Attr not supported : Dmpu
2024-12-03 18:51:40,928 [ERROR] ConditionMgr:805 - Attr not supported : Dmpu
2024-12-03 18:51:40,928 [ERROR] ConditionMgr:805 - Attr not supported : Dmpu
2024-12-03 18:51:40,928 [ERROR] ConditionMgr:805 - Attr not supported : Dmpu
2024-12-03 18:51:40,929 [ERROR] ConditionMgr:805 - Attr not supported : Dmpu
2024-12-03 18:51:40,929 [ERROR] ConditionMgr:805 - Attr not supported : Dmpu
2024-12-03 18:51:40,929 [ERROR] ConditionMgr:805 - Attr not supported : Dmpu
2024-12-03 18:51:40,929 [ERROR] ConditionMgr:805 - Attr not supported : Dmpu
2024-12-03 18:51:40,930 [ERROR] ConditionMgr:805 - Attr not supported : Dmpu
2024-12-03 18:51:40,930 [ERROR] ConditionMgr:805 - Attr not supported : Dmpu
2024-12-03 18:51:40,930 [ERROR] ConditionMgr:805 - Attr not supported : Dmpu
2024-12-03 18:51:40,930 [ERROR] ConditionMgr:805 - Attr not supported : Dmpu
2024-12-03 18:51:40,930 [ERROR] ConditionMgr:805 - Attr not supported : Dmpu
2024-12-03 18:51:40,931 [ERROR] ConditionMgr:805 - Attr not supported : Dmpu
2024-12-03 18:51:40,931 [ERROR] ConditionMgr:805 - Attr not supported : Dmpu
2024-12-03 18:51:40,931 [ERROR] ConditionMgr:805 - Attr not supported : Dmpu
2024-12-03 18:51:40,931 [ERROR] ConditionMgr:805 - Attr not supported : Dmpu
2024-12-03 18:51:40,931 [ERROR] ConditionMgr:805 - Attr not supported : Dmpu
2024-12-03 18:51:40,931 [ERROR] ConditionMgr:805 - Attr not supported : Dmpu
2024-12-03 18:51:40,932 [ERROR] ConditionMgr:805 - Attr not supported : Dmpu
2024-12-03 18:51:40,932 [ERROR] ConditionMgr:805 - Attr not supported : Dmpu
2024-12-03 18:51:40,932 [ERROR] ConditionMgr:805 - Attr not supported : Dmpu
2024-12-03 18:51:40,932 [ERROR] ConditionMgr:805 - Attr not supported : Dmpu
2024-12-03 18:51:40,932 [ERROR] ConditionMgr:805 - Attr not supported : Dmpu
2024-12-03 18:51:40,932 [ERROR] ConditionMgr:805 - Attr not supported : Dmpu
2024-12-03 18:51:40,933 [ERROR] ConditionMgr:805 - Attr not supported : Dmpu
2024-12-03 18:51:40,933 [ERROR] ConditionMgr:805 - Attr not supported : Dmpu
2024-12-03 18:51:40,933 [ERROR] ConditionMgr:805 - Attr not supported : Dmpu
2024-12-03 18:51:40,933 [ERROR] ConditionMgr:805 - Attr not supported : Dmpu
2024-12-03 18:51:40,933 [ERROR] ConditionMgr:805 - Attr not supported : Dmpu
2024-12-03 18:51:40,934 [ERROR] ConditionMgr:805 - Attr not supported : Dmpu
2024-12-03 18:51:40,934 [ERROR] ConditionMgr:805 - Attr not supported : Dmpu
2024-12-03 18:51:40,946 [WARN] PackLoader:240 - Cannot read IP mode file for RealThread.X-CUBE-RT-Thread_Nano.4.1.1
2024-12-03 18:51:40,956 [WARN] PackLoader:240 - Cannot read IP mode file for STMicroelectronics.FP-ATR-SIGFOX1.3.2.0
2024-12-03 18:51:40,971 [WARN] ConditionMgr:438 - getConditionDescription Invalid condition id : Cortex-A Device cause : null
2024-12-03 18:51:41,022 [WARN] ConditionMgr:1039 - genDependencies : Invalid condition id : Cortex-A Device cause : null
2024-12-03 18:51:41,023 [WARN] ConditionMgr:1039 - genDependencies : Invalid condition id : Cortex-A Device cause : null
2024-12-03 18:51:41,023 [WARN] ConditionMgr:1039 - genDependencies : Invalid condition id : Cortex-A Device cause : null
2024-12-03 18:51:41,037 [WARN] PackLoader:240 - Cannot read IP mode file for STMicroelectronics.X-CUBE-EEPRMA1.5.1.0
2024-12-03 18:51:41,048 [WARN] PackLoader:240 - Cannot read IP mode file for wolfSSL.I-CUBE-wolfSSL.5.7.4
2024-12-03 18:51:41,061 [WARN] PackLoader:240 - Cannot read IP mode file for ITTIA_DB.I-CUBE-ITTIADB.8.9.0
2024-12-03 18:51:41,117 [WARN] PackLoader:240 - Cannot read IP mode file for SEGGER.I-CUBE-embOS.1.3.1
2024-12-03 18:51:41,208 [WARN] PackLoader:240 - Cannot read IP mode file for STMicroelectronics.X-CUBE-ALGOBUILD.1.4.0
2024-12-03 18:51:41,245 [WARN] PackLoader:240 - Cannot read IP mode file for STMicroelectronics.X-CUBE-AZRTOS-F4.1.1.0
2024-12-03 18:51:41,287 [WARN] PackLoader:240 - Cannot read IP mode file for STMicroelectronics.X-CUBE-FREERTOS.1.2.0
2024-12-03 18:51:41,319 [WARN] PackLoader:240 - Cannot read IP mode file for STMicroelectronics.X-CUBE-AZRTOS-L5.2.0.0
2024-12-03 18:51:41,336 [WARN] PackLoader:240 - Cannot read IP mode file for STMicroelectronics.X-CUBE-NFC6.3.1.0
2024-12-03 18:51:41,348 [WARN] PackLoader:240 - Cannot read IP mode file for STMicroelectronics.X-CUBE-NFC7.1.0.1
2024-12-03 18:51:41,376 [WARN] ConditionMgr:438 - getConditionDescription Invalid condition id : LAN8742 Phy interface Condition cause : null
2024-12-03 18:51:41,378 [WARN] PackLoader:240 - Cannot read IP mode file for STMicroelectronics.X-CUBE-AZRTOS-L4.2.0.0
2024-12-03 18:51:41,381 [WARN] ConditionMgr:1039 - genDependencies : Invalid condition id : LAN8742 Phy interface Condition cause : null
2024-12-03 18:51:41,381 [WARN] ConditionMgr:1039 - genDependencies : Invalid condition id : LAN8742 Phy interface Condition cause : null
2024-12-03 18:51:41,382 [WARN] ConditionMgr:1039 - genDependencies : Invalid condition id : LAN8742 Phy interface Condition cause : null
2024-12-03 18:51:41,399 [WARN] PackLoader:240 - Cannot read IP mode file for STMicroelectronics.X-CUBE-SFXS2LP1.4.0.0
2024-12-03 18:51:41,444 [WARN] PackLoader:240 - Cannot read IP mode file for STMicroelectronics.X-CUBE-AZRTOS-H7.3.3.0
2024-12-03 18:51:41,480 [WARN] ConditionMgr:438 - getConditionDescription Invalid condition id : UX DEVICE CLASS RTOS Condition cause : null
2024-12-03 18:51:41,481 [WARN] ConditionMgr:438 - getConditionDescription Invalid condition id : UX DEVICE CLASS RTOS Condition cause : null
2024-12-03 18:51:41,487 [WARN] PackLoader:240 - Cannot read IP mode file for STMicroelectronics.X-CUBE-AZRTOS-WB.2.0.0
2024-12-03 18:51:41,489 [WARN] ConditionMgr:1039 - genDependencies : Invalid condition id : UX DEVICE CLASS RTOS Condition cause : null
2024-12-03 18:51:41,489 [WARN] ConditionMgr:1039 - genDependencies : Invalid condition id : UX DEVICE CLASS RTOS Condition cause : null
2024-12-03 18:51:41,490 [WARN] ConditionMgr:1039 - genDependencies : Invalid condition id : UX DEVICE CLASS RTOS Condition cause : null
2024-12-03 18:51:41,491 [WARN] ConditionMgr:1039 - genDependencies : Invalid condition id : UX DEVICE CLASS RTOS Condition cause : null
2024-12-03 18:51:41,492 [WARN] ConditionMgr:1039 - genDependencies : Invalid condition id : UX DEVICE CLASS RTOS Condition cause : null
2024-12-03 18:51:41,515 [WARN] PackLoader:240 - Cannot read IP mode file for STMicroelectronics.X-CUBE-SUBG2.5.0.0
2024-12-03 18:51:41,564 [WARN] PackLoader:240 - Cannot read IP mode file for Cesanta.I-CUBE-Mongoose.7.13.0
2024-12-03 18:51:41,590 [WARN] PackLoader:240 - Cannot read IP mode file for STMicroelectronics.X-CUBE-AZRTOS-G4.2.0.0
2024-12-03 18:51:41,609 [WARN] PackLoader:240 - Cannot read IP mode file for STMicroelectronics.X-CUBE-ALS.1.0.2
2024-12-03 18:51:41,628 [WARN] PackLoader:240 - Cannot read IP mode file for STMicroelectronics.X-CUBE-TOUCHGFX.4.24.1
2024-12-03 18:51:41,639 [WARN] PackLoader:240 - Cannot read IP mode file for wolfSSL.I-CUBE-wolfTPM.3.4.0
2024-12-03 18:51:41,655 [WARN] PackLoader:240 - Cannot read IP mode file for portGmbH.I-Cube-SoM-uGOAL.1.1.0
2024-12-03 18:51:41,690 [WARN] PackLoader:240 - Cannot read IP mode file for STMicroelectronics.X-CUBE-AZRTOS-H7RS.1.0.0
2024-12-03 18:51:41,702 [WARN] PackLoader:240 - Cannot read IP mode file for STMicroelectronics.FP-ATR-ASTRA1.2.0.0
2024-12-03 18:51:41,740 [WARN] PackLoader:240 - Cannot read IP mode file for Infineon.AIROC-Wi-Fi-Bluetooth-STM32.1.6.1
2024-12-03 18:51:41,756 [WARN] PackLoader:240 - Cannot read IP mode file for wolfSSL.I-CUBE-wolfSSH.1.4.17
2024-12-03 18:51:41,758 [INFO] ThirdParty:978 - Integrity check success = true
2024-12-03 18:51:41,759 [INFO] IntegrityCheckThread:100 - exiting critical section [integrity check]
2024-12-03 18:51:41,759 [INFO] IntegrityCheckThread:103 - End integrity checks thread
2024-12-03 18:51:41,867 [INFO] WebApp:448 - Apply proxy settings
2024-12-03 18:51:41,868 [INFO] WebApp:533 - Chromium requires no authentication
2024-12-03 18:51:41,897 [INFO] WebApp:476 - Direct internet connection detected
2024-12-03 18:51:41,962 [INFO] WebApp:869 - Register for checkConnection events
2024-12-03 18:51:41,962 [INFO] WebApp:448 - Apply proxy settings
2024-12-03 18:51:41,963 [INFO] WebApp:533 - Chromium requires no authentication
2024-12-03 18:51:41,964 [INFO] WebApp:476 - Direct internet connection detected
2024-12-03 18:51:42,473 [INFO] WebApp:220 - Starting web application
2024-12-03 18:51:42,473 [INFO] WebApp:578 - Web application path used C:\ST\STM32CubeIDE_1.16.1\STM32CubeIDE\plugins\com.st.stm32cube.common.mx_6.12.1.202409122256\db\plugins\mcufinder\reactClient1\index.html
2024-12-03 18:51:42,703 [INFO] UserAuth:417 - Internet connection configuration mode: 1
2024-12-03 18:51:42,737 [INFO] WebApp:186 - Connection restablished
2024-12-03 18:53:41,397 [INFO] WebApp:189 - Connection lost
2024-12-03 18:53:41,905 [INFO] WebApp:186 - Connection restablished
2024-12-03 18:55:03,884 [INFO] WebApp:189 - Connection lost
2024-12-03 18:55:04,283 [INFO] WebApp:186 - Connection restablished
2024-12-03 18:55:30,394 [INFO] WebApp:189 - Connection lost
2024-12-03 18:55:30,556 [INFO] WebApp:186 - Connection restablished
2024-12-03 18:56:17,900 [INFO] WebApp:189 - Connection lost
2024-12-03 18:56:18,168 [INFO] WebApp:186 - Connection restablished
2024-12-03 18:56:45,895 [INFO] WebApp:189 - Connection lost
2024-12-03 18:56:46,037 [INFO] WebApp:186 - Connection restablished
2024-12-03 19:00:22,936 [INFO] WebApp:189 - Connection lost
2024-12-03 19:00:23,175 [INFO] WebApp:186 - Connection restablished
2024-12-03 19:02:46,398 [INFO] WebApp:189 - Connection lost
2024-12-03 19:02:47,581 [INFO] WebApp:186 - Connection restablished
2024-12-03 19:03:15,511 [INFO] WebApp:189 - Connection lost
2024-12-03 19:03:29,092 [INFO] WebApp:186 - Connection restablished
2024-12-03 19:03:32,945 [INFO] WebApp:189 - Connection lost
2024-12-03 19:03:33,058 [INFO] WebApp:186 - Connection restablished
2024-12-03 19:04:16,069 [INFO] WebApp:189 - Connection lost
2024-12-03 19:04:17,050 [INFO] WebApp:186 - Connection restablished
2024-12-03 19:06:18,531 [INFO] WebApp:189 - Connection lost
2024-12-03 19:06:18,903 [INFO] WebApp:186 - Connection restablished
2024-12-03 19:07:00,408 [INFO] WebApp:189 - Connection lost
2024-12-03 19:07:00,562 [INFO] WebApp:186 - Connection restablished
2024-12-03 19:07:40,697 [INFO] WebApp:189 - Connection lost
2024-12-03 19:07:40,906 [INFO] WebApp:186 - Connection restablished
2024-12-03 19:08:14,999 [INFO] WebApp:189 - Connection lost
2024-12-03 19:08:15,327 [INFO] WebApp:186 - Connection restablished
2024-12-03 19:09:12,471 [INFO] WebApp:189 - Connection lost
2024-12-03 19:09:12,621 [INFO] WebApp:186 - Connection restablished
2024-12-03 19:12:05,528 [INFO] WebApp:189 - Connection lost
2024-12-03 19:12:06,179 [INFO] WebApp:186 - Connection restablished
2024-12-03 19:15:42,672 [INFO] WebApp:189 - Connection lost
2024-12-03 19:15:42,956 [INFO] WebApp:186 - Connection restablished
2024-12-03 19:17:57,543 [INFO] WebApp:189 - Connection lost
2024-12-03 19:17:57,985 [INFO] WebApp:186 - Connection restablished
2024-12-03 19:18:56,525 [INFO] WebApp:189 - Connection lost
2024-12-03 19:18:56,743 [INFO] WebApp:186 - Connection restablished
2024-12-03 19:19:24,415 [INFO] WebApp:189 - Connection lost
2024-12-03 19:19:24,667 [INFO] WebApp:186 - Connection restablished
2024-12-03 19:20:46,475 [INFO] WebApp:189 - Connection lost
2024-12-03 19:20:46,851 [INFO] WebApp:186 - Connection restablished
2024-12-03 19:20:59,611 [INFO] WebApp:189 - Connection lost
2024-12-03 19:20:59,924 [INFO] WebApp:186 - Connection restablished
2024-12-03 19:21:34,003 [INFO] WebApp:189 - Connection lost
2024-12-03 19:21:34,184 [INFO] WebApp:186 - Connection restablished
2024-12-03 19:21:54,021 [INFO] WebApp:189 - Connection lost
2024-12-03 19:21:54,835 [INFO] WebApp:186 - Connection restablished
2024-12-03 19:22:33,384 [INFO] WebApp:189 - Connection lost
2024-12-03 19:22:33,984 [INFO] WebApp:186 - Connection restablished
2024-12-03 19:22:40,378 [INFO] WebApp:189 - Connection lost
2024-12-03 19:22:40,496 [INFO] WebApp:186 - Connection restablished
2024-12-03 19:23:17,421 [INFO] WebApp:189 - Connection lost
2024-12-03 19:23:17,578 [INFO] WebApp:186 - Connection restablished
2024-12-03 19:27:13,122 [INFO] WebApp:189 - Connection lost
2024-12-03 19:27:13,737 [INFO] WebApp:186 - Connection restablished
2024-12-03 19:27:54,407 [INFO] WebApp:189 - Connection lost
2024-12-03 19:27:54,583 [INFO] WebApp:186 - Connection restablished
2024-12-03 19:29:21,919 [INFO] WebApp:189 - Connection lost
2024-12-03 19:29:22,230 [INFO] WebApp:186 - Connection restablished
2024-12-03 19:31:06,901 [INFO] WebApp:189 - Connection lost
2024-12-03 19:31:07,075 [INFO] WebApp:186 - Connection restablished
2024-12-03 19:32:11,440 [INFO] WebApp:189 - Connection lost
2024-12-03 19:32:11,636 [INFO] WebApp:186 - Connection restablished
2024-12-03 19:32:29,897 [INFO] WebApp:189 - Connection lost
2024-12-03 19:32:30,051 [INFO] WebApp:186 - Connection restablished
2024-12-03 19:33:29,891 [INFO] WebApp:189 - Connection lost
2024-12-03 19:33:30,065 [INFO] WebApp:186 - Connection restablished
2024-12-03 19:33:43,912 [INFO] WebApp:189 - Connection lost
2024-12-03 19:33:44,138 [INFO] WebApp:186 - Connection restablished
2024-12-03 19:37:34,910 [ERROR] ConfigurationRetriever:142 - IOException on connection: Read timed out
2024-12-03 19:37:36,957 [ERROR] ConfigurationRetriever:142 - IOException on connection: Read timed out
2024-12-03 19:42:32,399 [INFO] WebApp:189 - Connection lost
2024-12-03 19:42:32,737 [INFO] WebApp:186 - Connection restablished
2024-12-03 19:42:50,390 [INFO] WebApp:189 - Connection lost
2024-12-03 19:42:50,513 [INFO] WebApp:186 - Connection restablished
2024-12-03 19:43:09,395 [INFO] WebApp:189 - Connection lost
2024-12-03 19:43:09,504 [INFO] WebApp:186 - Connection restablished
2024-12-03 19:43:32,521 [INFO] WebApp:189 - Connection lost
2024-12-03 19:43:32,789 [INFO] WebApp:186 - Connection restablished
2024-12-03 19:43:47,928 [INFO] WebApp:189 - Connection lost
2024-12-03 19:43:48,075 [INFO] WebApp:186 - Connection restablished
2024-12-03 19:44:13,394 [INFO] WebApp:189 - Connection lost
2024-12-03 19:44:13,514 [INFO] WebApp:186 - Connection restablished
2024-12-03 19:44:36,947 [INFO] WebApp:189 - Connection lost
2024-12-03 19:44:37,378 [INFO] WebApp:186 - Connection restablished
2024-12-03 19:46:29,110 [ERROR] ConfigurationRetriever:142 - IOException on connection: Read timed out
2024-12-03 19:46:31,158 [ERROR] ConfigurationRetriever:142 - IOException on connection: Read timed out
2024-12-03 19:47:28,424 [INFO] WebApp:189 - Connection lost
2024-12-03 19:47:28,683 [INFO] WebApp:186 - Connection restablished
2024-12-03 19:48:40,388 [INFO] WebApp:189 - Connection lost
2024-12-03 19:48:40,544 [INFO] WebApp:186 - Connection restablished
2024-12-03 19:49:57,403 [INFO] WebApp:189 - Connection lost
2024-12-03 19:49:57,685 [INFO] WebApp:186 - Connection restablished
2024-12-03 19:51:25,635 [INFO] WebApp:189 - Connection lost
2024-12-03 19:51:25,931 [INFO] WebApp:186 - Connection restablished
2024-12-03 19:54:38,924 [INFO] WebApp:189 - Connection lost
2024-12-03 19:54:39,207 [INFO] WebApp:186 - Connection restablished
2024-12-03 19:56:08,405 [INFO] WebApp:189 - Connection lost
2024-12-03 19:56:08,583 [INFO] WebApp:186 - Connection restablished
2024-12-03 19:56:48,463 [INFO] WebApp:189 - Connection lost
2024-12-03 19:56:48,637 [INFO] WebApp:186 - Connection restablished
2024-12-03 19:57:18,388 [INFO] WebApp:189 - Connection lost
2024-12-03 19:57:18,726 [INFO] WebApp:186 - Connection restablished
2024-12-03 19:59:08,908 [INFO] WebApp:189 - Connection lost
2024-12-03 19:59:09,088 [INFO] WebApp:186 - Connection restablished
2024-12-03 19:59:46,405 [INFO] WebApp:189 - Connection lost
2024-12-03 19:59:46,711 [INFO] WebApp:186 - Connection restablished
2024-12-03 20:02:57,915 [INFO] WebApp:189 - Connection lost
2024-12-03 20:02:58,098 [INFO] WebApp:186 - Connection restablished
2024-12-03 20:05:16,393 [INFO] WebApp:189 - Connection lost
2024-12-03 20:05:16,644 [INFO] WebApp:186 - Connection restablished
2024-12-03 20:07:21,466 [INFO] WebApp:189 - Connection lost
2024-12-03 20:07:21,572 [INFO] WebApp:186 - Connection restablished
2024-12-03 20:09:15,896 [INFO] WebApp:189 - Connection lost
2024-12-03 20:09:17,140 [INFO] WebApp:186 - Connection restablished
2024-12-03 20:09:53,886 [INFO] WebApp:189 - Connection lost
2024-12-03 20:09:54,076 [INFO] WebApp:186 - Connection restablished
2024-12-03 20:10:15,879 [INFO] WebApp:189 - Connection lost
2024-12-03 20:10:16,004 [INFO] WebApp:186 - Connection restablished
2024-12-03 20:11:22,427 [INFO] WebApp:189 - Connection lost
2024-12-03 20:11:22,675 [INFO] WebApp:186 - Connection restablished
2024-12-03 20:12:57,740 [INFO] WebApp:189 - Connection lost
2024-12-03 20:12:57,912 [INFO] WebApp:186 - Connection restablished
2024-12-03 20:13:39,907 [INFO] WebApp:189 - Connection lost
2024-12-03 20:13:40,220 [INFO] WebApp:186 - Connection restablished
2024-12-03 20:14:18,821 [INFO] WebApp:189 - Connection lost
2024-12-03 20:14:20,114 [INFO] WebApp:186 - Connection restablished
2024-12-03 20:14:31,908 [INFO] WebApp:189 - Connection lost
2024-12-03 20:14:32,264 [INFO] WebApp:186 - Connection restablished
2024-12-03 20:15:01,900 [INFO] WebApp:189 - Connection lost
2024-12-03 20:15:02,123 [INFO] WebApp:186 - Connection restablished
2024-12-03 20:16:31,899 [INFO] WebApp:189 - Connection lost
2024-12-03 20:16:32,256 [INFO] WebApp:186 - Connection restablished
2024-12-03 20:17:08,406 [INFO] WebApp:189 - Connection lost
2024-12-03 20:17:08,630 [INFO] WebApp:186 - Connection restablished
2024-12-03 20:17:31,914 [INFO] WebApp:189 - Connection lost
2024-12-03 20:17:32,051 [INFO] WebApp:186 - Connection restablished
2024-12-03 20:17:49,392 [INFO] WebApp:189 - Connection lost
2024-12-03 20:17:49,714 [INFO] WebApp:186 - Connection restablished
2024-12-03 20:18:22,441 [INFO] WebApp:189 - Connection lost
2024-12-03 20:18:22,659 [INFO] WebApp:186 - Connection restablished
2024-12-03 20:19:35,401 [INFO] WebApp:189 - Connection lost
2024-12-03 20:19:35,684 [INFO] WebApp:186 - Connection restablished
2024-12-03 20:21:51,974 [INFO] WebApp:189 - Connection lost
2024-12-03 20:21:52,170 [INFO] WebApp:186 - Connection restablished
2024-12-03 20:23:17,912 [INFO] WebApp:189 - Connection lost
2024-12-03 20:23:18,112 [INFO] WebApp:186 - Connection restablished
2024-12-03 20:23:57,394 [INFO] WebApp:189 - Connection lost
2024-12-03 20:23:57,569 [INFO] WebApp:186 - Connection restablished
2024-12-03 20:26:29,107 [ERROR] ConfigurationRetriever:142 - IOException on connection: Read timed out
2024-12-03 20:26:31,167 [ERROR] ConfigurationRetriever:142 - IOException on connection: Read timed out
2024-12-03 20:30:09,415 [INFO] WebApp:189 - Connection lost
2024-12-03 20:30:09,797 [INFO] WebApp:186 - Connection restablished
2024-12-03 20:31:10,891 [INFO] WebApp:189 - Connection lost
2024-12-03 20:31:11,276 [INFO] WebApp:186 - Connection restablished
2024-12-03 20:32:47,383 [INFO] WebApp:189 - Connection lost
2024-12-03 20:32:47,578 [INFO] WebApp:186 - Connection restablished
2024-12-03 20:37:03,917 [INFO] WebApp:189 - Connection lost
2024-12-03 20:37:04,259 [INFO] WebApp:186 - Connection restablished
2024-12-03 20:37:31,404 [INFO] WebApp:189 - Connection lost
2024-12-03 20:37:31,589 [INFO] WebApp:186 - Connection restablished
2024-12-03 20:39:28,410 [INFO] WebApp:189 - Connection lost
2024-12-03 20:39:39,561 [INFO] WebApp:186 - Connection restablished
2024-12-03 20:39:44,403 [INFO] WebApp:189 - Connection lost
2024-12-03 20:39:44,558 [INFO] WebApp:186 - Connection restablished
2024-12-03 21:27:35,428 [INFO] WebApp:189 - Connection lost
2024-12-03 21:27:35,616 [INFO] WebApp:186 - Connection restablished
2024-12-03 23:43:05,378 [INFO] WebApp:189 - Connection lost
2024-12-03 23:43:11,711 [INFO] WebApp:186 - Connection restablished
2024-12-03 23:43:13,912 [INFO] WebApp:189 - Connection lost
2024-12-03 23:43:14,059 [INFO] WebApp:186 - Connection restablished
2024-12-03 23:43:20,476 [ERROR] LogOutputStream:75 - [STDERR_REDIRECT] 
2024-12-03 23:43:20,477 [ERROR] LogOutputStream:75 - [STDERR_REDIRECT] 
