2025-02-01 10:37:10,867 [INFO] Activator:176 - 


2025-02-01 10:37:10,882 [INFO] Activator:177 - !SESSION log4j initialized
2025-02-01 10:37:23,225 [INFO] LogOutputStream:77 - [STDOUT_REDIRECT] 
2025-02-01 10:37:26,092 [INFO] ApplicationProperties:184 - Using Application install path: C:\ST\STM32CubeIDE_1.16.1\STM32CubeIDE\plugins\com.st.stm32cube.common.mx_6.12.1.202409122256
2025-02-01 10:37:26,120 [INFO] DbMcusXml:78 - Set database path to: C:\ST\STM32CubeIDE_1.16.1\STM32CubeIDE\plugins\com.st.stm32cube.common.mx_6.12.1.202409122256\\db\/mcu/
2025-02-01 10:37:26,121 [INFO] ApiDb:274 - Set plugin database path to: C:\ST\STM32CubeIDE_1.16.1\STM32CubeIDE\plugins\com.st.stm32cube.common.mx_6.12.1.202409122256\\db\/plugins/boardmanager/
2025-02-01 10:37:26,121 [WARN] ApiDb:259 - Overriding images path with different value:  => C:\ST\STM32CubeIDE_1.16.1\STM32CubeIDE\plugins\com.st.stm32cube.common.mx_6.12.1.202409122256\\db\/plugins/mcufinder/images/
2025-02-01 10:37:26,132 [INFO] ApiDb:250 - Set database path to: C:\Users\mridu\.stmcufinder\plugins\mcufinder//mcu/
2025-02-01 10:37:26,133 [INFO] DbMcusAds:125 - Set database path to: C:\Users\mridu\.stmcufinder\plugins\mcufinder//mcu/
2025-02-01 10:37:26,136 [INFO] CrossReferenceDbSqlite:203 - Set database path to: C:\Users\mridu\.stmcufinder\plugins\mcufinder//mcu/cs/
2025-02-01 10:37:26,312 [INFO] RulesReader:64 - Compatibility file has been processed (297 Rules)
2025-02-01 10:37:26,420 [INFO] DbMcusXml:78 - Set database path to: C:\ST\STM32CubeIDE_1.16.1\STM32CubeIDE\plugins\com.st.stm32cube.common.mx_6.12.1.202409122256\\db\/mcu/
2025-02-01 10:37:26,420 [INFO] ApiDb:274 - Set plugin database path to: C:\ST\STM32CubeIDE_1.16.1\STM32CubeIDE\plugins\com.st.stm32cube.common.mx_6.12.1.202409122256\\db\/plugins/boardmanager/
2025-02-01 10:37:26,420 [INFO] ApiDb:261 - Set plugin images path to: C:\ST\STM32CubeIDE_1.16.1\STM32CubeIDE\plugins\com.st.stm32cube.common.mx_6.12.1.202409122256\\db\/plugins/mcufinder/images/
2025-02-01 10:37:26,420 [WARN] DbFile:41 - Overriding database path with different value: C:\Users\mridu\.stmcufinder\plugins\mcufinder/ => C:\Users\mridu\.stmcufinder\plugins\mcufinder
2025-02-01 10:37:26,421 [INFO] ApiDb:250 - Set database path to: C:\Users\mridu\.stmcufinder\plugins\mcufinder//mcu/
2025-02-01 10:37:26,421 [WARN] DbFile:41 - Overriding database path with different value: C:\Users\mridu\.stmcufinder\plugins\mcufinder/ => C:\Users\mridu\.stmcufinder\plugins\mcufinder
2025-02-01 10:37:26,421 [INFO] DbMcusAds:125 - Set database path to: C:\Users\mridu\.stmcufinder\plugins\mcufinder//mcu/
2025-02-01 10:37:26,421 [WARN] DbFile:41 - Overriding database path with different value: C:\Users\mridu\.stmcufinder\plugins\mcufinder/ => C:\Users\mridu\.stmcufinder\plugins\mcufinder
2025-02-01 10:37:26,421 [WARN] DbFile:41 - Overriding database path with different value: C:\Users\mridu\.stmcufinder\plugins\mcufinder/ => C:\Users\mridu\.stmcufinder\plugins\mcufinder
2025-02-01 10:37:26,421 [INFO] CrossReferenceDbSqlite:203 - Set database path to: C:\Users\mridu\.stmcufinder\plugins\mcufinder//mcu/cs/
2025-02-01 10:37:26,558 [INFO] MainPanel:268 - HeapMemory: 268435456
2025-02-01 10:37:26,729 [INFO] DbMcusXml:78 - Set database path to: C:\ST\STM32CubeIDE_1.16.1\STM32CubeIDE\plugins\com.st.stm32cube.common.mx_6.12.1.202409122256\\db\/mcu/
2025-02-01 10:37:26,729 [INFO] ApiDb:274 - Set plugin database path to: C:\ST\STM32CubeIDE_1.16.1\STM32CubeIDE\plugins\com.st.stm32cube.common.mx_6.12.1.202409122256\\db\/plugins/boardmanager/
2025-02-01 10:37:26,729 [INFO] ApiDb:261 - Set plugin images path to: C:\ST\STM32CubeIDE_1.16.1\STM32CubeIDE\plugins\com.st.stm32cube.common.mx_6.12.1.202409122256\\db\/plugins/mcufinder/images/
2025-02-01 10:37:26,730 [WARN] DbFile:41 - Overriding database path with different value: C:\Users\mridu\.stmcufinder\plugins\mcufinder/ => C:\Users\mridu\.stmcufinder\plugins\mcufinder
2025-02-01 10:37:26,730 [INFO] ApiDb:250 - Set database path to: C:\Users\mridu\.stmcufinder\plugins\mcufinder//mcu/
2025-02-01 10:37:26,731 [WARN] DbFile:41 - Overriding database path with different value: C:\Users\mridu\.stmcufinder\plugins\mcufinder/ => C:\Users\mridu\.stmcufinder\plugins\mcufinder
2025-02-01 10:37:26,731 [INFO] DbMcusAds:125 - Set database path to: C:\Users\mridu\.stmcufinder\plugins\mcufinder//mcu/
2025-02-01 10:37:26,731 [WARN] DbFile:41 - Overriding database path with different value: C:\Users\mridu\.stmcufinder\plugins\mcufinder/ => C:\Users\mridu\.stmcufinder\plugins\mcufinder
2025-02-01 10:37:26,731 [WARN] DbFile:41 - Overriding database path with different value: C:\Users\mridu\.stmcufinder\plugins\mcufinder/ => C:\Users\mridu\.stmcufinder\plugins\mcufinder
2025-02-01 10:37:26,731 [INFO] CrossReferenceDbSqlite:203 - Set database path to: C:\Users\mridu\.stmcufinder\plugins\mcufinder//mcu/cs/
2025-02-01 10:37:26,756 [INFO] ApplicationProperties:184 - Using Application install path: C:\ST\STM32CubeIDE_1.16.1\STM32CubeIDE\plugins\com.st.stm32cube.common.mx_6.12.1.202409122256
2025-02-01 10:37:26,759 [INFO] PluginManage:196 - Search for loadable plugins [exclusion list=, ]
2025-02-01 10:37:26,761 [INFO] PluginManage:310 - Check plugin analytics
2025-02-01 10:37:27,074 [INFO] AnalyticsPlugin:253 - Accepted Software Licenses: 
2025-02-01 10:37:27,074 [INFO] AnalyticsPlugin:255 - Accepted CMSIS Pack Licenses: 
2025-02-01 10:37:27,074 [INFO] AnalyticsPlugin:257 - Accepted Firmware Licenses: 
2025-02-01 10:37:27,080 [INFO] PluginManage:359 - Loaded plugin analytics (category:tool,tabindex:-1)
2025-02-01 10:37:27,080 [INFO] PluginManage:310 - Check plugin cadmodel
2025-02-01 10:37:27,112 [INFO] CADModel:105 - Init CAD model plugin
2025-02-01 10:37:27,112 [INFO] PluginManage:359 - Loaded plugin cadmodel (category:power,tabindex:5)
2025-02-01 10:37:27,112 [INFO] PluginManage:310 - Check plugin clock
2025-02-01 10:37:27,142 [INFO] PluginManage:359 - Loaded plugin clock (category:base,tabindex:2)
2025-02-01 10:37:27,143 [INFO] PluginManage:310 - Check plugin ddr
2025-02-01 10:37:27,147 [INFO] PluginManage:359 - Loaded plugin ddr (category:tool,tabindex:6)
2025-02-01 10:37:27,147 [INFO] PluginManage:310 - Check plugin filemanager
2025-02-01 10:37:27,359 [INFO] PluginManage:359 - Loaded plugin filemanager (category:base,tabindex:10)
2025-02-01 10:37:27,359 [INFO] PluginManage:310 - Check plugin ipmanager
2025-02-01 10:37:27,371 [INFO] PluginManage:359 - Loaded plugin ipmanager (category:base,tabindex:5)
2025-02-01 10:37:27,372 [INFO] PluginManage:310 - Check plugin lpbam
2025-02-01 10:37:27,400 [INFO] PluginManage:359 - Loaded plugin lpbam (category:base,tabindex:0)
2025-02-01 10:37:27,401 [INFO] PluginManage:310 - Check plugin memorymap
2025-02-01 10:37:27,439 [INFO] PluginManage:359 - Loaded plugin memorymap (category:base,tabindex:4)
2025-02-01 10:37:27,440 [INFO] PluginManage:310 - Check plugin pinoutandconfiguration
2025-02-01 10:37:27,466 [INFO] PluginManage:359 - Loaded plugin pinoutandconfiguration (category:base,tabindex:1)
2025-02-01 10:37:27,466 [INFO] PluginManage:310 - Check plugin pinoutconfig
2025-02-01 10:37:27,602 [WARN] SupportedApi:132 - Cannot load RTOS API schema: s4s-elt-must-match.1: The content of 'definitions' must match (annotation?, (simpleType | complexType)?, (unique | key | keyref)*)). A problem was found starting at: attribute.
2025-02-01 10:37:27,810 [INFO] PluginManage:359 - Loaded plugin pinoutconfig (category:base,tabindex:0)
2025-02-01 10:37:27,810 [INFO] PluginManage:310 - Check plugin power
2025-02-01 10:37:27,840 [INFO] PluginManage:359 - Loaded plugin power (category:power,tabindex:4)
2025-02-01 10:37:27,840 [INFO] PluginManage:310 - Check plugin projectmanager
2025-02-01 10:37:27,863 [INFO] PluginManage:359 - Loaded plugin projectmanager (category:projectmanager,tabindex:4)
2025-02-01 10:37:27,863 [INFO] PluginManage:310 - Check plugin rif
2025-02-01 10:37:27,896 [INFO] PluginManage:359 - Loaded plugin rif (category:base,tabindex:3)
2025-02-01 10:37:27,897 [INFO] PluginManage:310 - Check plugin thirdparty
2025-02-01 10:37:28,356 [INFO] PluginManage:359 - Loaded plugin thirdparty (category:base,tabindex:-1)
2025-02-01 10:37:28,356 [WARN] IntegrityCheckThread:84 - waiting for thirdparty lock release [integrity check]
2025-02-01 10:37:28,357 [INFO] IntegrityCheckThread:86 - entering critical section [integrity check]
2025-02-01 10:37:28,357 [INFO] PluginManage:310 - Check plugin tools
2025-02-01 10:37:28,357 [INFO] ThirdPartyUpdaterWithRetryManager:70 - Updater plugin not ready yet. [1/15]
2025-02-01 10:37:28,416 [INFO] PluginManage:359 - Loaded plugin tools (category:base,tabindex:7)
2025-02-01 10:37:28,416 [INFO] PluginManage:310 - Check plugin tutovideos
2025-02-01 10:37:28,709 [INFO] PluginManage:359 - Loaded plugin tutovideos (category:base,tabindex:-1)
2025-02-01 10:37:28,709 [INFO] PluginManage:310 - Check plugin updater
2025-02-01 10:37:28,731 [INFO] PluginManage:359 - Loaded plugin updater (category:base,tabindex:12)
2025-02-01 10:37:28,732 [INFO] PluginManage:310 - Check plugin userauth
2025-02-01 10:37:28,740 [INFO] UserAuth:113 - Init User Auth plugin
2025-02-01 10:37:28,741 [INFO] PluginManage:359 - Loaded plugin userauth (category:base,tabindex:14)
2025-02-01 10:37:28,741 [INFO] PluginManage:283 - PluginManage : Loaded plugins [18]
2025-02-01 10:37:29,038 [INFO] PinOutPanel:1561 - setPackage(No Configuration,No Configuration)
2025-02-01 10:37:29,174 [INFO] CADModel:165 - CPN selected for project level
2025-02-01 10:37:29,174 [INFO] CADModel:114 - Register for checkConnection events
2025-02-01 10:37:29,214 [INFO] IPUIPlugin:80 - create IPUIPlugin
2025-02-01 10:37:29,214 [INFO] PluginManager:220 - loadIPPluginJar : add adc
2025-02-01 10:37:29,277 [INFO] IPUIPlugin:80 - create IPUIPlugin
2025-02-01 10:37:29,277 [INFO] PluginManager:220 - loadIPPluginJar : add aes
2025-02-01 10:37:29,352 [INFO] IPUIPlugin:80 - create IPUIPlugin
2025-02-01 10:37:29,352 [INFO] PluginManager:220 - loadIPPluginJar : add can
2025-02-01 10:37:29,392 [INFO] IPUIPlugin:80 - create IPUIPlugin
2025-02-01 10:37:29,393 [INFO] PluginManager:220 - loadIPPluginJar : add comp
2025-02-01 10:37:29,444 [INFO] IPUIPlugin:80 - create IPUIPlugin
2025-02-01 10:37:29,445 [INFO] PluginManager:220 - loadIPPluginJar : add cryp
2025-02-01 10:37:29,468 [INFO] IPUIPlugin:80 - create IPUIPlugin
2025-02-01 10:37:29,468 [INFO] PluginManager:220 - loadIPPluginJar : add ddr_ctrl_phy
2025-02-01 10:37:29,524 [INFO] IPUIPlugin:80 - create IPUIPlugin
2025-02-01 10:37:29,524 [INFO] PluginManager:220 - loadIPPluginJar : add dfsdm
2025-02-01 10:37:29,546 [INFO] IPUIPlugin:80 - create IPUIPlugin
2025-02-01 10:37:29,547 [INFO] PluginManager:220 - loadIPPluginJar : add dma
2025-02-01 10:37:29,612 [INFO] IPUIPlugin:80 - create IPUIPlugin
2025-02-01 10:37:29,612 [INFO] PluginManager:220 - loadIPPluginJar : add dma3
2025-02-01 10:37:29,696 [INFO] IPUIPlugin:80 - create IPUIPlugin
2025-02-01 10:37:29,696 [INFO] PluginManager:220 - loadIPPluginJar : add extmemmanager
2025-02-01 10:37:29,733 [INFO] IPUIPlugin:80 - create IPUIPlugin
2025-02-01 10:37:29,733 [INFO] PluginManager:220 - loadIPPluginJar : add fatfs
2025-02-01 10:37:29,814 [INFO] IPUIPlugin:80 - create IPUIPlugin
2025-02-01 10:37:29,814 [INFO] PluginManager:220 - loadIPPluginJar : add fmc
2025-02-01 10:37:29,840 [INFO] IPUIPlugin:80 - create IPUIPlugin
2025-02-01 10:37:29,842 [INFO] PluginManager:220 - loadIPPluginJar : add freertos
2025-02-01 10:37:29,878 [INFO] IPUIPlugin:80 - create IPUIPlugin
2025-02-01 10:37:29,879 [INFO] PluginManager:220 - loadIPPluginJar : add genericplugin
2025-02-01 10:37:30,022 [INFO] IPUIPlugin:80 - create IPUIPlugin
2025-02-01 10:37:30,022 [INFO] PluginManager:220 - loadIPPluginJar : add gfxmmu
2025-02-01 10:37:30,251 [INFO] IPUIPlugin:80 - create IPUIPlugin
2025-02-01 10:37:30,251 [INFO] PluginManager:220 - loadIPPluginJar : add gic
2025-02-01 10:37:30,273 [INFO] IPUIPlugin:80 - create IPUIPlugin
2025-02-01 10:37:30,273 [INFO] PluginManager:220 - loadIPPluginJar : add gpio
2025-02-01 10:37:30,425 [INFO] IPUIPlugin:80 - create IPUIPlugin
2025-02-01 10:37:30,425 [INFO] PluginManager:220 - loadIPPluginJar : add gtzc
2025-02-01 10:37:30,480 [INFO] IPUIPlugin:80 - create IPUIPlugin
2025-02-01 10:37:30,480 [INFO] PluginManager:220 - loadIPPluginJar : add hash
2025-02-01 10:37:30,570 [INFO] IPUIPlugin:80 - create IPUIPlugin
2025-02-01 10:37:30,570 [INFO] PluginManager:220 - loadIPPluginJar : add i2c
2025-02-01 10:37:30,637 [INFO] IPUIPlugin:80 - create IPUIPlugin
2025-02-01 10:37:30,637 [INFO] PluginManager:220 - loadIPPluginJar : add i2s
2025-02-01 10:37:30,711 [INFO] IPUIPlugin:80 - create IPUIPlugin
2025-02-01 10:37:30,711 [INFO] PluginManager:220 - loadIPPluginJar : add i3c
2025-02-01 10:37:30,882 [INFO] IPUIPlugin:80 - create IPUIPlugin
2025-02-01 10:37:30,883 [INFO] PluginManager:220 - loadIPPluginJar : add ipddr
2025-02-01 10:37:31,050 [INFO] IPUIPlugin:80 - create IPUIPlugin
2025-02-01 10:37:31,050 [INFO] PluginManager:220 - loadIPPluginJar : add linkedlist
2025-02-01 10:37:31,111 [INFO] IPUIPlugin:80 - create IPUIPlugin
2025-02-01 10:37:31,111 [INFO] PluginManager:220 - loadIPPluginJar : add lorawan
2025-02-01 10:37:31,173 [INFO] IPUIPlugin:80 - create IPUIPlugin
2025-02-01 10:37:31,173 [INFO] PluginManager:220 - loadIPPluginJar : add ltdc
2025-02-01 10:37:31,196 [INFO] IPUIPlugin:80 - create IPUIPlugin
2025-02-01 10:37:31,196 [INFO] PluginManager:220 - loadIPPluginJar : add mdma
2025-02-01 10:37:31,218 [INFO] IPUIPlugin:80 - create IPUIPlugin
2025-02-01 10:37:31,218 [INFO] PluginManager:220 - loadIPPluginJar : add nvic
2025-02-01 10:37:31,278 [INFO] IPUIPlugin:80 - create IPUIPlugin
2025-02-01 10:37:31,278 [INFO] PluginManager:220 - loadIPPluginJar : add opamp
2025-02-01 10:37:31,359 [INFO] ThirdPartyUpdaterWithRetryManager:70 - Updater plugin not ready yet. [2/15]
2025-02-01 10:37:31,370 [INFO] IPUIPlugin:80 - create IPUIPlugin
2025-02-01 10:37:31,371 [INFO] PluginManager:220 - loadIPPluginJar : add openamp
2025-02-01 10:37:31,452 [INFO] IPUIPlugin:80 - create IPUIPlugin
2025-02-01 10:37:31,452 [INFO] PluginManager:220 - loadIPPluginJar : add pdm2pcm
2025-02-01 10:37:31,475 [INFO] IPUIPlugin:80 - create IPUIPlugin
2025-02-01 10:37:31,479 [INFO] PluginManager:220 - loadIPPluginJar : add plateformsettings
2025-02-01 10:37:31,515 [INFO] IPUIPlugin:80 - create IPUIPlugin
2025-02-01 10:37:31,515 [INFO] PluginManager:220 - loadIPPluginJar : add quadspi
2025-02-01 10:37:31,554 [INFO] IPUIPlugin:80 - create IPUIPlugin
2025-02-01 10:37:31,555 [INFO] PluginManager:220 - loadIPPluginJar : add radio
2025-02-01 10:37:31,574 [INFO] IPUIPlugin:80 - create IPUIPlugin
2025-02-01 10:37:31,574 [INFO] PluginManager:220 - loadIPPluginJar : add resmgrutility
2025-02-01 10:37:31,644 [INFO] IPUIPlugin:80 - create IPUIPlugin
2025-02-01 10:37:31,644 [INFO] PluginManager:220 - loadIPPluginJar : add sai
2025-02-01 10:37:31,717 [INFO] IPUIPlugin:80 - create IPUIPlugin
2025-02-01 10:37:31,717 [INFO] PluginManager:220 - loadIPPluginJar : add spi
2025-02-01 10:37:31,843 [INFO] IPUIPlugin:80 - create IPUIPlugin
2025-02-01 10:37:31,843 [INFO] PluginManager:220 - loadIPPluginJar : add stm32_wpan
2025-02-01 10:37:31,890 [INFO] IPUIPlugin:80 - create IPUIPlugin
2025-02-01 10:37:31,890 [INFO] PluginManager:220 - loadIPPluginJar : add tim
2025-02-01 10:37:31,992 [INFO] IPUIPlugin:80 - create IPUIPlugin
2025-02-01 10:37:31,992 [INFO] PluginManager:220 - loadIPPluginJar : add touchsensing
2025-02-01 10:37:32,029 [INFO] IPUIPlugin:80 - create IPUIPlugin
2025-02-01 10:37:32,029 [INFO] PluginManager:220 - loadIPPluginJar : add tracer_emb
2025-02-01 10:37:32,074 [INFO] IPUIPlugin:80 - create IPUIPlugin
2025-02-01 10:37:32,075 [INFO] PluginManager:220 - loadIPPluginJar : add ts
2025-02-01 10:37:32,111 [INFO] IPUIPlugin:80 - create IPUIPlugin
2025-02-01 10:37:32,112 [INFO] PluginManager:220 - loadIPPluginJar : add tsc
2025-02-01 10:37:32,148 [INFO] IPUIPlugin:80 - create IPUIPlugin
2025-02-01 10:37:32,148 [INFO] PluginManager:220 - loadIPPluginJar : add ucpd
2025-02-01 10:37:32,217 [INFO] IPUIPlugin:80 - create IPUIPlugin
2025-02-01 10:37:32,217 [INFO] PluginManager:220 - loadIPPluginJar : add usart
2025-02-01 10:37:32,284 [INFO] IPUIPlugin:80 - create IPUIPlugin
2025-02-01 10:37:32,285 [INFO] PluginManager:220 - loadIPPluginJar : add usbx
2025-02-01 10:37:32,441 [INFO] CADModel:165 - CPN selected for project level
2025-02-01 10:37:32,441 [INFO] CADModel:114 - Register for checkConnection events
2025-02-01 10:37:32,441 [FATAL] Updater:334 - Updater called before beeing initialized
2025-02-01 10:37:32,441 [ERROR] CADModel:125 - Updater not yet initialized, retry later 
2025-02-01 10:37:32,630 [INFO] CADModel:165 - CPN selected for project level
2025-02-01 10:37:32,630 [INFO] CADModel:114 - Register for checkConnection events
2025-02-01 10:37:32,630 [FATAL] Updater:334 - Updater called before beeing initialized
2025-02-01 10:37:32,630 [ERROR] CADModel:125 - Updater not yet initialized, retry later 
2025-02-01 10:37:32,635 [FATAL] Updater:334 - Updater called before beeing initialized
2025-02-01 10:37:32,786 [FATAL] Updater:334 - Updater called before beeing initialized
2025-02-01 10:37:32,801 [INFO] DbMcusAds:53 - JSON generation date=Fri Sep 20 06:04:38 PDT 2024 (1726837478367)
2025-02-01 10:37:32,801 [FATAL] Updater:334 - Updater called before beeing initialized
2025-02-01 10:37:32,859 [WARN] DetailPanel:346 - Failed to get advertising image, set to default
2025-02-01 10:37:33,072 [FATAL] Updater:334 - Updater called before beeing initialized
2025-02-01 10:37:33,075 [FATAL] Updater:334 - Updater called before beeing initialized
2025-02-01 10:37:33,075 [FATAL] Updater:334 - Updater called before beeing initialized
2025-02-01 10:37:33,076 [WARN] DetailPanel:346 - Failed to get advertising image, set to default
2025-02-01 10:37:33,077 [FATAL] Updater:334 - Updater called before beeing initialized
2025-02-01 10:37:33,193 [ERROR] Updater:1164 - MainUpdater not yet initialized. External WinMGr cannot be set.
2025-02-01 10:37:33,218 [INFO] Updater:1100 - Updater Version found : 6.12.1
2025-02-01 10:37:33,241 [INFO] ApplicationProperties:184 - Using Application install path: C:\ST\STM32CubeIDE_1.16.1\STM32CubeIDE\plugins\com.st.stm32cube.common.mx_6.12.1.202409122256
2025-02-01 10:37:34,360 [INFO] ThirdPartyUpdaterWithRetryManager:70 - Updater plugin not ready yet. [3/15]
2025-02-01 10:37:34,833 [ERROR] LogOutputStream:75 - [STDERR_REDIRECT] Feb 01, 2025 10:37:34 AM java.util.prefs.WindowsPreferences <init>
2025-02-01 10:37:34,834 [ERROR] LogOutputStream:75 - [STDERR_REDIRECT] WARNING: Could not open/create prefs root node Software\JavaSoft\Prefs at root 0xffffffff80000002. Windows RegCreateKeyEx(...) returned error code 5.
2025-02-01 10:37:34,834 [ERROR] LogOutputStream:75 - [STDERR_REDIRECT] 
2025-02-01 10:37:35,336 [INFO] MainUpdater:2873 - connection check result : 10
2025-02-01 10:37:35,337 [INFO] MainUpdater:290 - Updater Check For Update Now.
2025-02-01 10:37:35,338 [INFO] MicroXplorer:498 - Change Database Version : DB.6.0.121
2025-02-01 10:37:35,368 [INFO] McuFinderGlobals:63 - Set McuFinder mode to 2 (CubeIDE integrated)
2025-02-01 10:37:35,383 [INFO] UserAuth:417 - Internet connection configuration mode: 1
2025-02-01 10:37:35,440 [INFO] JxBrowserEngine:152 - Initiate JxBrowser Engine with user profile folder
2025-02-01 10:37:35,747 [INFO] CheckServerUpdateThread:120 - End of CheckServer Thread
2025-02-01 10:37:37,729 [WARN] PackLoader:240 - Cannot read IP mode file for STMicroelectronics.FP-SNS-MOTENVWB1.1.4.0
2025-02-01 10:37:37,754 [WARN] PackLoader:240 - Cannot read IP mode file for STMicroelectronics.FP-ATR-ASTRA1.2.0.1
2025-02-01 10:37:37,778 [WARN] PackLoader:240 - Cannot read IP mode file for STMicroelectronics.X-CUBE-SMBUS.2.1.0
2025-02-01 10:37:37,807 [WARN] PackLoader:240 - Cannot read IP mode file for STMicroelectronics.X-CUBE-WB05N.1.1.0
2025-02-01 10:37:37,883 [WARN] PackLoader:240 - Cannot read IP mode file for STMicroelectronics.X-CUBE-AZRTOS-F7.1.1.0
2025-02-01 10:37:38,042 [WARN] PackLoader:240 - Cannot read IP mode file for STMicroelectronics.X-CUBE-MEMS1.11.0.0
2025-02-01 10:37:38,255 [WARN] PackLoader:240 - Cannot read IP mode file for STMicroelectronics.FP-SNS-FLIGHT1.5.0.2
2025-02-01 10:37:38,280 [WARN] PackLoader:240 - Cannot read IP mode file for STMicroelectronics.X-CUBE-DISPLAY.3.0.0
2025-02-01 10:37:38,307 [WARN] PackLoader:240 - Cannot read IP mode file for STMicroelectronics.X-CUBE-BLE1.7.0.0
2025-02-01 10:37:38,337 [WARN] PackLoader:240 - Cannot read IP mode file for STMicroelectronics.X-CUBE-BLEMGR.4.0.0
2025-02-01 10:37:38,363 [WARN] PackLoader:240 - Cannot read IP mode file for emotas.I-CUBE-CANOPEN.1.3.0
2025-02-01 10:37:38,394 [WARN] PackLoader:240 - Cannot read IP mode file for STMicroelectronics.X-CUBE-BLEMGR.3.1.0
2025-02-01 10:37:38,417 [WARN] PackLoader:240 - Cannot read IP mode file for STMicroelectronics.X-CUBE-AI.10.0.0
2025-02-01 10:37:38,443 [WARN] PackLoader:240 - Cannot read IP mode file for STMicroelectronics.FP-SNS-SMARTAG2.1.2.0
2025-02-01 10:37:38,556 [WARN] PackLoader:240 - Cannot read IP mode file for STMicroelectronics.X-CUBE-MEMS1.11.1.0
2025-02-01 10:37:38,811 [INFO] LogOutputStream:77 - [STDOUT_REDIRECT] 1 : Invalid condition id : UX_CORESTACK_Condition cause : null
2025-02-01 10:37:38,811 [INFO] LogOutputStream:77 - [STDOUT_REDIRECT] 1 : Invalid condition id : UX_CORESTACK_Condition cause : null
2025-02-01 10:37:38,813 [INFO] LogOutputStream:77 - [STDOUT_REDIRECT] 1 : Invalid condition id : UX_CORESTACK_Condition cause : null
2025-02-01 10:37:38,814 [INFO] LogOutputStream:77 - [STDOUT_REDIRECT] 1 : Invalid condition id : UX_CORESTACK_Condition cause : null
2025-02-01 10:37:38,815 [INFO] LogOutputStream:77 - [STDOUT_REDIRECT] 1 : Invalid condition id : UX_CORESTACK_Condition cause : null
2025-02-01 10:37:38,819 [WARN] PackLoader:240 - Cannot read IP mode file for STMicroelectronics.X-CUBE-AZRTOS-WL.2.0.0
2025-02-01 10:37:38,887 [WARN] PackLoader:240 - Cannot read IP mode file for STMicroelectronics.FP-SNS-MOTENV1.5.0.0
2025-02-01 10:37:38,909 [WARN] PackLoader:240 - Cannot read IP mode file for wolfSSL.I-CUBE-wolfMQTT.1.19.0
2025-02-01 10:37:38,937 [WARN] PackLoader:240 - Cannot read IP mode file for WES.I-CUBE-Cesium.1.3.0
2025-02-01 10:37:38,958 [WARN] PackLoader:240 - Cannot read IP mode file for STMicroelectronics.X-CUBE-BLE2.3.3.0
2025-02-01 10:37:38,982 [WARN] PackLoader:240 - Cannot read IP mode file for STMicroelectronics.X-CUBE-TCPP.4.1.0
2025-02-01 10:37:39,029 [WARN] PackLoader:240 - Cannot read IP mode file for STMicroelectronics.X-CUBE-AZRTOS-G0.1.1.0
2025-02-01 10:37:39,058 [WARN] PackLoader:240 - Cannot read IP mode file for STMicroelectronics.X-CUBE-SAFEA1.1.2.2
2025-02-01 10:37:39,085 [WARN] PackLoader:240 - Cannot read IP mode file for STMicroelectronics.X-CUBE-NFC4.3.0.0
2025-02-01 10:37:39,121 [WARN] PackLoader:240 - Cannot read IP mode file for EmbeddedOffice.I-CUBE-FS-RTOS.1.0.1
2025-02-01 10:37:39,122 [ERROR] ConditionMgr:805 - Attr not supported : Dmpu
2025-02-01 10:37:39,122 [ERROR] ConditionMgr:805 - Attr not supported : Dmpu
2025-02-01 10:37:39,122 [ERROR] ConditionMgr:805 - Attr not supported : Dmpu
2025-02-01 10:37:39,122 [ERROR] ConditionMgr:805 - Attr not supported : Dmpu
2025-02-01 10:37:39,122 [ERROR] ConditionMgr:805 - Attr not supported : Dmpu
2025-02-01 10:37:39,122 [ERROR] ConditionMgr:805 - Attr not supported : Dmpu
2025-02-01 10:37:39,123 [ERROR] ConditionMgr:805 - Attr not supported : Dmpu
2025-02-01 10:37:39,123 [ERROR] ConditionMgr:805 - Attr not supported : Dmpu
2025-02-01 10:37:39,123 [ERROR] ConditionMgr:805 - Attr not supported : Dmpu
2025-02-01 10:37:39,123 [ERROR] ConditionMgr:805 - Attr not supported : Dmpu
2025-02-01 10:37:39,123 [ERROR] ConditionMgr:805 - Attr not supported : Dmpu
2025-02-01 10:37:39,123 [ERROR] ConditionMgr:805 - Attr not supported : Dmpu
2025-02-01 10:37:39,123 [ERROR] ConditionMgr:805 - Attr not supported : Dmpu
2025-02-01 10:37:39,124 [ERROR] ConditionMgr:805 - Attr not supported : Dmpu
2025-02-01 10:37:39,124 [ERROR] ConditionMgr:805 - Attr not supported : Dmpu
2025-02-01 10:37:39,124 [ERROR] ConditionMgr:805 - Attr not supported : Dmpu
2025-02-01 10:37:39,124 [ERROR] ConditionMgr:805 - Attr not supported : Dmpu
2025-02-01 10:37:39,124 [ERROR] ConditionMgr:805 - Attr not supported : Dmpu
2025-02-01 10:37:39,124 [ERROR] ConditionMgr:805 - Attr not supported : Dmpu
2025-02-01 10:37:39,124 [ERROR] ConditionMgr:805 - Attr not supported : Dmpu
2025-02-01 10:37:39,124 [ERROR] ConditionMgr:805 - Attr not supported : Dmpu
2025-02-01 10:37:39,124 [ERROR] ConditionMgr:805 - Attr not supported : Dmpu
2025-02-01 10:37:39,124 [ERROR] ConditionMgr:805 - Attr not supported : Dmpu
2025-02-01 10:37:39,124 [ERROR] ConditionMgr:805 - Attr not supported : Dmpu
2025-02-01 10:37:39,124 [ERROR] ConditionMgr:805 - Attr not supported : Dmpu
2025-02-01 10:37:39,124 [ERROR] ConditionMgr:805 - Attr not supported : Dmpu
2025-02-01 10:37:39,125 [ERROR] ConditionMgr:805 - Attr not supported : Dmpu
2025-02-01 10:37:39,125 [ERROR] ConditionMgr:805 - Attr not supported : Dmpu
2025-02-01 10:37:39,125 [ERROR] ConditionMgr:805 - Attr not supported : Dmpu
2025-02-01 10:37:39,125 [ERROR] ConditionMgr:805 - Attr not supported : Dmpu
2025-02-01 10:37:39,125 [ERROR] ConditionMgr:805 - Attr not supported : Dmpu
2025-02-01 10:37:39,125 [ERROR] ConditionMgr:805 - Attr not supported : Dmpu
2025-02-01 10:37:39,125 [ERROR] ConditionMgr:805 - Attr not supported : Dmpu
2025-02-01 10:37:39,125 [ERROR] ConditionMgr:805 - Attr not supported : Dmpu
2025-02-01 10:37:39,125 [ERROR] ConditionMgr:805 - Attr not supported : Dmpu
2025-02-01 10:37:39,125 [ERROR] ConditionMgr:805 - Attr not supported : Dmpu
2025-02-01 10:37:39,125 [ERROR] ConditionMgr:805 - Attr not supported : Dmpu
2025-02-01 10:37:39,125 [ERROR] ConditionMgr:805 - Attr not supported : Dmpu
2025-02-01 10:37:39,125 [ERROR] ConditionMgr:805 - Attr not supported : Dmpu
2025-02-01 10:37:39,125 [ERROR] ConditionMgr:805 - Attr not supported : Dmpu
2025-02-01 10:37:39,125 [ERROR] ConditionMgr:805 - Attr not supported : Dmpu
2025-02-01 10:37:39,125 [ERROR] ConditionMgr:805 - Attr not supported : Dmpu
2025-02-01 10:37:39,126 [ERROR] ConditionMgr:805 - Attr not supported : Dmpu
2025-02-01 10:37:39,126 [ERROR] ConditionMgr:805 - Attr not supported : Dmpu
2025-02-01 10:37:39,126 [ERROR] ConditionMgr:805 - Attr not supported : Dmpu
2025-02-01 10:37:39,126 [ERROR] ConditionMgr:805 - Attr not supported : Dmpu
2025-02-01 10:37:39,126 [ERROR] ConditionMgr:805 - Attr not supported : Dmpu
2025-02-01 10:37:39,126 [ERROR] ConditionMgr:805 - Attr not supported : Dmpu
2025-02-01 10:37:39,126 [ERROR] ConditionMgr:805 - Attr not supported : Dmpu
2025-02-01 10:37:39,126 [ERROR] ConditionMgr:805 - Attr not supported : Dmpu
2025-02-01 10:37:39,126 [ERROR] ConditionMgr:805 - Attr not supported : Dmpu
2025-02-01 10:37:39,126 [ERROR] ConditionMgr:805 - Attr not supported : Dmpu
2025-02-01 10:37:39,126 [ERROR] ConditionMgr:805 - Attr not supported : Dmpu
2025-02-01 10:37:39,126 [ERROR] ConditionMgr:805 - Attr not supported : Dmpu
2025-02-01 10:37:39,127 [ERROR] ConditionMgr:805 - Attr not supported : Dmpu
2025-02-01 10:37:39,127 [ERROR] ConditionMgr:805 - Attr not supported : Dmpu
2025-02-01 10:37:39,127 [ERROR] ConditionMgr:805 - Attr not supported : Dmpu
2025-02-01 10:37:39,127 [ERROR] ConditionMgr:805 - Attr not supported : Dmpu
2025-02-01 10:37:39,127 [ERROR] ConditionMgr:805 - Attr not supported : Dmpu
2025-02-01 10:37:39,127 [ERROR] ConditionMgr:805 - Attr not supported : Dmpu
2025-02-01 10:37:39,127 [ERROR] ConditionMgr:805 - Attr not supported : Dmpu
2025-02-01 10:37:39,127 [ERROR] ConditionMgr:805 - Attr not supported : Dmpu
2025-02-01 10:37:39,127 [ERROR] ConditionMgr:805 - Attr not supported : Dmpu
2025-02-01 10:37:39,127 [ERROR] ConditionMgr:805 - Attr not supported : Dmpu
2025-02-01 10:37:39,147 [ERROR] Engine:466 - C:\Users\mridu\.stm32cubemx\thirdparties\pdsc\STMicroelectronics.X-CUBE-TCPP.4.2.0.pdsc: PDSC version is not supported
2025-02-01 10:37:39,177 [WARN] PackLoader:240 - Cannot read IP mode file for RealThread.X-CUBE-RT-Thread_Nano.4.1.1
2025-02-01 10:37:39,196 [WARN] PackLoader:240 - Cannot read IP mode file for STMicroelectronics.FP-ATR-SIGFOX1.3.2.0
2025-02-01 10:37:39,217 [WARN] ConditionMgr:438 - getConditionDescription Invalid condition id : Cortex-A Device cause : null
2025-02-01 10:37:39,254 [WARN] ConditionMgr:1039 - genDependencies : Invalid condition id : Cortex-A Device cause : null
2025-02-01 10:37:39,254 [WARN] ConditionMgr:1039 - genDependencies : Invalid condition id : Cortex-A Device cause : null
2025-02-01 10:37:39,255 [WARN] ConditionMgr:1039 - genDependencies : Invalid condition id : Cortex-A Device cause : null
2025-02-01 10:37:39,283 [WARN] PackLoader:240 - Cannot read IP mode file for STMicroelectronics.X-CUBE-EEPRMA1.5.1.0
2025-02-01 10:37:39,305 [WARN] PackLoader:240 - Cannot read IP mode file for wolfSSL.I-CUBE-wolfSSL.5.7.4
2025-02-01 10:37:39,332 [WARN] PackLoader:240 - Cannot read IP mode file for ITTIA_DB.I-CUBE-ITTIADB.8.9.0
2025-02-01 10:37:39,417 [WARN] PackLoader:240 - Cannot read IP mode file for SEGGER.I-CUBE-embOS.1.3.1
2025-02-01 10:37:39,481 [WARN] PackLoader:240 - Cannot read IP mode file for STMicroelectronics.X-CUBE-ALGOBUILD.1.4.0
2025-02-01 10:37:39,527 [WARN] PackLoader:240 - Cannot read IP mode file for STMicroelectronics.X-CUBE-AZRTOS-F4.1.1.0
2025-02-01 10:37:39,553 [WARN] PackLoader:240 - Cannot read IP mode file for STMicroelectronics.X-CUBE-FREERTOS.1.2.0
2025-02-01 10:37:39,607 [WARN] PackLoader:240 - Cannot read IP mode file for STMicroelectronics.X-CUBE-AZRTOS-L5.2.0.0
2025-02-01 10:37:39,650 [WARN] PackLoader:240 - Cannot read IP mode file for STMicroelectronics.X-CUBE-NFC6.3.1.0
2025-02-01 10:37:39,688 [WARN] PackLoader:240 - Cannot read IP mode file for STMicroelectronics.X-CUBE-FREERTOS.1.3.0
2025-02-01 10:37:39,720 [WARN] PackLoader:240 - Cannot read IP mode file for STMicroelectronics.X-CUBE-NFC7.1.0.1
2025-02-01 10:37:39,772 [WARN] ConditionMgr:438 - getConditionDescription Invalid condition id : LAN8742 Phy interface Condition cause : null
2025-02-01 10:37:39,773 [WARN] PackLoader:240 - Cannot read IP mode file for STMicroelectronics.X-CUBE-AZRTOS-L4.2.0.0
2025-02-01 10:37:39,777 [WARN] ConditionMgr:1039 - genDependencies : Invalid condition id : LAN8742 Phy interface Condition cause : null
2025-02-01 10:37:39,777 [WARN] ConditionMgr:1039 - genDependencies : Invalid condition id : LAN8742 Phy interface Condition cause : null
2025-02-01 10:37:39,779 [WARN] ConditionMgr:1039 - genDependencies : Invalid condition id : LAN8742 Phy interface Condition cause : null
2025-02-01 10:37:39,816 [WARN] PackLoader:240 - Cannot read IP mode file for STMicroelectronics.X-CUBE-SFXS2LP1.4.0.0
2025-02-01 10:37:39,867 [WARN] PackLoader:240 - Cannot read IP mode file for STMicroelectronics.X-CUBE-AZRTOS-H7.3.3.0
2025-02-01 10:37:39,902 [WARN] PackLoader:240 - Cannot read IP mode file for STMicroelectronics.X-CUBE-IPS.3.0.0
2025-02-01 10:37:39,957 [WARN] ConditionMgr:438 - getConditionDescription Invalid condition id : UX DEVICE CLASS RTOS Condition cause : null
2025-02-01 10:37:39,957 [WARN] ConditionMgr:438 - getConditionDescription Invalid condition id : UX DEVICE CLASS RTOS Condition cause : null
2025-02-01 10:37:39,962 [WARN] PackLoader:240 - Cannot read IP mode file for STMicroelectronics.X-CUBE-AZRTOS-WB.2.0.0
2025-02-01 10:37:39,964 [WARN] ConditionMgr:1039 - genDependencies : Invalid condition id : UX DEVICE CLASS RTOS Condition cause : null
2025-02-01 10:37:39,964 [WARN] ConditionMgr:1039 - genDependencies : Invalid condition id : UX DEVICE CLASS RTOS Condition cause : null
2025-02-01 10:37:39,965 [WARN] ConditionMgr:1039 - genDependencies : Invalid condition id : UX DEVICE CLASS RTOS Condition cause : null
2025-02-01 10:37:39,966 [WARN] ConditionMgr:1039 - genDependencies : Invalid condition id : UX DEVICE CLASS RTOS Condition cause : null
2025-02-01 10:37:39,966 [WARN] ConditionMgr:1039 - genDependencies : Invalid condition id : UX DEVICE CLASS RTOS Condition cause : null
2025-02-01 10:37:39,990 [WARN] PackLoader:240 - Cannot read IP mode file for STMicroelectronics.X-CUBE-GNSS1.7.0.0
2025-02-01 10:37:40,019 [WARN] PackLoader:240 - Cannot read IP mode file for STMicroelectronics.X-CUBE-GNSS1.7.0.1
2025-02-01 10:37:40,053 [WARN] PackLoader:240 - Cannot read IP mode file for STMicroelectronics.X-CUBE-SUBG2.5.0.0
2025-02-01 10:37:40,080 [WARN] PackLoader:240 - Cannot read IP mode file for Cesanta.I-CUBE-Mongoose.7.13.0
2025-02-01 10:37:40,125 [WARN] PackLoader:240 - Cannot read IP mode file for STMicroelectronics.X-CUBE-AZRTOS-G4.2.0.0
2025-02-01 10:37:40,156 [ERROR] Engine:466 - C:\Users\mridu\.stm32cubemx\thirdparties\pdsc\STMicroelectronics.X-CUBE-IPS.3.1.0.pdsc: PDSC version is not supported
2025-02-01 10:37:40,176 [WARN] PackLoader:240 - Cannot read IP mode file for STMicroelectronics.X-CUBE-ALS.1.0.2
2025-02-01 10:37:40,195 [WARN] PackLoader:240 - Cannot read IP mode file for STMicroelectronics.X-CUBE-TOUCHGFX.4.24.2
2025-02-01 10:37:40,218 [WARN] PackLoader:240 - Cannot read IP mode file for STMicroelectronics.X-CUBE-TOUCHGFX.4.24.1
2025-02-01 10:37:40,242 [WARN] PackLoader:240 - Cannot read IP mode file for wolfSSL.I-CUBE-wolfTPM.3.4.0
2025-02-01 10:37:40,268 [WARN] PackLoader:240 - Cannot read IP mode file for portGmbH.I-Cube-SoM-uGOAL.1.1.0
2025-02-01 10:37:40,330 [WARN] PackLoader:240 - Cannot read IP mode file for STMicroelectronics.X-CUBE-AZRTOS-H7RS.1.0.0
2025-02-01 10:37:40,357 [WARN] PackLoader:240 - Cannot read IP mode file for STMicroelectronics.FP-ATR-ASTRA1.2.0.0
2025-02-01 10:37:40,430 [WARN] PackLoader:240 - Cannot read IP mode file for Infineon.AIROC-Wi-Fi-Bluetooth-STM32.1.6.1
2025-02-01 10:37:40,458 [WARN] PackLoader:240 - Cannot read IP mode file for wolfSSL.I-CUBE-wolfSSH.1.4.17
2025-02-01 10:37:40,459 [INFO] ThirdParty:978 - Integrity check success = true
2025-02-01 10:37:40,459 [INFO] IntegrityCheckThread:100 - exiting critical section [integrity check]
2025-02-01 10:37:40,459 [INFO] IntegrityCheckThread:103 - End integrity checks thread
2025-02-01 10:41:52,436 [INFO] WebApp:167 - Instantiating new browser for Auth
2025-02-01 10:41:53,798 [INFO] WebApp:448 - Apply proxy settings
2025-02-01 10:41:53,799 [INFO] WebApp:533 - Chromium requires no authentication
2025-02-01 10:41:53,818 [INFO] WebApp:476 - Direct internet connection detected
2025-02-01 10:41:53,909 [INFO] WebApp:869 - Register for checkConnection events
2025-02-01 10:41:53,909 [INFO] WebApp:448 - Apply proxy settings
2025-02-01 10:41:53,910 [INFO] WebApp:533 - Chromium requires no authentication
2025-02-01 10:41:53,911 [INFO] WebApp:476 - Direct internet connection detected
2025-02-01 10:41:54,240 [INFO] WebApp:186 - Connection restablished
2025-02-01 10:41:54,308 [INFO] WebApp:220 - Starting web application
2025-02-01 10:41:54,309 [INFO] WebApp:578 - Web application path used C:\ST\STM32CubeIDE_1.16.1\STM32CubeIDE\plugins\com.st.stm32cube.common.mx_6.12.1.202409122256\db\plugins\mcufinder\reactClient1\index.html
2025-02-01 10:41:54,677 [INFO] UserAuth:417 - Internet connection configuration mode: 1
2025-02-01 10:53:58,772 [INFO] McuFinderGlobals:63 - Set McuFinder mode to 2 (CubeIDE integrated)
2025-02-01 10:53:58,826 [INFO] MainUpdater:2873 - connection check result : 10
2025-02-01 10:53:58,839 [INFO] MainUpdater:2873 - connection check result : 10
2025-02-01 10:53:59,188 [INFO] RulesReader:64 - Compatibility file has been processed (297 Rules)
2025-02-01 10:53:59,218 [INFO] RulesReader:64 - Compatibility file has been processed (297 Rules)
2025-02-01 10:53:59,225 [INFO] MicroXplorer:468 - Change Database Path : 
2025-02-01 10:53:59,226 [INFO] MicroXplorer:498 - Change Database Version : DB.6.0.121
2025-02-01 10:53:59,240 [WARN] ThirdParty:871 - waiting for thirdparty lock release [close project]
2025-02-01 10:53:59,240 [INFO] ThirdParty:873 - entering critical section [close project]
2025-02-01 10:53:59,241 [INFO] ThirdParty:883 - exiting critical section [close project]
2025-02-01 10:53:59,249 [INFO] PinOutPanel:1561 - setPackage(No Configuration,No Configuration)
2025-02-01 10:53:59,262 [INFO] UtilMem:75 - Begin LoadConfig() Used Memory: 858301072 Bytes (1073741824)
2025-02-01 10:53:59,281 [INFO] MicroXplorer:468 - Change Database Path : C:/Users/mridu/.stm32cubemx/databases/DB.6.0.120/db/
2025-02-01 10:53:59,283 [INFO] MicroXplorer:498 - Change Database Version : DB.6.0.120
2025-02-01 10:54:42,905 [INFO] OpenFileManager:332 - Change cursor
2025-02-01 10:54:42,973 [INFO] Mcu:2032 - Initializing MCU STM32F103R(C-D-E)Tx STM32F103RCTx STM32F103RCT6
2025-02-01 10:54:45,152 [INFO] Context:742 - Trying to add GPIOservice into a context  which must be forbidden
2025-02-01 10:54:45,867 [INFO] RtosManager:555 - Registered RTOS mode: class=CMSIS, group=RTOS, mode=CMSIS_V1, owner=FREERTOS
2025-02-01 10:54:45,867 [INFO] RtosManager:555 - Registered RTOS mode: class=CMSIS, group=RTOS2, mode=CMSIS_V2, owner=FREERTOS
2025-02-01 10:54:45,867 [INFO] RtosManager:555 - Registered RTOS mode: class=RTOS, group=Core, mode=CMSIS_V1, owner=FREERTOS
2025-02-01 10:54:45,868 [INFO] RtosManager:555 - Registered RTOS mode: class=RTOS, group=Core, mode=CMSIS_V2, owner=FREERTOS
2025-02-01 10:54:45,869 [WARN] ModelIntegratedComponent:184 - Missing modes for component STMicroelectronics:FreeRTOS:0.0.1:STMicroelectronics:RTOS:FreeRTOS:Core:::10.2.0:
2025-02-01 10:54:45,885 [WARN] ModelIntegratedComponent:63 - No mode defined for component null
2025-02-01 10:54:45,886 [WARN] ModelIntegratedComponent:63 - No mode defined for component null
2025-02-01 10:54:45,886 [WARN] ModelIntegratedComponent:63 - No mode defined for component null
2025-02-01 10:54:45,886 [WARN] ModelIntegratedComponent:63 - No mode defined for component null
2025-02-01 10:54:45,886 [WARN] ModelIntegratedComponent:63 - No mode defined for component null
2025-02-01 10:54:45,886 [WARN] ModelIntegratedComponent:63 - No mode defined for component null
2025-02-01 10:54:45,886 [WARN] ModelIntegratedComponent:63 - No mode defined for component null
2025-02-01 10:54:45,887 [WARN] ModelIntegratedComponent:63 - No mode defined for component null
2025-02-01 10:54:45,887 [WARN] ModelIntegratedComponent:63 - No mode defined for component null
2025-02-01 10:54:45,887 [WARN] ModelIntegratedComponent:63 - No mode defined for component null
2025-02-01 10:54:45,887 [WARN] ModelIntegratedComponent:63 - No mode defined for component null
2025-02-01 10:54:45,887 [WARN] ModelIntegratedComponent:63 - No mode defined for component null
2025-02-01 10:54:45,887 [WARN] ModelIntegratedComponent:63 - No mode defined for component null
2025-02-01 10:54:45,887 [WARN] ModelIntegratedComponent:63 - No mode defined for component null
2025-02-01 10:54:45,888 [WARN] ModelIntegratedComponent:63 - No mode defined for component null
2025-02-01 10:54:45,888 [WARN] ModelIntegratedComponent:63 - No mode defined for component null
2025-02-01 10:54:45,888 [WARN] ModelIntegratedComponent:63 - No mode defined for component null
2025-02-01 10:54:45,888 [WARN] ModelIntegratedComponent:63 - No mode defined for component null
2025-02-01 10:54:45,888 [WARN] ModelIntegratedComponent:63 - No mode defined for component null
2025-02-01 10:54:45,888 [WARN] ModelIntegratedComponent:63 - No mode defined for component null
2025-02-01 10:54:45,889 [WARN] ModelIntegratedComponent:63 - No mode defined for component null
2025-02-01 10:54:45,889 [WARN] ModelIntegratedComponent:63 - No mode defined for component null
2025-02-01 10:54:45,889 [WARN] ModelIntegratedComponent:63 - No mode defined for component null
2025-02-01 10:54:45,889 [WARN] ModelIntegratedComponent:63 - No mode defined for component null
2025-02-01 10:54:45,889 [WARN] ModelIntegratedComponent:63 - No mode defined for component null
2025-02-01 10:54:45,889 [WARN] ModelIntegratedComponent:63 - No mode defined for component null
2025-02-01 10:54:45,889 [WARN] ModelIntegratedComponent:63 - No mode defined for component null
2025-02-01 10:54:45,889 [WARN] ModelIntegratedComponent:63 - No mode defined for component null
2025-02-01 10:54:45,889 [WARN] ModelIntegratedComponent:63 - No mode defined for component null
2025-02-01 10:54:45,889 [WARN] ModelIntegratedComponent:63 - No mode defined for component null
2025-02-01 10:54:45,889 [WARN] ModelIntegratedComponent:63 - No mode defined for component null
2025-02-01 10:54:45,889 [WARN] ModelIntegratedComponent:63 - No mode defined for component null
2025-02-01 10:54:45,889 [WARN] ModelIntegratedComponent:63 - No mode defined for component null
2025-02-01 10:54:45,890 [WARN] ModelIntegratedComponent:63 - No mode defined for component null
2025-02-01 10:54:45,890 [WARN] ModelIntegratedComponent:63 - No mode defined for component null
2025-02-01 10:54:45,890 [WARN] ModelPack:524 - Component already loaded: STMicroelectronics:HAL Drivers:0.0.0:STMicroelectronics:Device:STMicro_Driver:XSPI:HAL::0.0.1:HAL_XSPI
2025-02-01 10:54:45,997 [INFO] ThirdPartyModel:298 - Start build external matchings
2025-02-01 10:54:46,451 [INFO] ThirdPartyModel:316 - End build external matchings
2025-02-01 10:54:46,470 [INFO] RtosManager:919 - Current active RTOS is FREERTOS [Cortex-M3NS]
2025-02-01 10:54:46,489 [INFO] ImportTextPane:205 - (OptionalMessage_ERROR) IP (DMA) : Parameter (Instance) has Id (USART1_TX) currently not set
2025-02-01 10:54:46,489 [INFO] ImportTextPane:205 - (OptionalMessage_ERROR) IP (DMA) : Parameter (Direction) has Id (USART1_TX) currently not set
2025-02-01 10:54:46,490 [INFO] ImportTextPane:205 - (OptionalMessage_ERROR) IP (DMA) : Parameter (PeriphInc) has Id (USART1_TX) currently not set
2025-02-01 10:54:46,490 [INFO] ImportTextPane:205 - (OptionalMessage_ERROR) IP (DMA) : Parameter (MemInc) has Id (USART1_TX) currently not set
2025-02-01 10:54:46,490 [INFO] ImportTextPane:205 - (OptionalMessage_ERROR) IP (DMA) : Parameter (PeriphDataAlignment) has Id (USART1_TX) currently not set
2025-02-01 10:54:46,491 [INFO] ImportTextPane:205 - (OptionalMessage_ERROR) IP (DMA) : Parameter (MemDataAlignment) has Id (USART1_TX) currently not set
2025-02-01 10:54:46,491 [INFO] ImportTextPane:205 - (OptionalMessage_ERROR) IP (DMA) : Parameter (Mode) has Id (USART1_TX) currently not set
2025-02-01 10:54:46,491 [INFO] ImportTextPane:205 - (OptionalMessage_ERROR) IP (DMA) : Parameter (Priority) has Id (USART1_TX) currently not set
2025-02-01 10:54:46,500 [INFO] ImportTextPane:205 - (OptionalMessage_ERROR) IP (RCC) : Parameter (ADCFreqValue) has invalid value (36000000)
2025-02-01 10:54:46,500 [INFO] ImportTextPane:205 - (OptionalMessage_ERROR) IP (RCC) : Invalid parameter (FamilyName)
2025-02-01 10:54:46,501 [INFO] ImportTextPane:205 - (OptionalMessage_ERROR) IP (RCC) : Parameter (MCOFreq_Value) has invalid value (72000000)
2025-02-01 10:54:46,502 [INFO] ImportTextPane:205 - (OptionalMessage_ERROR) IP (RCC) : Parameter (USBFreq_Value) has invalid value (72000000)
2025-02-01 10:54:47,267 [INFO] ApiDb:581 - Connected to CubeFinder SQLite database (C:\Users\mridu\.stmcufinder\plugins\mcufinder\mcu\cube-finder-db.db)
2025-02-01 10:54:47,428 [INFO] ApiDb:668 - CubeFinder database Data Model version=2.1
2025-02-01 10:54:47,429 [INFO] ApiDb:669 - CubeFinder database Configuration version=3.0.39
2025-02-01 10:54:47,431 [INFO] ApiDb:670 - CubeFinder database generation date=2024-10-15 (1729006872)
2025-02-01 10:54:47,431 [INFO] ApiDb:671 - CubeFinder database FW Pack versions=[FP-ATR-ASTRA1_V2.0.0, FP-SNS-FLIGHT1_V5.0.2, FP-SNS-MOTENV1_V5.0.0, FP-SNS-MOTENVWB1_V1.4.0, FP-SNS-SMARTAG2_V1.2.0, FP-SNS-STBOX1_V2.0.0, STM32Cube_FW_C0_V1.2.0, STM32Cube_FW_F4_V1.28.1, STM32Cube_FW_F7_V1.17.2, STM32Cube_FW_G0_V1.6.2, STM32Cube_FW_G4_V1.6.0, STM32Cube_FW_H5_V1.3.0, STM32Cube_FW_H7RS_V1.1.0, STM32Cube_FW_H7_V1.11.2, STM32Cube_FW_L0_V1.12.2, STM32Cube_FW_L5_V1.5.1, STM32Cube_FW_U0_V1.1.0, STM32Cube_FW_U5_V1.6.0, STM32Cube_FW_WB0_V1.0.0, STM32Cube_FW_WBA_V1.4.1, STM32Cube_FW_WB_V1.20.0, STM32Cube_FW_WL_V1.3.0, X-CUBE-ALGOBUILD_V1.4.0, X-CUBE-ALS_V1.0.2, X-CUBE-AZRTOS-F4_V1.1.0, X-CUBE-AZRTOS-F7_V1.1.0, X-CUBE-AZRTOS-G0_V1.1.0, X-CUBE-AZRTOS-G4_V2.0.0, X-CUBE-AZRTOS-H7RS_V1.0.0, X-CUBE-AZRTOS-H7_V3.3.0, X-CUBE-AZRTOS-L4_V2.0.0, X-CUBE-AZRTOS-L5_V2.0.0, X-CUBE-AZRTOS-WB_V2.0.0, X-CUBE-AZRTOS-WL_V2.0.0, X-CUBE-BLE1_V7.0.0, X-CUBE-BLE2_V3.3.0, X-CUBE-BLEMGR_V3.1.0, X-CUBE-EEPRMA1_V5.1.0, X-CUBE-FREERTOS_V1.2.0, X-CUBE-GNSS1_V6.0.0, X-CUBE-MEMS1_V11.0.0, X-CUBE-NFC4_V3.0.0, X-CUBE-NFC7_V1.0.1, X-CUBE-SFXS2LP1_V4.0.0, X-CUBE-SUBG2_V5.0.0, X-CUBE-TOF1_V3.4.2]
2025-02-01 10:54:47,667 [INFO] DbBoardsSqlite:226 - include board P-NUCLEO-WB55-NUCLEO as a kit item of type 'Nucleo-64'
2025-02-01 10:54:47,667 [INFO] DbBoardsSqlite:226 - include board P-NUCLEO-WB55-USBDONGLE as a kit item of type 'Nucleo USB Dongle'
2025-02-01 10:54:47,668 [INFO] DbBoardsSqlite:226 - include board STEVAL-IDP005V1 as a kit item of type 'Evaluation Board'
2025-02-01 10:54:47,669 [INFO] DbBoardsSqlite:226 - include board STEVAL-IDP005V2 as a kit item of type 'Evaluation Board'
2025-02-01 10:54:48,072 [INFO] ApiDb:240 - Found 646 in-development CPN: [B-G473E-ZEST1S, B-WB1M-WPAN1, B-WL5M-SUBG1, NUCLEO-C031C6, NUCLEO-C071RB, NUCLEO-H503RB, NUCLEO-H533RE, NUCLEO-H563ZI, NUCLEO-H7S3L8, NUCLEO-U031R8, NUCLEO-U083RC, NUCLEO-U545RE-Q, NUCLEO-U5A5ZJ-Q, NUCLEO-WB05KZ, NUCLEO-WB07CC, NUCLEO-WB09KE, NUCLEO-WBA52CG, NUCLEO-WBA55CG, STEVAL-PROTEUS1, STEVAL-SMARTAG2, STEVAL-STWINBX1, STM320518-EVAL, STM32C0116-DK, STM32C011D6Y3TR, STM32C011D6Y6TR, STM32C011F4P3, STM32C011F4P6, STM32C011F4U3, STM32C011F4U6TR, STM32C011F6P3, STM32C011F6P6, STM32C011F6U3, STM32C011F6U6TR, STM32C011J4M3, STM32C011J4M6, STM32C011J6M3, STM32C011J6M6, STM32C0316-DK, STM32C031C4T3, STM32C031C4T6, STM32C031C4U3, STM32C031C4U6, STM32C031C6T3, STM32C031C6T6, STM32C031C6U3, STM32C031C6U6, STM32C031F4P3, STM32C031F4P6, STM32C031F6P3, STM32C031F6P6, STM32C031G4U3, STM32C031G4U6, STM32C031G6U3, STM32C031G6U6, STM32C031K4T3, STM32C031K4T6, STM32C031K4U3, STM32C031K4U6, STM32C031K6T3, STM32C031K6T6, STM32C031K6U3, STM32C031K6U6, STM32C071C8T6, STM32C071C8T6N, STM32C071C8U6, STM32C071C8U6N, STM32C071CBT6, STM32C071CBT6N, STM32C071CBU6, STM32C071CBU6N, STM32C071F8P6, STM32C071F8P6N, STM32C071FBP6, STM32C071FBP6N, STM32C071FBY6TR, STM32C071G8U6, STM32C071G8U6N, STM32C071GBU6, STM32C071GBU6N, STM32C071K8T6, STM32C071K8T6N, STM32C071K8U6, STM32C071K8U6N, STM32C071KBT6, STM32C071KBT6N, STM32C071KBU6, STM32C071KBU6N, STM32C071R8T6, STM32C071R8T6N, STM32C071RBI6N, STM32C071RBT6, STM32C071RBT6N, STM32G071K8TXN, STM32G071K8UXN, STM32G081GBU6N, STM32G081KBT6N, STM32G081KBUXN, STM32G0B1CCT6N, STM32G0B1KCT6, STM32G0B1NEY6TR, STM32G0B1RCT6N, STM32G0C1CCT6, STM32G0C1CCT6N, STM32G0C1CCU6N, STM32G0C1CET6N, STM32G0C1CEU6N, STM32G0C1KCT6, STM32G0C1NEY6TR, STM32G0C1RCI6N, STM32G0C1RCT6N, STM32G0C1REI6N, STM32G0C1RET6N, STM32G0C1VCI6, STM32G0C1VEI6, STM32G411C6T3, STM32G411C6T6, STM32G411C6U3, STM32G411C6U6, STM32G411C8T3, STM32G411C8T6, STM32G411C8U3, STM32G411C8U6, STM32G411CBT3, STM32G411CBT6, STM32G411CBU3, STM32G411CBU6, STM32G411K6T3, STM32G411K6T6, STM32G411K6U3, STM32G411K6U6, STM32G411K8T3, STM32G411K8T6, STM32G411K8U3, STM32G411K8U6, STM32G411KBT3, STM32G411KBT6, STM32G411KBU3, STM32G411KBU6, STM32G411M6T3, STM32G411M6T6, STM32G411M8T3, STM32G411M8T6, STM32G411MBT3, STM32G411MBT6, STM32G411R6T3, STM32G411R6T6, STM32G411R8T3, STM32G411R8T6, STM32G411RBT3, STM32G411RBT6, STM32G414CBT3, STM32G414CBT6, STM32G414CBU3, STM32G414CBU6, STM32G414CCT3, STM32G414CCT6, STM32G414CCU3, STM32G414CCU6, STM32G414MBT3, STM32G414MBT6, STM32G414MCT3, STM32G414MCT6, STM32G414RBT3, STM32G414RBT6, STM32G414RCT3, STM32G414RCT6, STM32G414VBT3, STM32G414VBT6, STM32G414VCT3, STM32G414VCT6, STM32G431CBT3Z, STM32G431RBT3Z, STM32G471CCT6, STM32G471CCU6, STM32G471CET3, STM32G471CET6, STM32G471CEU3, STM32G471CEU6, STM32G471MCT6, STM32G471MET3, STM32G471MET6, STM32G471MEY6TR, STM32G471QCT6, STM32G471QET3, STM32G471RCT6, STM32G471RET3, STM32G471RET6, STM32G471VCH6, STM32G471VCI6, STM32G471VCT6, STM32G471VEH3, STM32G471VEH6, STM32G471VEI3, STM32G471VEI6, STM32G471VET3, STM32G471VET6, STM32G473QET3Z, STM32G473RET3Z, STM32G474CCT6, STM32G491RET3Z, STM32H503CBT6, STM32H503CBU6, STM32H503EBY6TR, STM32H503KBU6, STM32H503RBT6, STM32H523CCT6, STM32H523CCU6, STM32H523CET6, STM32H523CEU6, STM32H523HEY6TR, STM32H523RCT6, STM32H523RET6, STM32H523VCI6, STM32H523VCT6, STM32H523VEI6, STM32H523VET6, STM32H523ZCJ6, STM32H523ZCT6, STM32H523ZEJ6, STM32H523ZET6, STM32H533CET6, STM32H533CEU6, STM32H533HEY6TR, STM32H533RET6, STM32H533VEI6, STM32H533VET6, STM32H533ZEJ6, STM32H533ZET6, STM32H562AGI6, STM32H562AII6, STM32H562IGK6, STM32H562IGT6, STM32H562IIK6, STM32H562IIT6, STM32H562RGT6, STM32H562RGV6, STM32H562RIT6, STM32H562RIV6, STM32H562VGT6, STM32H562VIT6, STM32H562ZGT6, STM32H562ZIT6, STM32H563AGI6, STM32H563AII3Q, STM32H563AII6, STM32H563IGK6, STM32H563IGT6, STM32H563IIK3Q, STM32H563IIK6, STM32H563IIT3Q, STM32H563IIT6, STM32H563MIY3QTR, STM32H563RGT6, STM32H563RGV6, STM32H563RIT6, STM32H563RIV6, STM32H563VGT6, STM32H563VIT3Q, STM32H563VIT6, STM32H563ZGT6, STM32H563ZIT3Q, STM32H563ZIT6, STM32H573AII3Q, STM32H573AII6, STM32H573I-DK, STM32H573IIK3Q, STM32H573IIK6, STM32H573IIT3Q, STM32H573IIT6, STM32H573MIY3QTR, STM32H573RIT6, STM32H573RIV6, STM32H573VIT3Q, STM32H573VIT6, STM32H573ZIT3Q, STM32H573ZIT6, STM32H7R3A8I6, STM32H7R3I8K6, STM32H7R3I8T6, STM32H7R3L8H6, STM32H7R3L8H6H, STM32H7R3R8V6, STM32H7R3V8H6, STM32H7R3V8T6, STM32H7R3V8Y6TR, STM32H7R3Z8J6, STM32H7R3Z8T6, STM32H7R7A8I6, STM32H7R7I8K6, STM32H7R7I8T6, STM32H7R7L8H6, STM32H7R7L8H6H, STM32H7R7Z8J6, STM32H7S3A8I6, STM32H7S3I8K6, STM32H7S3I8T6, STM32H7S3L8H6, STM32H7S3L8H6H, STM32H7S3R8V6, STM32H7S3V8H6, STM32H7S3V8T6, STM32H7S3V8Y6TR, STM32H7S3Z8J6, STM32H7S3Z8T6, STM32H7S78-DK, STM32H7S7A8I6, STM32H7S7I8K6, STM32H7S7I8T6, STM32H7S7L8H6, STM32H7S7L8H6H, STM32H7S7Z8J6, STM32L4R5QGI6STR, STM32MP131AAE3, STM32MP131AAF3, STM32MP131AAG3, STM32MP131CAE3, STM32MP131CAF3, STM32MP131CAG3, STM32MP131DAE7, STM32MP131DAF7, STM32MP131DAG7, STM32MP131FAE7, STM32MP131FAF7, STM32MP131FAG7, STM32MP133AAE3, STM32MP133AAF3, STM32MP133AAG3, STM32MP133CAE3, STM32MP133CAF3, STM32MP133CAG3, STM32MP133DAE7, STM32MP133DAF7, STM32MP133DAG7, STM32MP133FAE7, STM32MP133FAF7, STM32MP133FAG7, STM32MP135AAE3, STM32MP135AAF3, STM32MP135AAG3, STM32MP135CAE3, STM32MP135CAF3, STM32MP135CAG3, STM32MP135DAE7, STM32MP135DAF7, STM32MP135DAG7, STM32MP135F-DK, STM32MP135FAE7, STM32MP135FAF7, STM32MP135FAF7T, STM32MP135FAF7U, STM32MP135FAG7, STM32MP251AAI3, STM32MP251AAK3, STM32MP251AAL3, STM32MP251CAI3, STM32MP251CAK3, STM32MP251CAL3, STM32MP251DAI3, STM32MP251DAK3, STM32MP251DAL3, STM32MP251FAI3, STM32MP251FAK3, STM32MP251FAL3, STM32MP253AAI3, STM32MP253AAK3, STM32MP253AAL3, STM32MP253CAI3, STM32MP253CAK3, STM32MP253CAL3, STM32MP253DAI3, STM32MP253DAK3, STM32MP253DAL3, STM32MP253FAI3, STM32MP253FAK3, STM32MP253FAL3, STM32MP255AAI3, STM32MP255AAK3, STM32MP255AAL3, STM32MP255CAI3, STM32MP255CAK3, STM32MP255CAL3, STM32MP255DAI3, STM32MP255DAK3, STM32MP255DAL3, STM32MP255FAI3, STM32MP255FAK3, STM32MP255FAL3, STM32MP257AAI3, STM32MP257AAK3, STM32MP257AAL3, STM32MP257CAI3, STM32MP257CAK3, STM32MP257CAL3, STM32MP257DAI3, STM32MP257DAK3, STM32MP257DAL3, STM32MP257F-DK, STM32MP257F-EV1, STM32MP257FAI3, STM32MP257FAK3, STM32MP257FAL3, STM32U031C6T6, STM32U031C6U6, STM32U031C8T6, STM32U031C8U6, STM32U031F4P6, STM32U031F6P6, STM32U031F8P6, STM32U031G6Y6TR, STM32U031G8Y6TR, STM32U031K4U6, STM32U031K6U6, STM32U031K8U6, STM32U031R6I6, STM32U031R6T6, STM32U031R8I6, STM32U031R8T6, STM32U073C8T6, STM32U073C8U6, STM32U073CBT6, STM32U073CBU6, STM32U073CCT6, STM32U073CCU6, STM32U073H8Y6TR, STM32U073HBY6TR, STM32U073HCY6TR, STM32U073K8U6, STM32U073KBU6, STM32U073KCU6, STM32U073M8I6, STM32U073M8T6, STM32U073MBI6, STM32U073MBT6, STM32U073MCI6, STM32U073MCT6, STM32U073R8I6, STM32U073R8T6, STM32U073RBI6, STM32U073RBT6, STM32U073RCI6, STM32U073RCT6, STM32U083C-DK, STM32U083CCT6, STM32U083CCU6, STM32U083HCY6TR, STM32U083KCU6, STM32U083MCI6, STM32U083MCT6, STM32U083RCI6, STM32U083RCT6, STM32U535CBT6, STM32U535CBT6Q, STM32U535CBU6, STM32U535CBU6Q, STM32U535CCT6, STM32U535CCT6Q, STM32U535CCU6, STM32U535CCU6Q, STM32U535CET6, STM32U535CET6Q, STM32U535CEU6, STM32U535CEU6Q, STM32U535JEY6QTR, STM32U535NCY6QTR, STM32U535NEY6QTR, STM32U535RBI6, STM32U535RBI6Q, STM32U535RBT6, STM32U535RBT6Q, STM32U535RCI6, STM32U535RCI6Q, STM32U535RCT6, STM32U535RCT6Q, STM32U535REI6, STM32U535REI6Q, STM32U535RET6, STM32U535RET6Q, STM32U535VCI6, STM32U535VCI6Q, STM32U535VCT6, STM32U535VCT6Q, STM32U535VEI6, STM32U535VEI6Q, STM32U535VET6, STM32U535VET6Q, STM32U545CET6, STM32U545CET6Q, STM32U545CEU6, STM32U545CEU6Q, STM32U545JEY6QTR, STM32U545NEY6QTR, STM32U545REI6, STM32U545REI6Q, STM32U545RET6, STM32U545RET6Q, STM32U545VEI6, STM32U545VEI6Q, STM32U545VET6, STM32U545VET6Q, STM32U595AIH6, STM32U595AIH6Q, STM32U595AJH6, STM32U595AJH6Q, STM32U595QII6, STM32U595QII6Q, STM32U595QJI6, STM32U595QJI6Q, STM32U595RIT6, STM32U595RIT6Q, STM32U595RJT6, STM32U595RJT6Q, STM32U595VIT6, STM32U595VIT6Q, STM32U595VJT6, STM32U595VJT6Q, STM32U595ZIT6, STM32U595ZIT6Q, STM32U595ZIY6QTR, STM32U595ZJT6, STM32U595ZJT6Q, STM32U595ZJY6QTR, STM32U599BJY6QTR, STM32U599NIH6Q, STM32U599NJH6Q, STM32U599VIT6Q, STM32U599VJT6, STM32U599VJT6Q, STM32U599ZIT6Q, STM32U599ZIY6QTR, STM32U599ZJT6Q, STM32U599ZJY6QTR, STM32U5A5AJH6, STM32U5A5AJH6Q, STM32U5A5QII3Q , STM32U5A5QJI6, STM32U5A5QJI6Q, STM32U5A5RJT6, STM32U5A5RJT6Q, STM32U5A5VJT6, STM32U5A5VJT6Q, STM32U5A5ZJT6, STM32U5A5ZJT6Q, STM32U5A5ZJY6QTR, STM32U5A9BJY6QTR, STM32U5A9J-DK, STM32U5A9NJH6Q, STM32U5A9VJT6Q, STM32U5A9ZJT6Q, STM32U5A9ZJY6QTR, STM32U5F7VIT6, STM32U5F7VIT6Q, STM32U5F7VJT6, STM32U5F7VJT6Q, STM32U5F9BJY6QTR, STM32U5F9NJH6Q, STM32U5F9VIT6Q, STM32U5F9VJT6Q, STM32U5F9ZIJ6QTR, STM32U5F9ZIT6Q, STM32U5F9ZJJ6QTR, STM32U5F9ZJT6Q, STM32U5G7VJT6, STM32U5G7VJT6Q, STM32U5G9BJY6QTR, STM32U5G9J-DK1, STM32U5G9J-DK2, STM32U5G9NJH6Q, STM32U5G9VJT6Q, STM32U5G9ZJJ6QTR, STM32U5G9ZJT6Q, STM32WB05KZV6TR, STM32WB05KZV7TR, STM32WB05TZF6TR, STM32WB05TZF7TR, STM32WB06CCF6TR, STM32WB06CCF7TR, STM32WB06CCV6TR, STM32WB06CCV7TR, STM32WB06KCV6TR, STM32WB06KCV7TR, STM32WB07CCF6TR, STM32WB07CCF7TR, STM32WB07CCV6TR, STM32WB07CCV7TR, STM32WB07KCV6TR, STM32WB07KCV7TR, STM32WB09KEV6TR, STM32WB09KEV7TR, STM32WB09TEF6TR, STM32WB09TEF7TR, STM32WB1MMCH6, STM32WBA50KGU6, STM32WBA50KGU6TR, STM32WBA52CEU6, STM32WBA52CEU6TR, STM32WBA52CEU7, STM32WBA52CEU7TR, STM32WBA52CGU6, STM32WBA52CGU6TR, STM32WBA52CGU6U, STM32WBA52CGU7, STM32WBA52CGU7TR, STM32WBA52KEU6, STM32WBA52KEU6TR, STM32WBA52KGU6, STM32WBA52KGU6TR, STM32WBA54CEU6, STM32WBA54CEU6TR, STM32WBA54CEU7, STM32WBA54CEU7TR, STM32WBA54CGU6, STM32WBA54CGU6TR, STM32WBA54CGU7, STM32WBA54CGU7TR, STM32WBA54KEU6, STM32WBA54KEU6TR, STM32WBA54KEU7, STM32WBA54KEU7TR, STM32WBA54KGU6, STM32WBA54KGU6TR, STM32WBA54KGU7, STM32WBA54KGU7TR, STM32WBA55CEU6, STM32WBA55CEU6TR, STM32WBA55CEU7, STM32WBA55CEU7TR, STM32WBA55CGU6, STM32WBA55CGU6TR, STM32WBA55CGU6U, STM32WBA55CGU7, STM32WBA55CGU7TR, STM32WBA55G-DK1, STM32WBA55HEF6, STM32WBA55HEF7, STM32WBA55HGF6, STM32WBA55HGF7, STM32WBA55UEI6, STM32WBA55UEI6TR, STM32WBA55UEI7, STM32WBA55UEI7TR, STM32WBA55UGI6, STM32WBA55UGI6TR, STM32WBA55UGI7, STM32WBA55UGI7TR, STM32WL5MOCH6, STM32WL5MOCH6TR]
2025-02-01 10:54:48,326 [INFO] BoardInfo:889 - No configuration file found for board P-NUCLEO-WB55
2025-02-01 10:54:48,328 [INFO] DbBoards:161 - Kit is not supported: P-NUCLEO-WB55
2025-02-01 10:54:48,342 [INFO] BoardInfo:889 - No configuration file found for board STEVAL-BFA001V1B
2025-02-01 10:54:48,343 [INFO] DbBoards:161 - Kit is not supported: STEVAL-BFA001V1B
2025-02-01 10:54:48,345 [INFO] BoardInfo:889 - No configuration file found for board STEVAL-BFA001V2B
2025-02-01 10:54:48,346 [INFO] DbBoards:161 - Kit is not supported: STEVAL-BFA001V2B
2025-02-01 10:54:48,692 [INFO] DbBoards:168 - Found 201 boards, 198 are supported
2025-02-01 10:54:48,692 [INFO] DbBoards:169 - Found 201 boards, 25 of them is supported for  Bsp
2025-02-01 10:54:48,699 [INFO] ApiDb:668 - CubeFinder database Data Model version=2.1
2025-02-01 10:54:48,699 [INFO] ApiDb:669 - CubeFinder database Configuration version=3.0.39
2025-02-01 10:54:48,699 [INFO] ApiDb:670 - CubeFinder database generation date=2024-10-15 (1729006872)
2025-02-01 10:54:48,699 [INFO] ApiDb:671 - CubeFinder database FW Pack versions=[FP-ATR-ASTRA1_V2.0.0, FP-SNS-FLIGHT1_V5.0.2, FP-SNS-MOTENV1_V5.0.0, FP-SNS-MOTENVWB1_V1.4.0, FP-SNS-SMARTAG2_V1.2.0, FP-SNS-STBOX1_V2.0.0, STM32Cube_FW_C0_V1.2.0, STM32Cube_FW_F4_V1.28.1, STM32Cube_FW_F7_V1.17.2, STM32Cube_FW_G0_V1.6.2, STM32Cube_FW_G4_V1.6.0, STM32Cube_FW_H5_V1.3.0, STM32Cube_FW_H7RS_V1.1.0, STM32Cube_FW_H7_V1.11.2, STM32Cube_FW_L0_V1.12.2, STM32Cube_FW_L5_V1.5.1, STM32Cube_FW_U0_V1.1.0, STM32Cube_FW_U5_V1.6.0, STM32Cube_FW_WB0_V1.0.0, STM32Cube_FW_WBA_V1.4.1, STM32Cube_FW_WB_V1.20.0, STM32Cube_FW_WL_V1.3.0, X-CUBE-ALGOBUILD_V1.4.0, X-CUBE-ALS_V1.0.2, X-CUBE-AZRTOS-F4_V1.1.0, X-CUBE-AZRTOS-F7_V1.1.0, X-CUBE-AZRTOS-G0_V1.1.0, X-CUBE-AZRTOS-G4_V2.0.0, X-CUBE-AZRTOS-H7RS_V1.0.0, X-CUBE-AZRTOS-H7_V3.3.0, X-CUBE-AZRTOS-L4_V2.0.0, X-CUBE-AZRTOS-L5_V2.0.0, X-CUBE-AZRTOS-WB_V2.0.0, X-CUBE-AZRTOS-WL_V2.0.0, X-CUBE-BLE1_V7.0.0, X-CUBE-BLE2_V3.3.0, X-CUBE-BLEMGR_V3.1.0, X-CUBE-EEPRMA1_V5.1.0, X-CUBE-FREERTOS_V1.2.0, X-CUBE-GNSS1_V6.0.0, X-CUBE-MEMS1_V11.0.0, X-CUBE-NFC4_V3.0.0, X-CUBE-NFC7_V1.0.1, X-CUBE-SFXS2LP1_V4.0.0, X-CUBE-SUBG2_V5.0.0, X-CUBE-TOF1_V3.4.2]
2025-02-01 10:54:51,503 [INFO] ApiDb:240 - Found 646 in-development CPN: [B-G473E-ZEST1S, B-WB1M-WPAN1, B-WL5M-SUBG1, NUCLEO-C031C6, NUCLEO-C071RB, NUCLEO-H503RB, NUCLEO-H533RE, NUCLEO-H563ZI, NUCLEO-H7S3L8, NUCLEO-U031R8, NUCLEO-U083RC, NUCLEO-U545RE-Q, NUCLEO-U5A5ZJ-Q, NUCLEO-WB05KZ, NUCLEO-WB07CC, NUCLEO-WB09KE, NUCLEO-WBA52CG, NUCLEO-WBA55CG, STEVAL-PROTEUS1, STEVAL-SMARTAG2, STEVAL-STWINBX1, STM320518-EVAL, STM32C0116-DK, STM32C011D6Y3TR, STM32C011D6Y6TR, STM32C011F4P3, STM32C011F4P6, STM32C011F4U3, STM32C011F4U6TR, STM32C011F6P3, STM32C011F6P6, STM32C011F6U3, STM32C011F6U6TR, STM32C011J4M3, STM32C011J4M6, STM32C011J6M3, STM32C011J6M6, STM32C0316-DK, STM32C031C4T3, STM32C031C4T6, STM32C031C4U3, STM32C031C4U6, STM32C031C6T3, STM32C031C6T6, STM32C031C6U3, STM32C031C6U6, STM32C031F4P3, STM32C031F4P6, STM32C031F6P3, STM32C031F6P6, STM32C031G4U3, STM32C031G4U6, STM32C031G6U3, STM32C031G6U6, STM32C031K4T3, STM32C031K4T6, STM32C031K4U3, STM32C031K4U6, STM32C031K6T3, STM32C031K6T6, STM32C031K6U3, STM32C031K6U6, STM32C071C8T6, STM32C071C8T6N, STM32C071C8U6, STM32C071C8U6N, STM32C071CBT6, STM32C071CBT6N, STM32C071CBU6, STM32C071CBU6N, STM32C071F8P6, STM32C071F8P6N, STM32C071FBP6, STM32C071FBP6N, STM32C071FBY6TR, STM32C071G8U6, STM32C071G8U6N, STM32C071GBU6, STM32C071GBU6N, STM32C071K8T6, STM32C071K8T6N, STM32C071K8U6, STM32C071K8U6N, STM32C071KBT6, STM32C071KBT6N, STM32C071KBU6, STM32C071KBU6N, STM32C071R8T6, STM32C071R8T6N, STM32C071RBI6N, STM32C071RBT6, STM32C071RBT6N, STM32G071K8TXN, STM32G071K8UXN, STM32G081GBU6N, STM32G081KBT6N, STM32G081KBUXN, STM32G0B1CCT6N, STM32G0B1KCT6, STM32G0B1NEY6TR, STM32G0B1RCT6N, STM32G0C1CCT6, STM32G0C1CCT6N, STM32G0C1CCU6N, STM32G0C1CET6N, STM32G0C1CEU6N, STM32G0C1KCT6, STM32G0C1NEY6TR, STM32G0C1RCI6N, STM32G0C1RCT6N, STM32G0C1REI6N, STM32G0C1RET6N, STM32G0C1VCI6, STM32G0C1VEI6, STM32G411C6T3, STM32G411C6T6, STM32G411C6U3, STM32G411C6U6, STM32G411C8T3, STM32G411C8T6, STM32G411C8U3, STM32G411C8U6, STM32G411CBT3, STM32G411CBT6, STM32G411CBU3, STM32G411CBU6, STM32G411K6T3, STM32G411K6T6, STM32G411K6U3, STM32G411K6U6, STM32G411K8T3, STM32G411K8T6, STM32G411K8U3, STM32G411K8U6, STM32G411KBT3, STM32G411KBT6, STM32G411KBU3, STM32G411KBU6, STM32G411M6T3, STM32G411M6T6, STM32G411M8T3, STM32G411M8T6, STM32G411MBT3, STM32G411MBT6, STM32G411R6T3, STM32G411R6T6, STM32G411R8T3, STM32G411R8T6, STM32G411RBT3, STM32G411RBT6, STM32G414CBT3, STM32G414CBT6, STM32G414CBU3, STM32G414CBU6, STM32G414CCT3, STM32G414CCT6, STM32G414CCU3, STM32G414CCU6, STM32G414MBT3, STM32G414MBT6, STM32G414MCT3, STM32G414MCT6, STM32G414RBT3, STM32G414RBT6, STM32G414RCT3, STM32G414RCT6, STM32G414VBT3, STM32G414VBT6, STM32G414VCT3, STM32G414VCT6, STM32G431CBT3Z, STM32G431RBT3Z, STM32G471CCT6, STM32G471CCU6, STM32G471CET3, STM32G471CET6, STM32G471CEU3, STM32G471CEU6, STM32G471MCT6, STM32G471MET3, STM32G471MET6, STM32G471MEY6TR, STM32G471QCT6, STM32G471QET3, STM32G471RCT6, STM32G471RET3, STM32G471RET6, STM32G471VCH6, STM32G471VCI6, STM32G471VCT6, STM32G471VEH3, STM32G471VEH6, STM32G471VEI3, STM32G471VEI6, STM32G471VET3, STM32G471VET6, STM32G473QET3Z, STM32G473RET3Z, STM32G474CCT6, STM32G491RET3Z, STM32H503CBT6, STM32H503CBU6, STM32H503EBY6TR, STM32H503KBU6, STM32H503RBT6, STM32H523CCT6, STM32H523CCU6, STM32H523CET6, STM32H523CEU6, STM32H523HEY6TR, STM32H523RCT6, STM32H523RET6, STM32H523VCI6, STM32H523VCT6, STM32H523VEI6, STM32H523VET6, STM32H523ZCJ6, STM32H523ZCT6, STM32H523ZEJ6, STM32H523ZET6, STM32H533CET6, STM32H533CEU6, STM32H533HEY6TR, STM32H533RET6, STM32H533VEI6, STM32H533VET6, STM32H533ZEJ6, STM32H533ZET6, STM32H562AGI6, STM32H562AII6, STM32H562IGK6, STM32H562IGT6, STM32H562IIK6, STM32H562IIT6, STM32H562RGT6, STM32H562RGV6, STM32H562RIT6, STM32H562RIV6, STM32H562VGT6, STM32H562VIT6, STM32H562ZGT6, STM32H562ZIT6, STM32H563AGI6, STM32H563AII3Q, STM32H563AII6, STM32H563IGK6, STM32H563IGT6, STM32H563IIK3Q, STM32H563IIK6, STM32H563IIT3Q, STM32H563IIT6, STM32H563MIY3QTR, STM32H563RGT6, STM32H563RGV6, STM32H563RIT6, STM32H563RIV6, STM32H563VGT6, STM32H563VIT3Q, STM32H563VIT6, STM32H563ZGT6, STM32H563ZIT3Q, STM32H563ZIT6, STM32H573AII3Q, STM32H573AII6, STM32H573I-DK, STM32H573IIK3Q, STM32H573IIK6, STM32H573IIT3Q, STM32H573IIT6, STM32H573MIY3QTR, STM32H573RIT6, STM32H573RIV6, STM32H573VIT3Q, STM32H573VIT6, STM32H573ZIT3Q, STM32H573ZIT6, STM32H7R3A8I6, STM32H7R3I8K6, STM32H7R3I8T6, STM32H7R3L8H6, STM32H7R3L8H6H, STM32H7R3R8V6, STM32H7R3V8H6, STM32H7R3V8T6, STM32H7R3V8Y6TR, STM32H7R3Z8J6, STM32H7R3Z8T6, STM32H7R7A8I6, STM32H7R7I8K6, STM32H7R7I8T6, STM32H7R7L8H6, STM32H7R7L8H6H, STM32H7R7Z8J6, STM32H7S3A8I6, STM32H7S3I8K6, STM32H7S3I8T6, STM32H7S3L8H6, STM32H7S3L8H6H, STM32H7S3R8V6, STM32H7S3V8H6, STM32H7S3V8T6, STM32H7S3V8Y6TR, STM32H7S3Z8J6, STM32H7S3Z8T6, STM32H7S78-DK, STM32H7S7A8I6, STM32H7S7I8K6, STM32H7S7I8T6, STM32H7S7L8H6, STM32H7S7L8H6H, STM32H7S7Z8J6, STM32L4R5QGI6STR, STM32MP131AAE3, STM32MP131AAF3, STM32MP131AAG3, STM32MP131CAE3, STM32MP131CAF3, STM32MP131CAG3, STM32MP131DAE7, STM32MP131DAF7, STM32MP131DAG7, STM32MP131FAE7, STM32MP131FAF7, STM32MP131FAG7, STM32MP133AAE3, STM32MP133AAF3, STM32MP133AAG3, STM32MP133CAE3, STM32MP133CAF3, STM32MP133CAG3, STM32MP133DAE7, STM32MP133DAF7, STM32MP133DAG7, STM32MP133FAE7, STM32MP133FAF7, STM32MP133FAG7, STM32MP135AAE3, STM32MP135AAF3, STM32MP135AAG3, STM32MP135CAE3, STM32MP135CAF3, STM32MP135CAG3, STM32MP135DAE7, STM32MP135DAF7, STM32MP135DAG7, STM32MP135F-DK, STM32MP135FAE7, STM32MP135FAF7, STM32MP135FAF7T, STM32MP135FAF7U, STM32MP135FAG7, STM32MP251AAI3, STM32MP251AAK3, STM32MP251AAL3, STM32MP251CAI3, STM32MP251CAK3, STM32MP251CAL3, STM32MP251DAI3, STM32MP251DAK3, STM32MP251DAL3, STM32MP251FAI3, STM32MP251FAK3, STM32MP251FAL3, STM32MP253AAI3, STM32MP253AAK3, STM32MP253AAL3, STM32MP253CAI3, STM32MP253CAK3, STM32MP253CAL3, STM32MP253DAI3, STM32MP253DAK3, STM32MP253DAL3, STM32MP253FAI3, STM32MP253FAK3, STM32MP253FAL3, STM32MP255AAI3, STM32MP255AAK3, STM32MP255AAL3, STM32MP255CAI3, STM32MP255CAK3, STM32MP255CAL3, STM32MP255DAI3, STM32MP255DAK3, STM32MP255DAL3, STM32MP255FAI3, STM32MP255FAK3, STM32MP255FAL3, STM32MP257AAI3, STM32MP257AAK3, STM32MP257AAL3, STM32MP257CAI3, STM32MP257CAK3, STM32MP257CAL3, STM32MP257DAI3, STM32MP257DAK3, STM32MP257DAL3, STM32MP257F-DK, STM32MP257F-EV1, STM32MP257FAI3, STM32MP257FAK3, STM32MP257FAL3, STM32U031C6T6, STM32U031C6U6, STM32U031C8T6, STM32U031C8U6, STM32U031F4P6, STM32U031F6P6, STM32U031F8P6, STM32U031G6Y6TR, STM32U031G8Y6TR, STM32U031K4U6, STM32U031K6U6, STM32U031K8U6, STM32U031R6I6, STM32U031R6T6, STM32U031R8I6, STM32U031R8T6, STM32U073C8T6, STM32U073C8U6, STM32U073CBT6, STM32U073CBU6, STM32U073CCT6, STM32U073CCU6, STM32U073H8Y6TR, STM32U073HBY6TR, STM32U073HCY6TR, STM32U073K8U6, STM32U073KBU6, STM32U073KCU6, STM32U073M8I6, STM32U073M8T6, STM32U073MBI6, STM32U073MBT6, STM32U073MCI6, STM32U073MCT6, STM32U073R8I6, STM32U073R8T6, STM32U073RBI6, STM32U073RBT6, STM32U073RCI6, STM32U073RCT6, STM32U083C-DK, STM32U083CCT6, STM32U083CCU6, STM32U083HCY6TR, STM32U083KCU6, STM32U083MCI6, STM32U083MCT6, STM32U083RCI6, STM32U083RCT6, STM32U535CBT6, STM32U535CBT6Q, STM32U535CBU6, STM32U535CBU6Q, STM32U535CCT6, STM32U535CCT6Q, STM32U535CCU6, STM32U535CCU6Q, STM32U535CET6, STM32U535CET6Q, STM32U535CEU6, STM32U535CEU6Q, STM32U535JEY6QTR, STM32U535NCY6QTR, STM32U535NEY6QTR, STM32U535RBI6, STM32U535RBI6Q, STM32U535RBT6, STM32U535RBT6Q, STM32U535RCI6, STM32U535RCI6Q, STM32U535RCT6, STM32U535RCT6Q, STM32U535REI6, STM32U535REI6Q, STM32U535RET6, STM32U535RET6Q, STM32U535VCI6, STM32U535VCI6Q, STM32U535VCT6, STM32U535VCT6Q, STM32U535VEI6, STM32U535VEI6Q, STM32U535VET6, STM32U535VET6Q, STM32U545CET6, STM32U545CET6Q, STM32U545CEU6, STM32U545CEU6Q, STM32U545JEY6QTR, STM32U545NEY6QTR, STM32U545REI6, STM32U545REI6Q, STM32U545RET6, STM32U545RET6Q, STM32U545VEI6, STM32U545VEI6Q, STM32U545VET6, STM32U545VET6Q, STM32U595AIH6, STM32U595AIH6Q, STM32U595AJH6, STM32U595AJH6Q, STM32U595QII6, STM32U595QII6Q, STM32U595QJI6, STM32U595QJI6Q, STM32U595RIT6, STM32U595RIT6Q, STM32U595RJT6, STM32U595RJT6Q, STM32U595VIT6, STM32U595VIT6Q, STM32U595VJT6, STM32U595VJT6Q, STM32U595ZIT6, STM32U595ZIT6Q, STM32U595ZIY6QTR, STM32U595ZJT6, STM32U595ZJT6Q, STM32U595ZJY6QTR, STM32U599BJY6QTR, STM32U599NIH6Q, STM32U599NJH6Q, STM32U599VIT6Q, STM32U599VJT6, STM32U599VJT6Q, STM32U599ZIT6Q, STM32U599ZIY6QTR, STM32U599ZJT6Q, STM32U599ZJY6QTR, STM32U5A5AJH6, STM32U5A5AJH6Q, STM32U5A5QII3Q , STM32U5A5QJI6, STM32U5A5QJI6Q, STM32U5A5RJT6, STM32U5A5RJT6Q, STM32U5A5VJT6, STM32U5A5VJT6Q, STM32U5A5ZJT6, STM32U5A5ZJT6Q, STM32U5A5ZJY6QTR, STM32U5A9BJY6QTR, STM32U5A9J-DK, STM32U5A9NJH6Q, STM32U5A9VJT6Q, STM32U5A9ZJT6Q, STM32U5A9ZJY6QTR, STM32U5F7VIT6, STM32U5F7VIT6Q, STM32U5F7VJT6, STM32U5F7VJT6Q, STM32U5F9BJY6QTR, STM32U5F9NJH6Q, STM32U5F9VIT6Q, STM32U5F9VJT6Q, STM32U5F9ZIJ6QTR, STM32U5F9ZIT6Q, STM32U5F9ZJJ6QTR, STM32U5F9ZJT6Q, STM32U5G7VJT6, STM32U5G7VJT6Q, STM32U5G9BJY6QTR, STM32U5G9J-DK1, STM32U5G9J-DK2, STM32U5G9NJH6Q, STM32U5G9VJT6Q, STM32U5G9ZJJ6QTR, STM32U5G9ZJT6Q, STM32WB05KZV6TR, STM32WB05KZV7TR, STM32WB05TZF6TR, STM32WB05TZF7TR, STM32WB06CCF6TR, STM32WB06CCF7TR, STM32WB06CCV6TR, STM32WB06CCV7TR, STM32WB06KCV6TR, STM32WB06KCV7TR, STM32WB07CCF6TR, STM32WB07CCF7TR, STM32WB07CCV6TR, STM32WB07CCV7TR, STM32WB07KCV6TR, STM32WB07KCV7TR, STM32WB09KEV6TR, STM32WB09KEV7TR, STM32WB09TEF6TR, STM32WB09TEF7TR, STM32WB1MMCH6, STM32WBA50KGU6, STM32WBA50KGU6TR, STM32WBA52CEU6, STM32WBA52CEU6TR, STM32WBA52CEU7, STM32WBA52CEU7TR, STM32WBA52CGU6, STM32WBA52CGU6TR, STM32WBA52CGU6U, STM32WBA52CGU7, STM32WBA52CGU7TR, STM32WBA52KEU6, STM32WBA52KEU6TR, STM32WBA52KGU6, STM32WBA52KGU6TR, STM32WBA54CEU6, STM32WBA54CEU6TR, STM32WBA54CEU7, STM32WBA54CEU7TR, STM32WBA54CGU6, STM32WBA54CGU6TR, STM32WBA54CGU7, STM32WBA54CGU7TR, STM32WBA54KEU6, STM32WBA54KEU6TR, STM32WBA54KEU7, STM32WBA54KEU7TR, STM32WBA54KGU6, STM32WBA54KGU6TR, STM32WBA54KGU7, STM32WBA54KGU7TR, STM32WBA55CEU6, STM32WBA55CEU6TR, STM32WBA55CEU7, STM32WBA55CEU7TR, STM32WBA55CGU6, STM32WBA55CGU6TR, STM32WBA55CGU6U, STM32WBA55CGU7, STM32WBA55CGU7TR, STM32WBA55G-DK1, STM32WBA55HEF6, STM32WBA55HEF7, STM32WBA55HGF6, STM32WBA55HGF7, STM32WBA55UEI6, STM32WBA55UEI6TR, STM32WBA55UEI7, STM32WBA55UEI7TR, STM32WBA55UGI6, STM32WBA55UGI6TR, STM32WBA55UGI7, STM32WBA55UGI7TR, STM32WL5MOCH6, STM32WL5MOCH6TR]
2025-02-01 10:54:51,511 [INFO] DbMcus:218 - Found 4252 MCUs, 4252 are supported
2025-02-01 10:54:51,512 [INFO] ApiDb:423 - Load user favorites file C:\Users\mridu/.stm32cubeide/favorites.mcus.txt: 0 item(s)
2025-02-01 10:54:51,512 [INFO] ApiDb:427 - User favorites MCUs=[]
2025-02-01 10:54:51,513 [INFO] DbMcus:224 - Set 0 / 0 favorites MCUs
2025-02-01 10:54:51,979 [INFO] ApiDb:423 - Load user favorites file C:\Users\mridu/.stm32cubeide/favorites.boards.txt: 0 item(s)
2025-02-01 10:54:51,979 [INFO] ApiDb:427 - User favorites Boards=[]
2025-02-01 10:54:51,980 [INFO] DbBoards:198 - Set 0 / 0 favorites Boards
2025-02-01 10:54:52,088 [INFO] UtilMem:75 - End LoadConfig() Used Memory: 816825464 Bytes (1073741824)
2025-02-01 10:54:52,348 [WARN] ThirdParty:833 - waiting for thirdparty lock release [change project]
2025-02-01 10:54:52,348 [INFO] ThirdParty:835 - entering critical section [change project]
2025-02-01 10:54:52,349 [INFO] ThirdParty:1030 - CMSIS Pack Vendor :STMicroelectronics USBPD 4.1
2025-02-01 10:54:52,349 [INFO] ThirdParty:1030 - CMSIS Pack Vendor :STMicroelectronics X-CUBE-AZRTOS-H7 3.3.0
2025-02-01 10:54:52,349 [INFO] ThirdParty:1030 - CMSIS Pack Vendor :STMicroelectronics USB_HOST 2.0.0
2025-02-01 10:54:52,349 [INFO] ThirdParty:1030 - CMSIS Pack Vendor :STMicroelectronics FP-SNS-MOTENVWB1 1.4.0
2025-02-01 10:54:52,349 [INFO] ThirdParty:1030 - CMSIS Pack Vendor :STMicroelectronics X-CUBE-AZRTOS-F4 1.1.0
2025-02-01 10:54:52,349 [INFO] ThirdParty:1030 - CMSIS Pack Vendor :STMicroelectronics LIBJPEG 8.0.0
2025-02-01 10:54:52,349 [INFO] ThirdParty:1030 - CMSIS Pack Vendor :STMicroelectronics FP-ATR-ASTRA1 2.0.1
2025-02-01 10:54:52,349 [INFO] ThirdParty:1030 - CMSIS Pack Vendor :STMicroelectronics X-CUBE-SMBUS 2.1.0
2025-02-01 10:54:52,349 [INFO] ThirdParty:1030 - CMSIS Pack Vendor :STMicroelectronics X-CUBE-WB05N 1.1.0
2025-02-01 10:54:52,349 [INFO] ThirdParty:1030 - CMSIS Pack Vendor :STMicroelectronics USB_DEVICE 3.0.0
2025-02-01 10:54:52,349 [INFO] ThirdParty:1030 - CMSIS Pack Vendor :STMicroelectronics X-CUBE-TCPP 4.1.0
2025-02-01 10:54:52,349 [INFO] ThirdParty:1030 - CMSIS Pack Vendor :STMicroelectronics X-CUBE-FREERTOS 1.2.0
2025-02-01 10:54:52,349 [INFO] ThirdParty:1030 - CMSIS Pack Vendor :STMicroelectronics X-CUBE-IPS 3.0.0
2025-02-01 10:54:52,349 [INFO] ThirdParty:1030 - CMSIS Pack Vendor :STMicroelectronics X-CUBE-AZRTOS-WB 2.0.0
2025-02-01 10:54:52,349 [INFO] ThirdParty:1030 - CMSIS Pack Vendor :STMicroelectronics X-CUBE-GNSS1 7.0.0
2025-02-01 10:54:52,349 [INFO] ThirdParty:1030 - CMSIS Pack Vendor :STMicroelectronics X-CUBE-GNSS1 7.0.1
2025-02-01 10:54:52,350 [INFO] ThirdParty:1030 - CMSIS Pack Vendor :STMicroelectronics X-CUBE-AZRTOS-F7 1.1.0
2025-02-01 10:54:52,350 [INFO] ThirdParty:1030 - CMSIS Pack Vendor :STMicroelectronics X-CUBE-AZRTOS-L5 2.0.0
2025-02-01 10:54:52,350 [INFO] ThirdParty:1030 - CMSIS Pack Vendor :STMicroelectronics USB_DEVICE 2.0.0
2025-02-01 10:54:52,350 [INFO] ThirdParty:1030 - CMSIS Pack Vendor :STMicroelectronics X-CUBE-NFC6 3.1.0
2025-02-01 10:54:52,350 [INFO] ThirdParty:1030 - CMSIS Pack Vendor :STMicroelectronics X-CUBE-MEMS1 11.0.0
2025-02-01 10:54:52,350 [INFO] ThirdParty:1030 - CMSIS Pack Vendor :STMicroelectronics FreeRTOS 0.0.1
2025-02-01 10:54:52,350 [INFO] ThirdParty:1030 - CMSIS Pack Vendor :STMicroelectronics X-CUBE-AZRTOS-G0 1.1.0
2025-02-01 10:54:52,350 [INFO] ThirdParty:1030 - CMSIS Pack Vendor :STMicroelectronics X-CUBE-SAFEA1 1.2.2
2025-02-01 10:54:52,350 [INFO] ThirdParty:1030 - CMSIS Pack Vendor :STMicroelectronics X-CUBE-NFC4 3.0.0
2025-02-01 10:54:52,350 [INFO] ThirdParty:1030 - CMSIS Pack Vendor :STMicroelectronics X-CUBE-SUBG2 5.0.0
2025-02-01 10:54:52,350 [INFO] ThirdParty:1030 - CMSIS Pack Vendor :STMicroelectronics STM32_WPAN 1.0.0
2025-02-01 10:54:52,350 [INFO] ThirdParty:1030 - CMSIS Pack Vendor :EmbeddedOffice I-CUBE-FS-RTOS 1.0.1
2025-02-01 10:54:52,350 [INFO] ThirdParty:1030 - CMSIS Pack Vendor :STMicroelectronics lwIP 2.0.3
2025-02-01 10:54:52,350 [INFO] ThirdParty:1030 - CMSIS Pack Vendor :STMicroelectronics FP-SNS-FLIGHT1 5.0.2
2025-02-01 10:54:52,350 [INFO] ThirdParty:1030 - CMSIS Pack Vendor :Cesanta I-CUBE-Mongoose 7.13.0
2025-02-01 10:54:52,350 [INFO] ThirdParty:1030 - CMSIS Pack Vendor :STMicroelectronics USB_HOST 1.0.0
2025-02-01 10:54:52,350 [INFO] ThirdParty:1030 - CMSIS Pack Vendor :STMicroelectronics X-CUBE-AZRTOS-G4 2.0.0
2025-02-01 10:54:52,350 [INFO] ThirdParty:1030 - CMSIS Pack Vendor :STMicroelectronics PDM2PCM 3.1.0
2025-02-01 10:54:52,350 [INFO] ThirdParty:1030 - CMSIS Pack Vendor :STMicroelectronics PDM2PCM 3.3.0
2025-02-01 10:54:52,350 [INFO] ThirdParty:1030 - CMSIS Pack Vendor :STMicroelectronics X-CUBE-DISPLAY 3.0.0
2025-02-01 10:54:52,350 [INFO] ThirdParty:1030 - CMSIS Pack Vendor :RealThread X-CUBE-RT-Thread_Nano 4.1.1
2025-02-01 10:54:52,350 [INFO] ThirdParty:1030 - CMSIS Pack Vendor :STMicroelectronics X-CUBE-BLE1 7.0.0
2025-02-01 10:54:52,350 [INFO] ThirdParty:1030 - CMSIS Pack Vendor :STMicroelectronics FP-ATR-SIGFOX1 3.2.0
2025-02-01 10:54:52,350 [INFO] ThirdParty:1030 - CMSIS Pack Vendor :quantropi X-CUBE-qispace-sdk-base 1.9.3
2025-02-01 10:54:52,350 [INFO] ThirdParty:1030 - CMSIS Pack Vendor :STMicroelectronics X-CUBE-BLEMGR 4.0.0
2025-02-01 10:54:52,351 [INFO] ThirdParty:1030 - CMSIS Pack Vendor :STMicroelectronics X-CUBE-EEPRMA1 5.1.0
2025-02-01 10:54:52,351 [INFO] ThirdParty:1030 - CMSIS Pack Vendor :STMicroelectronics HAL Drivers 0.0.0
2025-02-01 10:54:52,351 [INFO] ThirdParty:1030 - CMSIS Pack Vendor :STMicroelectronics MBEDTLS 2.16.2
2025-02-01 10:54:52,351 [INFO] ThirdParty:1030 - CMSIS Pack Vendor :STMicroelectronics X-CUBE-ALS 1.0.2
2025-02-01 10:54:52,351 [INFO] ThirdParty:1030 - CMSIS Pack Vendor :emotas I-CUBE-CANOPEN 1.3.0
2025-02-01 10:54:52,351 [INFO] ThirdParty:1030 - CMSIS Pack Vendor :STMicroelectronics X-CUBE-FREERTOS 1.3.0
2025-02-01 10:54:52,351 [INFO] ThirdParty:1030 - CMSIS Pack Vendor :wolfSSL I-CUBE-wolfSSL 5.7.4
2025-02-01 10:54:52,351 [INFO] ThirdParty:1030 - CMSIS Pack Vendor :STMicroelectronics X-CUBE-NFC7 1.0.1
2025-02-01 10:54:52,351 [INFO] ThirdParty:1030 - CMSIS Pack Vendor :STMicroelectronics MBEDTLS 2.14.1
2025-02-01 10:54:52,351 [INFO] ThirdParty:1030 - CMSIS Pack Vendor :ITTIA_DB I-CUBE-ITTIADB 8.9.0
2025-02-01 10:54:52,352 [INFO] ThirdParty:1030 - CMSIS Pack Vendor :STMicroelectronics X-CUBE-TOUCHGFX 4.24.2
2025-02-01 10:54:52,352 [INFO] ThirdParty:1030 - CMSIS Pack Vendor :STMicroelectronics X-CUBE-TOUCHGFX 4.24.1
2025-02-01 10:54:52,352 [INFO] ThirdParty:1030 - CMSIS Pack Vendor :wolfSSL I-CUBE-wolfTPM 3.4.0
2025-02-01 10:54:52,352 [INFO] ThirdParty:1030 - CMSIS Pack Vendor :portGmbH I-Cube-SoM-uGOAL 1.1.0
2025-02-01 10:54:52,352 [INFO] ThirdParty:1030 - CMSIS Pack Vendor :STMicroelectronics X-CUBE-BLEMGR 3.1.0
2025-02-01 10:54:52,352 [INFO] ThirdParty:1030 - CMSIS Pack Vendor :STMicroelectronics X-CUBE-AI 10.0.0
2025-02-01 10:54:52,352 [INFO] ThirdParty:1030 - CMSIS Pack Vendor :STMicroelectronics ThreadX 1.0.0
2025-02-01 10:54:52,352 [INFO] ThirdParty:1030 - CMSIS Pack Vendor :STMicroelectronics FP-SNS-SMARTAG2 1.2.0
2025-02-01 10:54:52,352 [INFO] ThirdParty:1030 - CMSIS Pack Vendor :STMicroelectronics X-CUBE-MEMS1 11.1.0
2025-02-01 10:54:52,352 [INFO] ThirdParty:1030 - CMSIS Pack Vendor :STMicroelectronics X-CUBE-AZRTOS-WL 2.0.0
2025-02-01 10:54:52,352 [INFO] ThirdParty:1030 - CMSIS Pack Vendor :SEGGER I-CUBE-embOS 1.3.1
2025-02-01 10:54:52,352 [INFO] ThirdParty:1030 - CMSIS Pack Vendor :STMicroelectronics X-CUBE-ALGOBUILD 1.4.0
2025-02-01 10:54:52,352 [INFO] ThirdParty:1030 - CMSIS Pack Vendor :STMicroelectronics FP-SNS-MOTENV1 5.0.0
2025-02-01 10:54:52,352 [INFO] ThirdParty:1030 - CMSIS Pack Vendor :STMicroelectronics USB_DEVICE 1.0.0
2025-02-01 10:54:52,352 [INFO] ThirdParty:1030 - CMSIS Pack Vendor :STMicroelectronics X-CUBE-AZRTOS-H7RS 1.0.0
2025-02-01 10:54:52,353 [INFO] ThirdParty:1030 - CMSIS Pack Vendor :wolfSSL I-CUBE-wolfMQTT 1.19.0
2025-02-01 10:54:52,353 [INFO] ThirdParty:1030 - CMSIS Pack Vendor :STMicroelectronics X-CUBE-AZRTOS-L4 2.0.0
2025-02-01 10:54:52,353 [INFO] ThirdParty:1030 - CMSIS Pack Vendor :STMicroelectronics ThreadX 0.0.2
2025-02-01 10:54:52,353 [INFO] ThirdParty:1030 - CMSIS Pack Vendor :WES I-CUBE-Cesium 1.3.0
2025-02-01 10:54:52,353 [INFO] ThirdParty:1030 - CMSIS Pack Vendor :STMicroelectronics FP-ATR-ASTRA1 2.0.0
2025-02-01 10:54:52,353 [INFO] ThirdParty:1030 - CMSIS Pack Vendor :STMicroelectronics lwIP 2.1.2
2025-02-01 10:54:52,353 [INFO] ThirdParty:1030 - CMSIS Pack Vendor :STMicroelectronics X-CUBE-SFXS2LP1 4.0.0
2025-02-01 10:54:52,353 [INFO] ThirdParty:1030 - CMSIS Pack Vendor :STMicroelectronics X-CUBE-BLE2 3.3.0
2025-02-01 10:54:52,353 [INFO] ThirdParty:1030 - CMSIS Pack Vendor :Infineon AIROC-Wi-Fi-Bluetooth-STM32 1.6.1
2025-02-01 10:54:52,353 [INFO] ThirdParty:1030 - CMSIS Pack Vendor :STMicroelectronics PDM2PCM 3.2.0
2025-02-01 10:54:52,353 [INFO] ThirdParty:1030 - CMSIS Pack Vendor :wolfSSL I-CUBE-wolfSSH 1.4.17
2025-02-01 10:54:52,353 [INFO] ThirdParty:841 - exiting critical section [change project]
2025-02-01 10:54:52,867 [INFO] PinOutPanel:1561 - setPackage(No Configuration,No Configuration)
2025-02-01 10:54:52,870 [INFO] PinOutPanel:1561 - setPackage(STM32F103RCTx,LQFP64)
2025-02-01 10:54:53,667 [INFO] UtilMem:75 - Before build in PCC Used Memory: 695297296 Bytes (1073741824)
2025-02-01 10:54:55,023 [INFO] UtilMem:75 - After build in PCC Used Memory: 766776720 Bytes (1073741824)
2025-02-01 10:54:55,310 [INFO] ApiDbMcu:508 - Load IP Config File for FREERTOS
2025-02-01 10:54:55,351 [INFO] IPUIPlugin:80 - create IPUIPlugin
2025-02-01 10:54:55,351 [INFO] IPUIPlugin:80 - create IPUIPlugin
2025-02-01 10:54:55,351 [INFO] IPUIPlugin:80 - create IPUIPlugin
2025-02-01 10:54:55,351 [INFO] IPUIPlugin:80 - create IPUIPlugin
2025-02-01 10:54:55,351 [INFO] IPUIPlugin:80 - create IPUIPlugin
2025-02-01 10:54:55,352 [INFO] IPUIPlugin:80 - create IPUIPlugin
2025-02-01 10:54:55,352 [INFO] IPUIPlugin:80 - create IPUIPlugin
2025-02-01 10:54:55,352 [INFO] IPUIPlugin:80 - create IPUIPlugin
2025-02-01 10:54:55,352 [INFO] IPUIPlugin:80 - create IPUIPlugin
2025-02-01 10:54:55,352 [INFO] IPUIPlugin:80 - create IPUIPlugin
2025-02-01 10:54:55,352 [INFO] IPUIPlugin:80 - create IPUIPlugin
2025-02-01 10:54:55,352 [INFO] IPUIPlugin:80 - create IPUIPlugin
2025-02-01 10:54:55,352 [INFO] IPUIPlugin:80 - create IPUIPlugin
2025-02-01 10:54:55,353 [INFO] IPUIPlugin:80 - create IPUIPlugin
2025-02-01 10:54:55,353 [INFO] IPUIPlugin:80 - create IPUIPlugin
2025-02-01 10:54:55,353 [INFO] IPUIPlugin:80 - create IPUIPlugin
2025-02-01 10:54:55,353 [INFO] IPUIPlugin:80 - create IPUIPlugin
2025-02-01 10:54:55,354 [INFO] IPUIPlugin:80 - create IPUIPlugin
2025-02-01 10:54:55,355 [INFO] IPUIPlugin:80 - create IPUIPlugin
2025-02-01 10:54:55,355 [INFO] IPUIPlugin:80 - create IPUIPlugin
2025-02-01 10:54:55,356 [INFO] IPUIPlugin:80 - create IPUIPlugin
2025-02-01 10:54:55,356 [INFO] IPUIPlugin:80 - create IPUIPlugin
2025-02-01 10:54:55,357 [INFO] IPUIPlugin:80 - create IPUIPlugin
2025-02-01 10:54:55,357 [INFO] IPUIPlugin:80 - create IPUIPlugin
2025-02-01 10:54:55,357 [INFO] IPUIPlugin:80 - create IPUIPlugin
2025-02-01 10:54:55,357 [INFO] IPUIPlugin:80 - create IPUIPlugin
2025-02-01 10:54:55,357 [INFO] IPUIPlugin:80 - create IPUIPlugin
2025-02-01 10:54:55,358 [INFO] IPUIPlugin:80 - create IPUIPlugin
2025-02-01 10:54:55,358 [INFO] IPUIPlugin:80 - create IPUIPlugin
2025-02-01 10:54:55,358 [INFO] IPUIPlugin:80 - create IPUIPlugin
2025-02-01 10:54:55,358 [INFO] IPUIPlugin:80 - create IPUIPlugin
2025-02-01 10:54:55,358 [INFO] IPUIPlugin:80 - create IPUIPlugin
2025-02-01 10:54:55,359 [INFO] IPUIPlugin:80 - create IPUIPlugin
2025-02-01 10:54:55,359 [INFO] IPUIPlugin:80 - create IPUIPlugin
2025-02-01 10:54:55,359 [INFO] IPUIPlugin:80 - create IPUIPlugin
2025-02-01 10:54:55,359 [INFO] IPUIPlugin:80 - create IPUIPlugin
2025-02-01 10:54:55,360 [INFO] IPUIPlugin:80 - create IPUIPlugin
2025-02-01 10:54:55,360 [INFO] IPUIPlugin:80 - create IPUIPlugin
2025-02-01 10:54:55,360 [INFO] IPUIPlugin:80 - create IPUIPlugin
2025-02-01 10:54:55,399 [INFO] Can:71 - Can Add PropertyChangeListener com.st.microxplorer.plugins.ip.can.Can@1ae30c00
2025-02-01 10:54:55,402 [WARN] IP:2191 - I2C_Coeff_DF not found: check if there is a RefParameter without a condition.
2025-02-01 10:54:55,402 [WARN] IP:2191 - Analog_Filter not found: check if there is a RefParameter without a condition.
2025-02-01 10:54:55,459 [WARN] FreeRTOS:1023 - Null or empty value: should not occur! (nothing added to the table)
2025-02-01 10:54:55,816 [INFO] CADModel:165 - CPN selected for project levelSTM32F103RCT6
2025-02-01 10:54:55,817 [INFO] CADModel:114 - Register for checkConnection events
2025-02-01 10:54:55,820 [INFO] RtosManager:697 - Active RTOS found at IOC load: FREERTOS [Cortex-M3NS]
2025-02-01 10:54:55,910 [INFO] OpenFileManager:363 - Restore cursor
2025-02-01 10:54:56,152 [WARN] IP:2191 - I2C_Coeff_DF not found: check if there is a RefParameter without a condition.
2025-02-01 10:54:56,152 [WARN] IP:2191 - Analog_Filter not found: check if there is a RefParameter without a condition.
2025-02-01 10:54:56,152 [WARN] IP:2191 - I2C_Coeff_DF not found: check if there is a RefParameter without a condition.
2025-02-01 10:54:56,153 [WARN] IP:2191 - Analog_Filter not found: check if there is a RefParameter without a condition.
2025-02-01 10:56:17,052 [INFO] MainUpdater:2873 - connection check result : 10
2025-02-01 10:56:17,072 [INFO] McuFinderGlobals:76 - Set McuFinderConnectedMode to true
2025-02-01 10:56:17,423 [INFO] ServerAccessManage:473 - Download File mcusAds.json._tmp_
2025-02-01 10:56:17,605 [INFO] LoadUrlFilesThread:156 - End of LoadUrlFiles Thread
2025-02-01 10:56:17,821 [INFO] ServerAccessManage:473 - Download File cube-finder-db.zip
2025-02-01 10:56:19,212 [ERROR] ServerAccessManage:651 - User Cancel Download : cube-finder-db.zip.
2025-02-01 10:56:19,391 [INFO] LoadUrlFilesThread:156 - End of LoadUrlFiles Thread
2025-02-01 10:56:21,163 [INFO] DbMcusAds:53 - JSON generation date=Tue Dec 17 08:01:15 PST 2024 (1734451275111)
2025-02-01 10:56:21,169 [INFO] ApiDb:448 - Save user favorites file C:\Users\mridu/.stm32cubeide/favorites.mcus.txt: 0 item(s)
2025-02-01 10:56:21,170 [INFO] ApiDb:452 - User favorites MCUs=[]
2025-02-01 10:56:21,173 [INFO] ApiDb:581 - Connected to CubeFinder SQLite database (C:\Users\mridu\.stmcufinder\plugins\mcufinder\mcu\cube-finder-db.db)
2025-02-01 10:56:21,258 [INFO] ApiDb:668 - CubeFinder database Data Model version=2.1
2025-02-01 10:56:21,258 [INFO] ApiDb:669 - CubeFinder database Configuration version=3.0.39
2025-02-01 10:56:21,259 [INFO] ApiDb:670 - CubeFinder database generation date=2024-10-15 (1729006872)
2025-02-01 10:56:21,259 [INFO] ApiDb:671 - CubeFinder database FW Pack versions=[FP-ATR-ASTRA1_V2.0.0, FP-SNS-FLIGHT1_V5.0.2, FP-SNS-MOTENV1_V5.0.0, FP-SNS-MOTENVWB1_V1.4.0, FP-SNS-SMARTAG2_V1.2.0, FP-SNS-STBOX1_V2.0.0, STM32Cube_FW_C0_V1.2.0, STM32Cube_FW_F4_V1.28.1, STM32Cube_FW_F7_V1.17.2, STM32Cube_FW_G0_V1.6.2, STM32Cube_FW_G4_V1.6.0, STM32Cube_FW_H5_V1.3.0, STM32Cube_FW_H7RS_V1.1.0, STM32Cube_FW_H7_V1.11.2, STM32Cube_FW_L0_V1.12.2, STM32Cube_FW_L5_V1.5.1, STM32Cube_FW_U0_V1.1.0, STM32Cube_FW_U5_V1.6.0, STM32Cube_FW_WB0_V1.0.0, STM32Cube_FW_WBA_V1.4.1, STM32Cube_FW_WB_V1.20.0, STM32Cube_FW_WL_V1.3.0, X-CUBE-ALGOBUILD_V1.4.0, X-CUBE-ALS_V1.0.2, X-CUBE-AZRTOS-F4_V1.1.0, X-CUBE-AZRTOS-F7_V1.1.0, X-CUBE-AZRTOS-G0_V1.1.0, X-CUBE-AZRTOS-G4_V2.0.0, X-CUBE-AZRTOS-H7RS_V1.0.0, X-CUBE-AZRTOS-H7_V3.3.0, X-CUBE-AZRTOS-L4_V2.0.0, X-CUBE-AZRTOS-L5_V2.0.0, X-CUBE-AZRTOS-WB_V2.0.0, X-CUBE-AZRTOS-WL_V2.0.0, X-CUBE-BLE1_V7.0.0, X-CUBE-BLE2_V3.3.0, X-CUBE-BLEMGR_V3.1.0, X-CUBE-EEPRMA1_V5.1.0, X-CUBE-FREERTOS_V1.2.0, X-CUBE-GNSS1_V6.0.0, X-CUBE-MEMS1_V11.0.0, X-CUBE-NFC4_V3.0.0, X-CUBE-NFC7_V1.0.1, X-CUBE-SFXS2LP1_V4.0.0, X-CUBE-SUBG2_V5.0.0, X-CUBE-TOF1_V3.4.2]
2025-02-01 10:56:23,802 [INFO] ApiDb:240 - Found 646 in-development CPN: [B-G473E-ZEST1S, B-WB1M-WPAN1, B-WL5M-SUBG1, NUCLEO-C031C6, NUCLEO-C071RB, NUCLEO-H503RB, NUCLEO-H533RE, NUCLEO-H563ZI, NUCLEO-H7S3L8, NUCLEO-U031R8, NUCLEO-U083RC, NUCLEO-U545RE-Q, NUCLEO-U5A5ZJ-Q, NUCLEO-WB05KZ, NUCLEO-WB07CC, NUCLEO-WB09KE, NUCLEO-WBA52CG, NUCLEO-WBA55CG, STEVAL-PROTEUS1, STEVAL-SMARTAG2, STEVAL-STWINBX1, STM320518-EVAL, STM32C0116-DK, STM32C011D6Y3TR, STM32C011D6Y6TR, STM32C011F4P3, STM32C011F4P6, STM32C011F4U3, STM32C011F4U6TR, STM32C011F6P3, STM32C011F6P6, STM32C011F6U3, STM32C011F6U6TR, STM32C011J4M3, STM32C011J4M6, STM32C011J6M3, STM32C011J6M6, STM32C0316-DK, STM32C031C4T3, STM32C031C4T6, STM32C031C4U3, STM32C031C4U6, STM32C031C6T3, STM32C031C6T6, STM32C031C6U3, STM32C031C6U6, STM32C031F4P3, STM32C031F4P6, STM32C031F6P3, STM32C031F6P6, STM32C031G4U3, STM32C031G4U6, STM32C031G6U3, STM32C031G6U6, STM32C031K4T3, STM32C031K4T6, STM32C031K4U3, STM32C031K4U6, STM32C031K6T3, STM32C031K6T6, STM32C031K6U3, STM32C031K6U6, STM32C071C8T6, STM32C071C8T6N, STM32C071C8U6, STM32C071C8U6N, STM32C071CBT6, STM32C071CBT6N, STM32C071CBU6, STM32C071CBU6N, STM32C071F8P6, STM32C071F8P6N, STM32C071FBP6, STM32C071FBP6N, STM32C071FBY6TR, STM32C071G8U6, STM32C071G8U6N, STM32C071GBU6, STM32C071GBU6N, STM32C071K8T6, STM32C071K8T6N, STM32C071K8U6, STM32C071K8U6N, STM32C071KBT6, STM32C071KBT6N, STM32C071KBU6, STM32C071KBU6N, STM32C071R8T6, STM32C071R8T6N, STM32C071RBI6N, STM32C071RBT6, STM32C071RBT6N, STM32G071K8TXN, STM32G071K8UXN, STM32G081GBU6N, STM32G081KBT6N, STM32G081KBUXN, STM32G0B1CCT6N, STM32G0B1KCT6, STM32G0B1NEY6TR, STM32G0B1RCT6N, STM32G0C1CCT6, STM32G0C1CCT6N, STM32G0C1CCU6N, STM32G0C1CET6N, STM32G0C1CEU6N, STM32G0C1KCT6, STM32G0C1NEY6TR, STM32G0C1RCI6N, STM32G0C1RCT6N, STM32G0C1REI6N, STM32G0C1RET6N, STM32G0C1VCI6, STM32G0C1VEI6, STM32G411C6T3, STM32G411C6T6, STM32G411C6U3, STM32G411C6U6, STM32G411C8T3, STM32G411C8T6, STM32G411C8U3, STM32G411C8U6, STM32G411CBT3, STM32G411CBT6, STM32G411CBU3, STM32G411CBU6, STM32G411K6T3, STM32G411K6T6, STM32G411K6U3, STM32G411K6U6, STM32G411K8T3, STM32G411K8T6, STM32G411K8U3, STM32G411K8U6, STM32G411KBT3, STM32G411KBT6, STM32G411KBU3, STM32G411KBU6, STM32G411M6T3, STM32G411M6T6, STM32G411M8T3, STM32G411M8T6, STM32G411MBT3, STM32G411MBT6, STM32G411R6T3, STM32G411R6T6, STM32G411R8T3, STM32G411R8T6, STM32G411RBT3, STM32G411RBT6, STM32G414CBT3, STM32G414CBT6, STM32G414CBU3, STM32G414CBU6, STM32G414CCT3, STM32G414CCT6, STM32G414CCU3, STM32G414CCU6, STM32G414MBT3, STM32G414MBT6, STM32G414MCT3, STM32G414MCT6, STM32G414RBT3, STM32G414RBT6, STM32G414RCT3, STM32G414RCT6, STM32G414VBT3, STM32G414VBT6, STM32G414VCT3, STM32G414VCT6, STM32G431CBT3Z, STM32G431RBT3Z, STM32G471CCT6, STM32G471CCU6, STM32G471CET3, STM32G471CET6, STM32G471CEU3, STM32G471CEU6, STM32G471MCT6, STM32G471MET3, STM32G471MET6, STM32G471MEY6TR, STM32G471QCT6, STM32G471QET3, STM32G471RCT6, STM32G471RET3, STM32G471RET6, STM32G471VCH6, STM32G471VCI6, STM32G471VCT6, STM32G471VEH3, STM32G471VEH6, STM32G471VEI3, STM32G471VEI6, STM32G471VET3, STM32G471VET6, STM32G473QET3Z, STM32G473RET3Z, STM32G474CCT6, STM32G491RET3Z, STM32H503CBT6, STM32H503CBU6, STM32H503EBY6TR, STM32H503KBU6, STM32H503RBT6, STM32H523CCT6, STM32H523CCU6, STM32H523CET6, STM32H523CEU6, STM32H523HEY6TR, STM32H523RCT6, STM32H523RET6, STM32H523VCI6, STM32H523VCT6, STM32H523VEI6, STM32H523VET6, STM32H523ZCJ6, STM32H523ZCT6, STM32H523ZEJ6, STM32H523ZET6, STM32H533CET6, STM32H533CEU6, STM32H533HEY6TR, STM32H533RET6, STM32H533VEI6, STM32H533VET6, STM32H533ZEJ6, STM32H533ZET6, STM32H562AGI6, STM32H562AII6, STM32H562IGK6, STM32H562IGT6, STM32H562IIK6, STM32H562IIT6, STM32H562RGT6, STM32H562RGV6, STM32H562RIT6, STM32H562RIV6, STM32H562VGT6, STM32H562VIT6, STM32H562ZGT6, STM32H562ZIT6, STM32H563AGI6, STM32H563AII3Q, STM32H563AII6, STM32H563IGK6, STM32H563IGT6, STM32H563IIK3Q, STM32H563IIK6, STM32H563IIT3Q, STM32H563IIT6, STM32H563MIY3QTR, STM32H563RGT6, STM32H563RGV6, STM32H563RIT6, STM32H563RIV6, STM32H563VGT6, STM32H563VIT3Q, STM32H563VIT6, STM32H563ZGT6, STM32H563ZIT3Q, STM32H563ZIT6, STM32H573AII3Q, STM32H573AII6, STM32H573I-DK, STM32H573IIK3Q, STM32H573IIK6, STM32H573IIT3Q, STM32H573IIT6, STM32H573MIY3QTR, STM32H573RIT6, STM32H573RIV6, STM32H573VIT3Q, STM32H573VIT6, STM32H573ZIT3Q, STM32H573ZIT6, STM32H7R3A8I6, STM32H7R3I8K6, STM32H7R3I8T6, STM32H7R3L8H6, STM32H7R3L8H6H, STM32H7R3R8V6, STM32H7R3V8H6, STM32H7R3V8T6, STM32H7R3V8Y6TR, STM32H7R3Z8J6, STM32H7R3Z8T6, STM32H7R7A8I6, STM32H7R7I8K6, STM32H7R7I8T6, STM32H7R7L8H6, STM32H7R7L8H6H, STM32H7R7Z8J6, STM32H7S3A8I6, STM32H7S3I8K6, STM32H7S3I8T6, STM32H7S3L8H6, STM32H7S3L8H6H, STM32H7S3R8V6, STM32H7S3V8H6, STM32H7S3V8T6, STM32H7S3V8Y6TR, STM32H7S3Z8J6, STM32H7S3Z8T6, STM32H7S78-DK, STM32H7S7A8I6, STM32H7S7I8K6, STM32H7S7I8T6, STM32H7S7L8H6, STM32H7S7L8H6H, STM32H7S7Z8J6, STM32L4R5QGI6STR, STM32MP131AAE3, STM32MP131AAF3, STM32MP131AAG3, STM32MP131CAE3, STM32MP131CAF3, STM32MP131CAG3, STM32MP131DAE7, STM32MP131DAF7, STM32MP131DAG7, STM32MP131FAE7, STM32MP131FAF7, STM32MP131FAG7, STM32MP133AAE3, STM32MP133AAF3, STM32MP133AAG3, STM32MP133CAE3, STM32MP133CAF3, STM32MP133CAG3, STM32MP133DAE7, STM32MP133DAF7, STM32MP133DAG7, STM32MP133FAE7, STM32MP133FAF7, STM32MP133FAG7, STM32MP135AAE3, STM32MP135AAF3, STM32MP135AAG3, STM32MP135CAE3, STM32MP135CAF3, STM32MP135CAG3, STM32MP135DAE7, STM32MP135DAF7, STM32MP135DAG7, STM32MP135F-DK, STM32MP135FAE7, STM32MP135FAF7, STM32MP135FAF7T, STM32MP135FAF7U, STM32MP135FAG7, STM32MP251AAI3, STM32MP251AAK3, STM32MP251AAL3, STM32MP251CAI3, STM32MP251CAK3, STM32MP251CAL3, STM32MP251DAI3, STM32MP251DAK3, STM32MP251DAL3, STM32MP251FAI3, STM32MP251FAK3, STM32MP251FAL3, STM32MP253AAI3, STM32MP253AAK3, STM32MP253AAL3, STM32MP253CAI3, STM32MP253CAK3, STM32MP253CAL3, STM32MP253DAI3, STM32MP253DAK3, STM32MP253DAL3, STM32MP253FAI3, STM32MP253FAK3, STM32MP253FAL3, STM32MP255AAI3, STM32MP255AAK3, STM32MP255AAL3, STM32MP255CAI3, STM32MP255CAK3, STM32MP255CAL3, STM32MP255DAI3, STM32MP255DAK3, STM32MP255DAL3, STM32MP255FAI3, STM32MP255FAK3, STM32MP255FAL3, STM32MP257AAI3, STM32MP257AAK3, STM32MP257AAL3, STM32MP257CAI3, STM32MP257CAK3, STM32MP257CAL3, STM32MP257DAI3, STM32MP257DAK3, STM32MP257DAL3, STM32MP257F-DK, STM32MP257F-EV1, STM32MP257FAI3, STM32MP257FAK3, STM32MP257FAL3, STM32U031C6T6, STM32U031C6U6, STM32U031C8T6, STM32U031C8U6, STM32U031F4P6, STM32U031F6P6, STM32U031F8P6, STM32U031G6Y6TR, STM32U031G8Y6TR, STM32U031K4U6, STM32U031K6U6, STM32U031K8U6, STM32U031R6I6, STM32U031R6T6, STM32U031R8I6, STM32U031R8T6, STM32U073C8T6, STM32U073C8U6, STM32U073CBT6, STM32U073CBU6, STM32U073CCT6, STM32U073CCU6, STM32U073H8Y6TR, STM32U073HBY6TR, STM32U073HCY6TR, STM32U073K8U6, STM32U073KBU6, STM32U073KCU6, STM32U073M8I6, STM32U073M8T6, STM32U073MBI6, STM32U073MBT6, STM32U073MCI6, STM32U073MCT6, STM32U073R8I6, STM32U073R8T6, STM32U073RBI6, STM32U073RBT6, STM32U073RCI6, STM32U073RCT6, STM32U083C-DK, STM32U083CCT6, STM32U083CCU6, STM32U083HCY6TR, STM32U083KCU6, STM32U083MCI6, STM32U083MCT6, STM32U083RCI6, STM32U083RCT6, STM32U535CBT6, STM32U535CBT6Q, STM32U535CBU6, STM32U535CBU6Q, STM32U535CCT6, STM32U535CCT6Q, STM32U535CCU6, STM32U535CCU6Q, STM32U535CET6, STM32U535CET6Q, STM32U535CEU6, STM32U535CEU6Q, STM32U535JEY6QTR, STM32U535NCY6QTR, STM32U535NEY6QTR, STM32U535RBI6, STM32U535RBI6Q, STM32U535RBT6, STM32U535RBT6Q, STM32U535RCI6, STM32U535RCI6Q, STM32U535RCT6, STM32U535RCT6Q, STM32U535REI6, STM32U535REI6Q, STM32U535RET6, STM32U535RET6Q, STM32U535VCI6, STM32U535VCI6Q, STM32U535VCT6, STM32U535VCT6Q, STM32U535VEI6, STM32U535VEI6Q, STM32U535VET6, STM32U535VET6Q, STM32U545CET6, STM32U545CET6Q, STM32U545CEU6, STM32U545CEU6Q, STM32U545JEY6QTR, STM32U545NEY6QTR, STM32U545REI6, STM32U545REI6Q, STM32U545RET6, STM32U545RET6Q, STM32U545VEI6, STM32U545VEI6Q, STM32U545VET6, STM32U545VET6Q, STM32U595AIH6, STM32U595AIH6Q, STM32U595AJH6, STM32U595AJH6Q, STM32U595QII6, STM32U595QII6Q, STM32U595QJI6, STM32U595QJI6Q, STM32U595RIT6, STM32U595RIT6Q, STM32U595RJT6, STM32U595RJT6Q, STM32U595VIT6, STM32U595VIT6Q, STM32U595VJT6, STM32U595VJT6Q, STM32U595ZIT6, STM32U595ZIT6Q, STM32U595ZIY6QTR, STM32U595ZJT6, STM32U595ZJT6Q, STM32U595ZJY6QTR, STM32U599BJY6QTR, STM32U599NIH6Q, STM32U599NJH6Q, STM32U599VIT6Q, STM32U599VJT6, STM32U599VJT6Q, STM32U599ZIT6Q, STM32U599ZIY6QTR, STM32U599ZJT6Q, STM32U599ZJY6QTR, STM32U5A5AJH6, STM32U5A5AJH6Q, STM32U5A5QII3Q , STM32U5A5QJI6, STM32U5A5QJI6Q, STM32U5A5RJT6, STM32U5A5RJT6Q, STM32U5A5VJT6, STM32U5A5VJT6Q, STM32U5A5ZJT6, STM32U5A5ZJT6Q, STM32U5A5ZJY6QTR, STM32U5A9BJY6QTR, STM32U5A9J-DK, STM32U5A9NJH6Q, STM32U5A9VJT6Q, STM32U5A9ZJT6Q, STM32U5A9ZJY6QTR, STM32U5F7VIT6, STM32U5F7VIT6Q, STM32U5F7VJT6, STM32U5F7VJT6Q, STM32U5F9BJY6QTR, STM32U5F9NJH6Q, STM32U5F9VIT6Q, STM32U5F9VJT6Q, STM32U5F9ZIJ6QTR, STM32U5F9ZIT6Q, STM32U5F9ZJJ6QTR, STM32U5F9ZJT6Q, STM32U5G7VJT6, STM32U5G7VJT6Q, STM32U5G9BJY6QTR, STM32U5G9J-DK1, STM32U5G9J-DK2, STM32U5G9NJH6Q, STM32U5G9VJT6Q, STM32U5G9ZJJ6QTR, STM32U5G9ZJT6Q, STM32WB05KZV6TR, STM32WB05KZV7TR, STM32WB05TZF6TR, STM32WB05TZF7TR, STM32WB06CCF6TR, STM32WB06CCF7TR, STM32WB06CCV6TR, STM32WB06CCV7TR, STM32WB06KCV6TR, STM32WB06KCV7TR, STM32WB07CCF6TR, STM32WB07CCF7TR, STM32WB07CCV6TR, STM32WB07CCV7TR, STM32WB07KCV6TR, STM32WB07KCV7TR, STM32WB09KEV6TR, STM32WB09KEV7TR, STM32WB09TEF6TR, STM32WB09TEF7TR, STM32WB1MMCH6, STM32WBA50KGU6, STM32WBA50KGU6TR, STM32WBA52CEU6, STM32WBA52CEU6TR, STM32WBA52CEU7, STM32WBA52CEU7TR, STM32WBA52CGU6, STM32WBA52CGU6TR, STM32WBA52CGU6U, STM32WBA52CGU7, STM32WBA52CGU7TR, STM32WBA52KEU6, STM32WBA52KEU6TR, STM32WBA52KGU6, STM32WBA52KGU6TR, STM32WBA54CEU6, STM32WBA54CEU6TR, STM32WBA54CEU7, STM32WBA54CEU7TR, STM32WBA54CGU6, STM32WBA54CGU6TR, STM32WBA54CGU7, STM32WBA54CGU7TR, STM32WBA54KEU6, STM32WBA54KEU6TR, STM32WBA54KEU7, STM32WBA54KEU7TR, STM32WBA54KGU6, STM32WBA54KGU6TR, STM32WBA54KGU7, STM32WBA54KGU7TR, STM32WBA55CEU6, STM32WBA55CEU6TR, STM32WBA55CEU7, STM32WBA55CEU7TR, STM32WBA55CGU6, STM32WBA55CGU6TR, STM32WBA55CGU6U, STM32WBA55CGU7, STM32WBA55CGU7TR, STM32WBA55G-DK1, STM32WBA55HEF6, STM32WBA55HEF7, STM32WBA55HGF6, STM32WBA55HGF7, STM32WBA55UEI6, STM32WBA55UEI6TR, STM32WBA55UEI7, STM32WBA55UEI7TR, STM32WBA55UGI6, STM32WBA55UGI6TR, STM32WBA55UGI7, STM32WBA55UGI7TR, STM32WL5MOCH6, STM32WL5MOCH6TR]
2025-02-01 10:56:23,804 [INFO] DbMcus:218 - Found 4252 MCUs, 4252 are supported
2025-02-01 10:56:23,804 [INFO] ApiDb:423 - Load user favorites file C:\Users\mridu/.stm32cubeide/favorites.mcus.txt: 0 item(s)
2025-02-01 10:56:23,804 [INFO] ApiDb:427 - User favorites MCUs=[]
2025-02-01 10:56:23,805 [INFO] DbMcus:224 - Set 0 / 0 favorites MCUs
2025-02-01 10:56:24,315 [INFO] ApiDb:448 - Save user favorites file C:\Users\mridu/.stm32cubeide/favorites.boards.txt: 0 item(s)
2025-02-01 10:56:24,315 [INFO] ApiDb:452 - User favorites Boards=[]
2025-02-01 10:56:24,318 [INFO] ApiDb:581 - Connected to CubeFinder SQLite database (C:\Users\mridu\.stmcufinder\plugins\mcufinder\mcu\cube-finder-db.db)
2025-02-01 10:56:24,424 [INFO] ApiDb:668 - CubeFinder database Data Model version=2.1
2025-02-01 10:56:24,424 [INFO] ApiDb:669 - CubeFinder database Configuration version=3.0.39
2025-02-01 10:56:24,424 [INFO] ApiDb:670 - CubeFinder database generation date=2024-10-15 (1729006872)
2025-02-01 10:56:24,424 [INFO] ApiDb:671 - CubeFinder database FW Pack versions=[FP-ATR-ASTRA1_V2.0.0, FP-SNS-FLIGHT1_V5.0.2, FP-SNS-MOTENV1_V5.0.0, FP-SNS-MOTENVWB1_V1.4.0, FP-SNS-SMARTAG2_V1.2.0, FP-SNS-STBOX1_V2.0.0, STM32Cube_FW_C0_V1.2.0, STM32Cube_FW_F4_V1.28.1, STM32Cube_FW_F7_V1.17.2, STM32Cube_FW_G0_V1.6.2, STM32Cube_FW_G4_V1.6.0, STM32Cube_FW_H5_V1.3.0, STM32Cube_FW_H7RS_V1.1.0, STM32Cube_FW_H7_V1.11.2, STM32Cube_FW_L0_V1.12.2, STM32Cube_FW_L5_V1.5.1, STM32Cube_FW_U0_V1.1.0, STM32Cube_FW_U5_V1.6.0, STM32Cube_FW_WB0_V1.0.0, STM32Cube_FW_WBA_V1.4.1, STM32Cube_FW_WB_V1.20.0, STM32Cube_FW_WL_V1.3.0, X-CUBE-ALGOBUILD_V1.4.0, X-CUBE-ALS_V1.0.2, X-CUBE-AZRTOS-F4_V1.1.0, X-CUBE-AZRTOS-F7_V1.1.0, X-CUBE-AZRTOS-G0_V1.1.0, X-CUBE-AZRTOS-G4_V2.0.0, X-CUBE-AZRTOS-H7RS_V1.0.0, X-CUBE-AZRTOS-H7_V3.3.0, X-CUBE-AZRTOS-L4_V2.0.0, X-CUBE-AZRTOS-L5_V2.0.0, X-CUBE-AZRTOS-WB_V2.0.0, X-CUBE-AZRTOS-WL_V2.0.0, X-CUBE-BLE1_V7.0.0, X-CUBE-BLE2_V3.3.0, X-CUBE-BLEMGR_V3.1.0, X-CUBE-EEPRMA1_V5.1.0, X-CUBE-FREERTOS_V1.2.0, X-CUBE-GNSS1_V6.0.0, X-CUBE-MEMS1_V11.0.0, X-CUBE-NFC4_V3.0.0, X-CUBE-NFC7_V1.0.1, X-CUBE-SFXS2LP1_V4.0.0, X-CUBE-SUBG2_V5.0.0, X-CUBE-TOF1_V3.4.2]
2025-02-01 10:56:24,506 [INFO] DbBoardsSqlite:226 - include board P-NUCLEO-WB55-NUCLEO as a kit item of type 'Nucleo-64'
2025-02-01 10:56:24,507 [INFO] DbBoardsSqlite:226 - include board P-NUCLEO-WB55-USBDONGLE as a kit item of type 'Nucleo USB Dongle'
2025-02-01 10:56:24,507 [INFO] DbBoardsSqlite:226 - include board STEVAL-IDP005V1 as a kit item of type 'Evaluation Board'
2025-02-01 10:56:24,507 [INFO] DbBoardsSqlite:226 - include board STEVAL-IDP005V2 as a kit item of type 'Evaluation Board'
2025-02-01 10:56:24,598 [INFO] ApiDb:240 - Found 646 in-development CPN: [B-G473E-ZEST1S, B-WB1M-WPAN1, B-WL5M-SUBG1, NUCLEO-C031C6, NUCLEO-C071RB, NUCLEO-H503RB, NUCLEO-H533RE, NUCLEO-H563ZI, NUCLEO-H7S3L8, NUCLEO-U031R8, NUCLEO-U083RC, NUCLEO-U545RE-Q, NUCLEO-U5A5ZJ-Q, NUCLEO-WB05KZ, NUCLEO-WB07CC, NUCLEO-WB09KE, NUCLEO-WBA52CG, NUCLEO-WBA55CG, STEVAL-PROTEUS1, STEVAL-SMARTAG2, STEVAL-STWINBX1, STM320518-EVAL, STM32C0116-DK, STM32C011D6Y3TR, STM32C011D6Y6TR, STM32C011F4P3, STM32C011F4P6, STM32C011F4U3, STM32C011F4U6TR, STM32C011F6P3, STM32C011F6P6, STM32C011F6U3, STM32C011F6U6TR, STM32C011J4M3, STM32C011J4M6, STM32C011J6M3, STM32C011J6M6, STM32C0316-DK, STM32C031C4T3, STM32C031C4T6, STM32C031C4U3, STM32C031C4U6, STM32C031C6T3, STM32C031C6T6, STM32C031C6U3, STM32C031C6U6, STM32C031F4P3, STM32C031F4P6, STM32C031F6P3, STM32C031F6P6, STM32C031G4U3, STM32C031G4U6, STM32C031G6U3, STM32C031G6U6, STM32C031K4T3, STM32C031K4T6, STM32C031K4U3, STM32C031K4U6, STM32C031K6T3, STM32C031K6T6, STM32C031K6U3, STM32C031K6U6, STM32C071C8T6, STM32C071C8T6N, STM32C071C8U6, STM32C071C8U6N, STM32C071CBT6, STM32C071CBT6N, STM32C071CBU6, STM32C071CBU6N, STM32C071F8P6, STM32C071F8P6N, STM32C071FBP6, STM32C071FBP6N, STM32C071FBY6TR, STM32C071G8U6, STM32C071G8U6N, STM32C071GBU6, STM32C071GBU6N, STM32C071K8T6, STM32C071K8T6N, STM32C071K8U6, STM32C071K8U6N, STM32C071KBT6, STM32C071KBT6N, STM32C071KBU6, STM32C071KBU6N, STM32C071R8T6, STM32C071R8T6N, STM32C071RBI6N, STM32C071RBT6, STM32C071RBT6N, STM32G071K8TXN, STM32G071K8UXN, STM32G081GBU6N, STM32G081KBT6N, STM32G081KBUXN, STM32G0B1CCT6N, STM32G0B1KCT6, STM32G0B1NEY6TR, STM32G0B1RCT6N, STM32G0C1CCT6, STM32G0C1CCT6N, STM32G0C1CCU6N, STM32G0C1CET6N, STM32G0C1CEU6N, STM32G0C1KCT6, STM32G0C1NEY6TR, STM32G0C1RCI6N, STM32G0C1RCT6N, STM32G0C1REI6N, STM32G0C1RET6N, STM32G0C1VCI6, STM32G0C1VEI6, STM32G411C6T3, STM32G411C6T6, STM32G411C6U3, STM32G411C6U6, STM32G411C8T3, STM32G411C8T6, STM32G411C8U3, STM32G411C8U6, STM32G411CBT3, STM32G411CBT6, STM32G411CBU3, STM32G411CBU6, STM32G411K6T3, STM32G411K6T6, STM32G411K6U3, STM32G411K6U6, STM32G411K8T3, STM32G411K8T6, STM32G411K8U3, STM32G411K8U6, STM32G411KBT3, STM32G411KBT6, STM32G411KBU3, STM32G411KBU6, STM32G411M6T3, STM32G411M6T6, STM32G411M8T3, STM32G411M8T6, STM32G411MBT3, STM32G411MBT6, STM32G411R6T3, STM32G411R6T6, STM32G411R8T3, STM32G411R8T6, STM32G411RBT3, STM32G411RBT6, STM32G414CBT3, STM32G414CBT6, STM32G414CBU3, STM32G414CBU6, STM32G414CCT3, STM32G414CCT6, STM32G414CCU3, STM32G414CCU6, STM32G414MBT3, STM32G414MBT6, STM32G414MCT3, STM32G414MCT6, STM32G414RBT3, STM32G414RBT6, STM32G414RCT3, STM32G414RCT6, STM32G414VBT3, STM32G414VBT6, STM32G414VCT3, STM32G414VCT6, STM32G431CBT3Z, STM32G431RBT3Z, STM32G471CCT6, STM32G471CCU6, STM32G471CET3, STM32G471CET6, STM32G471CEU3, STM32G471CEU6, STM32G471MCT6, STM32G471MET3, STM32G471MET6, STM32G471MEY6TR, STM32G471QCT6, STM32G471QET3, STM32G471RCT6, STM32G471RET3, STM32G471RET6, STM32G471VCH6, STM32G471VCI6, STM32G471VCT6, STM32G471VEH3, STM32G471VEH6, STM32G471VEI3, STM32G471VEI6, STM32G471VET3, STM32G471VET6, STM32G473QET3Z, STM32G473RET3Z, STM32G474CCT6, STM32G491RET3Z, STM32H503CBT6, STM32H503CBU6, STM32H503EBY6TR, STM32H503KBU6, STM32H503RBT6, STM32H523CCT6, STM32H523CCU6, STM32H523CET6, STM32H523CEU6, STM32H523HEY6TR, STM32H523RCT6, STM32H523RET6, STM32H523VCI6, STM32H523VCT6, STM32H523VEI6, STM32H523VET6, STM32H523ZCJ6, STM32H523ZCT6, STM32H523ZEJ6, STM32H523ZET6, STM32H533CET6, STM32H533CEU6, STM32H533HEY6TR, STM32H533RET6, STM32H533VEI6, STM32H533VET6, STM32H533ZEJ6, STM32H533ZET6, STM32H562AGI6, STM32H562AII6, STM32H562IGK6, STM32H562IGT6, STM32H562IIK6, STM32H562IIT6, STM32H562RGT6, STM32H562RGV6, STM32H562RIT6, STM32H562RIV6, STM32H562VGT6, STM32H562VIT6, STM32H562ZGT6, STM32H562ZIT6, STM32H563AGI6, STM32H563AII3Q, STM32H563AII6, STM32H563IGK6, STM32H563IGT6, STM32H563IIK3Q, STM32H563IIK6, STM32H563IIT3Q, STM32H563IIT6, STM32H563MIY3QTR, STM32H563RGT6, STM32H563RGV6, STM32H563RIT6, STM32H563RIV6, STM32H563VGT6, STM32H563VIT3Q, STM32H563VIT6, STM32H563ZGT6, STM32H563ZIT3Q, STM32H563ZIT6, STM32H573AII3Q, STM32H573AII6, STM32H573I-DK, STM32H573IIK3Q, STM32H573IIK6, STM32H573IIT3Q, STM32H573IIT6, STM32H573MIY3QTR, STM32H573RIT6, STM32H573RIV6, STM32H573VIT3Q, STM32H573VIT6, STM32H573ZIT3Q, STM32H573ZIT6, STM32H7R3A8I6, STM32H7R3I8K6, STM32H7R3I8T6, STM32H7R3L8H6, STM32H7R3L8H6H, STM32H7R3R8V6, STM32H7R3V8H6, STM32H7R3V8T6, STM32H7R3V8Y6TR, STM32H7R3Z8J6, STM32H7R3Z8T6, STM32H7R7A8I6, STM32H7R7I8K6, STM32H7R7I8T6, STM32H7R7L8H6, STM32H7R7L8H6H, STM32H7R7Z8J6, STM32H7S3A8I6, STM32H7S3I8K6, STM32H7S3I8T6, STM32H7S3L8H6, STM32H7S3L8H6H, STM32H7S3R8V6, STM32H7S3V8H6, STM32H7S3V8T6, STM32H7S3V8Y6TR, STM32H7S3Z8J6, STM32H7S3Z8T6, STM32H7S78-DK, STM32H7S7A8I6, STM32H7S7I8K6, STM32H7S7I8T6, STM32H7S7L8H6, STM32H7S7L8H6H, STM32H7S7Z8J6, STM32L4R5QGI6STR, STM32MP131AAE3, STM32MP131AAF3, STM32MP131AAG3, STM32MP131CAE3, STM32MP131CAF3, STM32MP131CAG3, STM32MP131DAE7, STM32MP131DAF7, STM32MP131DAG7, STM32MP131FAE7, STM32MP131FAF7, STM32MP131FAG7, STM32MP133AAE3, STM32MP133AAF3, STM32MP133AAG3, STM32MP133CAE3, STM32MP133CAF3, STM32MP133CAG3, STM32MP133DAE7, STM32MP133DAF7, STM32MP133DAG7, STM32MP133FAE7, STM32MP133FAF7, STM32MP133FAG7, STM32MP135AAE3, STM32MP135AAF3, STM32MP135AAG3, STM32MP135CAE3, STM32MP135CAF3, STM32MP135CAG3, STM32MP135DAE7, STM32MP135DAF7, STM32MP135DAG7, STM32MP135F-DK, STM32MP135FAE7, STM32MP135FAF7, STM32MP135FAF7T, STM32MP135FAF7U, STM32MP135FAG7, STM32MP251AAI3, STM32MP251AAK3, STM32MP251AAL3, STM32MP251CAI3, STM32MP251CAK3, STM32MP251CAL3, STM32MP251DAI3, STM32MP251DAK3, STM32MP251DAL3, STM32MP251FAI3, STM32MP251FAK3, STM32MP251FAL3, STM32MP253AAI3, STM32MP253AAK3, STM32MP253AAL3, STM32MP253CAI3, STM32MP253CAK3, STM32MP253CAL3, STM32MP253DAI3, STM32MP253DAK3, STM32MP253DAL3, STM32MP253FAI3, STM32MP253FAK3, STM32MP253FAL3, STM32MP255AAI3, STM32MP255AAK3, STM32MP255AAL3, STM32MP255CAI3, STM32MP255CAK3, STM32MP255CAL3, STM32MP255DAI3, STM32MP255DAK3, STM32MP255DAL3, STM32MP255FAI3, STM32MP255FAK3, STM32MP255FAL3, STM32MP257AAI3, STM32MP257AAK3, STM32MP257AAL3, STM32MP257CAI3, STM32MP257CAK3, STM32MP257CAL3, STM32MP257DAI3, STM32MP257DAK3, STM32MP257DAL3, STM32MP257F-DK, STM32MP257F-EV1, STM32MP257FAI3, STM32MP257FAK3, STM32MP257FAL3, STM32U031C6T6, STM32U031C6U6, STM32U031C8T6, STM32U031C8U6, STM32U031F4P6, STM32U031F6P6, STM32U031F8P6, STM32U031G6Y6TR, STM32U031G8Y6TR, STM32U031K4U6, STM32U031K6U6, STM32U031K8U6, STM32U031R6I6, STM32U031R6T6, STM32U031R8I6, STM32U031R8T6, STM32U073C8T6, STM32U073C8U6, STM32U073CBT6, STM32U073CBU6, STM32U073CCT6, STM32U073CCU6, STM32U073H8Y6TR, STM32U073HBY6TR, STM32U073HCY6TR, STM32U073K8U6, STM32U073KBU6, STM32U073KCU6, STM32U073M8I6, STM32U073M8T6, STM32U073MBI6, STM32U073MBT6, STM32U073MCI6, STM32U073MCT6, STM32U073R8I6, STM32U073R8T6, STM32U073RBI6, STM32U073RBT6, STM32U073RCI6, STM32U073RCT6, STM32U083C-DK, STM32U083CCT6, STM32U083CCU6, STM32U083HCY6TR, STM32U083KCU6, STM32U083MCI6, STM32U083MCT6, STM32U083RCI6, STM32U083RCT6, STM32U535CBT6, STM32U535CBT6Q, STM32U535CBU6, STM32U535CBU6Q, STM32U535CCT6, STM32U535CCT6Q, STM32U535CCU6, STM32U535CCU6Q, STM32U535CET6, STM32U535CET6Q, STM32U535CEU6, STM32U535CEU6Q, STM32U535JEY6QTR, STM32U535NCY6QTR, STM32U535NEY6QTR, STM32U535RBI6, STM32U535RBI6Q, STM32U535RBT6, STM32U535RBT6Q, STM32U535RCI6, STM32U535RCI6Q, STM32U535RCT6, STM32U535RCT6Q, STM32U535REI6, STM32U535REI6Q, STM32U535RET6, STM32U535RET6Q, STM32U535VCI6, STM32U535VCI6Q, STM32U535VCT6, STM32U535VCT6Q, STM32U535VEI6, STM32U535VEI6Q, STM32U535VET6, STM32U535VET6Q, STM32U545CET6, STM32U545CET6Q, STM32U545CEU6, STM32U545CEU6Q, STM32U545JEY6QTR, STM32U545NEY6QTR, STM32U545REI6, STM32U545REI6Q, STM32U545RET6, STM32U545RET6Q, STM32U545VEI6, STM32U545VEI6Q, STM32U545VET6, STM32U545VET6Q, STM32U595AIH6, STM32U595AIH6Q, STM32U595AJH6, STM32U595AJH6Q, STM32U595QII6, STM32U595QII6Q, STM32U595QJI6, STM32U595QJI6Q, STM32U595RIT6, STM32U595RIT6Q, STM32U595RJT6, STM32U595RJT6Q, STM32U595VIT6, STM32U595VIT6Q, STM32U595VJT6, STM32U595VJT6Q, STM32U595ZIT6, STM32U595ZIT6Q, STM32U595ZIY6QTR, STM32U595ZJT6, STM32U595ZJT6Q, STM32U595ZJY6QTR, STM32U599BJY6QTR, STM32U599NIH6Q, STM32U599NJH6Q, STM32U599VIT6Q, STM32U599VJT6, STM32U599VJT6Q, STM32U599ZIT6Q, STM32U599ZIY6QTR, STM32U599ZJT6Q, STM32U599ZJY6QTR, STM32U5A5AJH6, STM32U5A5AJH6Q, STM32U5A5QII3Q , STM32U5A5QJI6, STM32U5A5QJI6Q, STM32U5A5RJT6, STM32U5A5RJT6Q, STM32U5A5VJT6, STM32U5A5VJT6Q, STM32U5A5ZJT6, STM32U5A5ZJT6Q, STM32U5A5ZJY6QTR, STM32U5A9BJY6QTR, STM32U5A9J-DK, STM32U5A9NJH6Q, STM32U5A9VJT6Q, STM32U5A9ZJT6Q, STM32U5A9ZJY6QTR, STM32U5F7VIT6, STM32U5F7VIT6Q, STM32U5F7VJT6, STM32U5F7VJT6Q, STM32U5F9BJY6QTR, STM32U5F9NJH6Q, STM32U5F9VIT6Q, STM32U5F9VJT6Q, STM32U5F9ZIJ6QTR, STM32U5F9ZIT6Q, STM32U5F9ZJJ6QTR, STM32U5F9ZJT6Q, STM32U5G7VJT6, STM32U5G7VJT6Q, STM32U5G9BJY6QTR, STM32U5G9J-DK1, STM32U5G9J-DK2, STM32U5G9NJH6Q, STM32U5G9VJT6Q, STM32U5G9ZJJ6QTR, STM32U5G9ZJT6Q, STM32WB05KZV6TR, STM32WB05KZV7TR, STM32WB05TZF6TR, STM32WB05TZF7TR, STM32WB06CCF6TR, STM32WB06CCF7TR, STM32WB06CCV6TR, STM32WB06CCV7TR, STM32WB06KCV6TR, STM32WB06KCV7TR, STM32WB07CCF6TR, STM32WB07CCF7TR, STM32WB07CCV6TR, STM32WB07CCV7TR, STM32WB07KCV6TR, STM32WB07KCV7TR, STM32WB09KEV6TR, STM32WB09KEV7TR, STM32WB09TEF6TR, STM32WB09TEF7TR, STM32WB1MMCH6, STM32WBA50KGU6, STM32WBA50KGU6TR, STM32WBA52CEU6, STM32WBA52CEU6TR, STM32WBA52CEU7, STM32WBA52CEU7TR, STM32WBA52CGU6, STM32WBA52CGU6TR, STM32WBA52CGU6U, STM32WBA52CGU7, STM32WBA52CGU7TR, STM32WBA52KEU6, STM32WBA52KEU6TR, STM32WBA52KGU6, STM32WBA52KGU6TR, STM32WBA54CEU6, STM32WBA54CEU6TR, STM32WBA54CEU7, STM32WBA54CEU7TR, STM32WBA54CGU6, STM32WBA54CGU6TR, STM32WBA54CGU7, STM32WBA54CGU7TR, STM32WBA54KEU6, STM32WBA54KEU6TR, STM32WBA54KEU7, STM32WBA54KEU7TR, STM32WBA54KGU6, STM32WBA54KGU6TR, STM32WBA54KGU7, STM32WBA54KGU7TR, STM32WBA55CEU6, STM32WBA55CEU6TR, STM32WBA55CEU7, STM32WBA55CEU7TR, STM32WBA55CGU6, STM32WBA55CGU6TR, STM32WBA55CGU6U, STM32WBA55CGU7, STM32WBA55CGU7TR, STM32WBA55G-DK1, STM32WBA55HEF6, STM32WBA55HEF7, STM32WBA55HGF6, STM32WBA55HGF7, STM32WBA55UEI6, STM32WBA55UEI6TR, STM32WBA55UEI7, STM32WBA55UEI7TR, STM32WBA55UGI6, STM32WBA55UGI6TR, STM32WBA55UGI7, STM32WBA55UGI7TR, STM32WL5MOCH6, STM32WL5MOCH6TR]
2025-02-01 10:56:24,865 [INFO] BoardInfo:889 - No configuration file found for board P-NUCLEO-WB55
2025-02-01 10:56:24,866 [INFO] DbBoards:161 - Kit is not supported: P-NUCLEO-WB55
2025-02-01 10:56:24,875 [INFO] BoardInfo:889 - No configuration file found for board STEVAL-BFA001V1B
2025-02-01 10:56:24,875 [INFO] DbBoards:161 - Kit is not supported: STEVAL-BFA001V1B
2025-02-01 10:56:24,877 [INFO] BoardInfo:889 - No configuration file found for board STEVAL-BFA001V2B
2025-02-01 10:56:24,877 [INFO] DbBoards:161 - Kit is not supported: STEVAL-BFA001V2B
2025-02-01 10:56:25,106 [INFO] DbBoards:168 - Found 201 boards, 198 are supported
2025-02-01 10:56:25,107 [INFO] DbBoards:169 - Found 201 boards, 25 of them is supported for  Bsp
2025-02-01 10:56:25,110 [INFO] ApiDb:423 - Load user favorites file C:\Users\mridu/.stm32cubeide/favorites.boards.txt: 0 item(s)
2025-02-01 10:56:25,110 [INFO] ApiDb:427 - User favorites Boards=[]
2025-02-01 10:56:25,110 [INFO] DbBoards:198 - Set 0 / 0 favorites Boards
2025-02-01 10:56:25,136 [ERROR] TargetSelectorAdapter:267 - Unable to refresh data
2025-02-01 10:56:30,010 [INFO] McuFinderGlobals:76 - Set McuFinderConnectedMode to true
2025-02-01 10:56:30,028 [INFO] MultiScanPanel:200 - Auto-refresh data requested => check proxy status ongoing
2025-02-01 10:56:30,034 [INFO] FinderPluginLoader:95 - Searching for filters in installed packs
2025-02-01 10:56:32,353 [INFO] ServerAccessManage:473 - Download File 
2025-02-01 10:56:32,372 [INFO] LoadUrlFilesThread:185 - End of LoadServerUrlFiles without Thread
2025-02-01 10:56:32,412 [INFO] DetailPanel:341 - Set advertising image to C:/Users/mridu/STM32Cube/Repository/\en.prom-stm32n6-mcu-finder.png
2025-02-01 10:56:36,179 [INFO] McuFinderGlobals:76 - Set McuFinderConnectedMode to true
2025-02-01 10:56:36,573 [INFO] ApiDb:448 - Save user favorites file C:\Users\mridu/.stm32cubeide/favorites.mcus.txt: 0 item(s)
2025-02-01 10:56:36,574 [INFO] ApiDb:452 - User favorites MCUs=[]
2025-02-01 11:39:17,562 [INFO] WebApp:189 - Connection lost
2025-02-01 11:39:17,781 [INFO] WebApp:186 - Connection restablished
2025-02-01 11:51:36,496 [WARN] IP:2191 - I2C_Coeff_DF not found: check if there is a RefParameter without a condition.
2025-02-01 11:51:36,496 [WARN] IP:2191 - Analog_Filter not found: check if there is a RefParameter without a condition.
2025-02-01 11:51:36,519 [WARN] IP:2191 - I2C_Coeff_DF not found: check if there is a RefParameter without a condition.
2025-02-01 11:51:36,519 [WARN] IP:2191 - Analog_Filter not found: check if there is a RefParameter without a condition.
2025-02-01 11:51:36,519 [WARN] IP:2191 - I2C_Coeff_DF not found: check if there is a RefParameter without a condition.
2025-02-01 11:51:36,519 [WARN] IP:2191 - Analog_Filter not found: check if there is a RefParameter without a condition.
2025-02-01 11:51:36,733 [WARN] IP:2191 - I2C_Coeff_DF not found: check if there is a RefParameter without a condition.
2025-02-01 11:51:36,734 [WARN] IP:2191 - Analog_Filter not found: check if there is a RefParameter without a condition.
2025-02-01 11:51:36,737 [WARN] IP:2191 - I2C_Coeff_DF not found: check if there is a RefParameter without a condition.
2025-02-01 11:51:36,737 [WARN] IP:2191 - Analog_Filter not found: check if there is a RefParameter without a condition.
2025-02-01 11:51:51,215 [INFO] NvicIntPanel:101 - NVIC parent = com.st.microxplorer.plugins.ip.nvic.MultiNvicIntPanel[,0,0,450x223,layout=javax.swing.BoxLayout,alignmentX=0.0,alignmentY=0.0,border=,flags=9,maximumSize=,minimumSize=,preferredSize=]
2025-02-01 11:52:06,489 [INFO] UtilMem:75 - End SaveConfig() Used Memory: 770266232 Bytes (1073741824)
2025-02-01 11:52:25,745 [INFO] UtilMem:75 - End SaveConfig() Used Memory: 686488088 Bytes (1073741824)
2025-02-01 11:53:23,652 [WARN] IP:2191 - I2C_Coeff_DF not found: check if there is a RefParameter without a condition.
2025-02-01 11:53:23,653 [WARN] IP:2191 - Analog_Filter not found: check if there is a RefParameter without a condition.
2025-02-01 11:53:52,238 [INFO] UtilMem:75 - End SaveConfig() Used Memory: 870654000 Bytes (1073741824)
2025-02-01 11:54:15,672 [WARN] IP:2191 - I2C_Coeff_DF not found: check if there is a RefParameter without a condition.
2025-02-01 11:54:15,672 [WARN] IP:2191 - Analog_Filter not found: check if there is a RefParameter without a condition.
2025-02-01 11:54:17,318 [WARN] IP:2191 - I2C_Coeff_DF not found: check if there is a RefParameter without a condition.
2025-02-01 11:54:17,319 [WARN] IP:2191 - Analog_Filter not found: check if there is a RefParameter without a condition.
2025-02-01 11:54:44,741 [WARN] IP:2191 - I2C_Coeff_DF not found: check if there is a RefParameter without a condition.
2025-02-01 11:54:44,741 [WARN] IP:2191 - Analog_Filter not found: check if there is a RefParameter without a condition.
2025-02-01 11:54:44,741 [WARN] IP:2191 - I2C_Coeff_DF not found: check if there is a RefParameter without a condition.
2025-02-01 11:54:44,741 [WARN] IP:2191 - Analog_Filter not found: check if there is a RefParameter without a condition.
2025-02-01 11:54:44,820 [WARN] IP:2191 - I2C_Coeff_DF not found: check if there is a RefParameter without a condition.
2025-02-01 11:54:44,820 [WARN] IP:2191 - Analog_Filter not found: check if there is a RefParameter without a condition.
2025-02-01 11:54:56,636 [INFO] UtilMem:75 - End SaveConfig() Used Memory: 802862104 Bytes (1073741824)
2025-02-01 11:55:00,386 [INFO] UtilMem:75 - End SaveConfig() Used Memory: 835367960 Bytes (1073741824)
2025-02-01 11:55:03,367 [INFO] UtilMem:75 - End SaveConfig() Used Memory: 915581976 Bytes (1073741824)
2025-02-01 11:55:29,215 [INFO] MainUpdater:2873 - connection check result : 10
2025-02-01 11:55:29,215 [INFO] MainUpdater:2873 - connection check result : 10
2025-02-01 11:55:29,299 [INFO] MicroXplorer:468 - Change Database Path : 
2025-02-01 11:55:29,299 [INFO] MicroXplorer:498 - Change Database Version : DB.6.0.121
2025-02-01 11:55:29,316 [ERROR] ProjectManagerView:394 - 
java.lang.NullPointerException: Cannot invoke "javax.swing.JTextField.getText()" because the return value of "java.util.List.get(int)" is null
	at com.st.microxplorer.plugins.projectmanager.gui.ProjectChoiceTab$10.caretUpdate(ProjectChoiceTab.java:2622) ~[filemanager.jar:?]
	at javax.swing.text.JTextComponent.fireCaretUpdate(JTextComponent.java:412) ~[?:?]
	at javax.swing.text.JTextComponent$MutableCaretEvent.fire(JTextComponent.java:4491) ~[?:?]
	at javax.swing.text.JTextComponent$MutableCaretEvent.stateChanged(JTextComponent.java:4513) ~[?:?]
	at javax.swing.text.DefaultCaret.fireStateChanged(DefaultCaret.java:842) ~[?:?]
	at javax.swing.text.DefaultCaret.changeCaretPosition(DefaultCaret.java:1313) ~[?:?]
	at javax.swing.text.DefaultCaret.handleSetDot(DefaultCaret.java:1212) ~[?:?]
	at javax.swing.text.DefaultCaret.setDot(DefaultCaret.java:1193) ~[?:?]
	at javax.swing.text.DefaultCaret$Handler.insertUpdate(DefaultCaret.java:1789) ~[?:?]
	at javax.swing.text.AbstractDocument.fireInsertUpdate(AbstractDocument.java:226) ~[?:?]
	at javax.swing.text.AbstractDocument.handleInsertString(AbstractDocument.java:780) ~[?:?]
	at javax.swing.text.AbstractDocument.insertString(AbstractDocument.java:739) ~[?:?]
	at javax.swing.text.PlainDocument.insertString(PlainDocument.java:131) ~[?:?]
	at javax.swing.text.AbstractDocument.replace(AbstractDocument.java:698) ~[?:?]
	at javax.swing.text.JTextComponent.setText(JTextComponent.java:1729) ~[?:?]
	at com.st.microxplorer.plugins.projectmanager.gui.ProjectChoiceTab.createHeapStackFields(ProjectChoiceTab.java:972) ~[filemanager.jar:?]
	at com.st.microxplorer.plugins.projectmanager.gui.ProjectChoiceTab.buildLinkSettingsPanel(ProjectChoiceTab.java:3597) ~[filemanager.jar:?]
	at com.st.microxplorer.plugins.projectmanager.gui.ProjectChoiceTab.defineWindowsFields(ProjectChoiceTab.java:1940) ~[filemanager.jar:?]
	at com.st.microxplorer.plugins.projectmanager.gui.ProjectChoiceTab.updateSettings(ProjectChoiceTab.java:550) ~[filemanager.jar:?]
	at com.st.microxplorer.plugins.projectmanager.gui.ProjectSettingsPanel.UpdateDialog(ProjectSettingsPanel.java:245) ~[filemanager.jar:?]
	at com.st.microxplorer.plugins.projectmanager.ProjectManagerView.propertyChange(ProjectManagerView.java:391) ~[filemanager.jar:?]
	at java.beans.PropertyChangeSupport.fire(PropertyChangeSupport.java:343) ~[?:?]
	at java.beans.PropertyChangeSupport.firePropertyChange(PropertyChangeSupport.java:335) ~[?:?]
	at java.beans.PropertyChangeSupport.firePropertyChange(PropertyChangeSupport.java:268) ~[?:?]
	at com.st.microxplorer.util.MXPropertyChangeSupport.firePropertyChange(MXPropertyChangeSupport.java:54) ~[STM32CubeMX.jar:?]
	at com.st.microxplorer.mxsystem.MxSystem.closeConfig(MxSystem.java:900) ~[STM32CubeMX.jar:?]
	at com.st.microxplorer.maingui.MainPanel.closeConfig(MainPanel.java:781) ~[STM32CubeMX.jar:?]
	at com.st.microxplorer.plugins.filemanager.engine.OpenFileManager.loadConfigurationFile(OpenFileManager.java:265) ~[filemanager.jar:?]
	at com.st.microxplorer.plugins.filemanager.engine.MainFileManager.userLoadConfig(MainFileManager.java:352) ~[filemanager.jar:?]
	at com.st.microxplorer.plugins.filemanager.engine.MainFileManager.userLoadConfig(MainFileManager.java:330) ~[filemanager.jar:?]
	at com.st.microxplorer.plugins.filemanager.FileManagerView.getSpecificTask(FileManagerView.java:246) ~[filemanager.jar:?]
	at com.st.stm32cube.common.mx.editor.CubeMxEditor.getMxTabbedPaneInstance(CubeMxEditor.java:1198) ~[com.st.stm32cube.common.mx_6.12.1.202409122256/:?]
	at com.st.stm32cube.common.mx.editor.CubeMxEditor$12$1.createSwingComponent(CubeMxEditor.java:1068) ~[com.st.stm32cube.common.mx_6.12.1.202409122256/:?]
	at com.st.stm32cube.common.mx.oss.core.awtswtbridge.EmbeddedSwingComposite.doComponentCreation(EmbeddedSwingComposite.java:492) ~[com.st.stm32cube.common.mx.oss_6.12.1.202409122256/:?]
	at com.st.stm32cube.common.mx.oss.core.awtswtbridge.EmbeddedSwingComposite$4.run(EmbeddedSwingComposite.java:291) ~[com.st.stm32cube.common.mx.oss_6.12.1.202409122256/:?]
	at com.st.stm32cube.common.mx.oss.core.awtswtbridge.AwtEnvironment$2.run(AwtEnvironment.java:166) ~[com.st.stm32cube.common.mx.oss_6.12.1.202409122256/:?]
	at java.awt.event.InvocationEvent.dispatch(InvocationEvent.java:318) ~[?:?]
	at java.awt.EventQueue.dispatchEventImpl(EventQueue.java:773) ~[?:?]
	at java.awt.EventQueue$4.run(EventQueue.java:720) ~[?:?]
	at java.awt.EventQueue$4.run(EventQueue.java:714) ~[?:?]
	at java.security.AccessController.doPrivileged(AccessController.java:399) ~[?:?]
	at java.security.ProtectionDomain$JavaSecurityAccessImpl.doIntersectionPrivilege(ProtectionDomain.java:86) ~[?:?]
	at java.awt.EventQueue.dispatchEvent(EventQueue.java:742) ~[?:?]
	at java.awt.EventDispatchThread.pumpOneEventForFilters(EventDispatchThread.java:203) ~[?:?]
	at java.awt.EventDispatchThread.pumpEventsForFilter(EventDispatchThread.java:124) ~[?:?]
	at java.awt.EventDispatchThread.pumpEventsForHierarchy(EventDispatchThread.java:113) ~[?:?]
	at java.awt.EventDispatchThread.pumpEvents(EventDispatchThread.java:109) ~[?:?]
	at java.awt.EventDispatchThread.pumpEvents(EventDispatchThread.java:101) ~[?:?]
	at java.awt.EventDispatchThread.run(EventDispatchThread.java:90) ~[?:?]
2025-02-01 11:55:29,332 [WARN] ThirdParty:871 - waiting for thirdparty lock release [close project]
2025-02-01 11:55:29,333 [INFO] ThirdParty:873 - entering critical section [close project]
2025-02-01 11:55:29,333 [INFO] ThirdParty:883 - exiting critical section [close project]
2025-02-01 11:55:29,334 [INFO] PinOutPanel:1561 - setPackage(No Configuration,No Configuration)
2025-02-01 11:55:29,341 [INFO] UtilMem:75 - Begin LoadConfig() Used Memory: 731196536 Bytes (1073741824)
2025-02-01 11:55:29,348 [INFO] MicroXplorer:468 - Change Database Path : C:/Users/mridu/.stm32cubemx/databases/DB.6.0.120/db/
2025-02-01 11:55:29,348 [INFO] MicroXplorer:498 - Change Database Version : DB.6.0.120
2025-02-01 11:55:31,985 [INFO] OpenFileManager:332 - Change cursor
2025-02-01 11:55:32,020 [INFO] RulesReader:64 - Compatibility file has been processed (297 Rules)
2025-02-01 11:55:32,025 [INFO] Mcu:2032 - Initializing MCU STM32F103R(C-D-E)Tx STM32F103RCTx STM32F103RCT6
2025-02-01 11:55:33,194 [INFO] Context:742 - Trying to add GPIOservice into a context  which must be forbidden
2025-02-01 11:55:33,425 [INFO] RtosManager:555 - Registered RTOS mode: class=CMSIS, group=RTOS, mode=CMSIS_V1, owner=FREERTOS
2025-02-01 11:55:33,425 [INFO] RtosManager:555 - Registered RTOS mode: class=CMSIS, group=RTOS2, mode=CMSIS_V2, owner=FREERTOS
2025-02-01 11:55:33,425 [INFO] RtosManager:555 - Registered RTOS mode: class=RTOS, group=Core, mode=CMSIS_V1, owner=FREERTOS
2025-02-01 11:55:33,425 [INFO] RtosManager:555 - Registered RTOS mode: class=RTOS, group=Core, mode=CMSIS_V2, owner=FREERTOS
2025-02-01 11:55:33,425 [WARN] ModelIntegratedComponent:184 - Missing modes for component STMicroelectronics:FreeRTOS:0.0.1:STMicroelectronics:RTOS:FreeRTOS:Core:::10.2.0:
2025-02-01 11:55:33,431 [WARN] ModelIntegratedComponent:63 - No mode defined for component null
2025-02-01 11:55:33,431 [WARN] ModelIntegratedComponent:63 - No mode defined for component null
2025-02-01 11:55:33,431 [WARN] ModelIntegratedComponent:63 - No mode defined for component null
2025-02-01 11:55:33,431 [WARN] ModelIntegratedComponent:63 - No mode defined for component null
2025-02-01 11:55:33,431 [WARN] ModelIntegratedComponent:63 - No mode defined for component null
2025-02-01 11:55:33,431 [WARN] ModelIntegratedComponent:63 - No mode defined for component null
2025-02-01 11:55:33,431 [WARN] ModelIntegratedComponent:63 - No mode defined for component null
2025-02-01 11:55:33,431 [WARN] ModelIntegratedComponent:63 - No mode defined for component null
2025-02-01 11:55:33,431 [WARN] ModelIntegratedComponent:63 - No mode defined for component null
2025-02-01 11:55:33,432 [WARN] ModelIntegratedComponent:63 - No mode defined for component null
2025-02-01 11:55:33,432 [WARN] ModelIntegratedComponent:63 - No mode defined for component null
2025-02-01 11:55:33,432 [WARN] ModelIntegratedComponent:63 - No mode defined for component null
2025-02-01 11:55:33,432 [WARN] ModelIntegratedComponent:63 - No mode defined for component null
2025-02-01 11:55:33,432 [WARN] ModelIntegratedComponent:63 - No mode defined for component null
2025-02-01 11:55:33,432 [WARN] ModelIntegratedComponent:63 - No mode defined for component null
2025-02-01 11:55:33,432 [WARN] ModelIntegratedComponent:63 - No mode defined for component null
2025-02-01 11:55:33,432 [WARN] ModelIntegratedComponent:63 - No mode defined for component null
2025-02-01 11:55:33,432 [WARN] ModelIntegratedComponent:63 - No mode defined for component null
2025-02-01 11:55:33,432 [WARN] ModelIntegratedComponent:63 - No mode defined for component null
2025-02-01 11:55:33,432 [WARN] ModelIntegratedComponent:63 - No mode defined for component null
2025-02-01 11:55:33,432 [WARN] ModelIntegratedComponent:63 - No mode defined for component null
2025-02-01 11:55:33,432 [WARN] ModelIntegratedComponent:63 - No mode defined for component null
2025-02-01 11:55:33,432 [WARN] ModelIntegratedComponent:63 - No mode defined for component null
2025-02-01 11:55:33,432 [WARN] ModelIntegratedComponent:63 - No mode defined for component null
2025-02-01 11:55:33,432 [WARN] ModelIntegratedComponent:63 - No mode defined for component null
2025-02-01 11:55:33,432 [WARN] ModelIntegratedComponent:63 - No mode defined for component null
2025-02-01 11:55:33,432 [WARN] ModelIntegratedComponent:63 - No mode defined for component null
2025-02-01 11:55:33,432 [WARN] ModelIntegratedComponent:63 - No mode defined for component null
2025-02-01 11:55:33,432 [WARN] ModelIntegratedComponent:63 - No mode defined for component null
2025-02-01 11:55:33,432 [WARN] ModelIntegratedComponent:63 - No mode defined for component null
2025-02-01 11:55:33,432 [WARN] ModelIntegratedComponent:63 - No mode defined for component null
2025-02-01 11:55:33,432 [WARN] ModelIntegratedComponent:63 - No mode defined for component null
2025-02-01 11:55:33,432 [WARN] ModelIntegratedComponent:63 - No mode defined for component null
2025-02-01 11:55:33,432 [WARN] ModelIntegratedComponent:63 - No mode defined for component null
2025-02-01 11:55:33,432 [WARN] ModelIntegratedComponent:63 - No mode defined for component null
2025-02-01 11:55:33,432 [WARN] ModelPack:524 - Component already loaded: STMicroelectronics:HAL Drivers:0.0.0:STMicroelectronics:Device:STMicro_Driver:XSPI:HAL::0.0.1:HAL_XSPI
2025-02-01 11:55:33,494 [INFO] ThirdPartyModel:298 - Start build external matchings
2025-02-01 11:55:33,789 [INFO] ThirdPartyModel:316 - End build external matchings
2025-02-01 11:55:33,797 [INFO] RtosManager:919 - Current active RTOS is FREERTOS [Cortex-M3NS]
2025-02-01 11:55:33,799 [INFO] ImportTextPane:205 - (OptionalMessage_ERROR) IP (DMA) : Parameter (Instance) has Id (USART1_TX) currently not set
2025-02-01 11:55:33,799 [INFO] ImportTextPane:205 - (OptionalMessage_ERROR) IP (DMA) : Parameter (Direction) has Id (USART1_TX) currently not set
2025-02-01 11:55:33,799 [INFO] ImportTextPane:205 - (OptionalMessage_ERROR) IP (DMA) : Parameter (PeriphInc) has Id (USART1_TX) currently not set
2025-02-01 11:55:33,799 [INFO] ImportTextPane:205 - (OptionalMessage_ERROR) IP (DMA) : Parameter (MemInc) has Id (USART1_TX) currently not set
2025-02-01 11:55:33,799 [INFO] ImportTextPane:205 - (OptionalMessage_ERROR) IP (DMA) : Parameter (PeriphDataAlignment) has Id (USART1_TX) currently not set
2025-02-01 11:55:33,799 [INFO] ImportTextPane:205 - (OptionalMessage_ERROR) IP (DMA) : Parameter (MemDataAlignment) has Id (USART1_TX) currently not set
2025-02-01 11:55:33,799 [INFO] ImportTextPane:205 - (OptionalMessage_ERROR) IP (DMA) : Parameter (Mode) has Id (USART1_TX) currently not set
2025-02-01 11:55:33,799 [INFO] ImportTextPane:205 - (OptionalMessage_ERROR) IP (DMA) : Parameter (Priority) has Id (USART1_TX) currently not set
2025-02-01 11:55:33,801 [INFO] ImportTextPane:205 - (OptionalMessage_ERROR) IP (RCC) : Parameter (ADCFreqValue) has invalid value (36000000)
2025-02-01 11:55:33,801 [INFO] ImportTextPane:205 - (OptionalMessage_ERROR) IP (RCC) : Invalid parameter (FamilyName)
2025-02-01 11:55:33,801 [INFO] ImportTextPane:205 - (OptionalMessage_ERROR) IP (RCC) : Parameter (MCOFreq_Value) has invalid value (72000000)
2025-02-01 11:55:33,802 [INFO] ImportTextPane:205 - (OptionalMessage_ERROR) IP (RCC) : Parameter (USBFreq_Value) has invalid value (72000000)
2025-02-01 11:55:34,301 [INFO] UtilMem:75 - End LoadConfig() Used Memory: 725412856 Bytes (1073741824)
2025-02-01 11:55:34,484 [WARN] ThirdParty:833 - waiting for thirdparty lock release [change project]
2025-02-01 11:55:34,484 [INFO] ThirdParty:835 - entering critical section [change project]
2025-02-01 11:55:34,484 [INFO] ThirdParty:1030 - CMSIS Pack Vendor :STMicroelectronics USBPD 4.1
2025-02-01 11:55:34,484 [INFO] ThirdParty:1030 - CMSIS Pack Vendor :STMicroelectronics X-CUBE-AZRTOS-H7 3.3.0
2025-02-01 11:55:34,484 [INFO] ThirdParty:1030 - CMSIS Pack Vendor :STMicroelectronics USB_HOST 2.0.0
2025-02-01 11:55:34,484 [INFO] ThirdParty:1030 - CMSIS Pack Vendor :STMicroelectronics FP-SNS-MOTENVWB1 1.4.0
2025-02-01 11:55:34,484 [INFO] ThirdParty:1030 - CMSIS Pack Vendor :STMicroelectronics X-CUBE-AZRTOS-F4 1.1.0
2025-02-01 11:55:34,484 [INFO] ThirdParty:1030 - CMSIS Pack Vendor :STMicroelectronics LIBJPEG 8.0.0
2025-02-01 11:55:34,484 [INFO] ThirdParty:1030 - CMSIS Pack Vendor :STMicroelectronics FP-ATR-ASTRA1 2.0.1
2025-02-01 11:55:34,484 [INFO] ThirdParty:1030 - CMSIS Pack Vendor :STMicroelectronics X-CUBE-SMBUS 2.1.0
2025-02-01 11:55:34,484 [INFO] ThirdParty:1030 - CMSIS Pack Vendor :STMicroelectronics X-CUBE-WB05N 1.1.0
2025-02-01 11:55:34,484 [INFO] ThirdParty:1030 - CMSIS Pack Vendor :STMicroelectronics USB_DEVICE 3.0.0
2025-02-01 11:55:34,484 [INFO] ThirdParty:1030 - CMSIS Pack Vendor :STMicroelectronics X-CUBE-TCPP 4.1.0
2025-02-01 11:55:34,484 [INFO] ThirdParty:1030 - CMSIS Pack Vendor :STMicroelectronics X-CUBE-FREERTOS 1.2.0
2025-02-01 11:55:34,485 [INFO] ThirdParty:1030 - CMSIS Pack Vendor :STMicroelectronics X-CUBE-IPS 3.0.0
2025-02-01 11:55:34,485 [INFO] ThirdParty:1030 - CMSIS Pack Vendor :STMicroelectronics X-CUBE-AZRTOS-WB 2.0.0
2025-02-01 11:55:34,485 [INFO] ThirdParty:1030 - CMSIS Pack Vendor :STMicroelectronics X-CUBE-GNSS1 7.0.0
2025-02-01 11:55:34,485 [INFO] ThirdParty:1030 - CMSIS Pack Vendor :STMicroelectronics X-CUBE-GNSS1 7.0.1
2025-02-01 11:55:34,485 [INFO] ThirdParty:1030 - CMSIS Pack Vendor :STMicroelectronics X-CUBE-AZRTOS-F7 1.1.0
2025-02-01 11:55:34,485 [INFO] ThirdParty:1030 - CMSIS Pack Vendor :STMicroelectronics X-CUBE-AZRTOS-L5 2.0.0
2025-02-01 11:55:34,485 [INFO] ThirdParty:1030 - CMSIS Pack Vendor :STMicroelectronics USB_DEVICE 2.0.0
2025-02-01 11:55:34,485 [INFO] ThirdParty:1030 - CMSIS Pack Vendor :STMicroelectronics X-CUBE-NFC6 3.1.0
2025-02-01 11:55:34,485 [INFO] ThirdParty:1030 - CMSIS Pack Vendor :STMicroelectronics X-CUBE-MEMS1 11.0.0
2025-02-01 11:55:34,485 [INFO] ThirdParty:1030 - CMSIS Pack Vendor :STMicroelectronics FreeRTOS 0.0.1
2025-02-01 11:55:34,485 [INFO] ThirdParty:1030 - CMSIS Pack Vendor :STMicroelectronics X-CUBE-AZRTOS-G0 1.1.0
2025-02-01 11:55:34,485 [INFO] ThirdParty:1030 - CMSIS Pack Vendor :STMicroelectronics X-CUBE-SAFEA1 1.2.2
2025-02-01 11:55:34,485 [INFO] ThirdParty:1030 - CMSIS Pack Vendor :STMicroelectronics X-CUBE-NFC4 3.0.0
2025-02-01 11:55:34,485 [INFO] ThirdParty:1030 - CMSIS Pack Vendor :STMicroelectronics X-CUBE-SUBG2 5.0.0
2025-02-01 11:55:34,485 [INFO] ThirdParty:1030 - CMSIS Pack Vendor :STMicroelectronics STM32_WPAN 1.0.0
2025-02-01 11:55:34,485 [INFO] ThirdParty:1030 - CMSIS Pack Vendor :EmbeddedOffice I-CUBE-FS-RTOS 1.0.1
2025-02-01 11:55:34,485 [INFO] ThirdParty:1030 - CMSIS Pack Vendor :STMicroelectronics lwIP 2.0.3
2025-02-01 11:55:34,485 [INFO] ThirdParty:1030 - CMSIS Pack Vendor :STMicroelectronics FP-SNS-FLIGHT1 5.0.2
2025-02-01 11:55:34,485 [INFO] ThirdParty:1030 - CMSIS Pack Vendor :Cesanta I-CUBE-Mongoose 7.13.0
2025-02-01 11:55:34,485 [INFO] ThirdParty:1030 - CMSIS Pack Vendor :STMicroelectronics USB_HOST 1.0.0
2025-02-01 11:55:34,485 [INFO] ThirdParty:1030 - CMSIS Pack Vendor :STMicroelectronics X-CUBE-AZRTOS-G4 2.0.0
2025-02-01 11:55:34,485 [INFO] ThirdParty:1030 - CMSIS Pack Vendor :STMicroelectronics PDM2PCM 3.1.0
2025-02-01 11:55:34,485 [INFO] ThirdParty:1030 - CMSIS Pack Vendor :STMicroelectronics PDM2PCM 3.3.0
2025-02-01 11:55:34,485 [INFO] ThirdParty:1030 - CMSIS Pack Vendor :STMicroelectronics X-CUBE-DISPLAY 3.0.0
2025-02-01 11:55:34,485 [INFO] ThirdParty:1030 - CMSIS Pack Vendor :RealThread X-CUBE-RT-Thread_Nano 4.1.1
2025-02-01 11:55:34,485 [INFO] ThirdParty:1030 - CMSIS Pack Vendor :STMicroelectronics X-CUBE-BLE1 7.0.0
2025-02-01 11:55:34,485 [INFO] ThirdParty:1030 - CMSIS Pack Vendor :STMicroelectronics FP-ATR-SIGFOX1 3.2.0
2025-02-01 11:55:34,485 [INFO] ThirdParty:1030 - CMSIS Pack Vendor :quantropi X-CUBE-qispace-sdk-base 1.9.3
2025-02-01 11:55:34,485 [INFO] ThirdParty:1030 - CMSIS Pack Vendor :STMicroelectronics X-CUBE-BLEMGR 4.0.0
2025-02-01 11:55:34,485 [INFO] ThirdParty:1030 - CMSIS Pack Vendor :STMicroelectronics X-CUBE-EEPRMA1 5.1.0
2025-02-01 11:55:34,485 [INFO] ThirdParty:1030 - CMSIS Pack Vendor :STMicroelectronics HAL Drivers 0.0.0
2025-02-01 11:55:34,485 [INFO] ThirdParty:1030 - CMSIS Pack Vendor :STMicroelectronics MBEDTLS 2.16.2
2025-02-01 11:55:34,485 [INFO] ThirdParty:1030 - CMSIS Pack Vendor :STMicroelectronics X-CUBE-ALS 1.0.2
2025-02-01 11:55:34,485 [INFO] ThirdParty:1030 - CMSIS Pack Vendor :emotas I-CUBE-CANOPEN 1.3.0
2025-02-01 11:55:34,486 [INFO] ThirdParty:1030 - CMSIS Pack Vendor :STMicroelectronics X-CUBE-FREERTOS 1.3.0
2025-02-01 11:55:34,486 [INFO] ThirdParty:1030 - CMSIS Pack Vendor :wolfSSL I-CUBE-wolfSSL 5.7.4
2025-02-01 11:55:34,486 [INFO] ThirdParty:1030 - CMSIS Pack Vendor :STMicroelectronics X-CUBE-NFC7 1.0.1
2025-02-01 11:55:34,486 [INFO] ThirdParty:1030 - CMSIS Pack Vendor :STMicroelectronics MBEDTLS 2.14.1
2025-02-01 11:55:34,486 [INFO] ThirdParty:1030 - CMSIS Pack Vendor :ITTIA_DB I-CUBE-ITTIADB 8.9.0
2025-02-01 11:55:34,486 [INFO] ThirdParty:1030 - CMSIS Pack Vendor :STMicroelectronics X-CUBE-TOUCHGFX 4.24.2
2025-02-01 11:55:34,486 [INFO] ThirdParty:1030 - CMSIS Pack Vendor :STMicroelectronics X-CUBE-TOUCHGFX 4.24.1
2025-02-01 11:55:34,486 [INFO] ThirdParty:1030 - CMSIS Pack Vendor :wolfSSL I-CUBE-wolfTPM 3.4.0
2025-02-01 11:55:34,486 [INFO] ThirdParty:1030 - CMSIS Pack Vendor :portGmbH I-Cube-SoM-uGOAL 1.1.0
2025-02-01 11:55:34,486 [INFO] ThirdParty:1030 - CMSIS Pack Vendor :STMicroelectronics X-CUBE-BLEMGR 3.1.0
2025-02-01 11:55:34,486 [INFO] ThirdParty:1030 - CMSIS Pack Vendor :STMicroelectronics X-CUBE-AI 10.0.0
2025-02-01 11:55:34,486 [INFO] ThirdParty:1030 - CMSIS Pack Vendor :STMicroelectronics ThreadX 1.0.0
2025-02-01 11:55:34,486 [INFO] ThirdParty:1030 - CMSIS Pack Vendor :STMicroelectronics FP-SNS-SMARTAG2 1.2.0
2025-02-01 11:55:34,486 [INFO] ThirdParty:1030 - CMSIS Pack Vendor :STMicroelectronics X-CUBE-MEMS1 11.1.0
2025-02-01 11:55:34,486 [INFO] ThirdParty:1030 - CMSIS Pack Vendor :STMicroelectronics X-CUBE-AZRTOS-WL 2.0.0
2025-02-01 11:55:34,486 [INFO] ThirdParty:1030 - CMSIS Pack Vendor :SEGGER I-CUBE-embOS 1.3.1
2025-02-01 11:55:34,486 [INFO] ThirdParty:1030 - CMSIS Pack Vendor :STMicroelectronics X-CUBE-ALGOBUILD 1.4.0
2025-02-01 11:55:34,486 [INFO] ThirdParty:1030 - CMSIS Pack Vendor :STMicroelectronics FP-SNS-MOTENV1 5.0.0
2025-02-01 11:55:34,486 [INFO] ThirdParty:1030 - CMSIS Pack Vendor :STMicroelectronics USB_DEVICE 1.0.0
2025-02-01 11:55:34,486 [INFO] ThirdParty:1030 - CMSIS Pack Vendor :STMicroelectronics X-CUBE-AZRTOS-H7RS 1.0.0
2025-02-01 11:55:34,486 [INFO] ThirdParty:1030 - CMSIS Pack Vendor :wolfSSL I-CUBE-wolfMQTT 1.19.0
2025-02-01 11:55:34,486 [INFO] ThirdParty:1030 - CMSIS Pack Vendor :STMicroelectronics X-CUBE-AZRTOS-L4 2.0.0
2025-02-01 11:55:34,486 [INFO] ThirdParty:1030 - CMSIS Pack Vendor :STMicroelectronics ThreadX 0.0.2
2025-02-01 11:55:34,486 [INFO] ThirdParty:1030 - CMSIS Pack Vendor :WES I-CUBE-Cesium 1.3.0
2025-02-01 11:55:34,486 [INFO] ThirdParty:1030 - CMSIS Pack Vendor :STMicroelectronics FP-ATR-ASTRA1 2.0.0
2025-02-01 11:55:34,486 [INFO] ThirdParty:1030 - CMSIS Pack Vendor :STMicroelectronics lwIP 2.1.2
2025-02-01 11:55:34,486 [INFO] ThirdParty:1030 - CMSIS Pack Vendor :STMicroelectronics X-CUBE-SFXS2LP1 4.0.0
2025-02-01 11:55:34,486 [INFO] ThirdParty:1030 - CMSIS Pack Vendor :STMicroelectronics X-CUBE-BLE2 3.3.0
2025-02-01 11:55:34,486 [INFO] ThirdParty:1030 - CMSIS Pack Vendor :Infineon AIROC-Wi-Fi-Bluetooth-STM32 1.6.1
2025-02-01 11:55:34,486 [INFO] ThirdParty:1030 - CMSIS Pack Vendor :STMicroelectronics PDM2PCM 3.2.0
2025-02-01 11:55:34,486 [INFO] ThirdParty:1030 - CMSIS Pack Vendor :wolfSSL I-CUBE-wolfSSH 1.4.17
2025-02-01 11:55:34,486 [INFO] ThirdParty:841 - exiting critical section [change project]
2025-02-01 11:55:34,732 [INFO] PinOutPanel:1561 - setPackage(No Configuration,No Configuration)
2025-02-01 11:55:34,733 [INFO] PinOutPanel:1561 - setPackage(STM32F103RCTx,LQFP64)
2025-02-01 11:55:34,950 [INFO] UtilMem:75 - Before build in PCC Used Memory: 880917800 Bytes (1073741824)
2025-02-01 11:55:35,174 [INFO] UtilMem:75 - After build in PCC Used Memory: 924809400 Bytes (1073741824)
2025-02-01 11:55:35,180 [INFO] ApiDbMcu:508 - Load IP Config File for FREERTOS
2025-02-01 11:55:35,219 [INFO] IPUIPlugin:80 - create IPUIPlugin
2025-02-01 11:55:35,219 [INFO] IPUIPlugin:80 - create IPUIPlugin
2025-02-01 11:55:35,219 [INFO] IPUIPlugin:80 - create IPUIPlugin
2025-02-01 11:55:35,219 [INFO] IPUIPlugin:80 - create IPUIPlugin
2025-02-01 11:55:35,219 [INFO] IPUIPlugin:80 - create IPUIPlugin
2025-02-01 11:55:35,219 [INFO] IPUIPlugin:80 - create IPUIPlugin
2025-02-01 11:55:35,219 [INFO] IPUIPlugin:80 - create IPUIPlugin
2025-02-01 11:55:35,219 [INFO] IPUIPlugin:80 - create IPUIPlugin
2025-02-01 11:55:35,219 [INFO] IPUIPlugin:80 - create IPUIPlugin
2025-02-01 11:55:35,219 [INFO] IPUIPlugin:80 - create IPUIPlugin
2025-02-01 11:55:35,219 [INFO] IPUIPlugin:80 - create IPUIPlugin
2025-02-01 11:55:35,220 [INFO] IPUIPlugin:80 - create IPUIPlugin
2025-02-01 11:55:35,220 [INFO] IPUIPlugin:80 - create IPUIPlugin
2025-02-01 11:55:35,220 [INFO] IPUIPlugin:80 - create IPUIPlugin
2025-02-01 11:55:35,220 [INFO] IPUIPlugin:80 - create IPUIPlugin
2025-02-01 11:55:35,220 [INFO] IPUIPlugin:80 - create IPUIPlugin
2025-02-01 11:55:35,220 [INFO] IPUIPlugin:80 - create IPUIPlugin
2025-02-01 11:55:35,220 [INFO] IPUIPlugin:80 - create IPUIPlugin
2025-02-01 11:55:35,220 [INFO] IPUIPlugin:80 - create IPUIPlugin
2025-02-01 11:55:35,220 [INFO] IPUIPlugin:80 - create IPUIPlugin
2025-02-01 11:55:35,220 [INFO] IPUIPlugin:80 - create IPUIPlugin
2025-02-01 11:55:35,220 [INFO] IPUIPlugin:80 - create IPUIPlugin
2025-02-01 11:55:35,221 [INFO] IPUIPlugin:80 - create IPUIPlugin
2025-02-01 11:55:35,221 [INFO] IPUIPlugin:80 - create IPUIPlugin
2025-02-01 11:55:35,221 [INFO] IPUIPlugin:80 - create IPUIPlugin
2025-02-01 11:55:35,221 [INFO] IPUIPlugin:80 - create IPUIPlugin
2025-02-01 11:55:35,221 [INFO] IPUIPlugin:80 - create IPUIPlugin
2025-02-01 11:55:35,221 [INFO] IPUIPlugin:80 - create IPUIPlugin
2025-02-01 11:55:35,221 [INFO] IPUIPlugin:80 - create IPUIPlugin
2025-02-01 11:55:35,221 [INFO] IPUIPlugin:80 - create IPUIPlugin
2025-02-01 11:55:35,222 [INFO] IPUIPlugin:80 - create IPUIPlugin
2025-02-01 11:55:35,222 [INFO] IPUIPlugin:80 - create IPUIPlugin
2025-02-01 11:55:35,222 [INFO] IPUIPlugin:80 - create IPUIPlugin
2025-02-01 11:55:35,222 [INFO] IPUIPlugin:80 - create IPUIPlugin
2025-02-01 11:55:35,222 [INFO] IPUIPlugin:80 - create IPUIPlugin
2025-02-01 11:55:35,222 [INFO] IPUIPlugin:80 - create IPUIPlugin
2025-02-01 11:55:35,222 [INFO] IPUIPlugin:80 - create IPUIPlugin
2025-02-01 11:55:35,223 [INFO] IPUIPlugin:80 - create IPUIPlugin
2025-02-01 11:55:35,223 [INFO] IPUIPlugin:80 - create IPUIPlugin
2025-02-01 11:55:35,230 [INFO] Can:71 - Can Add PropertyChangeListener com.st.microxplorer.plugins.ip.can.Can@34cd818a
2025-02-01 11:55:35,231 [WARN] IP:2191 - I2C_Coeff_DF not found: check if there is a RefParameter without a condition.
2025-02-01 11:55:35,231 [WARN] IP:2191 - Analog_Filter not found: check if there is a RefParameter without a condition.
2025-02-01 11:55:35,232 [WARN] IP:2191 - I2C_Coeff_DF not found: check if there is a RefParameter without a condition.
2025-02-01 11:55:35,232 [WARN] IP:2191 - Analog_Filter not found: check if there is a RefParameter without a condition.
2025-02-01 11:55:35,239 [WARN] FreeRTOS:1023 - Null or empty value: should not occur! (nothing added to the table)
2025-02-01 11:55:35,304 [INFO] CADModel:165 - CPN selected for project levelSTM32F103RCT6
2025-02-01 11:55:35,304 [INFO] CADModel:114 - Register for checkConnection events
2025-02-01 11:55:35,305 [INFO] RtosManager:697 - Active RTOS found at IOC load: FREERTOS [Cortex-M3NS]
2025-02-01 11:55:35,447 [INFO] OpenFileManager:363 - Restore cursor
2025-02-01 11:55:35,608 [WARN] IP:2191 - I2C_Coeff_DF not found: check if there is a RefParameter without a condition.
2025-02-01 11:55:35,608 [WARN] IP:2191 - Analog_Filter not found: check if there is a RefParameter without a condition.
2025-02-01 11:55:35,609 [WARN] IP:2191 - I2C_Coeff_DF not found: check if there is a RefParameter without a condition.
2025-02-01 11:55:35,609 [WARN] IP:2191 - Analog_Filter not found: check if there is a RefParameter without a condition.
2025-02-01 11:55:35,613 [WARN] IP:2191 - I2C_Coeff_DF not found: check if there is a RefParameter without a condition.
2025-02-01 11:55:35,613 [WARN] IP:2191 - Analog_Filter not found: check if there is a RefParameter without a condition.
2025-02-01 11:55:35,613 [WARN] IP:2191 - I2C_Coeff_DF not found: check if there is a RefParameter without a condition.
2025-02-01 11:55:35,613 [WARN] IP:2191 - Analog_Filter not found: check if there is a RefParameter without a condition.
2025-02-01 11:55:42,140 [WARN] IP:2191 - I2C_Coeff_DF not found: check if there is a RefParameter without a condition.
2025-02-01 11:55:42,140 [WARN] IP:2191 - Analog_Filter not found: check if there is a RefParameter without a condition.
2025-02-01 12:03:12,596 [WARN] IP:2191 - I2C_Coeff_DF not found: check if there is a RefParameter without a condition.
2025-02-01 12:03:12,596 [WARN] IP:2191 - Analog_Filter not found: check if there is a RefParameter without a condition.
2025-02-01 12:03:31,163 [WARN] IP:2191 - I2C_Coeff_DF not found: check if there is a RefParameter without a condition.
2025-02-01 12:03:31,163 [WARN] IP:2191 - Analog_Filter not found: check if there is a RefParameter without a condition.
2025-02-01 12:03:31,163 [WARN] IP:2191 - I2C_Coeff_DF not found: check if there is a RefParameter without a condition.
2025-02-01 12:03:31,163 [WARN] IP:2191 - Analog_Filter not found: check if there is a RefParameter without a condition.
2025-02-01 12:03:31,265 [WARN] IP:2191 - I2C_Coeff_DF not found: check if there is a RefParameter without a condition.
2025-02-01 12:03:31,265 [WARN] IP:2191 - Analog_Filter not found: check if there is a RefParameter without a condition.
2025-02-01 12:03:35,606 [INFO] UtilMem:75 - End SaveConfig() Used Memory: 718458312 Bytes (1073741824)
2025-02-01 12:03:36,425 [INFO] UtilMem:75 - End SaveConfig() Used Memory: 795499672 Bytes (1073741824)
2025-02-01 12:03:38,611 [INFO] BlockDiagram:2766 - set Specific Code input for plugin: RTC
2025-02-01 12:03:38,611 [INFO] BlockDiagram:2766 - set Specific Code input for plugin: NVIC
2025-02-01 12:03:38,611 [INFO] BlockDiagram:2766 - set Specific Code input for plugin: FREERTOS
2025-02-01 12:03:38,611 [INFO] BlockDiagram:2766 - set Specific Code input for plugin: USART
2025-02-01 12:03:38,611 [INFO] BlockDiagram:2766 - set Specific Code input for plugin: IWDG
2025-02-01 12:03:38,611 [INFO] BlockDiagram:2766 - set Specific Code input for plugin: DMA
2025-02-01 12:03:38,611 [INFO] BlockDiagram:2766 - set Specific Code input for plugin: SYS
2025-02-01 12:03:38,612 [INFO] BlockDiagram:2766 - set Specific Code input for plugin: GPIO
2025-02-01 12:03:38,612 [INFO] BlockDiagram:2766 - set Specific Code input for plugin: CAN
2025-02-01 12:03:38,612 [INFO] BlockDiagram:2766 - set Specific Code input for plugin: RCC
2025-02-01 12:03:38,612 [INFO] BlockDiagram:2766 - set Specific Code input for plugin: I2C
2025-02-01 12:03:38,612 [INFO] BlockDiagram:2766 - set Specific Code input for plugin: I2C
2025-02-01 12:03:38,613 [INFO] CodeGenerator:807 - code generatio: config db path: C:/Users/mridu/.stm32cubemx/databases/DB.6.0.120/db/
2025-02-01 12:03:38,623 [WARN] IP:2191 - I2C_Coeff_DF not found: check if there is a RefParameter without a condition.
2025-02-01 12:03:38,624 [WARN] IP:2191 - Analog_Filter not found: check if there is a RefParameter without a condition.
2025-02-01 12:03:38,625 [WARN] IP:2191 - I2C_Coeff_DF not found: check if there is a RefParameter without a condition.
2025-02-01 12:03:38,625 [WARN] IP:2191 - Analog_Filter not found: check if there is a RefParameter without a condition.
2025-02-01 12:03:38,800 [INFO] CodeEngine:255 - oldGeneratedFile, C:\Users\mridu\OneDrive\Desktop\Mridul\UBC Solar\STM 32\STM32 projects\firmware_v3\components\tel\MXTmpFiles\license.tmp_save
2025-02-01 12:03:39,268 [INFO] CodeEngine:279 - Generated code: C:\Users\mridu\OneDrive\Desktop\Mridul\UBC Solar\STM 32\STM32 projects\firmware_v3\components\tel\MXTmpFiles\license.tmp
2025-02-01 12:03:39,394 [INFO] CodeEngine:255 - oldGeneratedFile, C:\Users\mridu\OneDrive\Desktop\Mridul\UBC Solar\STM 32\STM32 projects\firmware_v3\components\tel\Core\Src\gpio.c_save
2025-02-01 12:03:39,634 [INFO] CodeEngine:279 - Generated code: C:\Users\mridu\OneDrive\Desktop\Mridul\UBC Solar\STM 32\STM32 projects\firmware_v3\components\tel\Core\Src\gpio.c
2025-02-01 12:03:39,682 [INFO] CodeEngine:255 - oldGeneratedFile, C:\Users\mridu\OneDrive\Desktop\Mridul\UBC Solar\STM 32\STM32 projects\firmware_v3\components\tel\Core\Inc\gpio.h_save
2025-02-01 12:03:39,857 [INFO] CodeEngine:279 - Generated code: C:\Users\mridu\OneDrive\Desktop\Mridul\UBC Solar\STM 32\STM32 projects\firmware_v3\components\tel\Core\Inc\gpio.h
2025-02-01 12:03:40,278 [INFO] Middleware:1439 - No code input for Bsp Dependency
2025-02-01 12:03:40,299 [INFO] CodeEngine:255 - oldGeneratedFile, C:\Users\mridu\OneDrive\Desktop\Mridul\UBC Solar\STM 32\STM32 projects\firmware_v3\components\tel\MXTmpFiles\rtos_inc.tmp_save
2025-02-01 12:03:40,421 [INFO] CodeEngine:279 - Generated code: C:\Users\mridu\OneDrive\Desktop\Mridul\UBC Solar\STM 32\STM32 projects\firmware_v3\components\tel\MXTmpFiles\rtos_inc.tmp
2025-02-01 12:03:40,444 [INFO] CodeEngine:255 - oldGeneratedFile, C:\Users\mridu\OneDrive\Desktop\Mridul\UBC Solar\STM 32\STM32 projects\firmware_v3\components\tel\MXTmpFiles\rtos_kernelInit.tmp_save
2025-02-01 12:03:40,550 [INFO] CodeEngine:279 - Generated code: C:\Users\mridu\OneDrive\Desktop\Mridul\UBC Solar\STM 32\STM32 projects\firmware_v3\components\tel\MXTmpFiles\rtos_kernelInit.tmp
2025-02-01 12:03:40,565 [INFO] CodeEngine:255 - oldGeneratedFile, C:\Users\mridu\OneDrive\Desktop\Mridul\UBC Solar\STM 32\STM32 projects\firmware_v3\components\tel\MXTmpFiles\rtos_kernelStart.tmp_save
2025-02-01 12:03:40,651 [INFO] CodeEngine:279 - Generated code: C:\Users\mridu\OneDrive\Desktop\Mridul\UBC Solar\STM 32\STM32 projects\firmware_v3\components\tel\MXTmpFiles\rtos_kernelStart.tmp
2025-02-01 12:03:40,669 [INFO] CodeEngine:255 - oldGeneratedFile, C:\Users\mridu\OneDrive\Desktop\Mridul\UBC Solar\STM 32\STM32 projects\firmware_v3\components\tel\MXTmpFiles\rtos_typedefs.tmp_save
2025-02-01 12:03:40,745 [INFO] CodeEngine:279 - Generated code: C:\Users\mridu\OneDrive\Desktop\Mridul\UBC Solar\STM 32\STM32 projects\firmware_v3\components\tel\MXTmpFiles\rtos_typedefs.tmp
2025-02-01 12:03:40,761 [INFO] CodeEngine:255 - oldGeneratedFile, C:\Users\mridu\OneDrive\Desktop\Mridul\UBC Solar\STM 32\STM32 projects\firmware_v3\components\tel\MXTmpFiles\rtos_vars.tmp_save
2025-02-01 12:03:40,848 [INFO] CodeEngine:279 - Generated code: C:\Users\mridu\OneDrive\Desktop\Mridul\UBC Solar\STM 32\STM32 projects\firmware_v3\components\tel\MXTmpFiles\rtos_vars.tmp
2025-02-01 12:03:40,866 [INFO] CodeEngine:255 - oldGeneratedFile, C:\Users\mridu\OneDrive\Desktop\Mridul\UBC Solar\STM 32\STM32 projects\firmware_v3\components\tel\MXTmpFiles\rtos_pfp.tmp_save
2025-02-01 12:03:40,956 [INFO] CodeEngine:279 - Generated code: C:\Users\mridu\OneDrive\Desktop\Mridul\UBC Solar\STM 32\STM32 projects\firmware_v3\components\tel\MXTmpFiles\rtos_pfp.tmp
2025-02-01 12:03:40,976 [INFO] CodeEngine:255 - oldGeneratedFile, C:\Users\mridu\OneDrive\Desktop\Mridul\UBC Solar\STM 32\STM32 projects\firmware_v3\components\tel\MXTmpFiles\rtos_obj_creat.tmp_save
2025-02-01 12:03:41,074 [INFO] CodeEngine:279 - Generated code: C:\Users\mridu\OneDrive\Desktop\Mridul\UBC Solar\STM 32\STM32 projects\firmware_v3\components\tel\MXTmpFiles\rtos_obj_creat.tmp
2025-02-01 12:03:41,097 [INFO] CodeEngine:255 - oldGeneratedFile, C:\Users\mridu\OneDrive\Desktop\Mridul\UBC Solar\STM 32\STM32 projects\firmware_v3\components\tel\MXTmpFiles\rtos_default_thread.tmp_save
2025-02-01 12:03:41,190 [INFO] CodeEngine:279 - Generated code: C:\Users\mridu\OneDrive\Desktop\Mridul\UBC Solar\STM 32\STM32 projects\firmware_v3\components\tel\MXTmpFiles\rtos_default_thread.tmp
2025-02-01 12:03:41,215 [INFO] CodeEngine:255 - oldGeneratedFile, C:\Users\mridu\OneDrive\Desktop\Mridul\UBC Solar\STM 32\STM32 projects\firmware_v3\components\tel\MXTmpFiles\rtos_threads.tmp_save
2025-02-01 12:03:41,313 [INFO] CodeEngine:279 - Generated code: C:\Users\mridu\OneDrive\Desktop\Mridul\UBC Solar\STM 32\STM32 projects\firmware_v3\components\tel\MXTmpFiles\rtos_threads.tmp
2025-02-01 12:03:41,330 [INFO] Middleware:1439 - No code input for Bsp Dependency
2025-02-01 12:03:41,339 [INFO] CodeEngine:255 - oldGeneratedFile, C:\Users\mridu\OneDrive\Desktop\Mridul\UBC Solar\STM 32\STM32 projects\firmware_v3\components\tel\MXTmpFiles\rtos_inc.tmp_save
2025-02-01 12:03:41,413 [INFO] CodeEngine:279 - Generated code: C:\Users\mridu\OneDrive\Desktop\Mridul\UBC Solar\STM 32\STM32 projects\firmware_v3\components\tel\MXTmpFiles\rtos_inc.tmp
2025-02-01 12:03:41,418 [INFO] CodeEngine:255 - oldGeneratedFile, C:\Users\mridu\OneDrive\Desktop\Mridul\UBC Solar\STM 32\STM32 projects\firmware_v3\components\tel\MXTmpFiles\rtos_kernelInit.tmp_save
2025-02-01 12:03:41,472 [INFO] CodeEngine:279 - Generated code: C:\Users\mridu\OneDrive\Desktop\Mridul\UBC Solar\STM 32\STM32 projects\firmware_v3\components\tel\MXTmpFiles\rtos_kernelInit.tmp
2025-02-01 12:03:41,477 [INFO] CodeEngine:255 - oldGeneratedFile, C:\Users\mridu\OneDrive\Desktop\Mridul\UBC Solar\STM 32\STM32 projects\firmware_v3\components\tel\MXTmpFiles\rtos_kernelStart.tmp_save
2025-02-01 12:03:41,530 [INFO] CodeEngine:279 - Generated code: C:\Users\mridu\OneDrive\Desktop\Mridul\UBC Solar\STM 32\STM32 projects\firmware_v3\components\tel\MXTmpFiles\rtos_kernelStart.tmp
2025-02-01 12:03:41,535 [INFO] CodeEngine:255 - oldGeneratedFile, C:\Users\mridu\OneDrive\Desktop\Mridul\UBC Solar\STM 32\STM32 projects\firmware_v3\components\tel\MXTmpFiles\rtos_typedefs.tmp_save
2025-02-01 12:03:41,586 [INFO] CodeEngine:279 - Generated code: C:\Users\mridu\OneDrive\Desktop\Mridul\UBC Solar\STM 32\STM32 projects\firmware_v3\components\tel\MXTmpFiles\rtos_typedefs.tmp
2025-02-01 12:03:41,601 [INFO] CodeEngine:255 - oldGeneratedFile, C:\Users\mridu\OneDrive\Desktop\Mridul\UBC Solar\STM 32\STM32 projects\firmware_v3\components\tel\MXTmpFiles\rtos_vars.tmp_save
2025-02-01 12:03:41,665 [INFO] CodeEngine:279 - Generated code: C:\Users\mridu\OneDrive\Desktop\Mridul\UBC Solar\STM 32\STM32 projects\firmware_v3\components\tel\MXTmpFiles\rtos_vars.tmp
2025-02-01 12:03:41,671 [INFO] CodeEngine:255 - oldGeneratedFile, C:\Users\mridu\OneDrive\Desktop\Mridul\UBC Solar\STM 32\STM32 projects\firmware_v3\components\tel\MXTmpFiles\rtos_pfp.tmp_save
2025-02-01 12:03:41,722 [INFO] CodeEngine:279 - Generated code: C:\Users\mridu\OneDrive\Desktop\Mridul\UBC Solar\STM 32\STM32 projects\firmware_v3\components\tel\MXTmpFiles\rtos_pfp.tmp
2025-02-01 12:03:41,738 [INFO] CodeEngine:255 - oldGeneratedFile, C:\Users\mridu\OneDrive\Desktop\Mridul\UBC Solar\STM 32\STM32 projects\firmware_v3\components\tel\MXTmpFiles\rtos_obj_creat.tmp_save
2025-02-01 12:03:41,794 [INFO] CodeEngine:279 - Generated code: C:\Users\mridu\OneDrive\Desktop\Mridul\UBC Solar\STM 32\STM32 projects\firmware_v3\components\tel\MXTmpFiles\rtos_obj_creat.tmp
2025-02-01 12:03:41,800 [INFO] CodeEngine:255 - oldGeneratedFile, C:\Users\mridu\OneDrive\Desktop\Mridul\UBC Solar\STM 32\STM32 projects\firmware_v3\components\tel\MXTmpFiles\rtos_default_thread.tmp_save
2025-02-01 12:03:41,858 [INFO] CodeEngine:279 - Generated code: C:\Users\mridu\OneDrive\Desktop\Mridul\UBC Solar\STM 32\STM32 projects\firmware_v3\components\tel\MXTmpFiles\rtos_default_thread.tmp
2025-02-01 12:03:41,864 [INFO] CodeEngine:255 - oldGeneratedFile, C:\Users\mridu\OneDrive\Desktop\Mridul\UBC Solar\STM 32\STM32 projects\firmware_v3\components\tel\MXTmpFiles\rtos_threads.tmp_save
2025-02-01 12:03:41,924 [INFO] CodeEngine:279 - Generated code: C:\Users\mridu\OneDrive\Desktop\Mridul\UBC Solar\STM 32\STM32 projects\firmware_v3\components\tel\MXTmpFiles\rtos_threads.tmp
2025-02-01 12:03:41,955 [INFO] CodeEngine:255 - oldGeneratedFile, C:\Users\mridu\OneDrive\Desktop\Mridul\UBC Solar\STM 32\STM32 projects\firmware_v3\components\tel\Core\Inc\FreeRTOSConfig.h_save
2025-02-01 12:03:42,064 [INFO] CodeEngine:279 - Generated code: C:\Users\mridu\OneDrive\Desktop\Mridul\UBC Solar\STM 32\STM32 projects\firmware_v3\components\tel\Core\Inc\FreeRTOSConfig.h
2025-02-01 12:03:42,098 [INFO] CodeEngine:255 - oldGeneratedFile, C:\Users\mridu\OneDrive\Desktop\Mridul\UBC Solar\STM 32\STM32 projects\firmware_v3\components\tel\Core\Src\freertos.c_save
2025-02-01 12:03:42,255 [INFO] CodeEngine:279 - Generated code: C:\Users\mridu\OneDrive\Desktop\Mridul\UBC Solar\STM 32\STM32 projects\firmware_v3\components\tel\Core\Src\freertos.c
2025-02-01 12:03:42,324 [INFO] CodeEngine:255 - oldGeneratedFile, C:\Users\mridu\OneDrive\Desktop\Mridul\UBC Solar\STM 32\STM32 projects\firmware_v3\components\tel\Core\Src\can.c_save
2025-02-01 12:03:42,671 [INFO] CodeEngine:279 - Generated code: C:\Users\mridu\OneDrive\Desktop\Mridul\UBC Solar\STM 32\STM32 projects\firmware_v3\components\tel\Core\Src\can.c
2025-02-01 12:03:42,720 [INFO] CodeEngine:255 - oldGeneratedFile, C:\Users\mridu\OneDrive\Desktop\Mridul\UBC Solar\STM 32\STM32 projects\firmware_v3\components\tel\Core\Inc\can.h_save
2025-02-01 12:03:42,818 [INFO] CodeEngine:279 - Generated code: C:\Users\mridu\OneDrive\Desktop\Mridul\UBC Solar\STM 32\STM32 projects\firmware_v3\components\tel\Core\Inc\can.h
2025-02-01 12:03:42,876 [INFO] CodeEngine:255 - oldGeneratedFile, C:\Users\mridu\OneDrive\Desktop\Mridul\UBC Solar\STM 32\STM32 projects\firmware_v3\components\tel\Core\Src\dma.c_save
2025-02-01 12:03:42,989 [INFO] CodeEngine:279 - Generated code: C:\Users\mridu\OneDrive\Desktop\Mridul\UBC Solar\STM 32\STM32 projects\firmware_v3\components\tel\Core\Src\dma.c
2025-02-01 12:03:43,029 [INFO] CodeEngine:255 - oldGeneratedFile, C:\Users\mridu\OneDrive\Desktop\Mridul\UBC Solar\STM 32\STM32 projects\firmware_v3\components\tel\Core\Inc\dma.h_save
2025-02-01 12:03:43,137 [INFO] CodeEngine:279 - Generated code: C:\Users\mridu\OneDrive\Desktop\Mridul\UBC Solar\STM 32\STM32 projects\firmware_v3\components\tel\Core\Inc\dma.h
2025-02-01 12:03:43,159 [INFO] CodeEngine:255 - oldGeneratedFile, C:\Users\mridu\OneDrive\Desktop\Mridul\UBC Solar\STM 32\STM32 projects\firmware_v3\components\tel\Core\Src\i2c.c_save
2025-02-01 12:03:43,284 [INFO] CodeEngine:279 - Generated code: C:\Users\mridu\OneDrive\Desktop\Mridul\UBC Solar\STM 32\STM32 projects\firmware_v3\components\tel\Core\Src\i2c.c
2025-02-01 12:03:43,291 [INFO] CodeEngine:255 - oldGeneratedFile, C:\Users\mridu\OneDrive\Desktop\Mridul\UBC Solar\STM 32\STM32 projects\firmware_v3\components\tel\Core\Inc\i2c.h_save
2025-02-01 12:03:43,382 [INFO] CodeEngine:279 - Generated code: C:\Users\mridu\OneDrive\Desktop\Mridul\UBC Solar\STM 32\STM32 projects\firmware_v3\components\tel\Core\Inc\i2c.h
2025-02-01 12:03:43,405 [INFO] CodeEngine:255 - oldGeneratedFile, C:\Users\mridu\OneDrive\Desktop\Mridul\UBC Solar\STM 32\STM32 projects\firmware_v3\components\tel\Core\Src\iwdg.c_save
2025-02-01 12:03:43,509 [INFO] CodeEngine:279 - Generated code: C:\Users\mridu\OneDrive\Desktop\Mridul\UBC Solar\STM 32\STM32 projects\firmware_v3\components\tel\Core\Src\iwdg.c
2025-02-01 12:03:43,514 [INFO] CodeEngine:255 - oldGeneratedFile, C:\Users\mridu\OneDrive\Desktop\Mridul\UBC Solar\STM 32\STM32 projects\firmware_v3\components\tel\Core\Inc\iwdg.h_save
2025-02-01 12:03:43,602 [INFO] CodeEngine:279 - Generated code: C:\Users\mridu\OneDrive\Desktop\Mridul\UBC Solar\STM 32\STM32 projects\firmware_v3\components\tel\Core\Inc\iwdg.h
2025-02-01 12:03:43,624 [INFO] CodeEngine:255 - oldGeneratedFile, C:\Users\mridu\OneDrive\Desktop\Mridul\UBC Solar\STM 32\STM32 projects\firmware_v3\components\tel\Core\Src\rtc.c_save
2025-02-01 12:03:43,750 [INFO] CodeEngine:279 - Generated code: C:\Users\mridu\OneDrive\Desktop\Mridul\UBC Solar\STM 32\STM32 projects\firmware_v3\components\tel\Core\Src\rtc.c
2025-02-01 12:03:43,759 [INFO] CodeEngine:255 - oldGeneratedFile, C:\Users\mridu\OneDrive\Desktop\Mridul\UBC Solar\STM 32\STM32 projects\firmware_v3\components\tel\Core\Inc\rtc.h_save
2025-02-01 12:03:43,866 [INFO] CodeEngine:279 - Generated code: C:\Users\mridu\OneDrive\Desktop\Mridul\UBC Solar\STM 32\STM32 projects\firmware_v3\components\tel\Core\Inc\rtc.h
2025-02-01 12:03:43,897 [INFO] CodeEngine:255 - oldGeneratedFile, C:\Users\mridu\OneDrive\Desktop\Mridul\UBC Solar\STM 32\STM32 projects\firmware_v3\components\tel\Core\Src\usart.c_save
2025-02-01 12:03:44,011 [INFO] CodeEngine:279 - Generated code: C:\Users\mridu\OneDrive\Desktop\Mridul\UBC Solar\STM 32\STM32 projects\firmware_v3\components\tel\Core\Src\usart.c
2025-02-01 12:03:44,017 [INFO] CodeEngine:255 - oldGeneratedFile, C:\Users\mridu\OneDrive\Desktop\Mridul\UBC Solar\STM 32\STM32 projects\firmware_v3\components\tel\Core\Inc\usart.h_save
2025-02-01 12:03:44,108 [INFO] CodeEngine:279 - Generated code: C:\Users\mridu\OneDrive\Desktop\Mridul\UBC Solar\STM 32\STM32 projects\firmware_v3\components\tel\Core\Inc\usart.h
2025-02-01 12:03:44,150 [INFO] CodeEngine:255 - oldGeneratedFile, C:\Users\mridu\OneDrive\Desktop\Mridul\UBC Solar\STM 32\STM32 projects\firmware_v3\components\tel\Core\Src\stm32f1xx_it.c_save
2025-02-01 12:03:44,284 [INFO] CodeEngine:279 - Generated code: C:\Users\mridu\OneDrive\Desktop\Mridul\UBC Solar\STM 32\STM32 projects\firmware_v3\components\tel\Core\Src\stm32f1xx_it.c
2025-02-01 12:03:44,308 [INFO] CodeEngine:255 - oldGeneratedFile, C:\Users\mridu\OneDrive\Desktop\Mridul\UBC Solar\STM 32\STM32 projects\firmware_v3\components\tel\Core\Inc\stm32f1xx_it.h_save
2025-02-01 12:03:44,396 [INFO] CodeEngine:279 - Generated code: C:\Users\mridu\OneDrive\Desktop\Mridul\UBC Solar\STM 32\STM32 projects\firmware_v3\components\tel\Core\Inc\stm32f1xx_it.h
2025-02-01 12:03:44,438 [INFO] CodeEngine:255 - oldGeneratedFile, C:\Users\mridu\OneDrive\Desktop\Mridul\UBC Solar\STM 32\STM32 projects\firmware_v3\components\tel\Core\Src\stm32f1xx_hal_msp.c_save
2025-02-01 12:03:44,568 [INFO] CodeEngine:279 - Generated code: C:\Users\mridu\OneDrive\Desktop\Mridul\UBC Solar\STM 32\STM32 projects\firmware_v3\components\tel\Core\Src\stm32f1xx_hal_msp.c
2025-02-01 12:03:44,583 [INFO] CodeEngine:255 - oldGeneratedFile, C:\Users\mridu\OneDrive\Desktop\Mridul\UBC Solar\STM 32\STM32 projects\firmware_v3\components\tel\MXTmpFiles\system.tmp_save
2025-02-01 12:03:44,652 [INFO] CodeEngine:279 - Generated code: C:\Users\mridu\OneDrive\Desktop\Mridul\UBC Solar\STM 32\STM32 projects\firmware_v3\components\tel\MXTmpFiles\system.tmp
2025-02-01 12:03:44,684 [INFO] CodeEngine:255 - oldGeneratedFile, C:\Users\mridu\OneDrive\Desktop\Mridul\UBC Solar\STM 32\STM32 projects\firmware_v3\components\tel\Core\Src\stm32f1xx_hal_timebase_tim.c_save
2025-02-01 12:03:44,783 [INFO] CodeEngine:279 - Generated code: C:\Users\mridu\OneDrive\Desktop\Mridul\UBC Solar\STM 32\STM32 projects\firmware_v3\components\tel\Core\Src\stm32f1xx_hal_timebase_tim.c
2025-02-01 12:03:44,827 [INFO] CodeEngine:311 - oldGeneratedFile, C:\Users\mridu\OneDrive\Desktop\Mridul\UBC Solar\STM 32\STM32 projects\firmware_v3\components\tel\Core\Inc\stm32f1xx_hal_conf.h_save
2025-02-01 12:03:44,919 [INFO] CodeEngine:335 - Generated code: C:\Users\mridu\OneDrive\Desktop\Mridul\UBC Solar\STM 32\STM32 projects\firmware_v3\components\tel\Core\Inc\stm32f1xx_hal_conf.h
2025-02-01 12:03:45,013 [INFO] CodeEngine:255 - oldGeneratedFile, C:\Users\mridu\OneDrive\Desktop\Mridul\UBC Solar\STM 32\STM32 projects\firmware_v3\components\tel\Core\Inc\main.h_save
2025-02-01 12:03:45,140 [INFO] CodeEngine:279 - Generated code: C:\Users\mridu\OneDrive\Desktop\Mridul\UBC Solar\STM 32\STM32 projects\firmware_v3\components\tel\Core\Inc\main.h
2025-02-01 12:03:45,175 [INFO] CodeEngine:255 - oldGeneratedFile, C:\Users\mridu\OneDrive\Desktop\Mridul\UBC Solar\STM 32\STM32 projects\firmware_v3\components\tel\Core\Src\main.c_save
2025-02-01 12:03:45,365 [INFO] CodeEngine:279 - Generated code: C:\Users\mridu\OneDrive\Desktop\Mridul\UBC Solar\STM 32\STM32 projects\firmware_v3\components\tel\Core\Src\main.c
2025-02-01 12:03:46,157 [INFO] ProjectBuilder:3249 - Time for Copy HAL[1] : 460mS.
2025-02-01 12:03:46,166 [INFO] ProjectBuilder:4828 - Project Generator version: 4.5.0-B34
2025-02-01 12:03:46,258 [INFO] ConfigFileManager:1531 - The Die is : DIE414
2025-02-01 12:03:46,289 [INFO] ApiDbMcu:508 - Load IP Config File for FATFS
2025-02-01 12:03:46,315 [INFO] ApiDbMcu:508 - Load IP Config File for USB_DEVICE
2025-02-01 12:03:47,294 [INFO] LogOutputStream:77 - [STDOUT_REDIRECT] 
2025-02-01 12:03:49,607 [INFO] ProjectBuilder:5097 - Time for Generating toolchain IDE Files: 3440mS.
2025-02-01 12:03:49,609 [INFO] ProjectBuilder:3107 - Time for Copy CMSIS : 1mS.
2025-02-01 12:03:49,620 [INFO] ProjectBuilder:3107 - Time for Copy CMSIS : 0mS.
2025-02-01 12:18:42,677 [ERROR] LogOutputStream:75 - [STDERR_REDIRECT] 
2025-02-01 12:18:42,679 [ERROR] LogOutputStream:75 - [STDERR_REDIRECT] 
2025-02-01 12:27:37,438 [INFO] Activator:176 - 


2025-02-01 12:27:37,442 [INFO] Activator:177 - !SESSION log4j initialized
2025-02-01 12:27:44,332 [INFO] LogOutputStream:77 - [STDOUT_REDIRECT] 
2025-02-01 12:27:49,728 [INFO] ApplicationProperties:184 - Using Application install path: C:\ST\STM32CubeIDE_1.16.1\STM32CubeIDE\plugins\com.st.stm32cube.common.mx_6.12.1.202409122256
2025-02-01 12:27:49,749 [INFO] DbMcusXml:78 - Set database path to: C:\ST\STM32CubeIDE_1.16.1\STM32CubeIDE\plugins\com.st.stm32cube.common.mx_6.12.1.202409122256\\db\/mcu/
2025-02-01 12:27:49,749 [INFO] ApiDb:274 - Set plugin database path to: C:\ST\STM32CubeIDE_1.16.1\STM32CubeIDE\plugins\com.st.stm32cube.common.mx_6.12.1.202409122256\\db\/plugins/boardmanager/
2025-02-01 12:27:49,749 [WARN] ApiDb:259 - Overriding images path with different value:  => C:\ST\STM32CubeIDE_1.16.1\STM32CubeIDE\plugins\com.st.stm32cube.common.mx_6.12.1.202409122256\\db\/plugins/mcufinder/images/
2025-02-01 12:27:49,759 [INFO] ApiDb:250 - Set database path to: C:\Users\mridu\.stmcufinder\plugins\mcufinder//mcu/
2025-02-01 12:27:49,761 [INFO] DbMcusAds:125 - Set database path to: C:\Users\mridu\.stmcufinder\plugins\mcufinder//mcu/
2025-02-01 12:27:49,763 [INFO] CrossReferenceDbSqlite:203 - Set database path to: C:\Users\mridu\.stmcufinder\plugins\mcufinder//mcu/cs/
2025-02-01 12:27:49,898 [INFO] RulesReader:64 - Compatibility file has been processed (297 Rules)
2025-02-01 12:27:50,003 [INFO] DbMcusXml:78 - Set database path to: C:\ST\STM32CubeIDE_1.16.1\STM32CubeIDE\plugins\com.st.stm32cube.common.mx_6.12.1.202409122256\\db\/mcu/
2025-02-01 12:27:50,003 [INFO] ApiDb:274 - Set plugin database path to: C:\ST\STM32CubeIDE_1.16.1\STM32CubeIDE\plugins\com.st.stm32cube.common.mx_6.12.1.202409122256\\db\/plugins/boardmanager/
2025-02-01 12:27:50,003 [INFO] ApiDb:261 - Set plugin images path to: C:\ST\STM32CubeIDE_1.16.1\STM32CubeIDE\plugins\com.st.stm32cube.common.mx_6.12.1.202409122256\\db\/plugins/mcufinder/images/
2025-02-01 12:27:50,004 [WARN] DbFile:41 - Overriding database path with different value: C:\Users\mridu\.stmcufinder\plugins\mcufinder/ => C:\Users\mridu\.stmcufinder\plugins\mcufinder
2025-02-01 12:27:50,004 [INFO] ApiDb:250 - Set database path to: C:\Users\mridu\.stmcufinder\plugins\mcufinder//mcu/
2025-02-01 12:27:50,004 [WARN] DbFile:41 - Overriding database path with different value: C:\Users\mridu\.stmcufinder\plugins\mcufinder/ => C:\Users\mridu\.stmcufinder\plugins\mcufinder
2025-02-01 12:27:50,004 [INFO] DbMcusAds:125 - Set database path to: C:\Users\mridu\.stmcufinder\plugins\mcufinder//mcu/
2025-02-01 12:27:50,004 [WARN] DbFile:41 - Overriding database path with different value: C:\Users\mridu\.stmcufinder\plugins\mcufinder/ => C:\Users\mridu\.stmcufinder\plugins\mcufinder
2025-02-01 12:27:50,004 [WARN] DbFile:41 - Overriding database path with different value: C:\Users\mridu\.stmcufinder\plugins\mcufinder/ => C:\Users\mridu\.stmcufinder\plugins\mcufinder
2025-02-01 12:27:50,004 [INFO] CrossReferenceDbSqlite:203 - Set database path to: C:\Users\mridu\.stmcufinder\plugins\mcufinder//mcu/cs/
2025-02-01 12:27:50,106 [INFO] MainPanel:268 - HeapMemory: 268435456
2025-02-01 12:27:50,281 [INFO] DbMcusXml:78 - Set database path to: C:\ST\STM32CubeIDE_1.16.1\STM32CubeIDE\plugins\com.st.stm32cube.common.mx_6.12.1.202409122256\\db\/mcu/
2025-02-01 12:27:50,281 [INFO] ApiDb:274 - Set plugin database path to: C:\ST\STM32CubeIDE_1.16.1\STM32CubeIDE\plugins\com.st.stm32cube.common.mx_6.12.1.202409122256\\db\/plugins/boardmanager/
2025-02-01 12:27:50,281 [INFO] ApiDb:261 - Set plugin images path to: C:\ST\STM32CubeIDE_1.16.1\STM32CubeIDE\plugins\com.st.stm32cube.common.mx_6.12.1.202409122256\\db\/plugins/mcufinder/images/
2025-02-01 12:27:50,282 [WARN] DbFile:41 - Overriding database path with different value: C:\Users\mridu\.stmcufinder\plugins\mcufinder/ => C:\Users\mridu\.stmcufinder\plugins\mcufinder
2025-02-01 12:27:50,282 [INFO] ApiDb:250 - Set database path to: C:\Users\mridu\.stmcufinder\plugins\mcufinder//mcu/
2025-02-01 12:27:50,282 [WARN] DbFile:41 - Overriding database path with different value: C:\Users\mridu\.stmcufinder\plugins\mcufinder/ => C:\Users\mridu\.stmcufinder\plugins\mcufinder
2025-02-01 12:27:50,282 [INFO] DbMcusAds:125 - Set database path to: C:\Users\mridu\.stmcufinder\plugins\mcufinder//mcu/
2025-02-01 12:27:50,282 [WARN] DbFile:41 - Overriding database path with different value: C:\Users\mridu\.stmcufinder\plugins\mcufinder/ => C:\Users\mridu\.stmcufinder\plugins\mcufinder
2025-02-01 12:27:50,282 [WARN] DbFile:41 - Overriding database path with different value: C:\Users\mridu\.stmcufinder\plugins\mcufinder/ => C:\Users\mridu\.stmcufinder\plugins\mcufinder
2025-02-01 12:27:50,282 [INFO] CrossReferenceDbSqlite:203 - Set database path to: C:\Users\mridu\.stmcufinder\plugins\mcufinder//mcu/cs/
2025-02-01 12:27:50,299 [INFO] ApplicationProperties:184 - Using Application install path: C:\ST\STM32CubeIDE_1.16.1\STM32CubeIDE\plugins\com.st.stm32cube.common.mx_6.12.1.202409122256
2025-02-01 12:27:50,301 [INFO] PluginManage:196 - Search for loadable plugins [exclusion list=, ]
2025-02-01 12:27:50,303 [INFO] PluginManage:310 - Check plugin analytics
2025-02-01 12:27:50,547 [INFO] AnalyticsPlugin:253 - Accepted Software Licenses: 
2025-02-01 12:27:50,547 [INFO] AnalyticsPlugin:255 - Accepted CMSIS Pack Licenses: 
2025-02-01 12:27:50,548 [INFO] AnalyticsPlugin:257 - Accepted Firmware Licenses: 
2025-02-01 12:27:50,552 [INFO] PluginManage:359 - Loaded plugin analytics (category:tool,tabindex:-1)
2025-02-01 12:27:50,552 [INFO] PluginManage:310 - Check plugin cadmodel
2025-02-01 12:27:50,576 [INFO] CADModel:105 - Init CAD model plugin
2025-02-01 12:27:50,576 [INFO] PluginManage:359 - Loaded plugin cadmodel (category:power,tabindex:5)
2025-02-01 12:27:50,576 [INFO] PluginManage:310 - Check plugin clock
2025-02-01 12:27:50,607 [INFO] PluginManage:359 - Loaded plugin clock (category:base,tabindex:2)
2025-02-01 12:27:50,607 [INFO] PluginManage:310 - Check plugin ddr
2025-02-01 12:27:50,612 [INFO] PluginManage:359 - Loaded plugin ddr (category:tool,tabindex:6)
2025-02-01 12:27:50,612 [INFO] PluginManage:310 - Check plugin filemanager
2025-02-01 12:27:50,768 [INFO] PluginManage:359 - Loaded plugin filemanager (category:base,tabindex:10)
2025-02-01 12:27:50,768 [INFO] PluginManage:310 - Check plugin ipmanager
2025-02-01 12:27:50,776 [INFO] PluginManage:359 - Loaded plugin ipmanager (category:base,tabindex:5)
2025-02-01 12:27:50,777 [INFO] PluginManage:310 - Check plugin lpbam
2025-02-01 12:27:50,795 [INFO] PluginManage:359 - Loaded plugin lpbam (category:base,tabindex:0)
2025-02-01 12:27:50,795 [INFO] PluginManage:310 - Check plugin memorymap
2025-02-01 12:27:50,820 [INFO] PluginManage:359 - Loaded plugin memorymap (category:base,tabindex:4)
2025-02-01 12:27:50,820 [INFO] PluginManage:310 - Check plugin pinoutandconfiguration
2025-02-01 12:27:50,842 [INFO] PluginManage:359 - Loaded plugin pinoutandconfiguration (category:base,tabindex:1)
2025-02-01 12:27:50,843 [INFO] PluginManage:310 - Check plugin pinoutconfig
2025-02-01 12:27:50,947 [WARN] SupportedApi:132 - Cannot load RTOS API schema: s4s-elt-must-match.1: The content of 'definitions' must match (annotation?, (simpleType | complexType)?, (unique | key | keyref)*)). A problem was found starting at: attribute.
2025-02-01 12:27:51,102 [INFO] PluginManage:359 - Loaded plugin pinoutconfig (category:base,tabindex:0)
2025-02-01 12:27:51,102 [INFO] PluginManage:310 - Check plugin power
2025-02-01 12:27:51,127 [INFO] PluginManage:359 - Loaded plugin power (category:power,tabindex:4)
2025-02-01 12:27:51,127 [INFO] PluginManage:310 - Check plugin projectmanager
2025-02-01 12:27:51,146 [INFO] PluginManage:359 - Loaded plugin projectmanager (category:projectmanager,tabindex:4)
2025-02-01 12:27:51,146 [INFO] PluginManage:310 - Check plugin rif
2025-02-01 12:27:51,162 [INFO] PluginManage:359 - Loaded plugin rif (category:base,tabindex:3)
2025-02-01 12:27:51,162 [INFO] PluginManage:310 - Check plugin thirdparty
2025-02-01 12:27:51,467 [INFO] PluginManage:359 - Loaded plugin thirdparty (category:base,tabindex:-1)
2025-02-01 12:27:51,467 [INFO] PluginManage:310 - Check plugin tools
2025-02-01 12:27:51,467 [WARN] IntegrityCheckThread:84 - waiting for thirdparty lock release [integrity check]
2025-02-01 12:27:51,467 [INFO] IntegrityCheckThread:86 - entering critical section [integrity check]
2025-02-01 12:27:51,468 [INFO] ThirdPartyUpdaterWithRetryManager:70 - Updater plugin not ready yet. [1/15]
2025-02-01 12:27:51,503 [INFO] PluginManage:359 - Loaded plugin tools (category:base,tabindex:7)
2025-02-01 12:27:51,503 [INFO] PluginManage:310 - Check plugin tutovideos
2025-02-01 12:27:51,726 [INFO] PluginManage:359 - Loaded plugin tutovideos (category:base,tabindex:-1)
2025-02-01 12:27:51,726 [INFO] PluginManage:310 - Check plugin updater
2025-02-01 12:27:51,745 [INFO] PluginManage:359 - Loaded plugin updater (category:base,tabindex:12)
2025-02-01 12:27:51,745 [INFO] PluginManage:310 - Check plugin userauth
2025-02-01 12:27:51,753 [INFO] UserAuth:113 - Init User Auth plugin
2025-02-01 12:27:51,753 [INFO] PluginManage:359 - Loaded plugin userauth (category:base,tabindex:14)
2025-02-01 12:27:51,753 [INFO] PluginManage:283 - PluginManage : Loaded plugins [18]
2025-02-01 12:27:51,977 [INFO] PinOutPanel:1561 - setPackage(No Configuration,No Configuration)
2025-02-01 12:27:52,073 [INFO] CADModel:165 - CPN selected for project level
2025-02-01 12:27:52,073 [INFO] CADModel:114 - Register for checkConnection events
2025-02-01 12:27:52,100 [INFO] IPUIPlugin:80 - create IPUIPlugin
2025-02-01 12:27:52,100 [INFO] PluginManager:220 - loadIPPluginJar : add adc
2025-02-01 12:27:52,135 [INFO] IPUIPlugin:80 - create IPUIPlugin
2025-02-01 12:27:52,135 [INFO] PluginManager:220 - loadIPPluginJar : add aes
2025-02-01 12:27:52,174 [INFO] IPUIPlugin:80 - create IPUIPlugin
2025-02-01 12:27:52,175 [INFO] PluginManager:220 - loadIPPluginJar : add can
2025-02-01 12:27:52,203 [INFO] IPUIPlugin:80 - create IPUIPlugin
2025-02-01 12:27:52,204 [INFO] PluginManager:220 - loadIPPluginJar : add comp
2025-02-01 12:27:52,256 [INFO] IPUIPlugin:80 - create IPUIPlugin
2025-02-01 12:27:52,256 [INFO] PluginManager:220 - loadIPPluginJar : add cryp
2025-02-01 12:27:52,273 [INFO] IPUIPlugin:80 - create IPUIPlugin
2025-02-01 12:27:52,273 [INFO] PluginManager:220 - loadIPPluginJar : add ddr_ctrl_phy
2025-02-01 12:27:52,310 [INFO] IPUIPlugin:80 - create IPUIPlugin
2025-02-01 12:27:52,310 [INFO] PluginManager:220 - loadIPPluginJar : add dfsdm
2025-02-01 12:27:52,328 [INFO] IPUIPlugin:80 - create IPUIPlugin
2025-02-01 12:27:52,329 [INFO] PluginManager:220 - loadIPPluginJar : add dma
2025-02-01 12:27:52,384 [INFO] IPUIPlugin:80 - create IPUIPlugin
2025-02-01 12:27:52,384 [INFO] PluginManager:220 - loadIPPluginJar : add dma3
2025-02-01 12:27:52,443 [INFO] IPUIPlugin:80 - create IPUIPlugin
2025-02-01 12:27:52,443 [INFO] PluginManager:220 - loadIPPluginJar : add extmemmanager
2025-02-01 12:27:52,468 [INFO] IPUIPlugin:80 - create IPUIPlugin
2025-02-01 12:27:52,468 [INFO] PluginManager:220 - loadIPPluginJar : add fatfs
2025-02-01 12:27:52,525 [INFO] IPUIPlugin:80 - create IPUIPlugin
2025-02-01 12:27:52,525 [INFO] PluginManager:220 - loadIPPluginJar : add fmc
2025-02-01 12:27:52,542 [INFO] IPUIPlugin:80 - create IPUIPlugin
2025-02-01 12:27:52,543 [INFO] PluginManager:220 - loadIPPluginJar : add freertos
2025-02-01 12:27:52,568 [INFO] IPUIPlugin:80 - create IPUIPlugin
2025-02-01 12:27:52,568 [INFO] PluginManager:220 - loadIPPluginJar : add genericplugin
2025-02-01 12:27:52,681 [INFO] IPUIPlugin:80 - create IPUIPlugin
2025-02-01 12:27:52,681 [INFO] PluginManager:220 - loadIPPluginJar : add gfxmmu
2025-02-01 12:27:52,824 [INFO] IPUIPlugin:80 - create IPUIPlugin
2025-02-01 12:27:52,824 [INFO] PluginManager:220 - loadIPPluginJar : add gic
2025-02-01 12:27:52,839 [INFO] IPUIPlugin:80 - create IPUIPlugin
2025-02-01 12:27:52,840 [INFO] PluginManager:220 - loadIPPluginJar : add gpio
2025-02-01 12:27:52,956 [INFO] IPUIPlugin:80 - create IPUIPlugin
2025-02-01 12:27:52,956 [INFO] PluginManager:220 - loadIPPluginJar : add gtzc
2025-02-01 12:27:53,013 [INFO] IPUIPlugin:80 - create IPUIPlugin
2025-02-01 12:27:53,013 [INFO] PluginManager:220 - loadIPPluginJar : add hash
2025-02-01 12:27:53,081 [INFO] IPUIPlugin:80 - create IPUIPlugin
2025-02-01 12:27:53,081 [INFO] PluginManager:220 - loadIPPluginJar : add i2c
2025-02-01 12:27:53,130 [INFO] IPUIPlugin:80 - create IPUIPlugin
2025-02-01 12:27:53,130 [INFO] PluginManager:220 - loadIPPluginJar : add i2s
2025-02-01 12:27:53,178 [INFO] IPUIPlugin:80 - create IPUIPlugin
2025-02-01 12:27:53,178 [INFO] PluginManager:220 - loadIPPluginJar : add i3c
2025-02-01 12:27:53,282 [INFO] IPUIPlugin:80 - create IPUIPlugin
2025-02-01 12:27:53,282 [INFO] PluginManager:220 - loadIPPluginJar : add ipddr
2025-02-01 12:27:53,384 [INFO] IPUIPlugin:80 - create IPUIPlugin
2025-02-01 12:27:53,384 [INFO] PluginManager:220 - loadIPPluginJar : add linkedlist
2025-02-01 12:27:53,426 [INFO] IPUIPlugin:80 - create IPUIPlugin
2025-02-01 12:27:53,426 [INFO] PluginManager:220 - loadIPPluginJar : add lorawan
2025-02-01 12:27:53,476 [INFO] IPUIPlugin:80 - create IPUIPlugin
2025-02-01 12:27:53,476 [INFO] PluginManager:220 - loadIPPluginJar : add ltdc
2025-02-01 12:27:53,497 [INFO] IPUIPlugin:80 - create IPUIPlugin
2025-02-01 12:27:53,498 [INFO] PluginManager:220 - loadIPPluginJar : add mdma
2025-02-01 12:27:53,513 [INFO] IPUIPlugin:80 - create IPUIPlugin
2025-02-01 12:27:53,513 [INFO] PluginManager:220 - loadIPPluginJar : add nvic
2025-02-01 12:27:53,559 [INFO] IPUIPlugin:80 - create IPUIPlugin
2025-02-01 12:27:53,559 [INFO] PluginManager:220 - loadIPPluginJar : add opamp
2025-02-01 12:27:53,640 [INFO] IPUIPlugin:80 - create IPUIPlugin
2025-02-01 12:27:53,640 [INFO] PluginManager:220 - loadIPPluginJar : add openamp
2025-02-01 12:27:53,692 [INFO] IPUIPlugin:80 - create IPUIPlugin
2025-02-01 12:27:53,692 [INFO] PluginManager:220 - loadIPPluginJar : add pdm2pcm
2025-02-01 12:27:53,708 [INFO] IPUIPlugin:80 - create IPUIPlugin
2025-02-01 12:27:53,710 [INFO] PluginManager:220 - loadIPPluginJar : add plateformsettings
2025-02-01 12:27:53,740 [INFO] IPUIPlugin:80 - create IPUIPlugin
2025-02-01 12:27:53,741 [INFO] PluginManager:220 - loadIPPluginJar : add quadspi
2025-02-01 12:27:53,782 [INFO] IPUIPlugin:80 - create IPUIPlugin
2025-02-01 12:27:53,783 [INFO] PluginManager:220 - loadIPPluginJar : add radio
2025-02-01 12:27:53,802 [INFO] IPUIPlugin:80 - create IPUIPlugin
2025-02-01 12:27:53,803 [INFO] PluginManager:220 - loadIPPluginJar : add resmgrutility
2025-02-01 12:27:53,857 [INFO] IPUIPlugin:80 - create IPUIPlugin
2025-02-01 12:27:53,857 [INFO] PluginManager:220 - loadIPPluginJar : add sai
2025-02-01 12:27:53,903 [INFO] IPUIPlugin:80 - create IPUIPlugin
2025-02-01 12:27:53,903 [INFO] PluginManager:220 - loadIPPluginJar : add spi
2025-02-01 12:27:53,982 [INFO] IPUIPlugin:80 - create IPUIPlugin
2025-02-01 12:27:53,982 [INFO] PluginManager:220 - loadIPPluginJar : add stm32_wpan
2025-02-01 12:27:54,014 [INFO] IPUIPlugin:80 - create IPUIPlugin
2025-02-01 12:27:54,014 [INFO] PluginManager:220 - loadIPPluginJar : add tim
2025-02-01 12:27:54,086 [INFO] IPUIPlugin:80 - create IPUIPlugin
2025-02-01 12:27:54,086 [INFO] PluginManager:220 - loadIPPluginJar : add touchsensing
2025-02-01 12:27:54,116 [INFO] IPUIPlugin:80 - create IPUIPlugin
2025-02-01 12:27:54,117 [INFO] PluginManager:220 - loadIPPluginJar : add tracer_emb
2025-02-01 12:27:54,146 [INFO] IPUIPlugin:80 - create IPUIPlugin
2025-02-01 12:27:54,146 [INFO] PluginManager:220 - loadIPPluginJar : add ts
2025-02-01 12:27:54,172 [INFO] IPUIPlugin:80 - create IPUIPlugin
2025-02-01 12:27:54,172 [INFO] PluginManager:220 - loadIPPluginJar : add tsc
2025-02-01 12:27:54,195 [INFO] IPUIPlugin:80 - create IPUIPlugin
2025-02-01 12:27:54,196 [INFO] PluginManager:220 - loadIPPluginJar : add ucpd
2025-02-01 12:27:54,240 [INFO] IPUIPlugin:80 - create IPUIPlugin
2025-02-01 12:27:54,240 [INFO] PluginManager:220 - loadIPPluginJar : add usart
2025-02-01 12:27:54,295 [INFO] IPUIPlugin:80 - create IPUIPlugin
2025-02-01 12:27:54,295 [INFO] PluginManager:220 - loadIPPluginJar : add usbx
2025-02-01 12:27:54,423 [INFO] CADModel:165 - CPN selected for project level
2025-02-01 12:27:54,423 [INFO] CADModel:114 - Register for checkConnection events
2025-02-01 12:27:54,423 [FATAL] Updater:334 - Updater called before beeing initialized
2025-02-01 12:27:54,423 [ERROR] CADModel:125 - Updater not yet initialized, retry later 
2025-02-01 12:27:54,470 [INFO] ThirdPartyUpdaterWithRetryManager:70 - Updater plugin not ready yet. [2/15]
2025-02-01 12:27:54,626 [INFO] CADModel:165 - CPN selected for project level
2025-02-01 12:27:54,626 [INFO] CADModel:114 - Register for checkConnection events
2025-02-01 12:27:54,626 [FATAL] Updater:334 - Updater called before beeing initialized
2025-02-01 12:27:54,626 [ERROR] CADModel:125 - Updater not yet initialized, retry later 
2025-02-01 12:27:54,630 [FATAL] Updater:334 - Updater called before beeing initialized
2025-02-01 12:27:54,755 [FATAL] Updater:334 - Updater called before beeing initialized
2025-02-01 12:27:54,767 [INFO] DbMcusAds:53 - JSON generation date=Tue Dec 17 08:01:15 PST 2024 (1734451275111)
2025-02-01 12:27:54,767 [FATAL] Updater:334 - Updater called before beeing initialized
2025-02-01 12:27:54,807 [WARN] DetailPanel:346 - Failed to get advertising image, set to default
2025-02-01 12:27:54,975 [FATAL] Updater:334 - Updater called before beeing initialized
2025-02-01 12:27:54,977 [FATAL] Updater:334 - Updater called before beeing initialized
2025-02-01 12:27:54,977 [FATAL] Updater:334 - Updater called before beeing initialized
2025-02-01 12:27:54,978 [WARN] DetailPanel:346 - Failed to get advertising image, set to default
2025-02-01 12:27:54,978 [FATAL] Updater:334 - Updater called before beeing initialized
2025-02-01 12:27:55,066 [ERROR] Updater:1164 - MainUpdater not yet initialized. External WinMGr cannot be set.
2025-02-01 12:27:55,078 [INFO] Updater:1100 - Updater Version found : 6.12.1
2025-02-01 12:27:55,095 [INFO] ApplicationProperties:184 - Using Application install path: C:\ST\STM32CubeIDE_1.16.1\STM32CubeIDE\plugins\com.st.stm32cube.common.mx_6.12.1.202409122256
2025-02-01 12:27:56,681 [ERROR] LogOutputStream:75 - [STDERR_REDIRECT] Feb 01, 2025 12:27:56 PM java.util.prefs.WindowsPreferences <init>
2025-02-01 12:27:56,683 [ERROR] LogOutputStream:75 - [STDERR_REDIRECT] WARNING: Could not open/create prefs root node Software\JavaSoft\Prefs at root 0xffffffff80000002. Windows RegCreateKeyEx(...) returned error code 5.
2025-02-01 12:27:56,683 [ERROR] LogOutputStream:75 - [STDERR_REDIRECT] 
2025-02-01 12:27:56,979 [INFO] MainUpdater:2873 - connection check result : 10
2025-02-01 12:27:56,980 [INFO] MainUpdater:290 - Updater Check For Update Now.
2025-02-01 12:27:56,980 [INFO] MicroXplorer:498 - Change Database Version : DB.6.0.121
2025-02-01 12:27:57,006 [INFO] McuFinderGlobals:63 - Set McuFinder mode to 2 (CubeIDE integrated)
2025-02-01 12:27:57,016 [INFO] UserAuth:417 - Internet connection configuration mode: 1
2025-02-01 12:27:57,063 [INFO] JxBrowserEngine:152 - Initiate JxBrowser Engine with user profile folder
2025-02-01 12:27:57,208 [INFO] CheckServerUpdateThread:120 - End of CheckServer Thread
2025-02-01 12:27:57,808 [WARN] PackLoader:240 - Cannot read IP mode file for STMicroelectronics.FP-SNS-MOTENVWB1.1.4.0
2025-02-01 12:27:57,833 [WARN] PackLoader:240 - Cannot read IP mode file for STMicroelectronics.FP-ATR-ASTRA1.2.0.1
2025-02-01 12:27:57,856 [WARN] PackLoader:240 - Cannot read IP mode file for STMicroelectronics.X-CUBE-SMBUS.2.1.0
2025-02-01 12:27:57,881 [WARN] PackLoader:240 - Cannot read IP mode file for STMicroelectronics.X-CUBE-WB05N.1.1.0
2025-02-01 12:27:57,940 [WARN] PackLoader:240 - Cannot read IP mode file for STMicroelectronics.X-CUBE-AZRTOS-F7.1.1.0
2025-02-01 12:27:58,037 [WARN] PackLoader:240 - Cannot read IP mode file for STMicroelectronics.X-CUBE-MEMS1.11.0.0
2025-02-01 12:27:58,198 [WARN] PackLoader:240 - Cannot read IP mode file for STMicroelectronics.FP-SNS-FLIGHT1.5.0.2
2025-02-01 12:27:58,220 [WARN] PackLoader:240 - Cannot read IP mode file for STMicroelectronics.X-CUBE-DISPLAY.3.0.0
2025-02-01 12:27:58,244 [WARN] PackLoader:240 - Cannot read IP mode file for STMicroelectronics.X-CUBE-BLE1.7.0.0
2025-02-01 12:27:58,269 [WARN] PackLoader:240 - Cannot read IP mode file for STMicroelectronics.X-CUBE-BLEMGR.4.0.0
2025-02-01 12:27:58,299 [WARN] PackLoader:240 - Cannot read IP mode file for emotas.I-CUBE-CANOPEN.1.3.0
2025-02-01 12:27:58,326 [WARN] PackLoader:240 - Cannot read IP mode file for STMicroelectronics.X-CUBE-BLEMGR.3.1.0
2025-02-01 12:27:58,350 [WARN] PackLoader:240 - Cannot read IP mode file for STMicroelectronics.X-CUBE-AI.10.0.0
2025-02-01 12:27:58,368 [WARN] PackLoader:240 - Cannot read IP mode file for STMicroelectronics.FP-SNS-SMARTAG2.1.2.0
2025-02-01 12:27:58,466 [WARN] PackLoader:240 - Cannot read IP mode file for STMicroelectronics.X-CUBE-MEMS1.11.1.0
2025-02-01 12:27:58,634 [INFO] LogOutputStream:77 - [STDOUT_REDIRECT] 1 : Invalid condition id : UX_CORESTACK_Condition cause : null
2025-02-01 12:27:58,635 [INFO] LogOutputStream:77 - [STDOUT_REDIRECT] 1 : Invalid condition id : UX_CORESTACK_Condition cause : null
2025-02-01 12:27:58,637 [INFO] LogOutputStream:77 - [STDOUT_REDIRECT] 1 : Invalid condition id : UX_CORESTACK_Condition cause : null
2025-02-01 12:27:58,639 [INFO] LogOutputStream:77 - [STDOUT_REDIRECT] 1 : Invalid condition id : UX_CORESTACK_Condition cause : null
2025-02-01 12:27:58,640 [INFO] LogOutputStream:77 - [STDOUT_REDIRECT] 1 : Invalid condition id : UX_CORESTACK_Condition cause : null
2025-02-01 12:27:58,643 [WARN] PackLoader:240 - Cannot read IP mode file for STMicroelectronics.X-CUBE-AZRTOS-WL.2.0.0
2025-02-01 12:27:58,658 [WARN] PackLoader:240 - Cannot read IP mode file for STMicroelectronics.FP-SNS-MOTENV1.5.0.0
2025-02-01 12:27:58,673 [WARN] PackLoader:240 - Cannot read IP mode file for wolfSSL.I-CUBE-wolfMQTT.1.19.0
2025-02-01 12:27:58,692 [WARN] PackLoader:240 - Cannot read IP mode file for WES.I-CUBE-Cesium.1.3.0
2025-02-01 12:27:58,715 [WARN] PackLoader:240 - Cannot read IP mode file for STMicroelectronics.X-CUBE-BLE2.3.3.0
2025-02-01 12:27:58,735 [WARN] PackLoader:240 - Cannot read IP mode file for STMicroelectronics.X-CUBE-TCPP.4.1.0
2025-02-01 12:27:58,771 [WARN] PackLoader:240 - Cannot read IP mode file for STMicroelectronics.X-CUBE-AZRTOS-G0.1.1.0
2025-02-01 12:27:58,790 [WARN] PackLoader:240 - Cannot read IP mode file for STMicroelectronics.X-CUBE-SAFEA1.1.2.2
2025-02-01 12:27:58,809 [WARN] PackLoader:240 - Cannot read IP mode file for STMicroelectronics.X-CUBE-NFC4.3.0.0
2025-02-01 12:27:58,837 [WARN] PackLoader:240 - Cannot read IP mode file for EmbeddedOffice.I-CUBE-FS-RTOS.1.0.1
2025-02-01 12:27:58,838 [ERROR] ConditionMgr:805 - Attr not supported : Dmpu
2025-02-01 12:27:58,838 [ERROR] ConditionMgr:805 - Attr not supported : Dmpu
2025-02-01 12:27:58,838 [ERROR] ConditionMgr:805 - Attr not supported : Dmpu
2025-02-01 12:27:58,838 [ERROR] ConditionMgr:805 - Attr not supported : Dmpu
2025-02-01 12:27:58,838 [ERROR] ConditionMgr:805 - Attr not supported : Dmpu
2025-02-01 12:27:58,838 [ERROR] ConditionMgr:805 - Attr not supported : Dmpu
2025-02-01 12:27:58,838 [ERROR] ConditionMgr:805 - Attr not supported : Dmpu
2025-02-01 12:27:58,838 [ERROR] ConditionMgr:805 - Attr not supported : Dmpu
2025-02-01 12:27:58,838 [ERROR] ConditionMgr:805 - Attr not supported : Dmpu
2025-02-01 12:27:58,839 [ERROR] ConditionMgr:805 - Attr not supported : Dmpu
2025-02-01 12:27:58,839 [ERROR] ConditionMgr:805 - Attr not supported : Dmpu
2025-02-01 12:27:58,839 [ERROR] ConditionMgr:805 - Attr not supported : Dmpu
2025-02-01 12:27:58,839 [ERROR] ConditionMgr:805 - Attr not supported : Dmpu
2025-02-01 12:27:58,839 [ERROR] ConditionMgr:805 - Attr not supported : Dmpu
2025-02-01 12:27:58,839 [ERROR] ConditionMgr:805 - Attr not supported : Dmpu
2025-02-01 12:27:58,839 [ERROR] ConditionMgr:805 - Attr not supported : Dmpu
2025-02-01 12:27:58,839 [ERROR] ConditionMgr:805 - Attr not supported : Dmpu
2025-02-01 12:27:58,839 [ERROR] ConditionMgr:805 - Attr not supported : Dmpu
2025-02-01 12:27:58,839 [ERROR] ConditionMgr:805 - Attr not supported : Dmpu
2025-02-01 12:27:58,840 [ERROR] ConditionMgr:805 - Attr not supported : Dmpu
2025-02-01 12:27:58,840 [ERROR] ConditionMgr:805 - Attr not supported : Dmpu
2025-02-01 12:27:58,840 [ERROR] ConditionMgr:805 - Attr not supported : Dmpu
2025-02-01 12:27:58,840 [ERROR] ConditionMgr:805 - Attr not supported : Dmpu
2025-02-01 12:27:58,840 [ERROR] ConditionMgr:805 - Attr not supported : Dmpu
2025-02-01 12:27:58,840 [ERROR] ConditionMgr:805 - Attr not supported : Dmpu
2025-02-01 12:27:58,840 [ERROR] ConditionMgr:805 - Attr not supported : Dmpu
2025-02-01 12:27:58,840 [ERROR] ConditionMgr:805 - Attr not supported : Dmpu
2025-02-01 12:27:58,840 [ERROR] ConditionMgr:805 - Attr not supported : Dmpu
2025-02-01 12:27:58,840 [ERROR] ConditionMgr:805 - Attr not supported : Dmpu
2025-02-01 12:27:58,840 [ERROR] ConditionMgr:805 - Attr not supported : Dmpu
2025-02-01 12:27:58,841 [ERROR] ConditionMgr:805 - Attr not supported : Dmpu
2025-02-01 12:27:58,841 [ERROR] ConditionMgr:805 - Attr not supported : Dmpu
2025-02-01 12:27:58,841 [ERROR] ConditionMgr:805 - Attr not supported : Dmpu
2025-02-01 12:27:58,841 [ERROR] ConditionMgr:805 - Attr not supported : Dmpu
2025-02-01 12:27:58,841 [ERROR] ConditionMgr:805 - Attr not supported : Dmpu
2025-02-01 12:27:58,841 [ERROR] ConditionMgr:805 - Attr not supported : Dmpu
2025-02-01 12:27:58,841 [ERROR] ConditionMgr:805 - Attr not supported : Dmpu
2025-02-01 12:27:58,841 [ERROR] ConditionMgr:805 - Attr not supported : Dmpu
2025-02-01 12:27:58,842 [ERROR] ConditionMgr:805 - Attr not supported : Dmpu
2025-02-01 12:27:58,842 [ERROR] ConditionMgr:805 - Attr not supported : Dmpu
2025-02-01 12:27:58,842 [ERROR] ConditionMgr:805 - Attr not supported : Dmpu
2025-02-01 12:27:58,842 [ERROR] ConditionMgr:805 - Attr not supported : Dmpu
2025-02-01 12:27:58,842 [ERROR] ConditionMgr:805 - Attr not supported : Dmpu
2025-02-01 12:27:58,842 [ERROR] ConditionMgr:805 - Attr not supported : Dmpu
2025-02-01 12:27:58,842 [ERROR] ConditionMgr:805 - Attr not supported : Dmpu
2025-02-01 12:27:58,842 [ERROR] ConditionMgr:805 - Attr not supported : Dmpu
2025-02-01 12:27:58,842 [ERROR] ConditionMgr:805 - Attr not supported : Dmpu
2025-02-01 12:27:58,842 [ERROR] ConditionMgr:805 - Attr not supported : Dmpu
2025-02-01 12:27:58,843 [ERROR] ConditionMgr:805 - Attr not supported : Dmpu
2025-02-01 12:27:58,843 [ERROR] ConditionMgr:805 - Attr not supported : Dmpu
2025-02-01 12:27:58,843 [ERROR] ConditionMgr:805 - Attr not supported : Dmpu
2025-02-01 12:27:58,843 [ERROR] ConditionMgr:805 - Attr not supported : Dmpu
2025-02-01 12:27:58,843 [ERROR] ConditionMgr:805 - Attr not supported : Dmpu
2025-02-01 12:27:58,843 [ERROR] ConditionMgr:805 - Attr not supported : Dmpu
2025-02-01 12:27:58,843 [ERROR] ConditionMgr:805 - Attr not supported : Dmpu
2025-02-01 12:27:58,843 [ERROR] ConditionMgr:805 - Attr not supported : Dmpu
2025-02-01 12:27:58,843 [ERROR] ConditionMgr:805 - Attr not supported : Dmpu
2025-02-01 12:27:58,843 [ERROR] ConditionMgr:805 - Attr not supported : Dmpu
2025-02-01 12:27:58,843 [ERROR] ConditionMgr:805 - Attr not supported : Dmpu
2025-02-01 12:27:58,844 [ERROR] ConditionMgr:805 - Attr not supported : Dmpu
2025-02-01 12:27:58,844 [ERROR] ConditionMgr:805 - Attr not supported : Dmpu
2025-02-01 12:27:58,844 [ERROR] ConditionMgr:805 - Attr not supported : Dmpu
2025-02-01 12:27:58,844 [ERROR] ConditionMgr:805 - Attr not supported : Dmpu
2025-02-01 12:27:58,844 [ERROR] ConditionMgr:805 - Attr not supported : Dmpu
2025-02-01 12:27:58,862 [ERROR] Engine:466 - C:\Users\mridu\.stm32cubemx\thirdparties\pdsc\STMicroelectronics.X-CUBE-TCPP.4.2.0.pdsc: PDSC version is not supported
2025-02-01 12:27:58,882 [WARN] PackLoader:240 - Cannot read IP mode file for RealThread.X-CUBE-RT-Thread_Nano.4.1.1
2025-02-01 12:27:58,898 [WARN] PackLoader:240 - Cannot read IP mode file for STMicroelectronics.FP-ATR-SIGFOX1.3.2.0
2025-02-01 12:27:58,913 [WARN] ConditionMgr:438 - getConditionDescription Invalid condition id : Cortex-A Device cause : null
2025-02-01 12:27:58,941 [WARN] ConditionMgr:1039 - genDependencies : Invalid condition id : Cortex-A Device cause : null
2025-02-01 12:27:58,941 [WARN] ConditionMgr:1039 - genDependencies : Invalid condition id : Cortex-A Device cause : null
2025-02-01 12:27:58,941 [WARN] ConditionMgr:1039 - genDependencies : Invalid condition id : Cortex-A Device cause : null
2025-02-01 12:27:58,958 [WARN] PackLoader:240 - Cannot read IP mode file for STMicroelectronics.X-CUBE-EEPRMA1.5.1.0
2025-02-01 12:27:58,976 [WARN] PackLoader:240 - Cannot read IP mode file for wolfSSL.I-CUBE-wolfSSL.5.7.4
2025-02-01 12:27:58,998 [WARN] PackLoader:240 - Cannot read IP mode file for ITTIA_DB.I-CUBE-ITTIADB.8.9.0
2025-02-01 12:27:59,043 [WARN] PackLoader:240 - Cannot read IP mode file for SEGGER.I-CUBE-embOS.1.3.1
2025-02-01 12:27:59,121 [WARN] PackLoader:240 - Cannot read IP mode file for STMicroelectronics.X-CUBE-ALGOBUILD.1.4.0
2025-02-01 12:27:59,178 [WARN] PackLoader:240 - Cannot read IP mode file for STMicroelectronics.X-CUBE-AZRTOS-F4.1.1.0
2025-02-01 12:27:59,201 [WARN] PackLoader:240 - Cannot read IP mode file for STMicroelectronics.X-CUBE-FREERTOS.1.2.0
2025-02-01 12:27:59,248 [WARN] PackLoader:240 - Cannot read IP mode file for STMicroelectronics.X-CUBE-AZRTOS-L5.2.0.0
2025-02-01 12:27:59,276 [WARN] PackLoader:240 - Cannot read IP mode file for STMicroelectronics.X-CUBE-NFC6.3.1.0
2025-02-01 12:27:59,300 [WARN] PackLoader:240 - Cannot read IP mode file for STMicroelectronics.X-CUBE-FREERTOS.1.3.0
2025-02-01 12:27:59,318 [WARN] PackLoader:240 - Cannot read IP mode file for STMicroelectronics.X-CUBE-NFC7.1.0.1
2025-02-01 12:27:59,357 [WARN] ConditionMgr:438 - getConditionDescription Invalid condition id : LAN8742 Phy interface Condition cause : null
2025-02-01 12:27:59,358 [WARN] PackLoader:240 - Cannot read IP mode file for STMicroelectronics.X-CUBE-AZRTOS-L4.2.0.0
2025-02-01 12:27:59,359 [WARN] ConditionMgr:1039 - genDependencies : Invalid condition id : LAN8742 Phy interface Condition cause : null
2025-02-01 12:27:59,359 [WARN] ConditionMgr:1039 - genDependencies : Invalid condition id : LAN8742 Phy interface Condition cause : null
2025-02-01 12:27:59,359 [WARN] ConditionMgr:1039 - genDependencies : Invalid condition id : LAN8742 Phy interface Condition cause : null
2025-02-01 12:27:59,377 [WARN] PackLoader:240 - Cannot read IP mode file for STMicroelectronics.X-CUBE-SFXS2LP1.4.0.0
2025-02-01 12:27:59,424 [WARN] PackLoader:240 - Cannot read IP mode file for STMicroelectronics.X-CUBE-AZRTOS-H7.3.3.0
2025-02-01 12:27:59,452 [WARN] PackLoader:240 - Cannot read IP mode file for STMicroelectronics.X-CUBE-IPS.3.0.0
2025-02-01 12:27:59,491 [WARN] ConditionMgr:438 - getConditionDescription Invalid condition id : UX DEVICE CLASS RTOS Condition cause : null
2025-02-01 12:27:59,491 [WARN] ConditionMgr:438 - getConditionDescription Invalid condition id : UX DEVICE CLASS RTOS Condition cause : null
2025-02-01 12:27:59,495 [WARN] PackLoader:240 - Cannot read IP mode file for STMicroelectronics.X-CUBE-AZRTOS-WB.2.0.0
2025-02-01 12:27:59,496 [WARN] ConditionMgr:1039 - genDependencies : Invalid condition id : UX DEVICE CLASS RTOS Condition cause : null
2025-02-01 12:27:59,497 [WARN] ConditionMgr:1039 - genDependencies : Invalid condition id : UX DEVICE CLASS RTOS Condition cause : null
2025-02-01 12:27:59,498 [WARN] ConditionMgr:1039 - genDependencies : Invalid condition id : UX DEVICE CLASS RTOS Condition cause : null
2025-02-01 12:27:59,498 [WARN] ConditionMgr:1039 - genDependencies : Invalid condition id : UX DEVICE CLASS RTOS Condition cause : null
2025-02-01 12:27:59,498 [WARN] ConditionMgr:1039 - genDependencies : Invalid condition id : UX DEVICE CLASS RTOS Condition cause : null
2025-02-01 12:27:59,524 [WARN] PackLoader:240 - Cannot read IP mode file for STMicroelectronics.X-CUBE-GNSS1.7.0.0
2025-02-01 12:27:59,546 [WARN] PackLoader:240 - Cannot read IP mode file for STMicroelectronics.X-CUBE-GNSS1.7.0.1
2025-02-01 12:27:59,576 [WARN] PackLoader:240 - Cannot read IP mode file for STMicroelectronics.X-CUBE-SUBG2.5.0.0
2025-02-01 12:27:59,600 [WARN] PackLoader:240 - Cannot read IP mode file for Cesanta.I-CUBE-Mongoose.7.13.0
2025-02-01 12:27:59,631 [WARN] PackLoader:240 - Cannot read IP mode file for STMicroelectronics.X-CUBE-AZRTOS-G4.2.0.0
2025-02-01 12:27:59,650 [ERROR] Engine:466 - C:\Users\mridu\.stm32cubemx\thirdparties\pdsc\STMicroelectronics.X-CUBE-IPS.3.1.0.pdsc: PDSC version is not supported
2025-02-01 12:27:59,663 [WARN] PackLoader:240 - Cannot read IP mode file for STMicroelectronics.X-CUBE-ALS.1.0.2
2025-02-01 12:27:59,679 [WARN] PackLoader:240 - Cannot read IP mode file for STMicroelectronics.X-CUBE-TOUCHGFX.4.24.2
2025-02-01 12:27:59,693 [WARN] PackLoader:240 - Cannot read IP mode file for STMicroelectronics.X-CUBE-TOUCHGFX.4.24.1
2025-02-01 12:27:59,712 [WARN] PackLoader:240 - Cannot read IP mode file for wolfSSL.I-CUBE-wolfTPM.3.4.0
2025-02-01 12:27:59,727 [WARN] PackLoader:240 - Cannot read IP mode file for portGmbH.I-Cube-SoM-uGOAL.1.1.0
2025-02-01 12:27:59,764 [WARN] PackLoader:240 - Cannot read IP mode file for STMicroelectronics.X-CUBE-AZRTOS-H7RS.1.0.0
2025-02-01 12:27:59,780 [WARN] PackLoader:240 - Cannot read IP mode file for STMicroelectronics.FP-ATR-ASTRA1.2.0.0
2025-02-01 12:27:59,830 [WARN] PackLoader:240 - Cannot read IP mode file for Infineon.AIROC-Wi-Fi-Bluetooth-STM32.1.6.1
2025-02-01 12:27:59,854 [WARN] PackLoader:240 - Cannot read IP mode file for wolfSSL.I-CUBE-wolfSSH.1.4.17
2025-02-01 12:27:59,855 [INFO] ThirdParty:978 - Integrity check success = true
2025-02-01 12:27:59,855 [INFO] IntegrityCheckThread:100 - exiting critical section [integrity check]
2025-02-01 12:27:59,856 [INFO] IntegrityCheckThread:103 - End integrity checks thread
2025-02-01 12:31:05,127 [INFO] WebApp:167 - Instantiating new browser for Auth
2025-02-01 12:31:06,054 [INFO] WebApp:448 - Apply proxy settings
2025-02-01 12:31:06,055 [INFO] WebApp:533 - Chromium requires no authentication
2025-02-01 12:31:06,070 [INFO] WebApp:476 - Direct internet connection detected
2025-02-01 12:31:06,130 [INFO] WebApp:869 - Register for checkConnection events
2025-02-01 12:31:06,130 [INFO] WebApp:448 - Apply proxy settings
2025-02-01 12:31:06,131 [INFO] WebApp:533 - Chromium requires no authentication
2025-02-01 12:31:06,133 [INFO] WebApp:476 - Direct internet connection detected
2025-02-01 12:31:06,363 [INFO] WebApp:220 - Starting web application
2025-02-01 12:31:06,363 [INFO] WebApp:578 - Web application path used C:\ST\STM32CubeIDE_1.16.1\STM32CubeIDE\plugins\com.st.stm32cube.common.mx_6.12.1.202409122256\db\plugins\mcufinder\reactClient1\index.html
2025-02-01 12:31:06,533 [INFO] WebApp:186 - Connection restablished
2025-02-01 12:31:06,665 [INFO] UserAuth:417 - Internet connection configuration mode: 1
2025-02-01 13:47:36,636 [INFO] WebApp:189 - Connection lost
2025-02-01 13:47:36,848 [INFO] WebApp:186 - Connection restablished
2025-02-01 13:58:44,350 [INFO] McuFinderGlobals:63 - Set McuFinder mode to 2 (CubeIDE integrated)
2025-02-01 13:58:44,381 [INFO] MainUpdater:2873 - connection check result : 10
2025-02-01 13:58:44,390 [INFO] MainUpdater:2873 - connection check result : 10
2025-02-01 13:58:44,620 [INFO] RulesReader:64 - Compatibility file has been processed (297 Rules)
2025-02-01 13:58:44,634 [INFO] RulesReader:64 - Compatibility file has been processed (297 Rules)
2025-02-01 13:58:44,643 [INFO] MicroXplorer:468 - Change Database Path : 
2025-02-01 13:58:44,643 [INFO] MicroXplorer:498 - Change Database Version : DB.6.0.121
2025-02-01 13:58:44,658 [WARN] ThirdParty:871 - waiting for thirdparty lock release [close project]
2025-02-01 13:58:44,658 [INFO] ThirdParty:873 - entering critical section [close project]
2025-02-01 13:58:44,660 [INFO] ThirdParty:883 - exiting critical section [close project]
2025-02-01 13:58:44,666 [INFO] PinOutPanel:1561 - setPackage(No Configuration,No Configuration)
2025-02-01 13:58:44,677 [INFO] UtilMem:75 - Begin LoadConfig() Used Memory: 796681560 Bytes (1073741824)
2025-02-01 13:58:44,687 [INFO] MicroXplorer:468 - Change Database Path : C:/Users/mridu/.stm32cubemx/databases/DB.6.0.120/db/
2025-02-01 13:58:44,688 [INFO] MicroXplorer:498 - Change Database Version : DB.6.0.120
2025-02-01 13:58:48,144 [INFO] OpenFileManager:332 - Change cursor
2025-02-01 13:58:48,196 [INFO] Mcu:2032 - Initializing MCU STM32F103R(C-D-E)Tx STM32F103RCTx STM32F103RCT6
2025-02-01 13:58:49,775 [INFO] Context:742 - Trying to add GPIOservice into a context  which must be forbidden
2025-02-01 13:58:50,312 [INFO] RtosManager:555 - Registered RTOS mode: class=CMSIS, group=RTOS, mode=CMSIS_V1, owner=FREERTOS
2025-02-01 13:58:50,312 [INFO] RtosManager:555 - Registered RTOS mode: class=CMSIS, group=RTOS2, mode=CMSIS_V2, owner=FREERTOS
2025-02-01 13:58:50,312 [INFO] RtosManager:555 - Registered RTOS mode: class=RTOS, group=Core, mode=CMSIS_V1, owner=FREERTOS
2025-02-01 13:58:50,312 [INFO] RtosManager:555 - Registered RTOS mode: class=RTOS, group=Core, mode=CMSIS_V2, owner=FREERTOS
2025-02-01 13:58:50,313 [WARN] ModelIntegratedComponent:184 - Missing modes for component STMicroelectronics:FreeRTOS:0.0.1:STMicroelectronics:RTOS:FreeRTOS:Core:::10.2.0:
2025-02-01 13:58:50,326 [WARN] ModelIntegratedComponent:63 - No mode defined for component null
2025-02-01 13:58:50,326 [WARN] ModelIntegratedComponent:63 - No mode defined for component null
2025-02-01 13:58:50,326 [WARN] ModelIntegratedComponent:63 - No mode defined for component null
2025-02-01 13:58:50,326 [WARN] ModelIntegratedComponent:63 - No mode defined for component null
2025-02-01 13:58:50,326 [WARN] ModelIntegratedComponent:63 - No mode defined for component null
2025-02-01 13:58:50,326 [WARN] ModelIntegratedComponent:63 - No mode defined for component null
2025-02-01 13:58:50,327 [WARN] ModelIntegratedComponent:63 - No mode defined for component null
2025-02-01 13:58:50,327 [WARN] ModelIntegratedComponent:63 - No mode defined for component null
2025-02-01 13:58:50,327 [WARN] ModelIntegratedComponent:63 - No mode defined for component null
2025-02-01 13:58:50,327 [WARN] ModelIntegratedComponent:63 - No mode defined for component null
2025-02-01 13:58:50,327 [WARN] ModelIntegratedComponent:63 - No mode defined for component null
2025-02-01 13:58:50,327 [WARN] ModelIntegratedComponent:63 - No mode defined for component null
2025-02-01 13:58:50,327 [WARN] ModelIntegratedComponent:63 - No mode defined for component null
2025-02-01 13:58:50,327 [WARN] ModelIntegratedComponent:63 - No mode defined for component null
2025-02-01 13:58:50,327 [WARN] ModelIntegratedComponent:63 - No mode defined for component null
2025-02-01 13:58:50,327 [WARN] ModelIntegratedComponent:63 - No mode defined for component null
2025-02-01 13:58:50,328 [WARN] ModelIntegratedComponent:63 - No mode defined for component null
2025-02-01 13:58:50,328 [WARN] ModelIntegratedComponent:63 - No mode defined for component null
2025-02-01 13:58:50,328 [WARN] ModelIntegratedComponent:63 - No mode defined for component null
2025-02-01 13:58:50,328 [WARN] ModelIntegratedComponent:63 - No mode defined for component null
2025-02-01 13:58:50,328 [WARN] ModelIntegratedComponent:63 - No mode defined for component null
2025-02-01 13:58:50,328 [WARN] ModelIntegratedComponent:63 - No mode defined for component null
2025-02-01 13:58:50,328 [WARN] ModelIntegratedComponent:63 - No mode defined for component null
2025-02-01 13:58:50,328 [WARN] ModelIntegratedComponent:63 - No mode defined for component null
2025-02-01 13:58:50,328 [WARN] ModelIntegratedComponent:63 - No mode defined for component null
2025-02-01 13:58:50,328 [WARN] ModelIntegratedComponent:63 - No mode defined for component null
2025-02-01 13:58:50,328 [WARN] ModelIntegratedComponent:63 - No mode defined for component null
2025-02-01 13:58:50,328 [WARN] ModelIntegratedComponent:63 - No mode defined for component null
2025-02-01 13:58:50,328 [WARN] ModelIntegratedComponent:63 - No mode defined for component null
2025-02-01 13:58:50,328 [WARN] ModelIntegratedComponent:63 - No mode defined for component null
2025-02-01 13:58:50,328 [WARN] ModelIntegratedComponent:63 - No mode defined for component null
2025-02-01 13:58:50,328 [WARN] ModelIntegratedComponent:63 - No mode defined for component null
2025-02-01 13:58:50,328 [WARN] ModelIntegratedComponent:63 - No mode defined for component null
2025-02-01 13:58:50,328 [WARN] ModelIntegratedComponent:63 - No mode defined for component null
2025-02-01 13:58:50,328 [WARN] ModelIntegratedComponent:63 - No mode defined for component null
2025-02-01 13:58:50,329 [WARN] ModelPack:524 - Component already loaded: STMicroelectronics:HAL Drivers:0.0.0:STMicroelectronics:Device:STMicro_Driver:XSPI:HAL::0.0.1:HAL_XSPI
2025-02-01 13:58:50,428 [INFO] ThirdPartyModel:298 - Start build external matchings
2025-02-01 13:58:50,719 [INFO] ThirdPartyModel:316 - End build external matchings
2025-02-01 13:58:50,735 [INFO] RtosManager:919 - Current active RTOS is FREERTOS [Cortex-M3NS]
2025-02-01 13:58:50,746 [INFO] ImportTextPane:205 - (OptionalMessage_ERROR) IP (DMA) : Parameter (Instance) has Id (USART1_TX) currently not set
2025-02-01 13:58:50,746 [INFO] ImportTextPane:205 - (OptionalMessage_ERROR) IP (DMA) : Parameter (Direction) has Id (USART1_TX) currently not set
2025-02-01 13:58:50,746 [INFO] ImportTextPane:205 - (OptionalMessage_ERROR) IP (DMA) : Parameter (PeriphInc) has Id (USART1_TX) currently not set
2025-02-01 13:58:50,747 [INFO] ImportTextPane:205 - (OptionalMessage_ERROR) IP (DMA) : Parameter (MemInc) has Id (USART1_TX) currently not set
2025-02-01 13:58:50,747 [INFO] ImportTextPane:205 - (OptionalMessage_ERROR) IP (DMA) : Parameter (PeriphDataAlignment) has Id (USART1_TX) currently not set
2025-02-01 13:58:50,747 [INFO] ImportTextPane:205 - (OptionalMessage_ERROR) IP (DMA) : Parameter (MemDataAlignment) has Id (USART1_TX) currently not set
2025-02-01 13:58:50,747 [INFO] ImportTextPane:205 - (OptionalMessage_ERROR) IP (DMA) : Parameter (Mode) has Id (USART1_TX) currently not set
2025-02-01 13:58:50,747 [INFO] ImportTextPane:205 - (OptionalMessage_ERROR) IP (DMA) : Parameter (Priority) has Id (USART1_TX) currently not set
2025-02-01 13:58:50,754 [INFO] ImportTextPane:205 - (OptionalMessage_ERROR) IP (RCC) : Parameter (ADCFreqValue) has invalid value (36000000)
2025-02-01 13:58:50,754 [INFO] ImportTextPane:205 - (OptionalMessage_ERROR) IP (RCC) : Invalid parameter (FamilyName)
2025-02-01 13:58:50,755 [INFO] ImportTextPane:205 - (OptionalMessage_ERROR) IP (RCC) : Parameter (MCOFreq_Value) has invalid value (72000000)
2025-02-01 13:58:50,756 [INFO] ImportTextPane:205 - (OptionalMessage_ERROR) IP (RCC) : Parameter (USBFreq_Value) has invalid value (72000000)
2025-02-01 13:58:51,343 [INFO] ApiDb:581 - Connected to CubeFinder SQLite database (C:\Users\mridu\.stmcufinder\plugins\mcufinder\mcu\cube-finder-db.db)
2025-02-01 13:58:51,507 [INFO] ApiDb:668 - CubeFinder database Data Model version=2.1
2025-02-01 13:58:51,507 [INFO] ApiDb:669 - CubeFinder database Configuration version=3.0.39
2025-02-01 13:58:51,508 [INFO] ApiDb:670 - CubeFinder database generation date=2024-10-15 (1729006872)
2025-02-01 13:58:51,508 [INFO] ApiDb:671 - CubeFinder database FW Pack versions=[FP-ATR-ASTRA1_V2.0.0, FP-SNS-FLIGHT1_V5.0.2, FP-SNS-MOTENV1_V5.0.0, FP-SNS-MOTENVWB1_V1.4.0, FP-SNS-SMARTAG2_V1.2.0, FP-SNS-STBOX1_V2.0.0, STM32Cube_FW_C0_V1.2.0, STM32Cube_FW_F4_V1.28.1, STM32Cube_FW_F7_V1.17.2, STM32Cube_FW_G0_V1.6.2, STM32Cube_FW_G4_V1.6.0, STM32Cube_FW_H5_V1.3.0, STM32Cube_FW_H7RS_V1.1.0, STM32Cube_FW_H7_V1.11.2, STM32Cube_FW_L0_V1.12.2, STM32Cube_FW_L5_V1.5.1, STM32Cube_FW_U0_V1.1.0, STM32Cube_FW_U5_V1.6.0, STM32Cube_FW_WB0_V1.0.0, STM32Cube_FW_WBA_V1.4.1, STM32Cube_FW_WB_V1.20.0, STM32Cube_FW_WL_V1.3.0, X-CUBE-ALGOBUILD_V1.4.0, X-CUBE-ALS_V1.0.2, X-CUBE-AZRTOS-F4_V1.1.0, X-CUBE-AZRTOS-F7_V1.1.0, X-CUBE-AZRTOS-G0_V1.1.0, X-CUBE-AZRTOS-G4_V2.0.0, X-CUBE-AZRTOS-H7RS_V1.0.0, X-CUBE-AZRTOS-H7_V3.3.0, X-CUBE-AZRTOS-L4_V2.0.0, X-CUBE-AZRTOS-L5_V2.0.0, X-CUBE-AZRTOS-WB_V2.0.0, X-CUBE-AZRTOS-WL_V2.0.0, X-CUBE-BLE1_V7.0.0, X-CUBE-BLE2_V3.3.0, X-CUBE-BLEMGR_V3.1.0, X-CUBE-EEPRMA1_V5.1.0, X-CUBE-FREERTOS_V1.2.0, X-CUBE-GNSS1_V6.0.0, X-CUBE-MEMS1_V11.0.0, X-CUBE-NFC4_V3.0.0, X-CUBE-NFC7_V1.0.1, X-CUBE-SFXS2LP1_V4.0.0, X-CUBE-SUBG2_V5.0.0, X-CUBE-TOF1_V3.4.2]
2025-02-01 13:58:51,674 [INFO] DbBoardsSqlite:226 - include board P-NUCLEO-WB55-NUCLEO as a kit item of type 'Nucleo-64'
2025-02-01 13:58:51,674 [INFO] DbBoardsSqlite:226 - include board P-NUCLEO-WB55-USBDONGLE as a kit item of type 'Nucleo USB Dongle'
2025-02-01 13:58:51,675 [INFO] DbBoardsSqlite:226 - include board STEVAL-IDP005V1 as a kit item of type 'Evaluation Board'
2025-02-01 13:58:51,676 [INFO] DbBoardsSqlite:226 - include board STEVAL-IDP005V2 as a kit item of type 'Evaluation Board'
2025-02-01 13:58:52,066 [INFO] ApiDb:240 - Found 646 in-development CPN: [B-G473E-ZEST1S, B-WB1M-WPAN1, B-WL5M-SUBG1, NUCLEO-C031C6, NUCLEO-C071RB, NUCLEO-H503RB, NUCLEO-H533RE, NUCLEO-H563ZI, NUCLEO-H7S3L8, NUCLEO-U031R8, NUCLEO-U083RC, NUCLEO-U545RE-Q, NUCLEO-U5A5ZJ-Q, NUCLEO-WB05KZ, NUCLEO-WB07CC, NUCLEO-WB09KE, NUCLEO-WBA52CG, NUCLEO-WBA55CG, STEVAL-PROTEUS1, STEVAL-SMARTAG2, STEVAL-STWINBX1, STM320518-EVAL, STM32C0116-DK, STM32C011D6Y3TR, STM32C011D6Y6TR, STM32C011F4P3, STM32C011F4P6, STM32C011F4U3, STM32C011F4U6TR, STM32C011F6P3, STM32C011F6P6, STM32C011F6U3, STM32C011F6U6TR, STM32C011J4M3, STM32C011J4M6, STM32C011J6M3, STM32C011J6M6, STM32C0316-DK, STM32C031C4T3, STM32C031C4T6, STM32C031C4U3, STM32C031C4U6, STM32C031C6T3, STM32C031C6T6, STM32C031C6U3, STM32C031C6U6, STM32C031F4P3, STM32C031F4P6, STM32C031F6P3, STM32C031F6P6, STM32C031G4U3, STM32C031G4U6, STM32C031G6U3, STM32C031G6U6, STM32C031K4T3, STM32C031K4T6, STM32C031K4U3, STM32C031K4U6, STM32C031K6T3, STM32C031K6T6, STM32C031K6U3, STM32C031K6U6, STM32C071C8T6, STM32C071C8T6N, STM32C071C8U6, STM32C071C8U6N, STM32C071CBT6, STM32C071CBT6N, STM32C071CBU6, STM32C071CBU6N, STM32C071F8P6, STM32C071F8P6N, STM32C071FBP6, STM32C071FBP6N, STM32C071FBY6TR, STM32C071G8U6, STM32C071G8U6N, STM32C071GBU6, STM32C071GBU6N, STM32C071K8T6, STM32C071K8T6N, STM32C071K8U6, STM32C071K8U6N, STM32C071KBT6, STM32C071KBT6N, STM32C071KBU6, STM32C071KBU6N, STM32C071R8T6, STM32C071R8T6N, STM32C071RBI6N, STM32C071RBT6, STM32C071RBT6N, STM32G071K8TXN, STM32G071K8UXN, STM32G081GBU6N, STM32G081KBT6N, STM32G081KBUXN, STM32G0B1CCT6N, STM32G0B1KCT6, STM32G0B1NEY6TR, STM32G0B1RCT6N, STM32G0C1CCT6, STM32G0C1CCT6N, STM32G0C1CCU6N, STM32G0C1CET6N, STM32G0C1CEU6N, STM32G0C1KCT6, STM32G0C1NEY6TR, STM32G0C1RCI6N, STM32G0C1RCT6N, STM32G0C1REI6N, STM32G0C1RET6N, STM32G0C1VCI6, STM32G0C1VEI6, STM32G411C6T3, STM32G411C6T6, STM32G411C6U3, STM32G411C6U6, STM32G411C8T3, STM32G411C8T6, STM32G411C8U3, STM32G411C8U6, STM32G411CBT3, STM32G411CBT6, STM32G411CBU3, STM32G411CBU6, STM32G411K6T3, STM32G411K6T6, STM32G411K6U3, STM32G411K6U6, STM32G411K8T3, STM32G411K8T6, STM32G411K8U3, STM32G411K8U6, STM32G411KBT3, STM32G411KBT6, STM32G411KBU3, STM32G411KBU6, STM32G411M6T3, STM32G411M6T6, STM32G411M8T3, STM32G411M8T6, STM32G411MBT3, STM32G411MBT6, STM32G411R6T3, STM32G411R6T6, STM32G411R8T3, STM32G411R8T6, STM32G411RBT3, STM32G411RBT6, STM32G414CBT3, STM32G414CBT6, STM32G414CBU3, STM32G414CBU6, STM32G414CCT3, STM32G414CCT6, STM32G414CCU3, STM32G414CCU6, STM32G414MBT3, STM32G414MBT6, STM32G414MCT3, STM32G414MCT6, STM32G414RBT3, STM32G414RBT6, STM32G414RCT3, STM32G414RCT6, STM32G414VBT3, STM32G414VBT6, STM32G414VCT3, STM32G414VCT6, STM32G431CBT3Z, STM32G431RBT3Z, STM32G471CCT6, STM32G471CCU6, STM32G471CET3, STM32G471CET6, STM32G471CEU3, STM32G471CEU6, STM32G471MCT6, STM32G471MET3, STM32G471MET6, STM32G471MEY6TR, STM32G471QCT6, STM32G471QET3, STM32G471RCT6, STM32G471RET3, STM32G471RET6, STM32G471VCH6, STM32G471VCI6, STM32G471VCT6, STM32G471VEH3, STM32G471VEH6, STM32G471VEI3, STM32G471VEI6, STM32G471VET3, STM32G471VET6, STM32G473QET3Z, STM32G473RET3Z, STM32G474CCT6, STM32G491RET3Z, STM32H503CBT6, STM32H503CBU6, STM32H503EBY6TR, STM32H503KBU6, STM32H503RBT6, STM32H523CCT6, STM32H523CCU6, STM32H523CET6, STM32H523CEU6, STM32H523HEY6TR, STM32H523RCT6, STM32H523RET6, STM32H523VCI6, STM32H523VCT6, STM32H523VEI6, STM32H523VET6, STM32H523ZCJ6, STM32H523ZCT6, STM32H523ZEJ6, STM32H523ZET6, STM32H533CET6, STM32H533CEU6, STM32H533HEY6TR, STM32H533RET6, STM32H533VEI6, STM32H533VET6, STM32H533ZEJ6, STM32H533ZET6, STM32H562AGI6, STM32H562AII6, STM32H562IGK6, STM32H562IGT6, STM32H562IIK6, STM32H562IIT6, STM32H562RGT6, STM32H562RGV6, STM32H562RIT6, STM32H562RIV6, STM32H562VGT6, STM32H562VIT6, STM32H562ZGT6, STM32H562ZIT6, STM32H563AGI6, STM32H563AII3Q, STM32H563AII6, STM32H563IGK6, STM32H563IGT6, STM32H563IIK3Q, STM32H563IIK6, STM32H563IIT3Q, STM32H563IIT6, STM32H563MIY3QTR, STM32H563RGT6, STM32H563RGV6, STM32H563RIT6, STM32H563RIV6, STM32H563VGT6, STM32H563VIT3Q, STM32H563VIT6, STM32H563ZGT6, STM32H563ZIT3Q, STM32H563ZIT6, STM32H573AII3Q, STM32H573AII6, STM32H573I-DK, STM32H573IIK3Q, STM32H573IIK6, STM32H573IIT3Q, STM32H573IIT6, STM32H573MIY3QTR, STM32H573RIT6, STM32H573RIV6, STM32H573VIT3Q, STM32H573VIT6, STM32H573ZIT3Q, STM32H573ZIT6, STM32H7R3A8I6, STM32H7R3I8K6, STM32H7R3I8T6, STM32H7R3L8H6, STM32H7R3L8H6H, STM32H7R3R8V6, STM32H7R3V8H6, STM32H7R3V8T6, STM32H7R3V8Y6TR, STM32H7R3Z8J6, STM32H7R3Z8T6, STM32H7R7A8I6, STM32H7R7I8K6, STM32H7R7I8T6, STM32H7R7L8H6, STM32H7R7L8H6H, STM32H7R7Z8J6, STM32H7S3A8I6, STM32H7S3I8K6, STM32H7S3I8T6, STM32H7S3L8H6, STM32H7S3L8H6H, STM32H7S3R8V6, STM32H7S3V8H6, STM32H7S3V8T6, STM32H7S3V8Y6TR, STM32H7S3Z8J6, STM32H7S3Z8T6, STM32H7S78-DK, STM32H7S7A8I6, STM32H7S7I8K6, STM32H7S7I8T6, STM32H7S7L8H6, STM32H7S7L8H6H, STM32H7S7Z8J6, STM32L4R5QGI6STR, STM32MP131AAE3, STM32MP131AAF3, STM32MP131AAG3, STM32MP131CAE3, STM32MP131CAF3, STM32MP131CAG3, STM32MP131DAE7, STM32MP131DAF7, STM32MP131DAG7, STM32MP131FAE7, STM32MP131FAF7, STM32MP131FAG7, STM32MP133AAE3, STM32MP133AAF3, STM32MP133AAG3, STM32MP133CAE3, STM32MP133CAF3, STM32MP133CAG3, STM32MP133DAE7, STM32MP133DAF7, STM32MP133DAG7, STM32MP133FAE7, STM32MP133FAF7, STM32MP133FAG7, STM32MP135AAE3, STM32MP135AAF3, STM32MP135AAG3, STM32MP135CAE3, STM32MP135CAF3, STM32MP135CAG3, STM32MP135DAE7, STM32MP135DAF7, STM32MP135DAG7, STM32MP135F-DK, STM32MP135FAE7, STM32MP135FAF7, STM32MP135FAF7T, STM32MP135FAF7U, STM32MP135FAG7, STM32MP251AAI3, STM32MP251AAK3, STM32MP251AAL3, STM32MP251CAI3, STM32MP251CAK3, STM32MP251CAL3, STM32MP251DAI3, STM32MP251DAK3, STM32MP251DAL3, STM32MP251FAI3, STM32MP251FAK3, STM32MP251FAL3, STM32MP253AAI3, STM32MP253AAK3, STM32MP253AAL3, STM32MP253CAI3, STM32MP253CAK3, STM32MP253CAL3, STM32MP253DAI3, STM32MP253DAK3, STM32MP253DAL3, STM32MP253FAI3, STM32MP253FAK3, STM32MP253FAL3, STM32MP255AAI3, STM32MP255AAK3, STM32MP255AAL3, STM32MP255CAI3, STM32MP255CAK3, STM32MP255CAL3, STM32MP255DAI3, STM32MP255DAK3, STM32MP255DAL3, STM32MP255FAI3, STM32MP255FAK3, STM32MP255FAL3, STM32MP257AAI3, STM32MP257AAK3, STM32MP257AAL3, STM32MP257CAI3, STM32MP257CAK3, STM32MP257CAL3, STM32MP257DAI3, STM32MP257DAK3, STM32MP257DAL3, STM32MP257F-DK, STM32MP257F-EV1, STM32MP257FAI3, STM32MP257FAK3, STM32MP257FAL3, STM32U031C6T6, STM32U031C6U6, STM32U031C8T6, STM32U031C8U6, STM32U031F4P6, STM32U031F6P6, STM32U031F8P6, STM32U031G6Y6TR, STM32U031G8Y6TR, STM32U031K4U6, STM32U031K6U6, STM32U031K8U6, STM32U031R6I6, STM32U031R6T6, STM32U031R8I6, STM32U031R8T6, STM32U073C8T6, STM32U073C8U6, STM32U073CBT6, STM32U073CBU6, STM32U073CCT6, STM32U073CCU6, STM32U073H8Y6TR, STM32U073HBY6TR, STM32U073HCY6TR, STM32U073K8U6, STM32U073KBU6, STM32U073KCU6, STM32U073M8I6, STM32U073M8T6, STM32U073MBI6, STM32U073MBT6, STM32U073MCI6, STM32U073MCT6, STM32U073R8I6, STM32U073R8T6, STM32U073RBI6, STM32U073RBT6, STM32U073RCI6, STM32U073RCT6, STM32U083C-DK, STM32U083CCT6, STM32U083CCU6, STM32U083HCY6TR, STM32U083KCU6, STM32U083MCI6, STM32U083MCT6, STM32U083RCI6, STM32U083RCT6, STM32U535CBT6, STM32U535CBT6Q, STM32U535CBU6, STM32U535CBU6Q, STM32U535CCT6, STM32U535CCT6Q, STM32U535CCU6, STM32U535CCU6Q, STM32U535CET6, STM32U535CET6Q, STM32U535CEU6, STM32U535CEU6Q, STM32U535JEY6QTR, STM32U535NCY6QTR, STM32U535NEY6QTR, STM32U535RBI6, STM32U535RBI6Q, STM32U535RBT6, STM32U535RBT6Q, STM32U535RCI6, STM32U535RCI6Q, STM32U535RCT6, STM32U535RCT6Q, STM32U535REI6, STM32U535REI6Q, STM32U535RET6, STM32U535RET6Q, STM32U535VCI6, STM32U535VCI6Q, STM32U535VCT6, STM32U535VCT6Q, STM32U535VEI6, STM32U535VEI6Q, STM32U535VET6, STM32U535VET6Q, STM32U545CET6, STM32U545CET6Q, STM32U545CEU6, STM32U545CEU6Q, STM32U545JEY6QTR, STM32U545NEY6QTR, STM32U545REI6, STM32U545REI6Q, STM32U545RET6, STM32U545RET6Q, STM32U545VEI6, STM32U545VEI6Q, STM32U545VET6, STM32U545VET6Q, STM32U595AIH6, STM32U595AIH6Q, STM32U595AJH6, STM32U595AJH6Q, STM32U595QII6, STM32U595QII6Q, STM32U595QJI6, STM32U595QJI6Q, STM32U595RIT6, STM32U595RIT6Q, STM32U595RJT6, STM32U595RJT6Q, STM32U595VIT6, STM32U595VIT6Q, STM32U595VJT6, STM32U595VJT6Q, STM32U595ZIT6, STM32U595ZIT6Q, STM32U595ZIY6QTR, STM32U595ZJT6, STM32U595ZJT6Q, STM32U595ZJY6QTR, STM32U599BJY6QTR, STM32U599NIH6Q, STM32U599NJH6Q, STM32U599VIT6Q, STM32U599VJT6, STM32U599VJT6Q, STM32U599ZIT6Q, STM32U599ZIY6QTR, STM32U599ZJT6Q, STM32U599ZJY6QTR, STM32U5A5AJH6, STM32U5A5AJH6Q, STM32U5A5QII3Q , STM32U5A5QJI6, STM32U5A5QJI6Q, STM32U5A5RJT6, STM32U5A5RJT6Q, STM32U5A5VJT6, STM32U5A5VJT6Q, STM32U5A5ZJT6, STM32U5A5ZJT6Q, STM32U5A5ZJY6QTR, STM32U5A9BJY6QTR, STM32U5A9J-DK, STM32U5A9NJH6Q, STM32U5A9VJT6Q, STM32U5A9ZJT6Q, STM32U5A9ZJY6QTR, STM32U5F7VIT6, STM32U5F7VIT6Q, STM32U5F7VJT6, STM32U5F7VJT6Q, STM32U5F9BJY6QTR, STM32U5F9NJH6Q, STM32U5F9VIT6Q, STM32U5F9VJT6Q, STM32U5F9ZIJ6QTR, STM32U5F9ZIT6Q, STM32U5F9ZJJ6QTR, STM32U5F9ZJT6Q, STM32U5G7VJT6, STM32U5G7VJT6Q, STM32U5G9BJY6QTR, STM32U5G9J-DK1, STM32U5G9J-DK2, STM32U5G9NJH6Q, STM32U5G9VJT6Q, STM32U5G9ZJJ6QTR, STM32U5G9ZJT6Q, STM32WB05KZV6TR, STM32WB05KZV7TR, STM32WB05TZF6TR, STM32WB05TZF7TR, STM32WB06CCF6TR, STM32WB06CCF7TR, STM32WB06CCV6TR, STM32WB06CCV7TR, STM32WB06KCV6TR, STM32WB06KCV7TR, STM32WB07CCF6TR, STM32WB07CCF7TR, STM32WB07CCV6TR, STM32WB07CCV7TR, STM32WB07KCV6TR, STM32WB07KCV7TR, STM32WB09KEV6TR, STM32WB09KEV7TR, STM32WB09TEF6TR, STM32WB09TEF7TR, STM32WB1MMCH6, STM32WBA50KGU6, STM32WBA50KGU6TR, STM32WBA52CEU6, STM32WBA52CEU6TR, STM32WBA52CEU7, STM32WBA52CEU7TR, STM32WBA52CGU6, STM32WBA52CGU6TR, STM32WBA52CGU6U, STM32WBA52CGU7, STM32WBA52CGU7TR, STM32WBA52KEU6, STM32WBA52KEU6TR, STM32WBA52KGU6, STM32WBA52KGU6TR, STM32WBA54CEU6, STM32WBA54CEU6TR, STM32WBA54CEU7, STM32WBA54CEU7TR, STM32WBA54CGU6, STM32WBA54CGU6TR, STM32WBA54CGU7, STM32WBA54CGU7TR, STM32WBA54KEU6, STM32WBA54KEU6TR, STM32WBA54KEU7, STM32WBA54KEU7TR, STM32WBA54KGU6, STM32WBA54KGU6TR, STM32WBA54KGU7, STM32WBA54KGU7TR, STM32WBA55CEU6, STM32WBA55CEU6TR, STM32WBA55CEU7, STM32WBA55CEU7TR, STM32WBA55CGU6, STM32WBA55CGU6TR, STM32WBA55CGU6U, STM32WBA55CGU7, STM32WBA55CGU7TR, STM32WBA55G-DK1, STM32WBA55HEF6, STM32WBA55HEF7, STM32WBA55HGF6, STM32WBA55HGF7, STM32WBA55UEI6, STM32WBA55UEI6TR, STM32WBA55UEI7, STM32WBA55UEI7TR, STM32WBA55UGI6, STM32WBA55UGI6TR, STM32WBA55UGI7, STM32WBA55UGI7TR, STM32WL5MOCH6, STM32WL5MOCH6TR]
2025-02-01 13:58:52,213 [INFO] BoardInfo:889 - No configuration file found for board P-NUCLEO-WB55
2025-02-01 13:58:52,214 [INFO] DbBoards:161 - Kit is not supported: P-NUCLEO-WB55
2025-02-01 13:58:52,220 [INFO] BoardInfo:889 - No configuration file found for board STEVAL-BFA001V1B
2025-02-01 13:58:52,221 [INFO] DbBoards:161 - Kit is not supported: STEVAL-BFA001V1B
2025-02-01 13:58:52,223 [INFO] BoardInfo:889 - No configuration file found for board STEVAL-BFA001V2B
2025-02-01 13:58:52,224 [INFO] DbBoards:161 - Kit is not supported: STEVAL-BFA001V2B
2025-02-01 13:58:52,373 [INFO] DbBoards:168 - Found 201 boards, 198 are supported
2025-02-01 13:58:52,373 [INFO] DbBoards:169 - Found 201 boards, 25 of them is supported for  Bsp
2025-02-01 13:58:52,376 [INFO] ApiDb:668 - CubeFinder database Data Model version=2.1
2025-02-01 13:58:52,376 [INFO] ApiDb:669 - CubeFinder database Configuration version=3.0.39
2025-02-01 13:58:52,376 [INFO] ApiDb:670 - CubeFinder database generation date=2024-10-15 (1729006872)
2025-02-01 13:58:52,376 [INFO] ApiDb:671 - CubeFinder database FW Pack versions=[FP-ATR-ASTRA1_V2.0.0, FP-SNS-FLIGHT1_V5.0.2, FP-SNS-MOTENV1_V5.0.0, FP-SNS-MOTENVWB1_V1.4.0, FP-SNS-SMARTAG2_V1.2.0, FP-SNS-STBOX1_V2.0.0, STM32Cube_FW_C0_V1.2.0, STM32Cube_FW_F4_V1.28.1, STM32Cube_FW_F7_V1.17.2, STM32Cube_FW_G0_V1.6.2, STM32Cube_FW_G4_V1.6.0, STM32Cube_FW_H5_V1.3.0, STM32Cube_FW_H7RS_V1.1.0, STM32Cube_FW_H7_V1.11.2, STM32Cube_FW_L0_V1.12.2, STM32Cube_FW_L5_V1.5.1, STM32Cube_FW_U0_V1.1.0, STM32Cube_FW_U5_V1.6.0, STM32Cube_FW_WB0_V1.0.0, STM32Cube_FW_WBA_V1.4.1, STM32Cube_FW_WB_V1.20.0, STM32Cube_FW_WL_V1.3.0, X-CUBE-ALGOBUILD_V1.4.0, X-CUBE-ALS_V1.0.2, X-CUBE-AZRTOS-F4_V1.1.0, X-CUBE-AZRTOS-F7_V1.1.0, X-CUBE-AZRTOS-G0_V1.1.0, X-CUBE-AZRTOS-G4_V2.0.0, X-CUBE-AZRTOS-H7RS_V1.0.0, X-CUBE-AZRTOS-H7_V3.3.0, X-CUBE-AZRTOS-L4_V2.0.0, X-CUBE-AZRTOS-L5_V2.0.0, X-CUBE-AZRTOS-WB_V2.0.0, X-CUBE-AZRTOS-WL_V2.0.0, X-CUBE-BLE1_V7.0.0, X-CUBE-BLE2_V3.3.0, X-CUBE-BLEMGR_V3.1.0, X-CUBE-EEPRMA1_V5.1.0, X-CUBE-FREERTOS_V1.2.0, X-CUBE-GNSS1_V6.0.0, X-CUBE-MEMS1_V11.0.0, X-CUBE-NFC4_V3.0.0, X-CUBE-NFC7_V1.0.1, X-CUBE-SFXS2LP1_V4.0.0, X-CUBE-SUBG2_V5.0.0, X-CUBE-TOF1_V3.4.2]
2025-02-01 13:58:54,196 [INFO] ApiDb:240 - Found 646 in-development CPN: [B-G473E-ZEST1S, B-WB1M-WPAN1, B-WL5M-SUBG1, NUCLEO-C031C6, NUCLEO-C071RB, NUCLEO-H503RB, NUCLEO-H533RE, NUCLEO-H563ZI, NUCLEO-H7S3L8, NUCLEO-U031R8, NUCLEO-U083RC, NUCLEO-U545RE-Q, NUCLEO-U5A5ZJ-Q, NUCLEO-WB05KZ, NUCLEO-WB07CC, NUCLEO-WB09KE, NUCLEO-WBA52CG, NUCLEO-WBA55CG, STEVAL-PROTEUS1, STEVAL-SMARTAG2, STEVAL-STWINBX1, STM320518-EVAL, STM32C0116-DK, STM32C011D6Y3TR, STM32C011D6Y6TR, STM32C011F4P3, STM32C011F4P6, STM32C011F4U3, STM32C011F4U6TR, STM32C011F6P3, STM32C011F6P6, STM32C011F6U3, STM32C011F6U6TR, STM32C011J4M3, STM32C011J4M6, STM32C011J6M3, STM32C011J6M6, STM32C0316-DK, STM32C031C4T3, STM32C031C4T6, STM32C031C4U3, STM32C031C4U6, STM32C031C6T3, STM32C031C6T6, STM32C031C6U3, STM32C031C6U6, STM32C031F4P3, STM32C031F4P6, STM32C031F6P3, STM32C031F6P6, STM32C031G4U3, STM32C031G4U6, STM32C031G6U3, STM32C031G6U6, STM32C031K4T3, STM32C031K4T6, STM32C031K4U3, STM32C031K4U6, STM32C031K6T3, STM32C031K6T6, STM32C031K6U3, STM32C031K6U6, STM32C071C8T6, STM32C071C8T6N, STM32C071C8U6, STM32C071C8U6N, STM32C071CBT6, STM32C071CBT6N, STM32C071CBU6, STM32C071CBU6N, STM32C071F8P6, STM32C071F8P6N, STM32C071FBP6, STM32C071FBP6N, STM32C071FBY6TR, STM32C071G8U6, STM32C071G8U6N, STM32C071GBU6, STM32C071GBU6N, STM32C071K8T6, STM32C071K8T6N, STM32C071K8U6, STM32C071K8U6N, STM32C071KBT6, STM32C071KBT6N, STM32C071KBU6, STM32C071KBU6N, STM32C071R8T6, STM32C071R8T6N, STM32C071RBI6N, STM32C071RBT6, STM32C071RBT6N, STM32G071K8TXN, STM32G071K8UXN, STM32G081GBU6N, STM32G081KBT6N, STM32G081KBUXN, STM32G0B1CCT6N, STM32G0B1KCT6, STM32G0B1NEY6TR, STM32G0B1RCT6N, STM32G0C1CCT6, STM32G0C1CCT6N, STM32G0C1CCU6N, STM32G0C1CET6N, STM32G0C1CEU6N, STM32G0C1KCT6, STM32G0C1NEY6TR, STM32G0C1RCI6N, STM32G0C1RCT6N, STM32G0C1REI6N, STM32G0C1RET6N, STM32G0C1VCI6, STM32G0C1VEI6, STM32G411C6T3, STM32G411C6T6, STM32G411C6U3, STM32G411C6U6, STM32G411C8T3, STM32G411C8T6, STM32G411C8U3, STM32G411C8U6, STM32G411CBT3, STM32G411CBT6, STM32G411CBU3, STM32G411CBU6, STM32G411K6T3, STM32G411K6T6, STM32G411K6U3, STM32G411K6U6, STM32G411K8T3, STM32G411K8T6, STM32G411K8U3, STM32G411K8U6, STM32G411KBT3, STM32G411KBT6, STM32G411KBU3, STM32G411KBU6, STM32G411M6T3, STM32G411M6T6, STM32G411M8T3, STM32G411M8T6, STM32G411MBT3, STM32G411MBT6, STM32G411R6T3, STM32G411R6T6, STM32G411R8T3, STM32G411R8T6, STM32G411RBT3, STM32G411RBT6, STM32G414CBT3, STM32G414CBT6, STM32G414CBU3, STM32G414CBU6, STM32G414CCT3, STM32G414CCT6, STM32G414CCU3, STM32G414CCU6, STM32G414MBT3, STM32G414MBT6, STM32G414MCT3, STM32G414MCT6, STM32G414RBT3, STM32G414RBT6, STM32G414RCT3, STM32G414RCT6, STM32G414VBT3, STM32G414VBT6, STM32G414VCT3, STM32G414VCT6, STM32G431CBT3Z, STM32G431RBT3Z, STM32G471CCT6, STM32G471CCU6, STM32G471CET3, STM32G471CET6, STM32G471CEU3, STM32G471CEU6, STM32G471MCT6, STM32G471MET3, STM32G471MET6, STM32G471MEY6TR, STM32G471QCT6, STM32G471QET3, STM32G471RCT6, STM32G471RET3, STM32G471RET6, STM32G471VCH6, STM32G471VCI6, STM32G471VCT6, STM32G471VEH3, STM32G471VEH6, STM32G471VEI3, STM32G471VEI6, STM32G471VET3, STM32G471VET6, STM32G473QET3Z, STM32G473RET3Z, STM32G474CCT6, STM32G491RET3Z, STM32H503CBT6, STM32H503CBU6, STM32H503EBY6TR, STM32H503KBU6, STM32H503RBT6, STM32H523CCT6, STM32H523CCU6, STM32H523CET6, STM32H523CEU6, STM32H523HEY6TR, STM32H523RCT6, STM32H523RET6, STM32H523VCI6, STM32H523VCT6, STM32H523VEI6, STM32H523VET6, STM32H523ZCJ6, STM32H523ZCT6, STM32H523ZEJ6, STM32H523ZET6, STM32H533CET6, STM32H533CEU6, STM32H533HEY6TR, STM32H533RET6, STM32H533VEI6, STM32H533VET6, STM32H533ZEJ6, STM32H533ZET6, STM32H562AGI6, STM32H562AII6, STM32H562IGK6, STM32H562IGT6, STM32H562IIK6, STM32H562IIT6, STM32H562RGT6, STM32H562RGV6, STM32H562RIT6, STM32H562RIV6, STM32H562VGT6, STM32H562VIT6, STM32H562ZGT6, STM32H562ZIT6, STM32H563AGI6, STM32H563AII3Q, STM32H563AII6, STM32H563IGK6, STM32H563IGT6, STM32H563IIK3Q, STM32H563IIK6, STM32H563IIT3Q, STM32H563IIT6, STM32H563MIY3QTR, STM32H563RGT6, STM32H563RGV6, STM32H563RIT6, STM32H563RIV6, STM32H563VGT6, STM32H563VIT3Q, STM32H563VIT6, STM32H563ZGT6, STM32H563ZIT3Q, STM32H563ZIT6, STM32H573AII3Q, STM32H573AII6, STM32H573I-DK, STM32H573IIK3Q, STM32H573IIK6, STM32H573IIT3Q, STM32H573IIT6, STM32H573MIY3QTR, STM32H573RIT6, STM32H573RIV6, STM32H573VIT3Q, STM32H573VIT6, STM32H573ZIT3Q, STM32H573ZIT6, STM32H7R3A8I6, STM32H7R3I8K6, STM32H7R3I8T6, STM32H7R3L8H6, STM32H7R3L8H6H, STM32H7R3R8V6, STM32H7R3V8H6, STM32H7R3V8T6, STM32H7R3V8Y6TR, STM32H7R3Z8J6, STM32H7R3Z8T6, STM32H7R7A8I6, STM32H7R7I8K6, STM32H7R7I8T6, STM32H7R7L8H6, STM32H7R7L8H6H, STM32H7R7Z8J6, STM32H7S3A8I6, STM32H7S3I8K6, STM32H7S3I8T6, STM32H7S3L8H6, STM32H7S3L8H6H, STM32H7S3R8V6, STM32H7S3V8H6, STM32H7S3V8T6, STM32H7S3V8Y6TR, STM32H7S3Z8J6, STM32H7S3Z8T6, STM32H7S78-DK, STM32H7S7A8I6, STM32H7S7I8K6, STM32H7S7I8T6, STM32H7S7L8H6, STM32H7S7L8H6H, STM32H7S7Z8J6, STM32L4R5QGI6STR, STM32MP131AAE3, STM32MP131AAF3, STM32MP131AAG3, STM32MP131CAE3, STM32MP131CAF3, STM32MP131CAG3, STM32MP131DAE7, STM32MP131DAF7, STM32MP131DAG7, STM32MP131FAE7, STM32MP131FAF7, STM32MP131FAG7, STM32MP133AAE3, STM32MP133AAF3, STM32MP133AAG3, STM32MP133CAE3, STM32MP133CAF3, STM32MP133CAG3, STM32MP133DAE7, STM32MP133DAF7, STM32MP133DAG7, STM32MP133FAE7, STM32MP133FAF7, STM32MP133FAG7, STM32MP135AAE3, STM32MP135AAF3, STM32MP135AAG3, STM32MP135CAE3, STM32MP135CAF3, STM32MP135CAG3, STM32MP135DAE7, STM32MP135DAF7, STM32MP135DAG7, STM32MP135F-DK, STM32MP135FAE7, STM32MP135FAF7, STM32MP135FAF7T, STM32MP135FAF7U, STM32MP135FAG7, STM32MP251AAI3, STM32MP251AAK3, STM32MP251AAL3, STM32MP251CAI3, STM32MP251CAK3, STM32MP251CAL3, STM32MP251DAI3, STM32MP251DAK3, STM32MP251DAL3, STM32MP251FAI3, STM32MP251FAK3, STM32MP251FAL3, STM32MP253AAI3, STM32MP253AAK3, STM32MP253AAL3, STM32MP253CAI3, STM32MP253CAK3, STM32MP253CAL3, STM32MP253DAI3, STM32MP253DAK3, STM32MP253DAL3, STM32MP253FAI3, STM32MP253FAK3, STM32MP253FAL3, STM32MP255AAI3, STM32MP255AAK3, STM32MP255AAL3, STM32MP255CAI3, STM32MP255CAK3, STM32MP255CAL3, STM32MP255DAI3, STM32MP255DAK3, STM32MP255DAL3, STM32MP255FAI3, STM32MP255FAK3, STM32MP255FAL3, STM32MP257AAI3, STM32MP257AAK3, STM32MP257AAL3, STM32MP257CAI3, STM32MP257CAK3, STM32MP257CAL3, STM32MP257DAI3, STM32MP257DAK3, STM32MP257DAL3, STM32MP257F-DK, STM32MP257F-EV1, STM32MP257FAI3, STM32MP257FAK3, STM32MP257FAL3, STM32U031C6T6, STM32U031C6U6, STM32U031C8T6, STM32U031C8U6, STM32U031F4P6, STM32U031F6P6, STM32U031F8P6, STM32U031G6Y6TR, STM32U031G8Y6TR, STM32U031K4U6, STM32U031K6U6, STM32U031K8U6, STM32U031R6I6, STM32U031R6T6, STM32U031R8I6, STM32U031R8T6, STM32U073C8T6, STM32U073C8U6, STM32U073CBT6, STM32U073CBU6, STM32U073CCT6, STM32U073CCU6, STM32U073H8Y6TR, STM32U073HBY6TR, STM32U073HCY6TR, STM32U073K8U6, STM32U073KBU6, STM32U073KCU6, STM32U073M8I6, STM32U073M8T6, STM32U073MBI6, STM32U073MBT6, STM32U073MCI6, STM32U073MCT6, STM32U073R8I6, STM32U073R8T6, STM32U073RBI6, STM32U073RBT6, STM32U073RCI6, STM32U073RCT6, STM32U083C-DK, STM32U083CCT6, STM32U083CCU6, STM32U083HCY6TR, STM32U083KCU6, STM32U083MCI6, STM32U083MCT6, STM32U083RCI6, STM32U083RCT6, STM32U535CBT6, STM32U535CBT6Q, STM32U535CBU6, STM32U535CBU6Q, STM32U535CCT6, STM32U535CCT6Q, STM32U535CCU6, STM32U535CCU6Q, STM32U535CET6, STM32U535CET6Q, STM32U535CEU6, STM32U535CEU6Q, STM32U535JEY6QTR, STM32U535NCY6QTR, STM32U535NEY6QTR, STM32U535RBI6, STM32U535RBI6Q, STM32U535RBT6, STM32U535RBT6Q, STM32U535RCI6, STM32U535RCI6Q, STM32U535RCT6, STM32U535RCT6Q, STM32U535REI6, STM32U535REI6Q, STM32U535RET6, STM32U535RET6Q, STM32U535VCI6, STM32U535VCI6Q, STM32U535VCT6, STM32U535VCT6Q, STM32U535VEI6, STM32U535VEI6Q, STM32U535VET6, STM32U535VET6Q, STM32U545CET6, STM32U545CET6Q, STM32U545CEU6, STM32U545CEU6Q, STM32U545JEY6QTR, STM32U545NEY6QTR, STM32U545REI6, STM32U545REI6Q, STM32U545RET6, STM32U545RET6Q, STM32U545VEI6, STM32U545VEI6Q, STM32U545VET6, STM32U545VET6Q, STM32U595AIH6, STM32U595AIH6Q, STM32U595AJH6, STM32U595AJH6Q, STM32U595QII6, STM32U595QII6Q, STM32U595QJI6, STM32U595QJI6Q, STM32U595RIT6, STM32U595RIT6Q, STM32U595RJT6, STM32U595RJT6Q, STM32U595VIT6, STM32U595VIT6Q, STM32U595VJT6, STM32U595VJT6Q, STM32U595ZIT6, STM32U595ZIT6Q, STM32U595ZIY6QTR, STM32U595ZJT6, STM32U595ZJT6Q, STM32U595ZJY6QTR, STM32U599BJY6QTR, STM32U599NIH6Q, STM32U599NJH6Q, STM32U599VIT6Q, STM32U599VJT6, STM32U599VJT6Q, STM32U599ZIT6Q, STM32U599ZIY6QTR, STM32U599ZJT6Q, STM32U599ZJY6QTR, STM32U5A5AJH6, STM32U5A5AJH6Q, STM32U5A5QII3Q , STM32U5A5QJI6, STM32U5A5QJI6Q, STM32U5A5RJT6, STM32U5A5RJT6Q, STM32U5A5VJT6, STM32U5A5VJT6Q, STM32U5A5ZJT6, STM32U5A5ZJT6Q, STM32U5A5ZJY6QTR, STM32U5A9BJY6QTR, STM32U5A9J-DK, STM32U5A9NJH6Q, STM32U5A9VJT6Q, STM32U5A9ZJT6Q, STM32U5A9ZJY6QTR, STM32U5F7VIT6, STM32U5F7VIT6Q, STM32U5F7VJT6, STM32U5F7VJT6Q, STM32U5F9BJY6QTR, STM32U5F9NJH6Q, STM32U5F9VIT6Q, STM32U5F9VJT6Q, STM32U5F9ZIJ6QTR, STM32U5F9ZIT6Q, STM32U5F9ZJJ6QTR, STM32U5F9ZJT6Q, STM32U5G7VJT6, STM32U5G7VJT6Q, STM32U5G9BJY6QTR, STM32U5G9J-DK1, STM32U5G9J-DK2, STM32U5G9NJH6Q, STM32U5G9VJT6Q, STM32U5G9ZJJ6QTR, STM32U5G9ZJT6Q, STM32WB05KZV6TR, STM32WB05KZV7TR, STM32WB05TZF6TR, STM32WB05TZF7TR, STM32WB06CCF6TR, STM32WB06CCF7TR, STM32WB06CCV6TR, STM32WB06CCV7TR, STM32WB06KCV6TR, STM32WB06KCV7TR, STM32WB07CCF6TR, STM32WB07CCF7TR, STM32WB07CCV6TR, STM32WB07CCV7TR, STM32WB07KCV6TR, STM32WB07KCV7TR, STM32WB09KEV6TR, STM32WB09KEV7TR, STM32WB09TEF6TR, STM32WB09TEF7TR, STM32WB1MMCH6, STM32WBA50KGU6, STM32WBA50KGU6TR, STM32WBA52CEU6, STM32WBA52CEU6TR, STM32WBA52CEU7, STM32WBA52CEU7TR, STM32WBA52CGU6, STM32WBA52CGU6TR, STM32WBA52CGU6U, STM32WBA52CGU7, STM32WBA52CGU7TR, STM32WBA52KEU6, STM32WBA52KEU6TR, STM32WBA52KGU6, STM32WBA52KGU6TR, STM32WBA54CEU6, STM32WBA54CEU6TR, STM32WBA54CEU7, STM32WBA54CEU7TR, STM32WBA54CGU6, STM32WBA54CGU6TR, STM32WBA54CGU7, STM32WBA54CGU7TR, STM32WBA54KEU6, STM32WBA54KEU6TR, STM32WBA54KEU7, STM32WBA54KEU7TR, STM32WBA54KGU6, STM32WBA54KGU6TR, STM32WBA54KGU7, STM32WBA54KGU7TR, STM32WBA55CEU6, STM32WBA55CEU6TR, STM32WBA55CEU7, STM32WBA55CEU7TR, STM32WBA55CGU6, STM32WBA55CGU6TR, STM32WBA55CGU6U, STM32WBA55CGU7, STM32WBA55CGU7TR, STM32WBA55G-DK1, STM32WBA55HEF6, STM32WBA55HEF7, STM32WBA55HGF6, STM32WBA55HGF7, STM32WBA55UEI6, STM32WBA55UEI6TR, STM32WBA55UEI7, STM32WBA55UEI7TR, STM32WBA55UGI6, STM32WBA55UGI6TR, STM32WBA55UGI7, STM32WBA55UGI7TR, STM32WL5MOCH6, STM32WL5MOCH6TR]
2025-02-01 13:58:54,199 [INFO] DbMcus:218 - Found 4252 MCUs, 4252 are supported
2025-02-01 13:58:54,200 [INFO] ApiDb:423 - Load user favorites file C:\Users\mridu/.stm32cubeide/favorites.mcus.txt: 0 item(s)
2025-02-01 13:58:54,200 [INFO] ApiDb:427 - User favorites MCUs=[]
2025-02-01 13:58:54,200 [INFO] DbMcus:224 - Set 0 / 0 favorites MCUs
2025-02-01 13:58:54,504 [INFO] ApiDb:423 - Load user favorites file C:\Users\mridu/.stm32cubeide/favorites.boards.txt: 0 item(s)
2025-02-01 13:58:54,504 [INFO] ApiDb:427 - User favorites Boards=[]
2025-02-01 13:58:54,505 [INFO] DbBoards:198 - Set 0 / 0 favorites Boards
2025-02-01 13:58:54,631 [INFO] UtilMem:75 - End LoadConfig() Used Memory: 892465448 Bytes (1073741824)
2025-02-01 13:58:54,831 [WARN] ThirdParty:833 - waiting for thirdparty lock release [change project]
2025-02-01 13:58:54,831 [INFO] ThirdParty:835 - entering critical section [change project]
2025-02-01 13:58:54,831 [INFO] ThirdParty:1030 - CMSIS Pack Vendor :STMicroelectronics USBPD 4.1
2025-02-01 13:58:54,831 [INFO] ThirdParty:1030 - CMSIS Pack Vendor :STMicroelectronics X-CUBE-AZRTOS-H7 3.3.0
2025-02-01 13:58:54,832 [INFO] ThirdParty:1030 - CMSIS Pack Vendor :STMicroelectronics USB_HOST 2.0.0
2025-02-01 13:58:54,832 [INFO] ThirdParty:1030 - CMSIS Pack Vendor :STMicroelectronics FP-SNS-MOTENVWB1 1.4.0
2025-02-01 13:58:54,832 [INFO] ThirdParty:1030 - CMSIS Pack Vendor :STMicroelectronics X-CUBE-AZRTOS-F4 1.1.0
2025-02-01 13:58:54,832 [INFO] ThirdParty:1030 - CMSIS Pack Vendor :STMicroelectronics LIBJPEG 8.0.0
2025-02-01 13:58:54,832 [INFO] ThirdParty:1030 - CMSIS Pack Vendor :STMicroelectronics FP-ATR-ASTRA1 2.0.1
2025-02-01 13:58:54,832 [INFO] ThirdParty:1030 - CMSIS Pack Vendor :STMicroelectronics X-CUBE-SMBUS 2.1.0
2025-02-01 13:58:54,832 [INFO] ThirdParty:1030 - CMSIS Pack Vendor :STMicroelectronics X-CUBE-WB05N 1.1.0
2025-02-01 13:58:54,832 [INFO] ThirdParty:1030 - CMSIS Pack Vendor :STMicroelectronics USB_DEVICE 3.0.0
2025-02-01 13:58:54,832 [INFO] ThirdParty:1030 - CMSIS Pack Vendor :STMicroelectronics X-CUBE-TCPP 4.1.0
2025-02-01 13:58:54,832 [INFO] ThirdParty:1030 - CMSIS Pack Vendor :STMicroelectronics X-CUBE-FREERTOS 1.2.0
2025-02-01 13:58:54,832 [INFO] ThirdParty:1030 - CMSIS Pack Vendor :STMicroelectronics X-CUBE-IPS 3.0.0
2025-02-01 13:58:54,832 [INFO] ThirdParty:1030 - CMSIS Pack Vendor :STMicroelectronics X-CUBE-AZRTOS-WB 2.0.0
2025-02-01 13:58:54,832 [INFO] ThirdParty:1030 - CMSIS Pack Vendor :STMicroelectronics X-CUBE-GNSS1 7.0.0
2025-02-01 13:58:54,832 [INFO] ThirdParty:1030 - CMSIS Pack Vendor :STMicroelectronics X-CUBE-GNSS1 7.0.1
2025-02-01 13:58:54,833 [INFO] ThirdParty:1030 - CMSIS Pack Vendor :STMicroelectronics X-CUBE-AZRTOS-F7 1.1.0
2025-02-01 13:58:54,833 [INFO] ThirdParty:1030 - CMSIS Pack Vendor :STMicroelectronics X-CUBE-AZRTOS-L5 2.0.0
2025-02-01 13:58:54,833 [INFO] ThirdParty:1030 - CMSIS Pack Vendor :STMicroelectronics USB_DEVICE 2.0.0
2025-02-01 13:58:54,833 [INFO] ThirdParty:1030 - CMSIS Pack Vendor :STMicroelectronics X-CUBE-NFC6 3.1.0
2025-02-01 13:58:54,833 [INFO] ThirdParty:1030 - CMSIS Pack Vendor :STMicroelectronics X-CUBE-MEMS1 11.0.0
2025-02-01 13:58:54,833 [INFO] ThirdParty:1030 - CMSIS Pack Vendor :STMicroelectronics FreeRTOS 0.0.1
2025-02-01 13:58:54,833 [INFO] ThirdParty:1030 - CMSIS Pack Vendor :STMicroelectronics X-CUBE-AZRTOS-G0 1.1.0
2025-02-01 13:58:54,833 [INFO] ThirdParty:1030 - CMSIS Pack Vendor :STMicroelectronics X-CUBE-SAFEA1 1.2.2
2025-02-01 13:58:54,833 [INFO] ThirdParty:1030 - CMSIS Pack Vendor :STMicroelectronics X-CUBE-NFC4 3.0.0
2025-02-01 13:58:54,833 [INFO] ThirdParty:1030 - CMSIS Pack Vendor :STMicroelectronics X-CUBE-SUBG2 5.0.0
2025-02-01 13:58:54,833 [INFO] ThirdParty:1030 - CMSIS Pack Vendor :STMicroelectronics STM32_WPAN 1.0.0
2025-02-01 13:58:54,833 [INFO] ThirdParty:1030 - CMSIS Pack Vendor :EmbeddedOffice I-CUBE-FS-RTOS 1.0.1
2025-02-01 13:58:54,833 [INFO] ThirdParty:1030 - CMSIS Pack Vendor :STMicroelectronics lwIP 2.0.3
2025-02-01 13:58:54,833 [INFO] ThirdParty:1030 - CMSIS Pack Vendor :STMicroelectronics FP-SNS-FLIGHT1 5.0.2
2025-02-01 13:58:54,833 [INFO] ThirdParty:1030 - CMSIS Pack Vendor :Cesanta I-CUBE-Mongoose 7.13.0
2025-02-01 13:58:54,834 [INFO] ThirdParty:1030 - CMSIS Pack Vendor :STMicroelectronics USB_HOST 1.0.0
2025-02-01 13:58:54,834 [INFO] ThirdParty:1030 - CMSIS Pack Vendor :STMicroelectronics X-CUBE-AZRTOS-G4 2.0.0
2025-02-01 13:58:54,834 [INFO] ThirdParty:1030 - CMSIS Pack Vendor :STMicroelectronics PDM2PCM 3.1.0
2025-02-01 13:58:54,834 [INFO] ThirdParty:1030 - CMSIS Pack Vendor :STMicroelectronics PDM2PCM 3.3.0
2025-02-01 13:58:54,834 [INFO] ThirdParty:1030 - CMSIS Pack Vendor :STMicroelectronics X-CUBE-DISPLAY 3.0.0
2025-02-01 13:58:54,834 [INFO] ThirdParty:1030 - CMSIS Pack Vendor :RealThread X-CUBE-RT-Thread_Nano 4.1.1
2025-02-01 13:58:54,834 [INFO] ThirdParty:1030 - CMSIS Pack Vendor :STMicroelectronics X-CUBE-BLE1 7.0.0
2025-02-01 13:58:54,834 [INFO] ThirdParty:1030 - CMSIS Pack Vendor :STMicroelectronics FP-ATR-SIGFOX1 3.2.0
2025-02-01 13:58:54,834 [INFO] ThirdParty:1030 - CMSIS Pack Vendor :quantropi X-CUBE-qispace-sdk-base 1.9.3
2025-02-01 13:58:54,834 [INFO] ThirdParty:1030 - CMSIS Pack Vendor :STMicroelectronics X-CUBE-BLEMGR 4.0.0
2025-02-01 13:58:54,834 [INFO] ThirdParty:1030 - CMSIS Pack Vendor :STMicroelectronics X-CUBE-EEPRMA1 5.1.0
2025-02-01 13:58:54,834 [INFO] ThirdParty:1030 - CMSIS Pack Vendor :STMicroelectronics HAL Drivers 0.0.0
2025-02-01 13:58:54,834 [INFO] ThirdParty:1030 - CMSIS Pack Vendor :STMicroelectronics MBEDTLS 2.16.2
2025-02-01 13:58:54,834 [INFO] ThirdParty:1030 - CMSIS Pack Vendor :STMicroelectronics X-CUBE-ALS 1.0.2
2025-02-01 13:58:54,835 [INFO] ThirdParty:1030 - CMSIS Pack Vendor :emotas I-CUBE-CANOPEN 1.3.0
2025-02-01 13:58:54,835 [INFO] ThirdParty:1030 - CMSIS Pack Vendor :STMicroelectronics X-CUBE-FREERTOS 1.3.0
2025-02-01 13:58:54,835 [INFO] ThirdParty:1030 - CMSIS Pack Vendor :wolfSSL I-CUBE-wolfSSL 5.7.4
2025-02-01 13:58:54,835 [INFO] ThirdParty:1030 - CMSIS Pack Vendor :STMicroelectronics X-CUBE-NFC7 1.0.1
2025-02-01 13:58:54,835 [INFO] ThirdParty:1030 - CMSIS Pack Vendor :STMicroelectronics MBEDTLS 2.14.1
2025-02-01 13:58:54,835 [INFO] ThirdParty:1030 - CMSIS Pack Vendor :ITTIA_DB I-CUBE-ITTIADB 8.9.0
2025-02-01 13:58:54,835 [INFO] ThirdParty:1030 - CMSIS Pack Vendor :STMicroelectronics X-CUBE-TOUCHGFX 4.24.2
2025-02-01 13:58:54,835 [INFO] ThirdParty:1030 - CMSIS Pack Vendor :STMicroelectronics X-CUBE-TOUCHGFX 4.24.1
2025-02-01 13:58:54,835 [INFO] ThirdParty:1030 - CMSIS Pack Vendor :wolfSSL I-CUBE-wolfTPM 3.4.0
2025-02-01 13:58:54,835 [INFO] ThirdParty:1030 - CMSIS Pack Vendor :portGmbH I-Cube-SoM-uGOAL 1.1.0
2025-02-01 13:58:54,835 [INFO] ThirdParty:1030 - CMSIS Pack Vendor :STMicroelectronics X-CUBE-BLEMGR 3.1.0
2025-02-01 13:58:54,835 [INFO] ThirdParty:1030 - CMSIS Pack Vendor :STMicroelectronics X-CUBE-AI 10.0.0
2025-02-01 13:58:54,835 [INFO] ThirdParty:1030 - CMSIS Pack Vendor :STMicroelectronics ThreadX 1.0.0
2025-02-01 13:58:54,835 [INFO] ThirdParty:1030 - CMSIS Pack Vendor :STMicroelectronics FP-SNS-SMARTAG2 1.2.0
2025-02-01 13:58:54,835 [INFO] ThirdParty:1030 - CMSIS Pack Vendor :STMicroelectronics X-CUBE-MEMS1 11.1.0
2025-02-01 13:58:54,835 [INFO] ThirdParty:1030 - CMSIS Pack Vendor :STMicroelectronics X-CUBE-AZRTOS-WL 2.0.0
2025-02-01 13:58:54,836 [INFO] ThirdParty:1030 - CMSIS Pack Vendor :SEGGER I-CUBE-embOS 1.3.1
2025-02-01 13:58:54,836 [INFO] ThirdParty:1030 - CMSIS Pack Vendor :STMicroelectronics X-CUBE-ALGOBUILD 1.4.0
2025-02-01 13:58:54,836 [INFO] ThirdParty:1030 - CMSIS Pack Vendor :STMicroelectronics FP-SNS-MOTENV1 5.0.0
2025-02-01 13:58:54,836 [INFO] ThirdParty:1030 - CMSIS Pack Vendor :STMicroelectronics USB_DEVICE 1.0.0
2025-02-01 13:58:54,836 [INFO] ThirdParty:1030 - CMSIS Pack Vendor :STMicroelectronics X-CUBE-AZRTOS-H7RS 1.0.0
2025-02-01 13:58:54,836 [INFO] ThirdParty:1030 - CMSIS Pack Vendor :wolfSSL I-CUBE-wolfMQTT 1.19.0
2025-02-01 13:58:54,836 [INFO] ThirdParty:1030 - CMSIS Pack Vendor :STMicroelectronics X-CUBE-AZRTOS-L4 2.0.0
2025-02-01 13:58:54,836 [INFO] ThirdParty:1030 - CMSIS Pack Vendor :STMicroelectronics ThreadX 0.0.2
2025-02-01 13:58:54,836 [INFO] ThirdParty:1030 - CMSIS Pack Vendor :WES I-CUBE-Cesium 1.3.0
2025-02-01 13:58:54,836 [INFO] ThirdParty:1030 - CMSIS Pack Vendor :STMicroelectronics FP-ATR-ASTRA1 2.0.0
2025-02-01 13:58:54,836 [INFO] ThirdParty:1030 - CMSIS Pack Vendor :STMicroelectronics lwIP 2.1.2
2025-02-01 13:58:54,836 [INFO] ThirdParty:1030 - CMSIS Pack Vendor :STMicroelectronics X-CUBE-SFXS2LP1 4.0.0
2025-02-01 13:58:54,836 [INFO] ThirdParty:1030 - CMSIS Pack Vendor :STMicroelectronics X-CUBE-BLE2 3.3.0
2025-02-01 13:58:54,836 [INFO] ThirdParty:1030 - CMSIS Pack Vendor :Infineon AIROC-Wi-Fi-Bluetooth-STM32 1.6.1
2025-02-01 13:58:54,836 [INFO] ThirdParty:1030 - CMSIS Pack Vendor :STMicroelectronics PDM2PCM 3.2.0
2025-02-01 13:58:54,836 [INFO] ThirdParty:1030 - CMSIS Pack Vendor :wolfSSL I-CUBE-wolfSSH 1.4.17
2025-02-01 13:58:54,836 [INFO] ThirdParty:841 - exiting critical section [change project]
2025-02-01 13:58:55,311 [INFO] PinOutPanel:1561 - setPackage(No Configuration,No Configuration)
2025-02-01 13:58:55,314 [INFO] PinOutPanel:1561 - setPackage(STM32F103RCTx,LQFP64)
2025-02-01 13:58:56,021 [INFO] UtilMem:75 - Before build in PCC Used Memory: 678491744 Bytes (1073741824)
2025-02-01 13:58:57,042 [INFO] UtilMem:75 - After build in PCC Used Memory: 745128736 Bytes (1073741824)
2025-02-01 13:58:57,239 [INFO] ApiDbMcu:508 - Load IP Config File for FREERTOS
2025-02-01 13:58:57,262 [INFO] IPUIPlugin:80 - create IPUIPlugin
2025-02-01 13:58:57,263 [INFO] IPUIPlugin:80 - create IPUIPlugin
2025-02-01 13:58:57,263 [INFO] IPUIPlugin:80 - create IPUIPlugin
2025-02-01 13:58:57,263 [INFO] IPUIPlugin:80 - create IPUIPlugin
2025-02-01 13:58:57,263 [INFO] IPUIPlugin:80 - create IPUIPlugin
2025-02-01 13:58:57,263 [INFO] IPUIPlugin:80 - create IPUIPlugin
2025-02-01 13:58:57,263 [INFO] IPUIPlugin:80 - create IPUIPlugin
2025-02-01 13:58:57,263 [INFO] IPUIPlugin:80 - create IPUIPlugin
2025-02-01 13:58:57,263 [INFO] IPUIPlugin:80 - create IPUIPlugin
2025-02-01 13:58:57,263 [INFO] IPUIPlugin:80 - create IPUIPlugin
2025-02-01 13:58:57,263 [INFO] IPUIPlugin:80 - create IPUIPlugin
2025-02-01 13:58:57,263 [INFO] IPUIPlugin:80 - create IPUIPlugin
2025-02-01 13:58:57,263 [INFO] IPUIPlugin:80 - create IPUIPlugin
2025-02-01 13:58:57,263 [INFO] IPUIPlugin:80 - create IPUIPlugin
2025-02-01 13:58:57,263 [INFO] IPUIPlugin:80 - create IPUIPlugin
2025-02-01 13:58:57,264 [INFO] IPUIPlugin:80 - create IPUIPlugin
2025-02-01 13:58:57,264 [INFO] IPUIPlugin:80 - create IPUIPlugin
2025-02-01 13:58:57,264 [INFO] IPUIPlugin:80 - create IPUIPlugin
2025-02-01 13:58:57,264 [INFO] IPUIPlugin:80 - create IPUIPlugin
2025-02-01 13:58:57,264 [INFO] IPUIPlugin:80 - create IPUIPlugin
2025-02-01 13:58:57,264 [INFO] IPUIPlugin:80 - create IPUIPlugin
2025-02-01 13:58:57,264 [INFO] IPUIPlugin:80 - create IPUIPlugin
2025-02-01 13:58:57,264 [INFO] IPUIPlugin:80 - create IPUIPlugin
2025-02-01 13:58:57,265 [INFO] IPUIPlugin:80 - create IPUIPlugin
2025-02-01 13:58:57,265 [INFO] IPUIPlugin:80 - create IPUIPlugin
2025-02-01 13:58:57,265 [INFO] IPUIPlugin:80 - create IPUIPlugin
2025-02-01 13:58:57,265 [INFO] IPUIPlugin:80 - create IPUIPlugin
2025-02-01 13:58:57,265 [INFO] IPUIPlugin:80 - create IPUIPlugin
2025-02-01 13:58:57,265 [INFO] IPUIPlugin:80 - create IPUIPlugin
2025-02-01 13:58:57,265 [INFO] IPUIPlugin:80 - create IPUIPlugin
2025-02-01 13:58:57,265 [INFO] IPUIPlugin:80 - create IPUIPlugin
2025-02-01 13:58:57,266 [INFO] IPUIPlugin:80 - create IPUIPlugin
2025-02-01 13:58:57,266 [INFO] IPUIPlugin:80 - create IPUIPlugin
2025-02-01 13:58:57,266 [INFO] IPUIPlugin:80 - create IPUIPlugin
2025-02-01 13:58:57,266 [INFO] IPUIPlugin:80 - create IPUIPlugin
2025-02-01 13:58:57,266 [INFO] IPUIPlugin:80 - create IPUIPlugin
2025-02-01 13:58:57,266 [INFO] IPUIPlugin:80 - create IPUIPlugin
2025-02-01 13:58:57,266 [INFO] IPUIPlugin:80 - create IPUIPlugin
2025-02-01 13:58:57,267 [INFO] IPUIPlugin:80 - create IPUIPlugin
2025-02-01 13:58:57,293 [INFO] Can:71 - Can Add PropertyChangeListener com.st.microxplorer.plugins.ip.can.Can@28b15d83
2025-02-01 13:58:57,295 [WARN] IP:2191 - I2C_Coeff_DF not found: check if there is a RefParameter without a condition.
2025-02-01 13:58:57,295 [WARN] IP:2191 - Analog_Filter not found: check if there is a RefParameter without a condition.
2025-02-01 13:58:57,297 [WARN] IP:2191 - I2C_Coeff_DF not found: check if there is a RefParameter without a condition.
2025-02-01 13:58:57,297 [WARN] IP:2191 - Analog_Filter not found: check if there is a RefParameter without a condition.
2025-02-01 13:58:57,341 [WARN] FreeRTOS:1023 - Null or empty value: should not occur! (nothing added to the table)
2025-02-01 13:58:57,617 [INFO] CADModel:165 - CPN selected for project levelSTM32F103RCT6
2025-02-01 13:58:57,617 [INFO] CADModel:114 - Register for checkConnection events
2025-02-01 13:58:57,619 [INFO] RtosManager:697 - Active RTOS found at IOC load: FREERTOS [Cortex-M3NS]
2025-02-01 13:58:57,694 [INFO] OpenFileManager:363 - Restore cursor
2025-02-01 13:58:57,858 [WARN] IP:2191 - I2C_Coeff_DF not found: check if there is a RefParameter without a condition.
2025-02-01 13:58:57,858 [WARN] IP:2191 - Analog_Filter not found: check if there is a RefParameter without a condition.
2025-02-01 13:58:57,859 [WARN] IP:2191 - I2C_Coeff_DF not found: check if there is a RefParameter without a condition.
2025-02-01 13:58:57,859 [WARN] IP:2191 - Analog_Filter not found: check if there is a RefParameter without a condition.
2025-02-01 13:58:57,861 [WARN] IP:2191 - I2C_Coeff_DF not found: check if there is a RefParameter without a condition.
2025-02-01 13:58:57,861 [WARN] IP:2191 - Analog_Filter not found: check if there is a RefParameter without a condition.
2025-02-01 13:58:57,861 [WARN] IP:2191 - I2C_Coeff_DF not found: check if there is a RefParameter without a condition.
2025-02-01 13:58:57,861 [WARN] IP:2191 - Analog_Filter not found: check if there is a RefParameter without a condition.
2025-02-01 14:20:40,611 [INFO] WebApp:189 - Connection lost
2025-02-01 14:20:40,752 [INFO] WebApp:186 - Connection restablished
2025-02-01 14:30:42,172 [ERROR] RtosPanel:558 - Can not restore the selected Tab for FREERTOS(A reason can be that the tab is no more available.)
2025-02-01 14:30:53,932 [INFO] UtilMem:75 - End SaveConfig() Used Memory: 852938072 Bytes (1073741824)
2025-02-01 14:30:54,049 [INFO] UtilMem:75 - End SaveConfig() Used Memory: 870410104 Bytes (1073741824)
2025-02-01 14:30:54,675 [INFO] UtilMem:75 - End SaveConfig() Used Memory: 912167032 Bytes (1073741824)
2025-02-01 14:30:55,317 [INFO] BlockDiagram:2766 - set Specific Code input for plugin: RTC
2025-02-01 14:30:55,318 [INFO] BlockDiagram:2766 - set Specific Code input for plugin: NVIC
2025-02-01 14:30:55,318 [INFO] BlockDiagram:2766 - set Specific Code input for plugin: FREERTOS
2025-02-01 14:30:55,318 [INFO] BlockDiagram:2766 - set Specific Code input for plugin: USART
2025-02-01 14:30:55,318 [INFO] BlockDiagram:2766 - set Specific Code input for plugin: IWDG
2025-02-01 14:30:55,318 [INFO] BlockDiagram:2766 - set Specific Code input for plugin: DMA
2025-02-01 14:30:55,318 [INFO] BlockDiagram:2766 - set Specific Code input for plugin: SYS
2025-02-01 14:30:55,320 [INFO] BlockDiagram:2766 - set Specific Code input for plugin: GPIO
2025-02-01 14:30:55,320 [INFO] BlockDiagram:2766 - set Specific Code input for plugin: CAN
2025-02-01 14:30:55,320 [INFO] BlockDiagram:2766 - set Specific Code input for plugin: RCC
2025-02-01 14:30:55,321 [INFO] BlockDiagram:2766 - set Specific Code input for plugin: I2C
2025-02-01 14:30:55,321 [INFO] BlockDiagram:2766 - set Specific Code input for plugin: I2C
2025-02-01 14:30:55,322 [INFO] CodeGenerator:807 - code generatio: config db path: C:/Users/mridu/.stm32cubemx/databases/DB.6.0.120/db/
2025-02-01 14:30:55,342 [WARN] IP:2191 - I2C_Coeff_DF not found: check if there is a RefParameter without a condition.
2025-02-01 14:30:55,343 [WARN] IP:2191 - Analog_Filter not found: check if there is a RefParameter without a condition.
2025-02-01 14:30:55,345 [WARN] IP:2191 - I2C_Coeff_DF not found: check if there is a RefParameter without a condition.
2025-02-01 14:30:55,345 [WARN] IP:2191 - Analog_Filter not found: check if there is a RefParameter without a condition.
2025-02-01 14:30:55,552 [INFO] CodeEngine:255 - oldGeneratedFile, C:\Users\mridu\OneDrive\Desktop\Mridul\UBC Solar\STM 32\STM32 projects\firmware_v3\components\tel\MXTmpFiles\license.tmp_save
2025-02-01 14:30:55,944 [INFO] CodeEngine:279 - Generated code: C:\Users\mridu\OneDrive\Desktop\Mridul\UBC Solar\STM 32\STM32 projects\firmware_v3\components\tel\MXTmpFiles\license.tmp
2025-02-01 14:30:56,075 [INFO] CodeEngine:255 - oldGeneratedFile, C:\Users\mridu\OneDrive\Desktop\Mridul\UBC Solar\STM 32\STM32 projects\firmware_v3\components\tel\Core\Src\gpio.c_save
2025-02-01 14:30:56,288 [INFO] CodeEngine:279 - Generated code: C:\Users\mridu\OneDrive\Desktop\Mridul\UBC Solar\STM 32\STM32 projects\firmware_v3\components\tel\Core\Src\gpio.c
2025-02-01 14:30:56,318 [INFO] CodeEngine:255 - oldGeneratedFile, C:\Users\mridu\OneDrive\Desktop\Mridul\UBC Solar\STM 32\STM32 projects\firmware_v3\components\tel\Core\Inc\gpio.h_save
2025-02-01 14:30:56,466 [INFO] CodeEngine:279 - Generated code: C:\Users\mridu\OneDrive\Desktop\Mridul\UBC Solar\STM 32\STM32 projects\firmware_v3\components\tel\Core\Inc\gpio.h
2025-02-01 14:30:56,826 [INFO] Middleware:1439 - No code input for Bsp Dependency
2025-02-01 14:30:56,850 [INFO] CodeEngine:255 - oldGeneratedFile, C:\Users\mridu\OneDrive\Desktop\Mridul\UBC Solar\STM 32\STM32 projects\firmware_v3\components\tel\MXTmpFiles\rtos_inc.tmp_save
2025-02-01 14:30:56,947 [INFO] CodeEngine:279 - Generated code: C:\Users\mridu\OneDrive\Desktop\Mridul\UBC Solar\STM 32\STM32 projects\firmware_v3\components\tel\MXTmpFiles\rtos_inc.tmp
2025-02-01 14:30:56,962 [INFO] CodeEngine:255 - oldGeneratedFile, C:\Users\mridu\OneDrive\Desktop\Mridul\UBC Solar\STM 32\STM32 projects\firmware_v3\components\tel\MXTmpFiles\rtos_kernelInit.tmp_save
2025-02-01 14:30:57,059 [INFO] CodeEngine:279 - Generated code: C:\Users\mridu\OneDrive\Desktop\Mridul\UBC Solar\STM 32\STM32 projects\firmware_v3\components\tel\MXTmpFiles\rtos_kernelInit.tmp
2025-02-01 14:30:57,072 [INFO] CodeEngine:255 - oldGeneratedFile, C:\Users\mridu\OneDrive\Desktop\Mridul\UBC Solar\STM 32\STM32 projects\firmware_v3\components\tel\MXTmpFiles\rtos_kernelStart.tmp_save
2025-02-01 14:30:57,183 [INFO] CodeEngine:279 - Generated code: C:\Users\mridu\OneDrive\Desktop\Mridul\UBC Solar\STM 32\STM32 projects\firmware_v3\components\tel\MXTmpFiles\rtos_kernelStart.tmp
2025-02-01 14:30:57,199 [INFO] CodeEngine:255 - oldGeneratedFile, C:\Users\mridu\OneDrive\Desktop\Mridul\UBC Solar\STM 32\STM32 projects\firmware_v3\components\tel\MXTmpFiles\rtos_typedefs.tmp_save
2025-02-01 14:30:57,265 [INFO] CodeEngine:279 - Generated code: C:\Users\mridu\OneDrive\Desktop\Mridul\UBC Solar\STM 32\STM32 projects\firmware_v3\components\tel\MXTmpFiles\rtos_typedefs.tmp
2025-02-01 14:30:57,281 [INFO] CodeEngine:255 - oldGeneratedFile, C:\Users\mridu\OneDrive\Desktop\Mridul\UBC Solar\STM 32\STM32 projects\firmware_v3\components\tel\MXTmpFiles\rtos_vars.tmp_save
2025-02-01 14:30:57,440 [INFO] CodeEngine:279 - Generated code: C:\Users\mridu\OneDrive\Desktop\Mridul\UBC Solar\STM 32\STM32 projects\firmware_v3\components\tel\MXTmpFiles\rtos_vars.tmp
2025-02-01 14:30:57,460 [INFO] CodeEngine:255 - oldGeneratedFile, C:\Users\mridu\OneDrive\Desktop\Mridul\UBC Solar\STM 32\STM32 projects\firmware_v3\components\tel\MXTmpFiles\rtos_pfp.tmp_save
2025-02-01 14:30:57,559 [INFO] CodeEngine:279 - Generated code: C:\Users\mridu\OneDrive\Desktop\Mridul\UBC Solar\STM 32\STM32 projects\firmware_v3\components\tel\MXTmpFiles\rtos_pfp.tmp
2025-02-01 14:30:57,576 [INFO] CodeEngine:255 - oldGeneratedFile, C:\Users\mridu\OneDrive\Desktop\Mridul\UBC Solar\STM 32\STM32 projects\firmware_v3\components\tel\MXTmpFiles\rtos_obj_creat.tmp_save
2025-02-01 14:30:57,652 [INFO] CodeEngine:279 - Generated code: C:\Users\mridu\OneDrive\Desktop\Mridul\UBC Solar\STM 32\STM32 projects\firmware_v3\components\tel\MXTmpFiles\rtos_obj_creat.tmp
2025-02-01 14:30:57,674 [INFO] CodeEngine:255 - oldGeneratedFile, C:\Users\mridu\OneDrive\Desktop\Mridul\UBC Solar\STM 32\STM32 projects\firmware_v3\components\tel\MXTmpFiles\rtos_default_thread.tmp_save
2025-02-01 14:30:57,751 [INFO] CodeEngine:279 - Generated code: C:\Users\mridu\OneDrive\Desktop\Mridul\UBC Solar\STM 32\STM32 projects\firmware_v3\components\tel\MXTmpFiles\rtos_default_thread.tmp
2025-02-01 14:30:57,772 [INFO] CodeEngine:255 - oldGeneratedFile, C:\Users\mridu\OneDrive\Desktop\Mridul\UBC Solar\STM 32\STM32 projects\firmware_v3\components\tel\MXTmpFiles\rtos_threads.tmp_save
2025-02-01 14:30:57,836 [INFO] CodeEngine:279 - Generated code: C:\Users\mridu\OneDrive\Desktop\Mridul\UBC Solar\STM 32\STM32 projects\firmware_v3\components\tel\MXTmpFiles\rtos_threads.tmp
2025-02-01 14:30:57,857 [INFO] Middleware:1439 - No code input for Bsp Dependency
2025-02-01 14:30:57,870 [INFO] CodeEngine:255 - oldGeneratedFile, C:\Users\mridu\OneDrive\Desktop\Mridul\UBC Solar\STM 32\STM32 projects\firmware_v3\components\tel\MXTmpFiles\rtos_inc.tmp_save
2025-02-01 14:30:57,947 [INFO] CodeEngine:279 - Generated code: C:\Users\mridu\OneDrive\Desktop\Mridul\UBC Solar\STM 32\STM32 projects\firmware_v3\components\tel\MXTmpFiles\rtos_inc.tmp
2025-02-01 14:30:57,953 [INFO] CodeEngine:255 - oldGeneratedFile, C:\Users\mridu\OneDrive\Desktop\Mridul\UBC Solar\STM 32\STM32 projects\firmware_v3\components\tel\MXTmpFiles\rtos_kernelInit.tmp_save
2025-02-01 14:30:58,014 [INFO] CodeEngine:279 - Generated code: C:\Users\mridu\OneDrive\Desktop\Mridul\UBC Solar\STM 32\STM32 projects\firmware_v3\components\tel\MXTmpFiles\rtos_kernelInit.tmp
2025-02-01 14:30:58,022 [INFO] CodeEngine:255 - oldGeneratedFile, C:\Users\mridu\OneDrive\Desktop\Mridul\UBC Solar\STM 32\STM32 projects\firmware_v3\components\tel\MXTmpFiles\rtos_kernelStart.tmp_save
2025-02-01 14:30:58,085 [INFO] CodeEngine:279 - Generated code: C:\Users\mridu\OneDrive\Desktop\Mridul\UBC Solar\STM 32\STM32 projects\firmware_v3\components\tel\MXTmpFiles\rtos_kernelStart.tmp
2025-02-01 14:30:58,092 [INFO] CodeEngine:255 - oldGeneratedFile, C:\Users\mridu\OneDrive\Desktop\Mridul\UBC Solar\STM 32\STM32 projects\firmware_v3\components\tel\MXTmpFiles\rtos_typedefs.tmp_save
2025-02-01 14:30:58,148 [INFO] CodeEngine:279 - Generated code: C:\Users\mridu\OneDrive\Desktop\Mridul\UBC Solar\STM 32\STM32 projects\firmware_v3\components\tel\MXTmpFiles\rtos_typedefs.tmp
2025-02-01 14:30:58,164 [INFO] CodeEngine:255 - oldGeneratedFile, C:\Users\mridu\OneDrive\Desktop\Mridul\UBC Solar\STM 32\STM32 projects\firmware_v3\components\tel\MXTmpFiles\rtos_vars.tmp_save
2025-02-01 14:30:58,219 [INFO] CodeEngine:279 - Generated code: C:\Users\mridu\OneDrive\Desktop\Mridul\UBC Solar\STM 32\STM32 projects\firmware_v3\components\tel\MXTmpFiles\rtos_vars.tmp
2025-02-01 14:30:58,225 [INFO] CodeEngine:255 - oldGeneratedFile, C:\Users\mridu\OneDrive\Desktop\Mridul\UBC Solar\STM 32\STM32 projects\firmware_v3\components\tel\MXTmpFiles\rtos_pfp.tmp_save
2025-02-01 14:30:58,282 [INFO] CodeEngine:279 - Generated code: C:\Users\mridu\OneDrive\Desktop\Mridul\UBC Solar\STM 32\STM32 projects\firmware_v3\components\tel\MXTmpFiles\rtos_pfp.tmp
2025-02-01 14:30:58,298 [INFO] CodeEngine:255 - oldGeneratedFile, C:\Users\mridu\OneDrive\Desktop\Mridul\UBC Solar\STM 32\STM32 projects\firmware_v3\components\tel\MXTmpFiles\rtos_obj_creat.tmp_save
2025-02-01 14:30:58,353 [INFO] CodeEngine:279 - Generated code: C:\Users\mridu\OneDrive\Desktop\Mridul\UBC Solar\STM 32\STM32 projects\firmware_v3\components\tel\MXTmpFiles\rtos_obj_creat.tmp
2025-02-01 14:30:58,358 [INFO] CodeEngine:255 - oldGeneratedFile, C:\Users\mridu\OneDrive\Desktop\Mridul\UBC Solar\STM 32\STM32 projects\firmware_v3\components\tel\MXTmpFiles\rtos_default_thread.tmp_save
2025-02-01 14:30:58,416 [INFO] CodeEngine:279 - Generated code: C:\Users\mridu\OneDrive\Desktop\Mridul\UBC Solar\STM 32\STM32 projects\firmware_v3\components\tel\MXTmpFiles\rtos_default_thread.tmp
2025-02-01 14:30:58,422 [INFO] CodeEngine:255 - oldGeneratedFile, C:\Users\mridu\OneDrive\Desktop\Mridul\UBC Solar\STM 32\STM32 projects\firmware_v3\components\tel\MXTmpFiles\rtos_threads.tmp_save
2025-02-01 14:30:58,478 [INFO] CodeEngine:279 - Generated code: C:\Users\mridu\OneDrive\Desktop\Mridul\UBC Solar\STM 32\STM32 projects\firmware_v3\components\tel\MXTmpFiles\rtos_threads.tmp
2025-02-01 14:30:58,505 [INFO] CodeEngine:255 - oldGeneratedFile, C:\Users\mridu\OneDrive\Desktop\Mridul\UBC Solar\STM 32\STM32 projects\firmware_v3\components\tel\Core\Inc\FreeRTOSConfig.h_save
2025-02-01 14:30:58,634 [INFO] CodeEngine:279 - Generated code: C:\Users\mridu\OneDrive\Desktop\Mridul\UBC Solar\STM 32\STM32 projects\firmware_v3\components\tel\Core\Inc\FreeRTOSConfig.h
2025-02-01 14:30:58,663 [INFO] CodeEngine:255 - oldGeneratedFile, C:\Users\mridu\OneDrive\Desktop\Mridul\UBC Solar\STM 32\STM32 projects\firmware_v3\components\tel\Core\Src\freertos.c_save
2025-02-01 14:30:58,759 [INFO] CodeEngine:279 - Generated code: C:\Users\mridu\OneDrive\Desktop\Mridul\UBC Solar\STM 32\STM32 projects\firmware_v3\components\tel\Core\Src\freertos.c
2025-02-01 14:30:58,793 [INFO] CodeEngine:255 - oldGeneratedFile, C:\Users\mridu\OneDrive\Desktop\Mridul\UBC Solar\STM 32\STM32 projects\firmware_v3\components\tel\Core\Src\can.c_save
2025-02-01 14:30:59,001 [INFO] CodeEngine:279 - Generated code: C:\Users\mridu\OneDrive\Desktop\Mridul\UBC Solar\STM 32\STM32 projects\firmware_v3\components\tel\Core\Src\can.c
2025-02-01 14:30:59,026 [INFO] CodeEngine:255 - oldGeneratedFile, C:\Users\mridu\OneDrive\Desktop\Mridul\UBC Solar\STM 32\STM32 projects\firmware_v3\components\tel\Core\Inc\can.h_save
2025-02-01 14:30:59,146 [INFO] CodeEngine:279 - Generated code: C:\Users\mridu\OneDrive\Desktop\Mridul\UBC Solar\STM 32\STM32 projects\firmware_v3\components\tel\Core\Inc\can.h
2025-02-01 14:30:59,194 [INFO] CodeEngine:255 - oldGeneratedFile, C:\Users\mridu\OneDrive\Desktop\Mridul\UBC Solar\STM 32\STM32 projects\firmware_v3\components\tel\Core\Src\dma.c_save
2025-02-01 14:30:59,285 [INFO] CodeEngine:279 - Generated code: C:\Users\mridu\OneDrive\Desktop\Mridul\UBC Solar\STM 32\STM32 projects\firmware_v3\components\tel\Core\Src\dma.c
2025-02-01 14:30:59,308 [INFO] CodeEngine:255 - oldGeneratedFile, C:\Users\mridu\OneDrive\Desktop\Mridul\UBC Solar\STM 32\STM32 projects\firmware_v3\components\tel\Core\Inc\dma.h_save
2025-02-01 14:30:59,406 [INFO] CodeEngine:279 - Generated code: C:\Users\mridu\OneDrive\Desktop\Mridul\UBC Solar\STM 32\STM32 projects\firmware_v3\components\tel\Core\Inc\dma.h
2025-02-01 14:30:59,440 [INFO] CodeEngine:255 - oldGeneratedFile, C:\Users\mridu\OneDrive\Desktop\Mridul\UBC Solar\STM 32\STM32 projects\firmware_v3\components\tel\Core\Src\i2c.c_save
2025-02-01 14:30:59,549 [INFO] CodeEngine:279 - Generated code: C:\Users\mridu\OneDrive\Desktop\Mridul\UBC Solar\STM 32\STM32 projects\firmware_v3\components\tel\Core\Src\i2c.c
2025-02-01 14:30:59,557 [INFO] CodeEngine:255 - oldGeneratedFile, C:\Users\mridu\OneDrive\Desktop\Mridul\UBC Solar\STM 32\STM32 projects\firmware_v3\components\tel\Core\Inc\i2c.h_save
2025-02-01 14:30:59,675 [INFO] CodeEngine:279 - Generated code: C:\Users\mridu\OneDrive\Desktop\Mridul\UBC Solar\STM 32\STM32 projects\firmware_v3\components\tel\Core\Inc\i2c.h
2025-02-01 14:30:59,707 [INFO] CodeEngine:255 - oldGeneratedFile, C:\Users\mridu\OneDrive\Desktop\Mridul\UBC Solar\STM 32\STM32 projects\firmware_v3\components\tel\Core\Src\iwdg.c_save
2025-02-01 14:30:59,876 [INFO] CodeEngine:279 - Generated code: C:\Users\mridu\OneDrive\Desktop\Mridul\UBC Solar\STM 32\STM32 projects\firmware_v3\components\tel\Core\Src\iwdg.c
2025-02-01 14:30:59,889 [INFO] CodeEngine:255 - oldGeneratedFile, C:\Users\mridu\OneDrive\Desktop\Mridul\UBC Solar\STM 32\STM32 projects\firmware_v3\components\tel\Core\Inc\iwdg.h_save
2025-02-01 14:31:00,061 [INFO] CodeEngine:279 - Generated code: C:\Users\mridu\OneDrive\Desktop\Mridul\UBC Solar\STM 32\STM32 projects\firmware_v3\components\tel\Core\Inc\iwdg.h
2025-02-01 14:31:00,090 [INFO] CodeEngine:255 - oldGeneratedFile, C:\Users\mridu\OneDrive\Desktop\Mridul\UBC Solar\STM 32\STM32 projects\firmware_v3\components\tel\Core\Src\rtc.c_save
2025-02-01 14:31:00,201 [INFO] CodeEngine:279 - Generated code: C:\Users\mridu\OneDrive\Desktop\Mridul\UBC Solar\STM 32\STM32 projects\firmware_v3\components\tel\Core\Src\rtc.c
2025-02-01 14:31:00,208 [INFO] CodeEngine:255 - oldGeneratedFile, C:\Users\mridu\OneDrive\Desktop\Mridul\UBC Solar\STM 32\STM32 projects\firmware_v3\components\tel\Core\Inc\rtc.h_save
2025-02-01 14:31:00,312 [INFO] CodeEngine:279 - Generated code: C:\Users\mridu\OneDrive\Desktop\Mridul\UBC Solar\STM 32\STM32 projects\firmware_v3\components\tel\Core\Inc\rtc.h
2025-02-01 14:31:00,332 [INFO] CodeEngine:255 - oldGeneratedFile, C:\Users\mridu\OneDrive\Desktop\Mridul\UBC Solar\STM 32\STM32 projects\firmware_v3\components\tel\Core\Src\usart.c_save
2025-02-01 14:31:00,449 [INFO] CodeEngine:279 - Generated code: C:\Users\mridu\OneDrive\Desktop\Mridul\UBC Solar\STM 32\STM32 projects\firmware_v3\components\tel\Core\Src\usart.c
2025-02-01 14:31:00,455 [INFO] CodeEngine:255 - oldGeneratedFile, C:\Users\mridu\OneDrive\Desktop\Mridul\UBC Solar\STM 32\STM32 projects\firmware_v3\components\tel\Core\Inc\usart.h_save
2025-02-01 14:31:00,542 [INFO] CodeEngine:279 - Generated code: C:\Users\mridu\OneDrive\Desktop\Mridul\UBC Solar\STM 32\STM32 projects\firmware_v3\components\tel\Core\Inc\usart.h
2025-02-01 14:31:00,591 [INFO] CodeEngine:255 - oldGeneratedFile, C:\Users\mridu\OneDrive\Desktop\Mridul\UBC Solar\STM 32\STM32 projects\firmware_v3\components\tel\Core\Src\stm32f1xx_it.c_save
2025-02-01 14:31:00,735 [INFO] CodeEngine:279 - Generated code: C:\Users\mridu\OneDrive\Desktop\Mridul\UBC Solar\STM 32\STM32 projects\firmware_v3\components\tel\Core\Src\stm32f1xx_it.c
2025-02-01 14:31:00,761 [INFO] CodeEngine:255 - oldGeneratedFile, C:\Users\mridu\OneDrive\Desktop\Mridul\UBC Solar\STM 32\STM32 projects\firmware_v3\components\tel\Core\Inc\stm32f1xx_it.h_save
2025-02-01 14:31:00,853 [INFO] CodeEngine:279 - Generated code: C:\Users\mridu\OneDrive\Desktop\Mridul\UBC Solar\STM 32\STM32 projects\firmware_v3\components\tel\Core\Inc\stm32f1xx_it.h
2025-02-01 14:31:00,902 [INFO] CodeEngine:255 - oldGeneratedFile, C:\Users\mridu\OneDrive\Desktop\Mridul\UBC Solar\STM 32\STM32 projects\firmware_v3\components\tel\Core\Src\stm32f1xx_hal_msp.c_save
2025-02-01 14:31:01,018 [INFO] CodeEngine:279 - Generated code: C:\Users\mridu\OneDrive\Desktop\Mridul\UBC Solar\STM 32\STM32 projects\firmware_v3\components\tel\Core\Src\stm32f1xx_hal_msp.c
2025-02-01 14:31:01,030 [INFO] CodeEngine:255 - oldGeneratedFile, C:\Users\mridu\OneDrive\Desktop\Mridul\UBC Solar\STM 32\STM32 projects\firmware_v3\components\tel\MXTmpFiles\system.tmp_save
2025-02-01 14:31:01,094 [INFO] CodeEngine:279 - Generated code: C:\Users\mridu\OneDrive\Desktop\Mridul\UBC Solar\STM 32\STM32 projects\firmware_v3\components\tel\MXTmpFiles\system.tmp
2025-02-01 14:31:01,120 [INFO] CodeEngine:255 - oldGeneratedFile, C:\Users\mridu\OneDrive\Desktop\Mridul\UBC Solar\STM 32\STM32 projects\firmware_v3\components\tel\Core\Src\stm32f1xx_hal_timebase_tim.c_save
2025-02-01 14:31:01,231 [INFO] CodeEngine:279 - Generated code: C:\Users\mridu\OneDrive\Desktop\Mridul\UBC Solar\STM 32\STM32 projects\firmware_v3\components\tel\Core\Src\stm32f1xx_hal_timebase_tim.c
2025-02-01 14:31:01,286 [INFO] CodeEngine:311 - oldGeneratedFile, C:\Users\mridu\OneDrive\Desktop\Mridul\UBC Solar\STM 32\STM32 projects\firmware_v3\components\tel\Core\Inc\stm32f1xx_hal_conf.h_save
2025-02-01 14:31:01,384 [INFO] CodeEngine:335 - Generated code: C:\Users\mridu\OneDrive\Desktop\Mridul\UBC Solar\STM 32\STM32 projects\firmware_v3\components\tel\Core\Inc\stm32f1xx_hal_conf.h
2025-02-01 14:31:01,445 [INFO] CodeEngine:255 - oldGeneratedFile, C:\Users\mridu\OneDrive\Desktop\Mridul\UBC Solar\STM 32\STM32 projects\firmware_v3\components\tel\Core\Inc\main.h_save
2025-02-01 14:31:01,569 [INFO] CodeEngine:279 - Generated code: C:\Users\mridu\OneDrive\Desktop\Mridul\UBC Solar\STM 32\STM32 projects\firmware_v3\components\tel\Core\Inc\main.h
2025-02-01 14:31:01,601 [INFO] CodeEngine:255 - oldGeneratedFile, C:\Users\mridu\OneDrive\Desktop\Mridul\UBC Solar\STM 32\STM32 projects\firmware_v3\components\tel\Core\Src\main.c_save
2025-02-01 14:31:01,774 [INFO] CodeEngine:279 - Generated code: C:\Users\mridu\OneDrive\Desktop\Mridul\UBC Solar\STM 32\STM32 projects\firmware_v3\components\tel\Core\Src\main.c
2025-02-01 14:31:02,387 [INFO] ProjectBuilder:3249 - Time for Copy HAL[1] : 267mS.
2025-02-01 14:31:02,396 [INFO] ProjectBuilder:4828 - Project Generator version: 4.5.0-B34
2025-02-01 14:31:02,465 [INFO] ConfigFileManager:1531 - The Die is : DIE414
2025-02-01 14:31:02,483 [INFO] ApiDbMcu:508 - Load IP Config File for FATFS
2025-02-01 14:31:02,504 [INFO] ApiDbMcu:508 - Load IP Config File for USB_DEVICE
2025-02-01 14:31:03,395 [INFO] LogOutputStream:77 - [STDOUT_REDIRECT] 
2025-02-01 14:31:05,397 [INFO] ProjectBuilder:5097 - Time for Generating toolchain IDE Files: 3001mS.
2025-02-01 14:31:05,399 [INFO] ProjectBuilder:3107 - Time for Copy CMSIS : 1mS.
2025-02-01 14:31:05,404 [INFO] ProjectBuilder:3107 - Time for Copy CMSIS : 0mS.
2025-02-01 14:32:27,322 [INFO] TasksAndQueuesTab:757 - Dynamic
2025-02-01 14:32:27,322 [WARN] TasksAndQueuesTab:763 - 128 128
2025-02-01 14:32:27,323 [WARN] TasksAndQueuesTab:775 - max value is: 768.0
2025-02-01 14:32:27,323 [INFO] TasksAndQueuesTab:757 - Dynamic
2025-02-01 14:32:27,323 [WARN] TasksAndQueuesTab:763 - 128 128
2025-02-01 14:32:27,323 [WARN] TasksAndQueuesTab:775 - max value is: 768.0
2025-02-01 14:32:27,323 [INFO] TasksAndQueuesTab:757 - Dynamic
2025-02-01 14:32:27,323 [WARN] TasksAndQueuesTab:763 - 128 128
2025-02-01 14:32:27,323 [WARN] TasksAndQueuesTab:775 - max value is: 768.0
2025-02-01 14:46:51,387 [INFO] UtilMem:75 - End SaveConfig() Used Memory: 896140848 Bytes (1073741824)
2025-02-01 14:46:51,562 [INFO] BlockDiagram:2766 - set Specific Code input for plugin: RTC
2025-02-01 14:46:51,562 [INFO] BlockDiagram:2766 - set Specific Code input for plugin: NVIC
2025-02-01 14:46:51,563 [INFO] BlockDiagram:2766 - set Specific Code input for plugin: FREERTOS
2025-02-01 14:46:51,563 [INFO] BlockDiagram:2766 - set Specific Code input for plugin: USART
2025-02-01 14:46:51,563 [INFO] BlockDiagram:2766 - set Specific Code input for plugin: IWDG
2025-02-01 14:46:51,563 [INFO] BlockDiagram:2766 - set Specific Code input for plugin: DMA
2025-02-01 14:46:51,563 [INFO] BlockDiagram:2766 - set Specific Code input for plugin: SYS
2025-02-01 14:46:51,564 [INFO] BlockDiagram:2766 - set Specific Code input for plugin: GPIO
2025-02-01 14:46:51,564 [INFO] BlockDiagram:2766 - set Specific Code input for plugin: CAN
2025-02-01 14:46:51,564 [INFO] BlockDiagram:2766 - set Specific Code input for plugin: RCC
2025-02-01 14:46:51,564 [INFO] BlockDiagram:2766 - set Specific Code input for plugin: I2C
2025-02-01 14:46:51,564 [INFO] BlockDiagram:2766 - set Specific Code input for plugin: I2C
2025-02-01 14:46:51,566 [INFO] CodeGenerator:807 - code generatio: config db path: C:/Users/mridu/.stm32cubemx/databases/DB.6.0.120/db/
2025-02-01 14:46:51,573 [WARN] IP:2191 - I2C_Coeff_DF not found: check if there is a RefParameter without a condition.
2025-02-01 14:46:51,573 [WARN] IP:2191 - Analog_Filter not found: check if there is a RefParameter without a condition.
2025-02-01 14:46:51,574 [WARN] IP:2191 - I2C_Coeff_DF not found: check if there is a RefParameter without a condition.
2025-02-01 14:46:51,574 [WARN] IP:2191 - Analog_Filter not found: check if there is a RefParameter without a condition.
2025-02-01 14:46:51,580 [INFO] Argument:325 - Argument : hdmavalue: null
2025-02-01 14:46:51,580 [INFO] Argument:327 - 	 sub Args: 
2025-02-01 14:46:51,580 [INFO] Argument:325 - Argument : Instancevalue: DMA1_Channel4
2025-02-01 14:46:51,580 [INFO] Argument:335 - Argument : Instancevalue: DMA1_Channel4
2025-02-01 14:46:51,580 [INFO] Argument:325 - Argument : Initvalue: null
2025-02-01 14:46:51,580 [INFO] Argument:327 - 	 sub Args: 
2025-02-01 14:46:51,580 [INFO] Argument:325 - Argument : Directionvalue: DMA_MEMORY_TO_PERIPH
2025-02-01 14:46:51,580 [INFO] Argument:335 - Argument : Directionvalue: DMA_MEMORY_TO_PERIPH
2025-02-01 14:46:51,580 [INFO] Argument:325 - Argument : PeriphIncvalue: DMA_PINC_DISABLE
2025-02-01 14:46:51,580 [INFO] Argument:335 - Argument : PeriphIncvalue: DMA_PINC_DISABLE
2025-02-01 14:46:51,580 [INFO] Argument:325 - Argument : MemIncvalue: DMA_MINC_ENABLE
2025-02-01 14:46:51,580 [INFO] Argument:335 - Argument : MemIncvalue: DMA_MINC_ENABLE
2025-02-01 14:46:51,580 [INFO] Argument:325 - Argument : PeriphDataAlignmentvalue: DMA_PDATAALIGN_BYTE
2025-02-01 14:46:51,580 [INFO] Argument:335 - Argument : PeriphDataAlignmentvalue: DMA_PDATAALIGN_BYTE
2025-02-01 14:46:51,580 [INFO] Argument:325 - Argument : MemDataAlignmentvalue: DMA_MDATAALIGN_BYTE
2025-02-01 14:46:51,580 [INFO] Argument:335 - Argument : MemDataAlignmentvalue: DMA_MDATAALIGN_BYTE
2025-02-01 14:46:51,580 [INFO] Argument:325 - Argument : Modevalue: DMA_NORMAL
2025-02-01 14:46:51,580 [INFO] Argument:335 - Argument : Modevalue: DMA_NORMAL
2025-02-01 14:46:51,580 [INFO] Argument:325 - Argument : Priorityvalue: DMA_PRIORITY_LOW
2025-02-01 14:46:51,580 [INFO] Argument:335 - Argument : Priorityvalue: DMA_PRIORITY_LOW
2025-02-01 14:46:51,580 [INFO] Argument:325 - Argument : Lockvalue: null
2025-02-01 14:46:51,580 [INFO] Argument:335 - Argument : Lockvalue: null
2025-02-01 14:46:51,581 [INFO] Argument:325 - Argument : Statevalue: null
2025-02-01 14:46:51,581 [INFO] Argument:335 - Argument : Statevalue: null
2025-02-01 14:46:51,581 [INFO] Argument:325 - Argument : Parentvalue: null
2025-02-01 14:46:51,581 [INFO] Argument:335 - Argument : Parentvalue: null
2025-02-01 14:46:51,581 [INFO] Argument:325 - Argument : XferCpltCallbackvalue: null
2025-02-01 14:46:51,581 [INFO] Argument:335 - Argument : XferCpltCallbackvalue: null
2025-02-01 14:46:51,581 [INFO] Argument:325 - Argument : XferHalfCpltCallbackvalue: null
2025-02-01 14:46:51,581 [INFO] Argument:335 - Argument : XferHalfCpltCallbackvalue: null
2025-02-01 14:46:51,581 [INFO] Argument:325 - Argument : XferErrorCallbackvalue: null
2025-02-01 14:46:51,581 [INFO] Argument:335 - Argument : XferErrorCallbackvalue: null
2025-02-01 14:46:51,581 [INFO] Argument:325 - Argument : ErrorCodevalue: null
2025-02-01 14:46:51,581 [INFO] Argument:335 - Argument : ErrorCodevalue: null
2025-02-01 14:46:51,642 [INFO] CodeEngine:255 - oldGeneratedFile, C:\Users\mridu\OneDrive\Desktop\Mridul\UBC Solar\STM 32\STM32 projects\firmware_v3\components\tel\MXTmpFiles\license.tmp_save
2025-02-01 14:46:51,758 [INFO] CodeEngine:279 - Generated code: C:\Users\mridu\OneDrive\Desktop\Mridul\UBC Solar\STM 32\STM32 projects\firmware_v3\components\tel\MXTmpFiles\license.tmp
2025-02-01 14:46:51,800 [INFO] CodeEngine:255 - oldGeneratedFile, C:\Users\mridu\OneDrive\Desktop\Mridul\UBC Solar\STM 32\STM32 projects\firmware_v3\components\tel\Core\Src\gpio.c_save
2025-02-01 14:46:51,922 [INFO] CodeEngine:279 - Generated code: C:\Users\mridu\OneDrive\Desktop\Mridul\UBC Solar\STM 32\STM32 projects\firmware_v3\components\tel\Core\Src\gpio.c
2025-02-01 14:46:51,945 [INFO] CodeEngine:255 - oldGeneratedFile, C:\Users\mridu\OneDrive\Desktop\Mridul\UBC Solar\STM 32\STM32 projects\firmware_v3\components\tel\Core\Inc\gpio.h_save
2025-02-01 14:46:52,044 [INFO] CodeEngine:279 - Generated code: C:\Users\mridu\OneDrive\Desktop\Mridul\UBC Solar\STM 32\STM32 projects\firmware_v3\components\tel\Core\Inc\gpio.h
2025-02-01 14:46:52,257 [INFO] Middleware:1439 - No code input for Bsp Dependency
2025-02-01 14:46:52,269 [INFO] CodeEngine:255 - oldGeneratedFile, C:\Users\mridu\OneDrive\Desktop\Mridul\UBC Solar\STM 32\STM32 projects\firmware_v3\components\tel\MXTmpFiles\rtos_inc.tmp_save
2025-02-01 14:46:52,347 [INFO] CodeEngine:279 - Generated code: C:\Users\mridu\OneDrive\Desktop\Mridul\UBC Solar\STM 32\STM32 projects\firmware_v3\components\tel\MXTmpFiles\rtos_inc.tmp
2025-02-01 14:46:52,352 [INFO] CodeEngine:255 - oldGeneratedFile, C:\Users\mridu\OneDrive\Desktop\Mridul\UBC Solar\STM 32\STM32 projects\firmware_v3\components\tel\MXTmpFiles\rtos_kernelInit.tmp_save
2025-02-01 14:46:52,425 [INFO] CodeEngine:279 - Generated code: C:\Users\mridu\OneDrive\Desktop\Mridul\UBC Solar\STM 32\STM32 projects\firmware_v3\components\tel\MXTmpFiles\rtos_kernelInit.tmp
2025-02-01 14:46:52,433 [INFO] CodeEngine:255 - oldGeneratedFile, C:\Users\mridu\OneDrive\Desktop\Mridul\UBC Solar\STM 32\STM32 projects\firmware_v3\components\tel\MXTmpFiles\rtos_kernelStart.tmp_save
2025-02-01 14:46:52,492 [INFO] CodeEngine:279 - Generated code: C:\Users\mridu\OneDrive\Desktop\Mridul\UBC Solar\STM 32\STM32 projects\firmware_v3\components\tel\MXTmpFiles\rtos_kernelStart.tmp
2025-02-01 14:46:52,496 [INFO] CodeEngine:255 - oldGeneratedFile, C:\Users\mridu\OneDrive\Desktop\Mridul\UBC Solar\STM 32\STM32 projects\firmware_v3\components\tel\MXTmpFiles\rtos_typedefs.tmp_save
2025-02-01 14:46:52,556 [INFO] CodeEngine:279 - Generated code: C:\Users\mridu\OneDrive\Desktop\Mridul\UBC Solar\STM 32\STM32 projects\firmware_v3\components\tel\MXTmpFiles\rtos_typedefs.tmp
2025-02-01 14:46:52,559 [INFO] CodeEngine:255 - oldGeneratedFile, C:\Users\mridu\OneDrive\Desktop\Mridul\UBC Solar\STM 32\STM32 projects\firmware_v3\components\tel\MXTmpFiles\rtos_vars.tmp_save
2025-02-01 14:46:52,643 [INFO] CodeEngine:279 - Generated code: C:\Users\mridu\OneDrive\Desktop\Mridul\UBC Solar\STM 32\STM32 projects\firmware_v3\components\tel\MXTmpFiles\rtos_vars.tmp
2025-02-01 14:46:52,647 [INFO] CodeEngine:255 - oldGeneratedFile, C:\Users\mridu\OneDrive\Desktop\Mridul\UBC Solar\STM 32\STM32 projects\firmware_v3\components\tel\MXTmpFiles\rtos_pfp.tmp_save
2025-02-01 14:46:52,710 [INFO] CodeEngine:279 - Generated code: C:\Users\mridu\OneDrive\Desktop\Mridul\UBC Solar\STM 32\STM32 projects\firmware_v3\components\tel\MXTmpFiles\rtos_pfp.tmp
2025-02-01 14:46:52,721 [INFO] CodeEngine:255 - oldGeneratedFile, C:\Users\mridu\OneDrive\Desktop\Mridul\UBC Solar\STM 32\STM32 projects\firmware_v3\components\tel\MXTmpFiles\rtos_obj_creat.tmp_save
2025-02-01 14:46:52,787 [INFO] CodeEngine:279 - Generated code: C:\Users\mridu\OneDrive\Desktop\Mridul\UBC Solar\STM 32\STM32 projects\firmware_v3\components\tel\MXTmpFiles\rtos_obj_creat.tmp
2025-02-01 14:46:52,792 [INFO] CodeEngine:255 - oldGeneratedFile, C:\Users\mridu\OneDrive\Desktop\Mridul\UBC Solar\STM 32\STM32 projects\firmware_v3\components\tel\MXTmpFiles\rtos_default_thread.tmp_save
2025-02-01 14:46:52,835 [INFO] CodeEngine:279 - Generated code: C:\Users\mridu\OneDrive\Desktop\Mridul\UBC Solar\STM 32\STM32 projects\firmware_v3\components\tel\MXTmpFiles\rtos_default_thread.tmp
2025-02-01 14:46:52,840 [INFO] CodeEngine:255 - oldGeneratedFile, C:\Users\mridu\OneDrive\Desktop\Mridul\UBC Solar\STM 32\STM32 projects\firmware_v3\components\tel\MXTmpFiles\rtos_threads.tmp_save
2025-02-01 14:46:52,909 [INFO] CodeEngine:279 - Generated code: C:\Users\mridu\OneDrive\Desktop\Mridul\UBC Solar\STM 32\STM32 projects\firmware_v3\components\tel\MXTmpFiles\rtos_threads.tmp
2025-02-01 14:46:52,926 [INFO] Middleware:1439 - No code input for Bsp Dependency
2025-02-01 14:46:52,944 [INFO] CodeEngine:255 - oldGeneratedFile, C:\Users\mridu\OneDrive\Desktop\Mridul\UBC Solar\STM 32\STM32 projects\firmware_v3\components\tel\MXTmpFiles\rtos_inc.tmp_save
2025-02-01 14:46:53,019 [INFO] CodeEngine:279 - Generated code: C:\Users\mridu\OneDrive\Desktop\Mridul\UBC Solar\STM 32\STM32 projects\firmware_v3\components\tel\MXTmpFiles\rtos_inc.tmp
2025-02-01 14:46:53,025 [INFO] CodeEngine:255 - oldGeneratedFile, C:\Users\mridu\OneDrive\Desktop\Mridul\UBC Solar\STM 32\STM32 projects\firmware_v3\components\tel\MXTmpFiles\rtos_kernelInit.tmp_save
2025-02-01 14:46:53,073 [INFO] CodeEngine:279 - Generated code: C:\Users\mridu\OneDrive\Desktop\Mridul\UBC Solar\STM 32\STM32 projects\firmware_v3\components\tel\MXTmpFiles\rtos_kernelInit.tmp
2025-02-01 14:46:53,078 [INFO] CodeEngine:255 - oldGeneratedFile, C:\Users\mridu\OneDrive\Desktop\Mridul\UBC Solar\STM 32\STM32 projects\firmware_v3\components\tel\MXTmpFiles\rtos_kernelStart.tmp_save
2025-02-01 14:46:53,135 [INFO] CodeEngine:279 - Generated code: C:\Users\mridu\OneDrive\Desktop\Mridul\UBC Solar\STM 32\STM32 projects\firmware_v3\components\tel\MXTmpFiles\rtos_kernelStart.tmp
2025-02-01 14:46:53,140 [INFO] CodeEngine:255 - oldGeneratedFile, C:\Users\mridu\OneDrive\Desktop\Mridul\UBC Solar\STM 32\STM32 projects\firmware_v3\components\tel\MXTmpFiles\rtos_typedefs.tmp_save
2025-02-01 14:46:53,195 [INFO] CodeEngine:279 - Generated code: C:\Users\mridu\OneDrive\Desktop\Mridul\UBC Solar\STM 32\STM32 projects\firmware_v3\components\tel\MXTmpFiles\rtos_typedefs.tmp
2025-02-01 14:46:53,212 [INFO] CodeEngine:255 - oldGeneratedFile, C:\Users\mridu\OneDrive\Desktop\Mridul\UBC Solar\STM 32\STM32 projects\firmware_v3\components\tel\MXTmpFiles\rtos_vars.tmp_save
2025-02-01 14:46:53,284 [INFO] CodeEngine:279 - Generated code: C:\Users\mridu\OneDrive\Desktop\Mridul\UBC Solar\STM 32\STM32 projects\firmware_v3\components\tel\MXTmpFiles\rtos_vars.tmp
2025-02-01 14:46:53,290 [INFO] CodeEngine:255 - oldGeneratedFile, C:\Users\mridu\OneDrive\Desktop\Mridul\UBC Solar\STM 32\STM32 projects\firmware_v3\components\tel\MXTmpFiles\rtos_pfp.tmp_save
2025-02-01 14:46:53,345 [INFO] CodeEngine:279 - Generated code: C:\Users\mridu\OneDrive\Desktop\Mridul\UBC Solar\STM 32\STM32 projects\firmware_v3\components\tel\MXTmpFiles\rtos_pfp.tmp
2025-02-01 14:46:53,364 [INFO] CodeEngine:255 - oldGeneratedFile, C:\Users\mridu\OneDrive\Desktop\Mridul\UBC Solar\STM 32\STM32 projects\firmware_v3\components\tel\MXTmpFiles\rtos_obj_creat.tmp_save
2025-02-01 14:46:53,419 [INFO] CodeEngine:279 - Generated code: C:\Users\mridu\OneDrive\Desktop\Mridul\UBC Solar\STM 32\STM32 projects\firmware_v3\components\tel\MXTmpFiles\rtos_obj_creat.tmp
2025-02-01 14:46:53,425 [INFO] CodeEngine:255 - oldGeneratedFile, C:\Users\mridu\OneDrive\Desktop\Mridul\UBC Solar\STM 32\STM32 projects\firmware_v3\components\tel\MXTmpFiles\rtos_default_thread.tmp_save
2025-02-01 14:46:53,476 [INFO] CodeEngine:279 - Generated code: C:\Users\mridu\OneDrive\Desktop\Mridul\UBC Solar\STM 32\STM32 projects\firmware_v3\components\tel\MXTmpFiles\rtos_default_thread.tmp
2025-02-01 14:46:53,483 [INFO] CodeEngine:255 - oldGeneratedFile, C:\Users\mridu\OneDrive\Desktop\Mridul\UBC Solar\STM 32\STM32 projects\firmware_v3\components\tel\MXTmpFiles\rtos_threads.tmp_save
2025-02-01 14:46:53,544 [INFO] CodeEngine:279 - Generated code: C:\Users\mridu\OneDrive\Desktop\Mridul\UBC Solar\STM 32\STM32 projects\firmware_v3\components\tel\MXTmpFiles\rtos_threads.tmp
2025-02-01 14:46:53,572 [INFO] CodeEngine:255 - oldGeneratedFile, C:\Users\mridu\OneDrive\Desktop\Mridul\UBC Solar\STM 32\STM32 projects\firmware_v3\components\tel\Core\Inc\FreeRTOSConfig.h_save
2025-02-01 14:46:53,725 [INFO] CodeEngine:279 - Generated code: C:\Users\mridu\OneDrive\Desktop\Mridul\UBC Solar\STM 32\STM32 projects\firmware_v3\components\tel\Core\Inc\FreeRTOSConfig.h
2025-02-01 14:46:53,772 [INFO] CodeEngine:255 - oldGeneratedFile, C:\Users\mridu\OneDrive\Desktop\Mridul\UBC Solar\STM 32\STM32 projects\firmware_v3\components\tel\Core\Src\freertos.c_save
2025-02-01 14:46:53,956 [INFO] CodeEngine:279 - Generated code: C:\Users\mridu\OneDrive\Desktop\Mridul\UBC Solar\STM 32\STM32 projects\firmware_v3\components\tel\Core\Src\freertos.c
2025-02-01 14:46:54,005 [INFO] CodeEngine:255 - oldGeneratedFile, C:\Users\mridu\OneDrive\Desktop\Mridul\UBC Solar\STM 32\STM32 projects\firmware_v3\components\tel\Core\Src\can.c_save
2025-02-01 14:46:54,185 [INFO] CodeEngine:279 - Generated code: C:\Users\mridu\OneDrive\Desktop\Mridul\UBC Solar\STM 32\STM32 projects\firmware_v3\components\tel\Core\Src\can.c
2025-02-01 14:46:54,231 [INFO] CodeEngine:255 - oldGeneratedFile, C:\Users\mridu\OneDrive\Desktop\Mridul\UBC Solar\STM 32\STM32 projects\firmware_v3\components\tel\Core\Inc\can.h_save
2025-02-01 14:46:54,318 [INFO] CodeEngine:279 - Generated code: C:\Users\mridu\OneDrive\Desktop\Mridul\UBC Solar\STM 32\STM32 projects\firmware_v3\components\tel\Core\Inc\can.h
2025-02-01 14:46:54,355 [INFO] CodeEngine:255 - oldGeneratedFile, C:\Users\mridu\OneDrive\Desktop\Mridul\UBC Solar\STM 32\STM32 projects\firmware_v3\components\tel\Core\Src\dma.c_save
2025-02-01 14:46:54,449 [INFO] CodeEngine:279 - Generated code: C:\Users\mridu\OneDrive\Desktop\Mridul\UBC Solar\STM 32\STM32 projects\firmware_v3\components\tel\Core\Src\dma.c
2025-02-01 14:46:54,462 [INFO] CodeEngine:255 - oldGeneratedFile, C:\Users\mridu\OneDrive\Desktop\Mridul\UBC Solar\STM 32\STM32 projects\firmware_v3\components\tel\Core\Inc\dma.h_save
2025-02-01 14:46:54,556 [INFO] CodeEngine:279 - Generated code: C:\Users\mridu\OneDrive\Desktop\Mridul\UBC Solar\STM 32\STM32 projects\firmware_v3\components\tel\Core\Inc\dma.h
2025-02-01 14:46:54,571 [INFO] CodeEngine:255 - oldGeneratedFile, C:\Users\mridu\OneDrive\Desktop\Mridul\UBC Solar\STM 32\STM32 projects\firmware_v3\components\tel\Core\Src\i2c.c_save
2025-02-01 14:46:54,688 [INFO] CodeEngine:279 - Generated code: C:\Users\mridu\OneDrive\Desktop\Mridul\UBC Solar\STM 32\STM32 projects\firmware_v3\components\tel\Core\Src\i2c.c
2025-02-01 14:46:54,694 [INFO] CodeEngine:255 - oldGeneratedFile, C:\Users\mridu\OneDrive\Desktop\Mridul\UBC Solar\STM 32\STM32 projects\firmware_v3\components\tel\Core\Inc\i2c.h_save
2025-02-01 14:46:54,772 [INFO] CodeEngine:279 - Generated code: C:\Users\mridu\OneDrive\Desktop\Mridul\UBC Solar\STM 32\STM32 projects\firmware_v3\components\tel\Core\Inc\i2c.h
2025-02-01 14:46:54,797 [INFO] CodeEngine:255 - oldGeneratedFile, C:\Users\mridu\OneDrive\Desktop\Mridul\UBC Solar\STM 32\STM32 projects\firmware_v3\components\tel\Core\Src\iwdg.c_save
2025-02-01 14:46:54,877 [INFO] CodeEngine:279 - Generated code: C:\Users\mridu\OneDrive\Desktop\Mridul\UBC Solar\STM 32\STM32 projects\firmware_v3\components\tel\Core\Src\iwdg.c
2025-02-01 14:46:54,885 [INFO] CodeEngine:255 - oldGeneratedFile, C:\Users\mridu\OneDrive\Desktop\Mridul\UBC Solar\STM 32\STM32 projects\firmware_v3\components\tel\Core\Inc\iwdg.h_save
2025-02-01 14:46:54,957 [INFO] CodeEngine:279 - Generated code: C:\Users\mridu\OneDrive\Desktop\Mridul\UBC Solar\STM 32\STM32 projects\firmware_v3\components\tel\Core\Inc\iwdg.h
2025-02-01 14:46:54,985 [INFO] CodeEngine:255 - oldGeneratedFile, C:\Users\mridu\OneDrive\Desktop\Mridul\UBC Solar\STM 32\STM32 projects\firmware_v3\components\tel\Core\Src\rtc.c_save
2025-02-01 14:46:55,086 [INFO] CodeEngine:279 - Generated code: C:\Users\mridu\OneDrive\Desktop\Mridul\UBC Solar\STM 32\STM32 projects\firmware_v3\components\tel\Core\Src\rtc.c
2025-02-01 14:46:55,094 [INFO] CodeEngine:255 - oldGeneratedFile, C:\Users\mridu\OneDrive\Desktop\Mridul\UBC Solar\STM 32\STM32 projects\firmware_v3\components\tel\Core\Inc\rtc.h_save
2025-02-01 14:46:55,174 [INFO] CodeEngine:279 - Generated code: C:\Users\mridu\OneDrive\Desktop\Mridul\UBC Solar\STM 32\STM32 projects\firmware_v3\components\tel\Core\Inc\rtc.h
2025-02-01 14:46:55,203 [INFO] CodeEngine:255 - oldGeneratedFile, C:\Users\mridu\OneDrive\Desktop\Mridul\UBC Solar\STM 32\STM32 projects\firmware_v3\components\tel\Core\Src\usart.c_save
2025-02-01 14:46:55,330 [INFO] CodeEngine:279 - Generated code: C:\Users\mridu\OneDrive\Desktop\Mridul\UBC Solar\STM 32\STM32 projects\firmware_v3\components\tel\Core\Src\usart.c
2025-02-01 14:46:55,339 [INFO] CodeEngine:255 - oldGeneratedFile, C:\Users\mridu\OneDrive\Desktop\Mridul\UBC Solar\STM 32\STM32 projects\firmware_v3\components\tel\Core\Inc\usart.h_save
2025-02-01 14:46:55,410 [INFO] CodeEngine:279 - Generated code: C:\Users\mridu\OneDrive\Desktop\Mridul\UBC Solar\STM 32\STM32 projects\firmware_v3\components\tel\Core\Inc\usart.h
2025-02-01 14:46:55,442 [INFO] CodeEngine:255 - oldGeneratedFile, C:\Users\mridu\OneDrive\Desktop\Mridul\UBC Solar\STM 32\STM32 projects\firmware_v3\components\tel\Core\Src\stm32f1xx_it.c_save
2025-02-01 14:46:55,627 [INFO] CodeEngine:279 - Generated code: C:\Users\mridu\OneDrive\Desktop\Mridul\UBC Solar\STM 32\STM32 projects\firmware_v3\components\tel\Core\Src\stm32f1xx_it.c
2025-02-01 14:46:55,644 [INFO] CodeEngine:255 - oldGeneratedFile, C:\Users\mridu\OneDrive\Desktop\Mridul\UBC Solar\STM 32\STM32 projects\firmware_v3\components\tel\Core\Inc\stm32f1xx_it.h_save
2025-02-01 14:46:55,740 [INFO] CodeEngine:279 - Generated code: C:\Users\mridu\OneDrive\Desktop\Mridul\UBC Solar\STM 32\STM32 projects\firmware_v3\components\tel\Core\Inc\stm32f1xx_it.h
2025-02-01 14:46:55,791 [INFO] CodeEngine:255 - oldGeneratedFile, C:\Users\mridu\OneDrive\Desktop\Mridul\UBC Solar\STM 32\STM32 projects\firmware_v3\components\tel\Core\Src\stm32f1xx_hal_msp.c_save
2025-02-01 14:46:55,903 [INFO] CodeEngine:279 - Generated code: C:\Users\mridu\OneDrive\Desktop\Mridul\UBC Solar\STM 32\STM32 projects\firmware_v3\components\tel\Core\Src\stm32f1xx_hal_msp.c
2025-02-01 14:46:55,908 [INFO] CodeEngine:255 - oldGeneratedFile, C:\Users\mridu\OneDrive\Desktop\Mridul\UBC Solar\STM 32\STM32 projects\firmware_v3\components\tel\MXTmpFiles\system.tmp_save
2025-02-01 14:46:55,969 [INFO] CodeEngine:279 - Generated code: C:\Users\mridu\OneDrive\Desktop\Mridul\UBC Solar\STM 32\STM32 projects\firmware_v3\components\tel\MXTmpFiles\system.tmp
2025-02-01 14:46:55,986 [INFO] CodeEngine:255 - oldGeneratedFile, C:\Users\mridu\OneDrive\Desktop\Mridul\UBC Solar\STM 32\STM32 projects\firmware_v3\components\tel\Core\Src\stm32f1xx_hal_timebase_tim.c_save
2025-02-01 14:46:56,078 [INFO] CodeEngine:279 - Generated code: C:\Users\mridu\OneDrive\Desktop\Mridul\UBC Solar\STM 32\STM32 projects\firmware_v3\components\tel\Core\Src\stm32f1xx_hal_timebase_tim.c
2025-02-01 14:46:56,106 [INFO] CodeEngine:311 - oldGeneratedFile, C:\Users\mridu\OneDrive\Desktop\Mridul\UBC Solar\STM 32\STM32 projects\firmware_v3\components\tel\Core\Inc\stm32f1xx_hal_conf.h_save
2025-02-01 14:46:56,206 [INFO] CodeEngine:335 - Generated code: C:\Users\mridu\OneDrive\Desktop\Mridul\UBC Solar\STM 32\STM32 projects\firmware_v3\components\tel\Core\Inc\stm32f1xx_hal_conf.h
2025-02-01 14:46:56,287 [INFO] CodeEngine:255 - oldGeneratedFile, C:\Users\mridu\OneDrive\Desktop\Mridul\UBC Solar\STM 32\STM32 projects\firmware_v3\components\tel\Core\Inc\main.h_save
2025-02-01 14:46:56,380 [INFO] CodeEngine:279 - Generated code: C:\Users\mridu\OneDrive\Desktop\Mridul\UBC Solar\STM 32\STM32 projects\firmware_v3\components\tel\Core\Inc\main.h
2025-02-01 14:46:56,405 [INFO] CodeEngine:255 - oldGeneratedFile, C:\Users\mridu\OneDrive\Desktop\Mridul\UBC Solar\STM 32\STM32 projects\firmware_v3\components\tel\Core\Src\main.c_save
2025-02-01 14:46:56,494 [INFO] CodeEngine:279 - Generated code: C:\Users\mridu\OneDrive\Desktop\Mridul\UBC Solar\STM 32\STM32 projects\firmware_v3\components\tel\Core\Src\main.c
2025-02-01 14:46:57,141 [INFO] ProjectBuilder:3249 - Time for Copy HAL[1] : 398mS.
2025-02-01 14:46:57,146 [INFO] ProjectBuilder:4828 - Project Generator version: 4.5.0-B34
2025-02-01 14:46:57,203 [INFO] ConfigFileManager:1531 - The Die is : DIE414
2025-02-01 14:47:04,421 [INFO] ProjectBuilder:5097 - Time for Generating toolchain IDE Files: 7274mS.
2025-02-01 14:47:04,422 [INFO] ProjectBuilder:3107 - Time for Copy CMSIS : 1mS.
2025-02-01 14:47:04,436 [INFO] ProjectBuilder:3107 - Time for Copy CMSIS : 0mS.
2025-02-01 14:58:37,703 [INFO] MainUpdater:2873 - connection check result : 10
2025-02-01 14:58:37,703 [INFO] MainUpdater:2873 - connection check result : 10
2025-02-01 14:58:37,907 [INFO] MicroXplorer:468 - Change Database Path : 
2025-02-01 14:58:37,907 [INFO] MicroXplorer:498 - Change Database Version : DB.6.0.121
2025-02-01 14:58:37,927 [ERROR] ProjectManagerView:394 - 
java.lang.NullPointerException: Cannot invoke "javax.swing.JTextField.getText()" because the return value of "java.util.List.get(int)" is null
	at com.st.microxplorer.plugins.projectmanager.gui.ProjectChoiceTab$10.caretUpdate(ProjectChoiceTab.java:2622) ~[filemanager.jar:?]
	at javax.swing.text.JTextComponent.fireCaretUpdate(JTextComponent.java:412) ~[?:?]
	at javax.swing.text.JTextComponent$MutableCaretEvent.fire(JTextComponent.java:4491) ~[?:?]
	at javax.swing.text.JTextComponent$MutableCaretEvent.stateChanged(JTextComponent.java:4513) ~[?:?]
	at javax.swing.text.DefaultCaret.fireStateChanged(DefaultCaret.java:842) ~[?:?]
	at javax.swing.text.DefaultCaret.changeCaretPosition(DefaultCaret.java:1313) ~[?:?]
	at javax.swing.text.DefaultCaret.handleSetDot(DefaultCaret.java:1212) ~[?:?]
	at javax.swing.text.DefaultCaret.setDot(DefaultCaret.java:1193) ~[?:?]
	at javax.swing.text.DefaultCaret$Handler.insertUpdate(DefaultCaret.java:1789) ~[?:?]
	at javax.swing.text.AbstractDocument.fireInsertUpdate(AbstractDocument.java:226) ~[?:?]
	at javax.swing.text.AbstractDocument.handleInsertString(AbstractDocument.java:780) ~[?:?]
	at javax.swing.text.AbstractDocument.insertString(AbstractDocument.java:739) ~[?:?]
	at javax.swing.text.PlainDocument.insertString(PlainDocument.java:131) ~[?:?]
	at javax.swing.text.AbstractDocument.replace(AbstractDocument.java:698) ~[?:?]
	at javax.swing.text.JTextComponent.setText(JTextComponent.java:1729) ~[?:?]
	at com.st.microxplorer.plugins.projectmanager.gui.ProjectChoiceTab.createHeapStackFields(ProjectChoiceTab.java:972) ~[filemanager.jar:?]
	at com.st.microxplorer.plugins.projectmanager.gui.ProjectChoiceTab.buildLinkSettingsPanel(ProjectChoiceTab.java:3597) ~[filemanager.jar:?]
	at com.st.microxplorer.plugins.projectmanager.gui.ProjectChoiceTab.defineWindowsFields(ProjectChoiceTab.java:1940) ~[filemanager.jar:?]
	at com.st.microxplorer.plugins.projectmanager.gui.ProjectChoiceTab.updateSettings(ProjectChoiceTab.java:550) ~[filemanager.jar:?]
	at com.st.microxplorer.plugins.projectmanager.gui.ProjectSettingsPanel.UpdateDialog(ProjectSettingsPanel.java:245) ~[filemanager.jar:?]
	at com.st.microxplorer.plugins.projectmanager.ProjectManagerView.propertyChange(ProjectManagerView.java:391) ~[filemanager.jar:?]
	at java.beans.PropertyChangeSupport.fire(PropertyChangeSupport.java:343) ~[?:?]
	at java.beans.PropertyChangeSupport.firePropertyChange(PropertyChangeSupport.java:335) ~[?:?]
	at java.beans.PropertyChangeSupport.firePropertyChange(PropertyChangeSupport.java:268) ~[?:?]
	at com.st.microxplorer.util.MXPropertyChangeSupport.firePropertyChange(MXPropertyChangeSupport.java:54) ~[STM32CubeMX.jar:?]
	at com.st.microxplorer.mxsystem.MxSystem.closeConfig(MxSystem.java:900) ~[STM32CubeMX.jar:?]
	at com.st.microxplorer.maingui.MainPanel.closeConfig(MainPanel.java:781) ~[STM32CubeMX.jar:?]
	at com.st.microxplorer.plugins.filemanager.engine.OpenFileManager.loadConfigurationFile(OpenFileManager.java:265) ~[filemanager.jar:?]
	at com.st.microxplorer.plugins.filemanager.engine.MainFileManager.userLoadConfig(MainFileManager.java:352) ~[filemanager.jar:?]
	at com.st.microxplorer.plugins.filemanager.engine.MainFileManager.userLoadConfig(MainFileManager.java:330) ~[filemanager.jar:?]
	at com.st.microxplorer.plugins.filemanager.FileManagerView.getSpecificTask(FileManagerView.java:246) ~[filemanager.jar:?]
	at com.st.stm32cube.common.mx.editor.CubeMxEditor.getMxTabbedPaneInstance(CubeMxEditor.java:1198) ~[com.st.stm32cube.common.mx_6.12.1.202409122256/:?]
	at com.st.stm32cube.common.mx.editor.CubeMxEditor$12$1.createSwingComponent(CubeMxEditor.java:1068) ~[com.st.stm32cube.common.mx_6.12.1.202409122256/:?]
	at com.st.stm32cube.common.mx.oss.core.awtswtbridge.EmbeddedSwingComposite.doComponentCreation(EmbeddedSwingComposite.java:492) ~[com.st.stm32cube.common.mx.oss_6.12.1.202409122256/:?]
	at com.st.stm32cube.common.mx.oss.core.awtswtbridge.EmbeddedSwingComposite$4.run(EmbeddedSwingComposite.java:291) ~[com.st.stm32cube.common.mx.oss_6.12.1.202409122256/:?]
	at com.st.stm32cube.common.mx.oss.core.awtswtbridge.AwtEnvironment$2.run(AwtEnvironment.java:166) ~[com.st.stm32cube.common.mx.oss_6.12.1.202409122256/:?]
	at java.awt.event.InvocationEvent.dispatch(InvocationEvent.java:318) ~[?:?]
	at java.awt.EventQueue.dispatchEventImpl(EventQueue.java:773) ~[?:?]
	at java.awt.EventQueue$4.run(EventQueue.java:720) ~[?:?]
	at java.awt.EventQueue$4.run(EventQueue.java:714) ~[?:?]
	at java.security.AccessController.doPrivileged(AccessController.java:399) ~[?:?]
	at java.security.ProtectionDomain$JavaSecurityAccessImpl.doIntersectionPrivilege(ProtectionDomain.java:86) ~[?:?]
	at java.awt.EventQueue.dispatchEvent(EventQueue.java:742) ~[?:?]
	at java.awt.EventDispatchThread.pumpOneEventForFilters(EventDispatchThread.java:203) ~[?:?]
	at java.awt.EventDispatchThread.pumpEventsForFilter(EventDispatchThread.java:124) ~[?:?]
	at java.awt.EventDispatchThread.pumpEventsForHierarchy(EventDispatchThread.java:113) ~[?:?]
	at java.awt.EventDispatchThread.pumpEvents(EventDispatchThread.java:109) ~[?:?]
	at java.awt.EventDispatchThread.pumpEvents(EventDispatchThread.java:101) ~[?:?]
	at java.awt.EventDispatchThread.run(EventDispatchThread.java:90) ~[?:?]
2025-02-01 14:58:37,941 [WARN] ThirdParty:871 - waiting for thirdparty lock release [close project]
2025-02-01 14:58:37,941 [INFO] ThirdParty:873 - entering critical section [close project]
2025-02-01 14:58:37,941 [INFO] ThirdParty:883 - exiting critical section [close project]
2025-02-01 14:58:37,943 [INFO] PinOutPanel:1561 - setPackage(No Configuration,No Configuration)
2025-02-01 14:58:37,953 [INFO] UtilMem:75 - Begin LoadConfig() Used Memory: 823098280 Bytes (1073741824)
2025-02-01 14:58:37,954 [INFO] MicroXplorer:468 - Change Database Path : 
2025-02-01 14:58:37,954 [INFO] MicroXplorer:498 - Change Database Version : DB.6.0.121
2025-02-01 14:58:37,955 [INFO] OpenFileManager:332 - Change cursor
2025-02-01 14:58:37,973 [INFO] RulesReader:64 - Compatibility file has been processed (297 Rules)
2025-02-01 14:58:37,990 [INFO] Mcu:2032 - Initializing MCU STM32F103R(C-D-E)Tx STM32F103RCTx STM32F103RCT6
2025-02-01 14:58:39,080 [INFO] Context:742 - Trying to add GPIOservice into a context  which must be forbidden
2025-02-01 14:58:39,434 [INFO] RtosManager:555 - Registered RTOS mode: class=CMSIS, group=RTOS, mode=CMSIS_V1, owner=FREERTOS
2025-02-01 14:58:39,434 [INFO] RtosManager:555 - Registered RTOS mode: class=CMSIS, group=RTOS2, mode=CMSIS_V2, owner=FREERTOS
2025-02-01 14:58:39,434 [INFO] RtosManager:555 - Registered RTOS mode: class=RTOS, group=Core, mode=CMSIS_V1, owner=FREERTOS
2025-02-01 14:58:39,434 [INFO] RtosManager:555 - Registered RTOS mode: class=RTOS, group=Core, mode=CMSIS_V2, owner=FREERTOS
2025-02-01 14:58:39,434 [WARN] ModelIntegratedComponent:184 - Missing modes for component STMicroelectronics:FreeRTOS:0.0.1:STMicroelectronics:RTOS:FreeRTOS:Core:::10.2.0:
2025-02-01 14:58:39,438 [WARN] ModelIntegratedComponent:63 - No mode defined for component null
2025-02-01 14:58:39,439 [WARN] ModelIntegratedComponent:63 - No mode defined for component null
2025-02-01 14:58:39,439 [WARN] ModelIntegratedComponent:63 - No mode defined for component null
2025-02-01 14:58:39,439 [WARN] ModelIntegratedComponent:63 - No mode defined for component null
2025-02-01 14:58:39,439 [WARN] ModelIntegratedComponent:63 - No mode defined for component null
2025-02-01 14:58:39,439 [WARN] ModelIntegratedComponent:63 - No mode defined for component null
2025-02-01 14:58:39,439 [WARN] ModelIntegratedComponent:63 - No mode defined for component null
2025-02-01 14:58:39,439 [WARN] ModelIntegratedComponent:63 - No mode defined for component null
2025-02-01 14:58:39,439 [WARN] ModelIntegratedComponent:63 - No mode defined for component null
2025-02-01 14:58:39,439 [WARN] ModelIntegratedComponent:63 - No mode defined for component null
2025-02-01 14:58:39,439 [WARN] ModelIntegratedComponent:63 - No mode defined for component null
2025-02-01 14:58:39,439 [WARN] ModelIntegratedComponent:63 - No mode defined for component null
2025-02-01 14:58:39,439 [WARN] ModelIntegratedComponent:63 - No mode defined for component null
2025-02-01 14:58:39,439 [WARN] ModelIntegratedComponent:63 - No mode defined for component null
2025-02-01 14:58:39,439 [WARN] ModelIntegratedComponent:63 - No mode defined for component null
2025-02-01 14:58:39,439 [WARN] ModelIntegratedComponent:63 - No mode defined for component null
2025-02-01 14:58:39,439 [WARN] ModelIntegratedComponent:63 - No mode defined for component null
2025-02-01 14:58:39,439 [WARN] ModelIntegratedComponent:63 - No mode defined for component null
2025-02-01 14:58:39,439 [WARN] ModelIntegratedComponent:63 - No mode defined for component null
2025-02-01 14:58:39,439 [WARN] ModelIntegratedComponent:63 - No mode defined for component null
2025-02-01 14:58:39,439 [WARN] ModelIntegratedComponent:63 - No mode defined for component null
2025-02-01 14:58:39,439 [WARN] ModelIntegratedComponent:63 - No mode defined for component null
2025-02-01 14:58:39,439 [WARN] ModelIntegratedComponent:63 - No mode defined for component null
2025-02-01 14:58:39,439 [WARN] ModelIntegratedComponent:63 - No mode defined for component null
2025-02-01 14:58:39,439 [WARN] ModelIntegratedComponent:63 - No mode defined for component null
2025-02-01 14:58:39,439 [WARN] ModelIntegratedComponent:63 - No mode defined for component null
2025-02-01 14:58:39,439 [WARN] ModelIntegratedComponent:63 - No mode defined for component null
2025-02-01 14:58:39,439 [WARN] ModelIntegratedComponent:63 - No mode defined for component null
2025-02-01 14:58:39,439 [WARN] ModelIntegratedComponent:63 - No mode defined for component null
2025-02-01 14:58:39,439 [WARN] ModelIntegratedComponent:63 - No mode defined for component null
2025-02-01 14:58:39,439 [WARN] ModelIntegratedComponent:63 - No mode defined for component null
2025-02-01 14:58:39,439 [WARN] ModelIntegratedComponent:63 - No mode defined for component null
2025-02-01 14:58:39,439 [WARN] ModelIntegratedComponent:63 - No mode defined for component null
2025-02-01 14:58:39,439 [WARN] ModelIntegratedComponent:63 - No mode defined for component null
2025-02-01 14:58:39,439 [WARN] ModelIntegratedComponent:63 - No mode defined for component null
2025-02-01 14:58:39,439 [WARN] ModelPack:524 - Component already loaded: STMicroelectronics:HAL Drivers:0.0.0:STMicroelectronics:Device:STMicro_Driver:XSPI:HAL::0.0.1:HAL_XSPI
2025-02-01 14:58:39,488 [INFO] ThirdPartyModel:298 - Start build external matchings
2025-02-01 14:58:39,808 [INFO] ThirdPartyModel:316 - End build external matchings
2025-02-01 14:58:39,816 [INFO] RtosManager:919 - Current active RTOS is FREERTOS [Cortex-M3NS]
2025-02-01 14:58:39,819 [INFO] ImportTextPane:205 - (OptionalMessage_ERROR) IP (DMA) : Parameter (Instance) has Id (USART1_TX) currently not set
2025-02-01 14:58:39,819 [INFO] ImportTextPane:205 - (OptionalMessage_ERROR) IP (DMA) : Parameter (Direction) has Id (USART1_TX) currently not set
2025-02-01 14:58:39,819 [INFO] ImportTextPane:205 - (OptionalMessage_ERROR) IP (DMA) : Parameter (PeriphInc) has Id (USART1_TX) currently not set
2025-02-01 14:58:39,819 [INFO] ImportTextPane:205 - (OptionalMessage_ERROR) IP (DMA) : Parameter (MemInc) has Id (USART1_TX) currently not set
2025-02-01 14:58:39,819 [INFO] ImportTextPane:205 - (OptionalMessage_ERROR) IP (DMA) : Parameter (PeriphDataAlignment) has Id (USART1_TX) currently not set
2025-02-01 14:58:39,819 [INFO] ImportTextPane:205 - (OptionalMessage_ERROR) IP (DMA) : Parameter (MemDataAlignment) has Id (USART1_TX) currently not set
2025-02-01 14:58:39,819 [INFO] ImportTextPane:205 - (OptionalMessage_ERROR) IP (DMA) : Parameter (Mode) has Id (USART1_TX) currently not set
2025-02-01 14:58:39,819 [INFO] ImportTextPane:205 - (OptionalMessage_ERROR) IP (DMA) : Parameter (Priority) has Id (USART1_TX) currently not set
2025-02-01 14:58:39,821 [INFO] ImportTextPane:205 - (OptionalMessage_ERROR) IP (RCC) : Parameter (ADCFreqValue) has invalid value (36000000)
2025-02-01 14:58:39,821 [INFO] ImportTextPane:205 - (OptionalMessage_ERROR) IP (RCC) : Invalid parameter (FamilyName)
2025-02-01 14:58:39,821 [INFO] ImportTextPane:205 - (OptionalMessage_ERROR) IP (RCC) : Parameter (MCOFreq_Value) has invalid value (72000000)
2025-02-01 14:58:39,821 [INFO] ImportTextPane:205 - (OptionalMessage_ERROR) IP (RCC) : Parameter (USBFreq_Value) has invalid value (72000000)
2025-02-01 14:58:40,188 [INFO] UtilMem:75 - End LoadConfig() Used Memory: 743495096 Bytes (1073741824)
2025-02-01 14:58:40,283 [WARN] ThirdParty:833 - waiting for thirdparty lock release [change project]
2025-02-01 14:58:40,283 [INFO] ThirdParty:835 - entering critical section [change project]
2025-02-01 14:58:40,283 [INFO] ThirdParty:1030 - CMSIS Pack Vendor :STMicroelectronics USBPD 4.1
2025-02-01 14:58:40,283 [INFO] ThirdParty:1030 - CMSIS Pack Vendor :STMicroelectronics X-CUBE-AZRTOS-H7 3.3.0
2025-02-01 14:58:40,283 [INFO] ThirdParty:1030 - CMSIS Pack Vendor :STMicroelectronics USB_HOST 2.0.0
2025-02-01 14:58:40,283 [INFO] ThirdParty:1030 - CMSIS Pack Vendor :STMicroelectronics FP-SNS-MOTENVWB1 1.4.0
2025-02-01 14:58:40,283 [INFO] ThirdParty:1030 - CMSIS Pack Vendor :STMicroelectronics X-CUBE-AZRTOS-F4 1.1.0
2025-02-01 14:58:40,283 [INFO] ThirdParty:1030 - CMSIS Pack Vendor :STMicroelectronics LIBJPEG 8.0.0
2025-02-01 14:58:40,283 [INFO] ThirdParty:1030 - CMSIS Pack Vendor :STMicroelectronics FP-ATR-ASTRA1 2.0.1
2025-02-01 14:58:40,283 [INFO] ThirdParty:1030 - CMSIS Pack Vendor :STMicroelectronics X-CUBE-SMBUS 2.1.0
2025-02-01 14:58:40,283 [INFO] ThirdParty:1030 - CMSIS Pack Vendor :STMicroelectronics X-CUBE-WB05N 1.1.0
2025-02-01 14:58:40,283 [INFO] ThirdParty:1030 - CMSIS Pack Vendor :STMicroelectronics USB_DEVICE 3.0.0
2025-02-01 14:58:40,283 [INFO] ThirdParty:1030 - CMSIS Pack Vendor :STMicroelectronics X-CUBE-TCPP 4.1.0
2025-02-01 14:58:40,283 [INFO] ThirdParty:1030 - CMSIS Pack Vendor :STMicroelectronics X-CUBE-FREERTOS 1.2.0
2025-02-01 14:58:40,283 [INFO] ThirdParty:1030 - CMSIS Pack Vendor :STMicroelectronics X-CUBE-IPS 3.0.0
2025-02-01 14:58:40,283 [INFO] ThirdParty:1030 - CMSIS Pack Vendor :STMicroelectronics X-CUBE-AZRTOS-WB 2.0.0
2025-02-01 14:58:40,283 [INFO] ThirdParty:1030 - CMSIS Pack Vendor :STMicroelectronics X-CUBE-GNSS1 7.0.0
2025-02-01 14:58:40,283 [INFO] ThirdParty:1030 - CMSIS Pack Vendor :STMicroelectronics X-CUBE-GNSS1 7.0.1
2025-02-01 14:58:40,283 [INFO] ThirdParty:1030 - CMSIS Pack Vendor :STMicroelectronics X-CUBE-AZRTOS-F7 1.1.0
2025-02-01 14:58:40,283 [INFO] ThirdParty:1030 - CMSIS Pack Vendor :STMicroelectronics X-CUBE-AZRTOS-L5 2.0.0
2025-02-01 14:58:40,283 [INFO] ThirdParty:1030 - CMSIS Pack Vendor :STMicroelectronics USB_DEVICE 2.0.0
2025-02-01 14:58:40,283 [INFO] ThirdParty:1030 - CMSIS Pack Vendor :STMicroelectronics X-CUBE-NFC6 3.1.0
2025-02-01 14:58:40,283 [INFO] ThirdParty:1030 - CMSIS Pack Vendor :STMicroelectronics X-CUBE-MEMS1 11.0.0
2025-02-01 14:58:40,283 [INFO] ThirdParty:1030 - CMSIS Pack Vendor :STMicroelectronics FreeRTOS 0.0.1
2025-02-01 14:58:40,283 [INFO] ThirdParty:1030 - CMSIS Pack Vendor :STMicroelectronics X-CUBE-AZRTOS-G0 1.1.0
2025-02-01 14:58:40,283 [INFO] ThirdParty:1030 - CMSIS Pack Vendor :STMicroelectronics X-CUBE-SAFEA1 1.2.2
2025-02-01 14:58:40,283 [INFO] ThirdParty:1030 - CMSIS Pack Vendor :STMicroelectronics X-CUBE-NFC4 3.0.0
2025-02-01 14:58:40,283 [INFO] ThirdParty:1030 - CMSIS Pack Vendor :STMicroelectronics X-CUBE-SUBG2 5.0.0
2025-02-01 14:58:40,283 [INFO] ThirdParty:1030 - CMSIS Pack Vendor :STMicroelectronics STM32_WPAN 1.0.0
2025-02-01 14:58:40,283 [INFO] ThirdParty:1030 - CMSIS Pack Vendor :EmbeddedOffice I-CUBE-FS-RTOS 1.0.1
2025-02-01 14:58:40,283 [INFO] ThirdParty:1030 - CMSIS Pack Vendor :STMicroelectronics lwIP 2.0.3
2025-02-01 14:58:40,283 [INFO] ThirdParty:1030 - CMSIS Pack Vendor :STMicroelectronics FP-SNS-FLIGHT1 5.0.2
2025-02-01 14:58:40,283 [INFO] ThirdParty:1030 - CMSIS Pack Vendor :Cesanta I-CUBE-Mongoose 7.13.0
2025-02-01 14:58:40,283 [INFO] ThirdParty:1030 - CMSIS Pack Vendor :STMicroelectronics USB_HOST 1.0.0
2025-02-01 14:58:40,283 [INFO] ThirdParty:1030 - CMSIS Pack Vendor :STMicroelectronics X-CUBE-AZRTOS-G4 2.0.0
2025-02-01 14:58:40,284 [INFO] ThirdParty:1030 - CMSIS Pack Vendor :STMicroelectronics PDM2PCM 3.1.0
2025-02-01 14:58:40,284 [INFO] ThirdParty:1030 - CMSIS Pack Vendor :STMicroelectronics PDM2PCM 3.3.0
2025-02-01 14:58:40,284 [INFO] ThirdParty:1030 - CMSIS Pack Vendor :STMicroelectronics X-CUBE-DISPLAY 3.0.0
2025-02-01 14:58:40,284 [INFO] ThirdParty:1030 - CMSIS Pack Vendor :RealThread X-CUBE-RT-Thread_Nano 4.1.1
2025-02-01 14:58:40,284 [INFO] ThirdParty:1030 - CMSIS Pack Vendor :STMicroelectronics X-CUBE-BLE1 7.0.0
2025-02-01 14:58:40,284 [INFO] ThirdParty:1030 - CMSIS Pack Vendor :STMicroelectronics FP-ATR-SIGFOX1 3.2.0
2025-02-01 14:58:40,284 [INFO] ThirdParty:1030 - CMSIS Pack Vendor :quantropi X-CUBE-qispace-sdk-base 1.9.3
2025-02-01 14:58:40,284 [INFO] ThirdParty:1030 - CMSIS Pack Vendor :STMicroelectronics X-CUBE-BLEMGR 4.0.0
2025-02-01 14:58:40,284 [INFO] ThirdParty:1030 - CMSIS Pack Vendor :STMicroelectronics X-CUBE-EEPRMA1 5.1.0
2025-02-01 14:58:40,284 [INFO] ThirdParty:1030 - CMSIS Pack Vendor :STMicroelectronics HAL Drivers 0.0.0
2025-02-01 14:58:40,284 [INFO] ThirdParty:1030 - CMSIS Pack Vendor :STMicroelectronics MBEDTLS 2.16.2
2025-02-01 14:58:40,284 [INFO] ThirdParty:1030 - CMSIS Pack Vendor :STMicroelectronics X-CUBE-ALS 1.0.2
2025-02-01 14:58:40,284 [INFO] ThirdParty:1030 - CMSIS Pack Vendor :emotas I-CUBE-CANOPEN 1.3.0
2025-02-01 14:58:40,284 [INFO] ThirdParty:1030 - CMSIS Pack Vendor :STMicroelectronics X-CUBE-FREERTOS 1.3.0
2025-02-01 14:58:40,284 [INFO] ThirdParty:1030 - CMSIS Pack Vendor :wolfSSL I-CUBE-wolfSSL 5.7.4
2025-02-01 14:58:40,284 [INFO] ThirdParty:1030 - CMSIS Pack Vendor :STMicroelectronics X-CUBE-NFC7 1.0.1
2025-02-01 14:58:40,284 [INFO] ThirdParty:1030 - CMSIS Pack Vendor :STMicroelectronics MBEDTLS 2.14.1
2025-02-01 14:58:40,284 [INFO] ThirdParty:1030 - CMSIS Pack Vendor :ITTIA_DB I-CUBE-ITTIADB 8.9.0
2025-02-01 14:58:40,284 [INFO] ThirdParty:1030 - CMSIS Pack Vendor :STMicroelectronics X-CUBE-TOUCHGFX 4.24.2
2025-02-01 14:58:40,284 [INFO] ThirdParty:1030 - CMSIS Pack Vendor :STMicroelectronics X-CUBE-TOUCHGFX 4.24.1
2025-02-01 14:58:40,284 [INFO] ThirdParty:1030 - CMSIS Pack Vendor :wolfSSL I-CUBE-wolfTPM 3.4.0
2025-02-01 14:58:40,284 [INFO] ThirdParty:1030 - CMSIS Pack Vendor :portGmbH I-Cube-SoM-uGOAL 1.1.0
2025-02-01 14:58:40,284 [INFO] ThirdParty:1030 - CMSIS Pack Vendor :STMicroelectronics X-CUBE-BLEMGR 3.1.0
2025-02-01 14:58:40,284 [INFO] ThirdParty:1030 - CMSIS Pack Vendor :STMicroelectronics X-CUBE-AI 10.0.0
2025-02-01 14:58:40,284 [INFO] ThirdParty:1030 - CMSIS Pack Vendor :STMicroelectronics ThreadX 1.0.0
2025-02-01 14:58:40,284 [INFO] ThirdParty:1030 - CMSIS Pack Vendor :STMicroelectronics FP-SNS-SMARTAG2 1.2.0
2025-02-01 14:58:40,284 [INFO] ThirdParty:1030 - CMSIS Pack Vendor :STMicroelectronics X-CUBE-MEMS1 11.1.0
2025-02-01 14:58:40,284 [INFO] ThirdParty:1030 - CMSIS Pack Vendor :STMicroelectronics X-CUBE-AZRTOS-WL 2.0.0
2025-02-01 14:58:40,284 [INFO] ThirdParty:1030 - CMSIS Pack Vendor :SEGGER I-CUBE-embOS 1.3.1
2025-02-01 14:58:40,284 [INFO] ThirdParty:1030 - CMSIS Pack Vendor :STMicroelectronics X-CUBE-ALGOBUILD 1.4.0
2025-02-01 14:58:40,284 [INFO] ThirdParty:1030 - CMSIS Pack Vendor :STMicroelectronics FP-SNS-MOTENV1 5.0.0
2025-02-01 14:58:40,284 [INFO] ThirdParty:1030 - CMSIS Pack Vendor :STMicroelectronics USB_DEVICE 1.0.0
2025-02-01 14:58:40,284 [INFO] ThirdParty:1030 - CMSIS Pack Vendor :STMicroelectronics X-CUBE-AZRTOS-H7RS 1.0.0
2025-02-01 14:58:40,284 [INFO] ThirdParty:1030 - CMSIS Pack Vendor :wolfSSL I-CUBE-wolfMQTT 1.19.0
2025-02-01 14:58:40,284 [INFO] ThirdParty:1030 - CMSIS Pack Vendor :STMicroelectronics X-CUBE-AZRTOS-L4 2.0.0
2025-02-01 14:58:40,284 [INFO] ThirdParty:1030 - CMSIS Pack Vendor :STMicroelectronics ThreadX 0.0.2
2025-02-01 14:58:40,284 [INFO] ThirdParty:1030 - CMSIS Pack Vendor :WES I-CUBE-Cesium 1.3.0
2025-02-01 14:58:40,284 [INFO] ThirdParty:1030 - CMSIS Pack Vendor :STMicroelectronics FP-ATR-ASTRA1 2.0.0
2025-02-01 14:58:40,284 [INFO] ThirdParty:1030 - CMSIS Pack Vendor :STMicroelectronics lwIP 2.1.2
2025-02-01 14:58:40,284 [INFO] ThirdParty:1030 - CMSIS Pack Vendor :STMicroelectronics X-CUBE-SFXS2LP1 4.0.0
2025-02-01 14:58:40,284 [INFO] ThirdParty:1030 - CMSIS Pack Vendor :STMicroelectronics X-CUBE-BLE2 3.3.0
2025-02-01 14:58:40,284 [INFO] ThirdParty:1030 - CMSIS Pack Vendor :Infineon AIROC-Wi-Fi-Bluetooth-STM32 1.6.1
2025-02-01 14:58:40,284 [INFO] ThirdParty:1030 - CMSIS Pack Vendor :STMicroelectronics PDM2PCM 3.2.0
2025-02-01 14:58:40,284 [INFO] ThirdParty:1030 - CMSIS Pack Vendor :wolfSSL I-CUBE-wolfSSH 1.4.17
2025-02-01 14:58:40,284 [INFO] ThirdParty:841 - exiting critical section [change project]
2025-02-01 14:58:40,417 [INFO] PinOutPanel:1561 - setPackage(No Configuration,No Configuration)
2025-02-01 14:58:40,418 [INFO] PinOutPanel:1561 - setPackage(STM32F103RCTx,LQFP64)
2025-02-01 14:58:40,706 [INFO] UtilMem:75 - Before build in PCC Used Memory: 765006264 Bytes (1073741824)
2025-02-01 14:58:41,118 [INFO] UtilMem:75 - After build in PCC Used Memory: 807604528 Bytes (1073741824)
2025-02-01 14:58:41,139 [INFO] ApiDbMcu:508 - Load IP Config File for FREERTOS
2025-02-01 14:58:41,161 [INFO] IPUIPlugin:80 - create IPUIPlugin
2025-02-01 14:58:41,162 [INFO] IPUIPlugin:80 - create IPUIPlugin
2025-02-01 14:58:41,162 [INFO] IPUIPlugin:80 - create IPUIPlugin
2025-02-01 14:58:41,162 [INFO] IPUIPlugin:80 - create IPUIPlugin
2025-02-01 14:58:41,162 [INFO] IPUIPlugin:80 - create IPUIPlugin
2025-02-01 14:58:41,162 [INFO] IPUIPlugin:80 - create IPUIPlugin
2025-02-01 14:58:41,162 [INFO] IPUIPlugin:80 - create IPUIPlugin
2025-02-01 14:58:41,162 [INFO] IPUIPlugin:80 - create IPUIPlugin
2025-02-01 14:58:41,162 [INFO] IPUIPlugin:80 - create IPUIPlugin
2025-02-01 14:58:41,163 [INFO] IPUIPlugin:80 - create IPUIPlugin
2025-02-01 14:58:41,163 [INFO] IPUIPlugin:80 - create IPUIPlugin
2025-02-01 14:58:41,163 [INFO] IPUIPlugin:80 - create IPUIPlugin
2025-02-01 14:58:41,164 [INFO] IPUIPlugin:80 - create IPUIPlugin
2025-02-01 14:58:41,164 [INFO] IPUIPlugin:80 - create IPUIPlugin
2025-02-01 14:58:41,164 [INFO] IPUIPlugin:80 - create IPUIPlugin
2025-02-01 14:58:41,164 [INFO] IPUIPlugin:80 - create IPUIPlugin
2025-02-01 14:58:41,165 [INFO] IPUIPlugin:80 - create IPUIPlugin
2025-02-01 14:58:41,165 [INFO] IPUIPlugin:80 - create IPUIPlugin
2025-02-01 14:58:41,165 [INFO] IPUIPlugin:80 - create IPUIPlugin
2025-02-01 14:58:41,166 [INFO] IPUIPlugin:80 - create IPUIPlugin
2025-02-01 14:58:41,166 [INFO] IPUIPlugin:80 - create IPUIPlugin
2025-02-01 14:58:41,166 [INFO] IPUIPlugin:80 - create IPUIPlugin
2025-02-01 14:58:41,166 [INFO] IPUIPlugin:80 - create IPUIPlugin
2025-02-01 14:58:41,167 [INFO] IPUIPlugin:80 - create IPUIPlugin
2025-02-01 14:58:41,167 [INFO] IPUIPlugin:80 - create IPUIPlugin
2025-02-01 14:58:41,167 [INFO] IPUIPlugin:80 - create IPUIPlugin
2025-02-01 14:58:41,167 [INFO] IPUIPlugin:80 - create IPUIPlugin
2025-02-01 14:58:41,168 [INFO] IPUIPlugin:80 - create IPUIPlugin
2025-02-01 14:58:41,168 [INFO] IPUIPlugin:80 - create IPUIPlugin
2025-02-01 14:58:41,168 [INFO] IPUIPlugin:80 - create IPUIPlugin
2025-02-01 14:58:41,169 [INFO] IPUIPlugin:80 - create IPUIPlugin
2025-02-01 14:58:41,169 [INFO] IPUIPlugin:80 - create IPUIPlugin
2025-02-01 14:58:41,169 [INFO] IPUIPlugin:80 - create IPUIPlugin
2025-02-01 14:58:41,169 [INFO] IPUIPlugin:80 - create IPUIPlugin
2025-02-01 14:58:41,170 [INFO] IPUIPlugin:80 - create IPUIPlugin
2025-02-01 14:58:41,170 [INFO] IPUIPlugin:80 - create IPUIPlugin
2025-02-01 14:58:41,170 [INFO] IPUIPlugin:80 - create IPUIPlugin
2025-02-01 14:58:41,170 [INFO] IPUIPlugin:80 - create IPUIPlugin
2025-02-01 14:58:41,170 [INFO] IPUIPlugin:80 - create IPUIPlugin
2025-02-01 14:58:41,172 [INFO] Can:71 - Can Add PropertyChangeListener com.st.microxplorer.plugins.ip.can.Can@7b6dc43f
2025-02-01 14:58:41,178 [WARN] FreeRTOS:1023 - Null or empty value: should not occur! (nothing added to the table)
2025-02-01 14:58:41,229 [INFO] CADModel:165 - CPN selected for project levelSTM32F103RCT6
2025-02-01 14:58:41,230 [INFO] CADModel:114 - Register for checkConnection events
2025-02-01 14:58:41,232 [INFO] RtosManager:697 - Active RTOS found at IOC load: FREERTOS [Cortex-M3NS]
2025-02-01 14:58:41,322 [INFO] OpenFileManager:363 - Restore cursor
2025-02-01 14:58:51,998 [WARN] IP:2191 - I2C_Coeff_DF not found: check if there is a RefParameter without a condition.
2025-02-01 14:58:51,998 [WARN] IP:2191 - Analog_Filter not found: check if there is a RefParameter without a condition.
2025-02-01 14:58:52,016 [WARN] IP:2191 - I2C_Coeff_DF not found: check if there is a RefParameter without a condition.
2025-02-01 14:58:52,016 [WARN] IP:2191 - Analog_Filter not found: check if there is a RefParameter without a condition.
2025-02-01 14:58:52,017 [WARN] IP:2191 - I2C_Coeff_DF not found: check if there is a RefParameter without a condition.
2025-02-01 14:58:52,017 [WARN] IP:2191 - Analog_Filter not found: check if there is a RefParameter without a condition.
2025-02-01 14:58:52,101 [WARN] IP:2191 - I2C_Coeff_DF not found: check if there is a RefParameter without a condition.
2025-02-01 14:58:52,101 [WARN] IP:2191 - Analog_Filter not found: check if there is a RefParameter without a condition.
2025-02-01 14:58:52,103 [WARN] IP:2191 - I2C_Coeff_DF not found: check if there is a RefParameter without a condition.
2025-02-01 14:58:52,104 [WARN] IP:2191 - Analog_Filter not found: check if there is a RefParameter without a condition.
2025-02-01 14:58:55,483 [INFO] UtilMem:75 - End SaveConfig() Used Memory: 782333136 Bytes (1073741824)
2025-02-01 14:58:55,625 [INFO] UtilMem:75 - End SaveConfig() Used Memory: 800685264 Bytes (1073741824)
2025-02-01 14:58:56,185 [INFO] UtilMem:75 - End SaveConfig() Used Memory: 891057376 Bytes (1073741824)
2025-02-01 14:58:58,266 [INFO] BlockDiagram:2766 - set Specific Code input for plugin: RTC
2025-02-01 14:58:58,266 [INFO] BlockDiagram:2766 - set Specific Code input for plugin: NVIC
2025-02-01 14:58:58,266 [INFO] BlockDiagram:2766 - set Specific Code input for plugin: FREERTOS
2025-02-01 14:58:58,266 [INFO] BlockDiagram:2766 - set Specific Code input for plugin: USART
2025-02-01 14:58:58,266 [INFO] BlockDiagram:2766 - set Specific Code input for plugin: IWDG
2025-02-01 14:58:58,266 [INFO] BlockDiagram:2766 - set Specific Code input for plugin: DMA
2025-02-01 14:58:58,266 [INFO] BlockDiagram:2766 - set Specific Code input for plugin: TIM1_8F1
2025-02-01 14:58:58,266 [INFO] BlockDiagram:2766 - set Specific Code input for plugin: SYS
2025-02-01 14:58:58,267 [INFO] BlockDiagram:2766 - set Specific Code input for plugin: GPIO
2025-02-01 14:58:58,267 [INFO] BlockDiagram:2766 - set Specific Code input for plugin: CAN
2025-02-01 14:58:58,267 [INFO] BlockDiagram:2766 - set Specific Code input for plugin: RCC
2025-02-01 14:58:58,267 [INFO] BlockDiagram:2766 - set Specific Code input for plugin: I2C
2025-02-01 14:58:58,268 [INFO] CodeGenerator:807 - code generatio: config db path: C:\ST\STM32CubeIDE_1.16.1\STM32CubeIDE\plugins\com.st.stm32cube.common.mx_6.12.1.202409122256\\db\
2025-02-01 14:58:58,272 [WARN] IP:2191 - I2C_Coeff_DF not found: check if there is a RefParameter without a condition.
2025-02-01 14:58:58,272 [WARN] IP:2191 - Analog_Filter not found: check if there is a RefParameter without a condition.
2025-02-01 14:58:58,278 [INFO] Argument:325 - Argument : hdmavalue: null
2025-02-01 14:58:58,278 [INFO] Argument:327 - 	 sub Args: 
2025-02-01 14:58:58,278 [INFO] Argument:325 - Argument : Instancevalue: DMA1_Channel4
2025-02-01 14:58:58,278 [INFO] Argument:335 - Argument : Instancevalue: DMA1_Channel4
2025-02-01 14:58:58,278 [INFO] Argument:325 - Argument : Initvalue: null
2025-02-01 14:58:58,278 [INFO] Argument:327 - 	 sub Args: 
2025-02-01 14:58:58,278 [INFO] Argument:325 - Argument : Directionvalue: DMA_MEMORY_TO_PERIPH
2025-02-01 14:58:58,278 [INFO] Argument:335 - Argument : Directionvalue: DMA_MEMORY_TO_PERIPH
2025-02-01 14:58:58,278 [INFO] Argument:325 - Argument : PeriphIncvalue: DMA_PINC_DISABLE
2025-02-01 14:58:58,278 [INFO] Argument:335 - Argument : PeriphIncvalue: DMA_PINC_DISABLE
2025-02-01 14:58:58,278 [INFO] Argument:325 - Argument : MemIncvalue: DMA_MINC_ENABLE
2025-02-01 14:58:58,278 [INFO] Argument:335 - Argument : MemIncvalue: DMA_MINC_ENABLE
2025-02-01 14:58:58,278 [INFO] Argument:325 - Argument : PeriphDataAlignmentvalue: DMA_PDATAALIGN_BYTE
2025-02-01 14:58:58,278 [INFO] Argument:335 - Argument : PeriphDataAlignmentvalue: DMA_PDATAALIGN_BYTE
2025-02-01 14:58:58,278 [INFO] Argument:325 - Argument : MemDataAlignmentvalue: DMA_MDATAALIGN_BYTE
2025-02-01 14:58:58,278 [INFO] Argument:335 - Argument : MemDataAlignmentvalue: DMA_MDATAALIGN_BYTE
2025-02-01 14:58:58,278 [INFO] Argument:325 - Argument : Modevalue: DMA_NORMAL
2025-02-01 14:58:58,278 [INFO] Argument:335 - Argument : Modevalue: DMA_NORMAL
2025-02-01 14:58:58,278 [INFO] Argument:325 - Argument : Priorityvalue: DMA_PRIORITY_LOW
2025-02-01 14:58:58,278 [INFO] Argument:335 - Argument : Priorityvalue: DMA_PRIORITY_LOW
2025-02-01 14:58:58,279 [INFO] Argument:325 - Argument : Lockvalue: null
2025-02-01 14:58:58,279 [INFO] Argument:335 - Argument : Lockvalue: null
2025-02-01 14:58:58,279 [INFO] Argument:325 - Argument : Statevalue: null
2025-02-01 14:58:58,279 [INFO] Argument:335 - Argument : Statevalue: null
2025-02-01 14:58:58,279 [INFO] Argument:325 - Argument : Parentvalue: null
2025-02-01 14:58:58,279 [INFO] Argument:335 - Argument : Parentvalue: null
2025-02-01 14:58:58,279 [INFO] Argument:325 - Argument : XferCpltCallbackvalue: null
2025-02-01 14:58:58,279 [INFO] Argument:335 - Argument : XferCpltCallbackvalue: null
2025-02-01 14:58:58,279 [INFO] Argument:325 - Argument : XferHalfCpltCallbackvalue: null
2025-02-01 14:58:58,279 [INFO] Argument:335 - Argument : XferHalfCpltCallbackvalue: null
2025-02-01 14:58:58,279 [INFO] Argument:325 - Argument : XferErrorCallbackvalue: null
2025-02-01 14:58:58,279 [INFO] Argument:335 - Argument : XferErrorCallbackvalue: null
2025-02-01 14:58:58,279 [INFO] Argument:325 - Argument : ErrorCodevalue: null
2025-02-01 14:58:58,279 [INFO] Argument:335 - Argument : ErrorCodevalue: null
2025-02-01 14:58:58,463 [INFO] CodeEngine:255 - oldGeneratedFile, C:\Users\mridu\OneDrive\Desktop\Mridul\UBC Solar\STM 32\STM32 projects\firmware_v3\components\tel\MXTmpFiles\license.tmp_save
2025-02-01 14:58:58,694 [INFO] CodeEngine:279 - Generated code: C:\Users\mridu\OneDrive\Desktop\Mridul\UBC Solar\STM 32\STM32 projects\firmware_v3\components\tel\MXTmpFiles\license.tmp
2025-02-01 14:58:58,804 [INFO] CodeEngine:255 - oldGeneratedFile, C:\Users\mridu\OneDrive\Desktop\Mridul\UBC Solar\STM 32\STM32 projects\firmware_v3\components\tel\Core\Src\gpio.c_save
2025-02-01 14:58:58,988 [INFO] CodeEngine:279 - Generated code: C:\Users\mridu\OneDrive\Desktop\Mridul\UBC Solar\STM 32\STM32 projects\firmware_v3\components\tel\Core\Src\gpio.c
2025-02-01 14:58:58,996 [INFO] CodeEngine:255 - oldGeneratedFile, C:\Users\mridu\OneDrive\Desktop\Mridul\UBC Solar\STM 32\STM32 projects\firmware_v3\components\tel\Core\Inc\gpio.h_save
2025-02-01 14:58:59,068 [INFO] CodeEngine:279 - Generated code: C:\Users\mridu\OneDrive\Desktop\Mridul\UBC Solar\STM 32\STM32 projects\firmware_v3\components\tel\Core\Inc\gpio.h
2025-02-01 14:58:59,373 [INFO] Middleware:1439 - No code input for Bsp Dependency
2025-02-01 14:58:59,390 [INFO] CodeEngine:255 - oldGeneratedFile, C:\Users\mridu\OneDrive\Desktop\Mridul\UBC Solar\STM 32\STM32 projects\firmware_v3\components\tel\MXTmpFiles\rtos_inc.tmp_save
2025-02-01 14:58:59,486 [INFO] CodeEngine:279 - Generated code: C:\Users\mridu\OneDrive\Desktop\Mridul\UBC Solar\STM 32\STM32 projects\firmware_v3\components\tel\MXTmpFiles\rtos_inc.tmp
2025-02-01 14:58:59,502 [INFO] CodeEngine:255 - oldGeneratedFile, C:\Users\mridu\OneDrive\Desktop\Mridul\UBC Solar\STM 32\STM32 projects\firmware_v3\components\tel\MXTmpFiles\rtos_kernelInit.tmp_save
2025-02-01 14:58:59,588 [INFO] CodeEngine:279 - Generated code: C:\Users\mridu\OneDrive\Desktop\Mridul\UBC Solar\STM 32\STM32 projects\firmware_v3\components\tel\MXTmpFiles\rtos_kernelInit.tmp
2025-02-01 14:58:59,604 [INFO] CodeEngine:255 - oldGeneratedFile, C:\Users\mridu\OneDrive\Desktop\Mridul\UBC Solar\STM 32\STM32 projects\firmware_v3\components\tel\MXTmpFiles\rtos_kernelStart.tmp_save
2025-02-01 14:58:59,664 [INFO] CodeEngine:279 - Generated code: C:\Users\mridu\OneDrive\Desktop\Mridul\UBC Solar\STM 32\STM32 projects\firmware_v3\components\tel\MXTmpFiles\rtos_kernelStart.tmp
2025-02-01 14:58:59,674 [INFO] CodeEngine:255 - oldGeneratedFile, C:\Users\mridu\OneDrive\Desktop\Mridul\UBC Solar\STM 32\STM32 projects\firmware_v3\components\tel\MXTmpFiles\rtos_typedefs.tmp_save
2025-02-01 14:58:59,746 [INFO] CodeEngine:279 - Generated code: C:\Users\mridu\OneDrive\Desktop\Mridul\UBC Solar\STM 32\STM32 projects\firmware_v3\components\tel\MXTmpFiles\rtos_typedefs.tmp
2025-02-01 14:58:59,765 [INFO] CodeEngine:255 - oldGeneratedFile, C:\Users\mridu\OneDrive\Desktop\Mridul\UBC Solar\STM 32\STM32 projects\firmware_v3\components\tel\MXTmpFiles\rtos_vars.tmp_save
2025-02-01 14:58:59,850 [INFO] CodeEngine:279 - Generated code: C:\Users\mridu\OneDrive\Desktop\Mridul\UBC Solar\STM 32\STM32 projects\firmware_v3\components\tel\MXTmpFiles\rtos_vars.tmp
2025-02-01 14:58:59,867 [INFO] CodeEngine:255 - oldGeneratedFile, C:\Users\mridu\OneDrive\Desktop\Mridul\UBC Solar\STM 32\STM32 projects\firmware_v3\components\tel\MXTmpFiles\rtos_pfp.tmp_save
2025-02-01 14:58:59,931 [INFO] CodeEngine:279 - Generated code: C:\Users\mridu\OneDrive\Desktop\Mridul\UBC Solar\STM 32\STM32 projects\firmware_v3\components\tel\MXTmpFiles\rtos_pfp.tmp
2025-02-01 14:58:59,948 [INFO] CodeEngine:255 - oldGeneratedFile, C:\Users\mridu\OneDrive\Desktop\Mridul\UBC Solar\STM 32\STM32 projects\firmware_v3\components\tel\MXTmpFiles\rtos_obj_creat.tmp_save
2025-02-01 14:59:00,056 [INFO] CodeEngine:279 - Generated code: C:\Users\mridu\OneDrive\Desktop\Mridul\UBC Solar\STM 32\STM32 projects\firmware_v3\components\tel\MXTmpFiles\rtos_obj_creat.tmp
2025-02-01 14:59:00,077 [INFO] CodeEngine:255 - oldGeneratedFile, C:\Users\mridu\OneDrive\Desktop\Mridul\UBC Solar\STM 32\STM32 projects\firmware_v3\components\tel\MXTmpFiles\rtos_default_thread.tmp_save
2025-02-01 14:59:00,162 [INFO] CodeEngine:279 - Generated code: C:\Users\mridu\OneDrive\Desktop\Mridul\UBC Solar\STM 32\STM32 projects\firmware_v3\components\tel\MXTmpFiles\rtos_default_thread.tmp
2025-02-01 14:59:00,185 [INFO] CodeEngine:255 - oldGeneratedFile, C:\Users\mridu\OneDrive\Desktop\Mridul\UBC Solar\STM 32\STM32 projects\firmware_v3\components\tel\MXTmpFiles\rtos_threads.tmp_save
2025-02-01 14:59:00,273 [INFO] CodeEngine:279 - Generated code: C:\Users\mridu\OneDrive\Desktop\Mridul\UBC Solar\STM 32\STM32 projects\firmware_v3\components\tel\MXTmpFiles\rtos_threads.tmp
2025-02-01 14:59:00,288 [INFO] Middleware:1439 - No code input for Bsp Dependency
2025-02-01 14:59:00,300 [INFO] CodeEngine:255 - oldGeneratedFile, C:\Users\mridu\OneDrive\Desktop\Mridul\UBC Solar\STM 32\STM32 projects\firmware_v3\components\tel\MXTmpFiles\rtos_inc.tmp_save
2025-02-01 14:59:00,371 [INFO] CodeEngine:279 - Generated code: C:\Users\mridu\OneDrive\Desktop\Mridul\UBC Solar\STM 32\STM32 projects\firmware_v3\components\tel\MXTmpFiles\rtos_inc.tmp
2025-02-01 14:59:00,376 [INFO] CodeEngine:255 - oldGeneratedFile, C:\Users\mridu\OneDrive\Desktop\Mridul\UBC Solar\STM 32\STM32 projects\firmware_v3\components\tel\MXTmpFiles\rtos_kernelInit.tmp_save
2025-02-01 14:59:00,433 [INFO] CodeEngine:279 - Generated code: C:\Users\mridu\OneDrive\Desktop\Mridul\UBC Solar\STM 32\STM32 projects\firmware_v3\components\tel\MXTmpFiles\rtos_kernelInit.tmp
2025-02-01 14:59:00,438 [INFO] CodeEngine:255 - oldGeneratedFile, C:\Users\mridu\OneDrive\Desktop\Mridul\UBC Solar\STM 32\STM32 projects\firmware_v3\components\tel\MXTmpFiles\rtos_kernelStart.tmp_save
2025-02-01 14:59:00,488 [INFO] CodeEngine:279 - Generated code: C:\Users\mridu\OneDrive\Desktop\Mridul\UBC Solar\STM 32\STM32 projects\firmware_v3\components\tel\MXTmpFiles\rtos_kernelStart.tmp
2025-02-01 14:59:00,495 [INFO] CodeEngine:255 - oldGeneratedFile, C:\Users\mridu\OneDrive\Desktop\Mridul\UBC Solar\STM 32\STM32 projects\firmware_v3\components\tel\MXTmpFiles\rtos_typedefs.tmp_save
2025-02-01 14:59:00,554 [INFO] CodeEngine:279 - Generated code: C:\Users\mridu\OneDrive\Desktop\Mridul\UBC Solar\STM 32\STM32 projects\firmware_v3\components\tel\MXTmpFiles\rtos_typedefs.tmp
2025-02-01 14:59:00,571 [INFO] CodeEngine:255 - oldGeneratedFile, C:\Users\mridu\OneDrive\Desktop\Mridul\UBC Solar\STM 32\STM32 projects\firmware_v3\components\tel\MXTmpFiles\rtos_vars.tmp_save
2025-02-01 14:59:00,626 [INFO] CodeEngine:279 - Generated code: C:\Users\mridu\OneDrive\Desktop\Mridul\UBC Solar\STM 32\STM32 projects\firmware_v3\components\tel\MXTmpFiles\rtos_vars.tmp
2025-02-01 14:59:00,635 [INFO] CodeEngine:255 - oldGeneratedFile, C:\Users\mridu\OneDrive\Desktop\Mridul\UBC Solar\STM 32\STM32 projects\firmware_v3\components\tel\MXTmpFiles\rtos_pfp.tmp_save
2025-02-01 14:59:00,714 [INFO] CodeEngine:279 - Generated code: C:\Users\mridu\OneDrive\Desktop\Mridul\UBC Solar\STM 32\STM32 projects\firmware_v3\components\tel\MXTmpFiles\rtos_pfp.tmp
2025-02-01 14:59:00,732 [INFO] CodeEngine:255 - oldGeneratedFile, C:\Users\mridu\OneDrive\Desktop\Mridul\UBC Solar\STM 32\STM32 projects\firmware_v3\components\tel\MXTmpFiles\rtos_obj_creat.tmp_save
2025-02-01 14:59:00,787 [INFO] CodeEngine:279 - Generated code: C:\Users\mridu\OneDrive\Desktop\Mridul\UBC Solar\STM 32\STM32 projects\firmware_v3\components\tel\MXTmpFiles\rtos_obj_creat.tmp
2025-02-01 14:59:00,793 [INFO] CodeEngine:255 - oldGeneratedFile, C:\Users\mridu\OneDrive\Desktop\Mridul\UBC Solar\STM 32\STM32 projects\firmware_v3\components\tel\MXTmpFiles\rtos_default_thread.tmp_save
2025-02-01 14:59:00,841 [INFO] CodeEngine:279 - Generated code: C:\Users\mridu\OneDrive\Desktop\Mridul\UBC Solar\STM 32\STM32 projects\firmware_v3\components\tel\MXTmpFiles\rtos_default_thread.tmp
2025-02-01 14:59:00,848 [INFO] CodeEngine:255 - oldGeneratedFile, C:\Users\mridu\OneDrive\Desktop\Mridul\UBC Solar\STM 32\STM32 projects\firmware_v3\components\tel\MXTmpFiles\rtos_threads.tmp_save
2025-02-01 14:59:00,893 [INFO] CodeEngine:279 - Generated code: C:\Users\mridu\OneDrive\Desktop\Mridul\UBC Solar\STM 32\STM32 projects\firmware_v3\components\tel\MXTmpFiles\rtos_threads.tmp
2025-02-01 14:59:00,921 [INFO] CodeEngine:255 - oldGeneratedFile, C:\Users\mridu\OneDrive\Desktop\Mridul\UBC Solar\STM 32\STM32 projects\firmware_v3\components\tel\Core\Inc\FreeRTOSConfig.h_save
2025-02-01 14:59:01,027 [INFO] CodeEngine:279 - Generated code: C:\Users\mridu\OneDrive\Desktop\Mridul\UBC Solar\STM 32\STM32 projects\firmware_v3\components\tel\Core\Inc\FreeRTOSConfig.h
2025-02-01 14:59:01,069 [INFO] CodeEngine:255 - oldGeneratedFile, C:\Users\mridu\OneDrive\Desktop\Mridul\UBC Solar\STM 32\STM32 projects\firmware_v3\components\tel\Core\Src\freertos.c_save
2025-02-01 14:59:01,209 [INFO] CodeEngine:279 - Generated code: C:\Users\mridu\OneDrive\Desktop\Mridul\UBC Solar\STM 32\STM32 projects\firmware_v3\components\tel\Core\Src\freertos.c
2025-02-01 14:59:01,268 [INFO] CodeEngine:255 - oldGeneratedFile, C:\Users\mridu\OneDrive\Desktop\Mridul\UBC Solar\STM 32\STM32 projects\firmware_v3\components\tel\Core\Src\can.c_save
2025-02-01 14:59:01,450 [INFO] CodeEngine:279 - Generated code: C:\Users\mridu\OneDrive\Desktop\Mridul\UBC Solar\STM 32\STM32 projects\firmware_v3\components\tel\Core\Src\can.c
2025-02-01 14:59:01,494 [INFO] CodeEngine:255 - oldGeneratedFile, C:\Users\mridu\OneDrive\Desktop\Mridul\UBC Solar\STM 32\STM32 projects\firmware_v3\components\tel\Core\Inc\can.h_save
2025-02-01 14:59:01,625 [INFO] CodeEngine:279 - Generated code: C:\Users\mridu\OneDrive\Desktop\Mridul\UBC Solar\STM 32\STM32 projects\firmware_v3\components\tel\Core\Inc\can.h
2025-02-01 14:59:01,686 [INFO] CodeEngine:255 - oldGeneratedFile, C:\Users\mridu\OneDrive\Desktop\Mridul\UBC Solar\STM 32\STM32 projects\firmware_v3\components\tel\Core\Src\dma.c_save
2025-02-01 14:59:01,813 [INFO] CodeEngine:279 - Generated code: C:\Users\mridu\OneDrive\Desktop\Mridul\UBC Solar\STM 32\STM32 projects\firmware_v3\components\tel\Core\Src\dma.c
2025-02-01 14:59:01,844 [INFO] CodeEngine:255 - oldGeneratedFile, C:\Users\mridu\OneDrive\Desktop\Mridul\UBC Solar\STM 32\STM32 projects\firmware_v3\components\tel\Core\Inc\dma.h_save
2025-02-01 14:59:01,915 [INFO] CodeEngine:279 - Generated code: C:\Users\mridu\OneDrive\Desktop\Mridul\UBC Solar\STM 32\STM32 projects\firmware_v3\components\tel\Core\Inc\dma.h
2025-02-01 14:59:01,928 [INFO] CodeEngine:255 - oldGeneratedFile, C:\Users\mridu\OneDrive\Desktop\Mridul\UBC Solar\STM 32\STM32 projects\firmware_v3\components\tel\Core\Src\i2c.c_save
2025-02-01 14:59:02,035 [INFO] CodeEngine:279 - Generated code: C:\Users\mridu\OneDrive\Desktop\Mridul\UBC Solar\STM 32\STM32 projects\firmware_v3\components\tel\Core\Src\i2c.c
2025-02-01 14:59:02,043 [INFO] CodeEngine:255 - oldGeneratedFile, C:\Users\mridu\OneDrive\Desktop\Mridul\UBC Solar\STM 32\STM32 projects\firmware_v3\components\tel\Core\Inc\i2c.h_save
2025-02-01 14:59:02,123 [INFO] CodeEngine:279 - Generated code: C:\Users\mridu\OneDrive\Desktop\Mridul\UBC Solar\STM 32\STM32 projects\firmware_v3\components\tel\Core\Inc\i2c.h
2025-02-01 14:59:02,154 [INFO] CodeEngine:255 - oldGeneratedFile, C:\Users\mridu\OneDrive\Desktop\Mridul\UBC Solar\STM 32\STM32 projects\firmware_v3\components\tel\Core\Src\iwdg.c_save
2025-02-01 14:59:02,250 [INFO] CodeEngine:279 - Generated code: C:\Users\mridu\OneDrive\Desktop\Mridul\UBC Solar\STM 32\STM32 projects\firmware_v3\components\tel\Core\Src\iwdg.c
2025-02-01 14:59:02,256 [INFO] CodeEngine:255 - oldGeneratedFile, C:\Users\mridu\OneDrive\Desktop\Mridul\UBC Solar\STM 32\STM32 projects\firmware_v3\components\tel\Core\Inc\iwdg.h_save
2025-02-01 14:59:02,337 [INFO] CodeEngine:279 - Generated code: C:\Users\mridu\OneDrive\Desktop\Mridul\UBC Solar\STM 32\STM32 projects\firmware_v3\components\tel\Core\Inc\iwdg.h
2025-02-01 14:59:02,376 [INFO] CodeEngine:255 - oldGeneratedFile, C:\Users\mridu\OneDrive\Desktop\Mridul\UBC Solar\STM 32\STM32 projects\firmware_v3\components\tel\Core\Src\rtc.c_save
2025-02-01 14:59:02,470 [INFO] CodeEngine:279 - Generated code: C:\Users\mridu\OneDrive\Desktop\Mridul\UBC Solar\STM 32\STM32 projects\firmware_v3\components\tel\Core\Src\rtc.c
2025-02-01 14:59:02,478 [INFO] CodeEngine:255 - oldGeneratedFile, C:\Users\mridu\OneDrive\Desktop\Mridul\UBC Solar\STM 32\STM32 projects\firmware_v3\components\tel\Core\Inc\rtc.h_save
2025-02-01 14:59:02,551 [INFO] CodeEngine:279 - Generated code: C:\Users\mridu\OneDrive\Desktop\Mridul\UBC Solar\STM 32\STM32 projects\firmware_v3\components\tel\Core\Inc\rtc.h
2025-02-01 14:59:02,573 [INFO] CodeEngine:255 - oldGeneratedFile, C:\Users\mridu\OneDrive\Desktop\Mridul\UBC Solar\STM 32\STM32 projects\firmware_v3\components\tel\Core\Src\tim.c_save
2025-02-01 14:59:02,692 [INFO] CodeEngine:279 - Generated code: C:\Users\mridu\OneDrive\Desktop\Mridul\UBC Solar\STM 32\STM32 projects\firmware_v3\components\tel\Core\Src\tim.c
2025-02-01 14:59:02,699 [INFO] CodeEngine:255 - oldGeneratedFile, C:\Users\mridu\OneDrive\Desktop\Mridul\UBC Solar\STM 32\STM32 projects\firmware_v3\components\tel\Core\Inc\tim.h_save
2025-02-01 14:59:02,787 [INFO] CodeEngine:279 - Generated code: C:\Users\mridu\OneDrive\Desktop\Mridul\UBC Solar\STM 32\STM32 projects\firmware_v3\components\tel\Core\Inc\tim.h
2025-02-01 14:59:02,816 [INFO] CodeEngine:255 - oldGeneratedFile, C:\Users\mridu\OneDrive\Desktop\Mridul\UBC Solar\STM 32\STM32 projects\firmware_v3\components\tel\Core\Src\usart.c_save
2025-02-01 14:59:02,927 [INFO] CodeEngine:279 - Generated code: C:\Users\mridu\OneDrive\Desktop\Mridul\UBC Solar\STM 32\STM32 projects\firmware_v3\components\tel\Core\Src\usart.c
2025-02-01 14:59:02,934 [INFO] CodeEngine:255 - oldGeneratedFile, C:\Users\mridu\OneDrive\Desktop\Mridul\UBC Solar\STM 32\STM32 projects\firmware_v3\components\tel\Core\Inc\usart.h_save
2025-02-01 14:59:03,022 [INFO] CodeEngine:279 - Generated code: C:\Users\mridu\OneDrive\Desktop\Mridul\UBC Solar\STM 32\STM32 projects\firmware_v3\components\tel\Core\Inc\usart.h
2025-02-01 14:59:03,071 [INFO] CodeEngine:255 - oldGeneratedFile, C:\Users\mridu\OneDrive\Desktop\Mridul\UBC Solar\STM 32\STM32 projects\firmware_v3\components\tel\Core\Src\stm32f1xx_it.c_save
2025-02-01 14:59:03,240 [INFO] CodeEngine:279 - Generated code: C:\Users\mridu\OneDrive\Desktop\Mridul\UBC Solar\STM 32\STM32 projects\firmware_v3\components\tel\Core\Src\stm32f1xx_it.c
2025-02-01 14:59:03,255 [INFO] CodeEngine:255 - oldGeneratedFile, C:\Users\mridu\OneDrive\Desktop\Mridul\UBC Solar\STM 32\STM32 projects\firmware_v3\components\tel\Core\Inc\stm32f1xx_it.h_save
2025-02-01 14:59:03,327 [INFO] CodeEngine:279 - Generated code: C:\Users\mridu\OneDrive\Desktop\Mridul\UBC Solar\STM 32\STM32 projects\firmware_v3\components\tel\Core\Inc\stm32f1xx_it.h
2025-02-01 14:59:03,373 [INFO] CodeEngine:255 - oldGeneratedFile, C:\Users\mridu\OneDrive\Desktop\Mridul\UBC Solar\STM 32\STM32 projects\firmware_v3\components\tel\Core\Src\stm32f1xx_hal_msp.c_save
2025-02-01 14:59:03,474 [INFO] CodeEngine:279 - Generated code: C:\Users\mridu\OneDrive\Desktop\Mridul\UBC Solar\STM 32\STM32 projects\firmware_v3\components\tel\Core\Src\stm32f1xx_hal_msp.c
2025-02-01 14:59:03,488 [INFO] CodeEngine:255 - oldGeneratedFile, C:\Users\mridu\OneDrive\Desktop\Mridul\UBC Solar\STM 32\STM32 projects\firmware_v3\components\tel\MXTmpFiles\system.tmp_save
2025-02-01 14:59:03,550 [INFO] CodeEngine:279 - Generated code: C:\Users\mridu\OneDrive\Desktop\Mridul\UBC Solar\STM 32\STM32 projects\firmware_v3\components\tel\MXTmpFiles\system.tmp
2025-02-01 14:59:03,581 [INFO] CodeEngine:255 - oldGeneratedFile, C:\Users\mridu\OneDrive\Desktop\Mridul\UBC Solar\STM 32\STM32 projects\firmware_v3\components\tel\Core\Src\stm32f1xx_hal_timebase_tim.c_save
2025-02-01 14:59:03,665 [INFO] CodeEngine:279 - Generated code: C:\Users\mridu\OneDrive\Desktop\Mridul\UBC Solar\STM 32\STM32 projects\firmware_v3\components\tel\Core\Src\stm32f1xx_hal_timebase_tim.c
2025-02-01 14:59:03,699 [INFO] CodeEngine:311 - oldGeneratedFile, C:\Users\mridu\OneDrive\Desktop\Mridul\UBC Solar\STM 32\STM32 projects\firmware_v3\components\tel\Core\Inc\stm32f1xx_hal_conf.h_save
2025-02-01 14:59:03,790 [INFO] CodeEngine:335 - Generated code: C:\Users\mridu\OneDrive\Desktop\Mridul\UBC Solar\STM 32\STM32 projects\firmware_v3\components\tel\Core\Inc\stm32f1xx_hal_conf.h
2025-02-01 14:59:03,869 [INFO] CodeEngine:255 - oldGeneratedFile, C:\Users\mridu\OneDrive\Desktop\Mridul\UBC Solar\STM 32\STM32 projects\firmware_v3\components\tel\Core\Inc\main.h_save
2025-02-01 14:59:03,983 [INFO] CodeEngine:279 - Generated code: C:\Users\mridu\OneDrive\Desktop\Mridul\UBC Solar\STM 32\STM32 projects\firmware_v3\components\tel\Core\Inc\main.h
2025-02-01 14:59:04,011 [INFO] CodeEngine:255 - oldGeneratedFile, C:\Users\mridu\OneDrive\Desktop\Mridul\UBC Solar\STM 32\STM32 projects\firmware_v3\components\tel\Core\Src\main.c_save
2025-02-01 14:59:04,117 [INFO] CodeEngine:279 - Generated code: C:\Users\mridu\OneDrive\Desktop\Mridul\UBC Solar\STM 32\STM32 projects\firmware_v3\components\tel\Core\Src\main.c
2025-02-01 14:59:04,757 [INFO] ProjectBuilder:3249 - Time for Copy HAL[1] : 410mS.
2025-02-01 14:59:04,761 [INFO] ProjectBuilder:4828 - Project Generator version: 4.5.0-B34
2025-02-01 14:59:04,819 [INFO] ConfigFileManager:1531 - The Die is : DIE414
2025-02-01 14:59:04,832 [INFO] ApiDbMcu:508 - Load IP Config File for FATFS
2025-02-01 14:59:04,849 [INFO] ApiDbMcu:508 - Load IP Config File for USB_DEVICE
2025-02-01 14:59:09,290 [INFO] ProjectBuilder:5097 - Time for Generating toolchain IDE Files: 4529mS.
2025-02-01 14:59:09,291 [INFO] ProjectBuilder:3107 - Time for Copy CMSIS : 0mS.
2025-02-01 14:59:09,298 [INFO] ProjectBuilder:3107 - Time for Copy CMSIS : 0mS.
2025-02-01 15:02:02,517 [INFO] UtilMem:75 - End SaveConfig() Used Memory: 908911376 Bytes (1073741824)
2025-02-01 15:02:02,658 [INFO] UtilMem:75 - End SaveConfig() Used Memory: 927227200 Bytes (1073741824)
2025-02-01 15:02:03,268 [INFO] UtilMem:75 - End SaveConfig() Used Memory: 731098112 Bytes (1073741824)
2025-02-01 15:02:04,900 [INFO] BlockDiagram:2766 - set Specific Code input for plugin: RTC
2025-02-01 15:02:04,901 [INFO] BlockDiagram:2766 - set Specific Code input for plugin: NVIC
2025-02-01 15:02:04,901 [INFO] BlockDiagram:2766 - set Specific Code input for plugin: FREERTOS
2025-02-01 15:02:04,901 [INFO] BlockDiagram:2766 - set Specific Code input for plugin: USART
2025-02-01 15:02:04,901 [INFO] BlockDiagram:2766 - set Specific Code input for plugin: IWDG
2025-02-01 15:02:04,901 [INFO] BlockDiagram:2766 - set Specific Code input for plugin: DMA
2025-02-01 15:02:04,901 [INFO] BlockDiagram:2766 - set Specific Code input for plugin: TIM1_8F1
2025-02-01 15:02:04,901 [INFO] BlockDiagram:2766 - set Specific Code input for plugin: UART
2025-02-01 15:02:04,901 [INFO] BlockDiagram:2766 - set Specific Code input for plugin: SYS
2025-02-01 15:02:04,902 [INFO] BlockDiagram:2766 - set Specific Code input for plugin: GPIO
2025-02-01 15:02:04,902 [INFO] BlockDiagram:2766 - set Specific Code input for plugin: CAN
2025-02-01 15:02:04,902 [INFO] BlockDiagram:2766 - set Specific Code input for plugin: RCC
2025-02-01 15:02:04,902 [INFO] BlockDiagram:2766 - set Specific Code input for plugin: I2C
2025-02-01 15:02:04,904 [INFO] CodeGenerator:807 - code generatio: config db path: C:\ST\STM32CubeIDE_1.16.1\STM32CubeIDE\plugins\com.st.stm32cube.common.mx_6.12.1.202409122256\\db\
2025-02-01 15:02:04,913 [WARN] IP:2191 - I2C_Coeff_DF not found: check if there is a RefParameter without a condition.
2025-02-01 15:02:04,913 [WARN] IP:2191 - Analog_Filter not found: check if there is a RefParameter without a condition.
2025-02-01 15:02:04,919 [INFO] Argument:325 - Argument : hdmavalue: null
2025-02-01 15:02:04,919 [INFO] Argument:327 - 	 sub Args: 
2025-02-01 15:02:04,919 [INFO] Argument:325 - Argument : Instancevalue: DMA1_Channel4
2025-02-01 15:02:04,919 [INFO] Argument:335 - Argument : Instancevalue: DMA1_Channel4
2025-02-01 15:02:04,919 [INFO] Argument:325 - Argument : Initvalue: null
2025-02-01 15:02:04,919 [INFO] Argument:327 - 	 sub Args: 
2025-02-01 15:02:04,919 [INFO] Argument:325 - Argument : Directionvalue: DMA_MEMORY_TO_PERIPH
2025-02-01 15:02:04,919 [INFO] Argument:335 - Argument : Directionvalue: DMA_MEMORY_TO_PERIPH
2025-02-01 15:02:04,919 [INFO] Argument:325 - Argument : PeriphIncvalue: DMA_PINC_DISABLE
2025-02-01 15:02:04,919 [INFO] Argument:335 - Argument : PeriphIncvalue: DMA_PINC_DISABLE
2025-02-01 15:02:04,920 [INFO] Argument:325 - Argument : MemIncvalue: DMA_MINC_ENABLE
2025-02-01 15:02:04,920 [INFO] Argument:335 - Argument : MemIncvalue: DMA_MINC_ENABLE
2025-02-01 15:02:04,920 [INFO] Argument:325 - Argument : PeriphDataAlignmentvalue: DMA_PDATAALIGN_BYTE
2025-02-01 15:02:04,920 [INFO] Argument:335 - Argument : PeriphDataAlignmentvalue: DMA_PDATAALIGN_BYTE
2025-02-01 15:02:04,920 [INFO] Argument:325 - Argument : MemDataAlignmentvalue: DMA_MDATAALIGN_BYTE
2025-02-01 15:02:04,920 [INFO] Argument:335 - Argument : MemDataAlignmentvalue: DMA_MDATAALIGN_BYTE
2025-02-01 15:02:04,920 [INFO] Argument:325 - Argument : Modevalue: DMA_NORMAL
2025-02-01 15:02:04,920 [INFO] Argument:335 - Argument : Modevalue: DMA_NORMAL
2025-02-01 15:02:04,920 [INFO] Argument:325 - Argument : Priorityvalue: DMA_PRIORITY_LOW
2025-02-01 15:02:04,920 [INFO] Argument:335 - Argument : Priorityvalue: DMA_PRIORITY_LOW
2025-02-01 15:02:04,920 [INFO] Argument:325 - Argument : Lockvalue: null
2025-02-01 15:02:04,920 [INFO] Argument:335 - Argument : Lockvalue: null
2025-02-01 15:02:04,920 [INFO] Argument:325 - Argument : Statevalue: null
2025-02-01 15:02:04,920 [INFO] Argument:335 - Argument : Statevalue: null
2025-02-01 15:02:04,920 [INFO] Argument:325 - Argument : Parentvalue: null
2025-02-01 15:02:04,920 [INFO] Argument:335 - Argument : Parentvalue: null
2025-02-01 15:02:04,920 [INFO] Argument:325 - Argument : XferCpltCallbackvalue: null
2025-02-01 15:02:04,920 [INFO] Argument:335 - Argument : XferCpltCallbackvalue: null
2025-02-01 15:02:04,920 [INFO] Argument:325 - Argument : XferHalfCpltCallbackvalue: null
2025-02-01 15:02:04,920 [INFO] Argument:335 - Argument : XferHalfCpltCallbackvalue: null
2025-02-01 15:02:04,920 [INFO] Argument:325 - Argument : XferErrorCallbackvalue: null
2025-02-01 15:02:04,920 [INFO] Argument:335 - Argument : XferErrorCallbackvalue: null
2025-02-01 15:02:04,920 [INFO] Argument:325 - Argument : ErrorCodevalue: null
2025-02-01 15:02:04,920 [INFO] Argument:335 - Argument : ErrorCodevalue: null
2025-02-01 15:02:04,962 [INFO] CodeEngine:255 - oldGeneratedFile, C:\Users\mridu\OneDrive\Desktop\Mridul\UBC Solar\STM 32\STM32 projects\firmware_v3\components\tel\MXTmpFiles\license.tmp_save
2025-02-01 15:02:05,037 [INFO] CodeEngine:279 - Generated code: C:\Users\mridu\OneDrive\Desktop\Mridul\UBC Solar\STM 32\STM32 projects\firmware_v3\components\tel\MXTmpFiles\license.tmp
2025-02-01 15:02:05,070 [INFO] CodeEngine:255 - oldGeneratedFile, C:\Users\mridu\OneDrive\Desktop\Mridul\UBC Solar\STM 32\STM32 projects\firmware_v3\components\tel\Core\Src\gpio.c_save
2025-02-01 15:02:05,149 [INFO] CodeEngine:279 - Generated code: C:\Users\mridu\OneDrive\Desktop\Mridul\UBC Solar\STM 32\STM32 projects\firmware_v3\components\tel\Core\Src\gpio.c
2025-02-01 15:02:05,158 [INFO] CodeEngine:255 - oldGeneratedFile, C:\Users\mridu\OneDrive\Desktop\Mridul\UBC Solar\STM 32\STM32 projects\firmware_v3\components\tel\Core\Inc\gpio.h_save
2025-02-01 15:02:05,218 [INFO] CodeEngine:279 - Generated code: C:\Users\mridu\OneDrive\Desktop\Mridul\UBC Solar\STM 32\STM32 projects\firmware_v3\components\tel\Core\Inc\gpio.h
2025-02-01 15:02:05,373 [INFO] Middleware:1439 - No code input for Bsp Dependency
2025-02-01 15:02:05,384 [INFO] CodeEngine:255 - oldGeneratedFile, C:\Users\mridu\OneDrive\Desktop\Mridul\UBC Solar\STM 32\STM32 projects\firmware_v3\components\tel\MXTmpFiles\rtos_inc.tmp_save
2025-02-01 15:02:05,483 [INFO] CodeEngine:279 - Generated code: C:\Users\mridu\OneDrive\Desktop\Mridul\UBC Solar\STM 32\STM32 projects\firmware_v3\components\tel\MXTmpFiles\rtos_inc.tmp
2025-02-01 15:02:05,487 [INFO] CodeEngine:255 - oldGeneratedFile, C:\Users\mridu\OneDrive\Desktop\Mridul\UBC Solar\STM 32\STM32 projects\firmware_v3\components\tel\MXTmpFiles\rtos_kernelInit.tmp_save
2025-02-01 15:02:05,547 [INFO] CodeEngine:279 - Generated code: C:\Users\mridu\OneDrive\Desktop\Mridul\UBC Solar\STM 32\STM32 projects\firmware_v3\components\tel\MXTmpFiles\rtos_kernelInit.tmp
2025-02-01 15:02:05,551 [INFO] CodeEngine:255 - oldGeneratedFile, C:\Users\mridu\OneDrive\Desktop\Mridul\UBC Solar\STM 32\STM32 projects\firmware_v3\components\tel\MXTmpFiles\rtos_kernelStart.tmp_save
2025-02-01 15:02:05,606 [INFO] CodeEngine:279 - Generated code: C:\Users\mridu\OneDrive\Desktop\Mridul\UBC Solar\STM 32\STM32 projects\firmware_v3\components\tel\MXTmpFiles\rtos_kernelStart.tmp
2025-02-01 15:02:05,610 [INFO] CodeEngine:255 - oldGeneratedFile, C:\Users\mridu\OneDrive\Desktop\Mridul\UBC Solar\STM 32\STM32 projects\firmware_v3\components\tel\MXTmpFiles\rtos_typedefs.tmp_save
2025-02-01 15:02:05,664 [INFO] CodeEngine:279 - Generated code: C:\Users\mridu\OneDrive\Desktop\Mridul\UBC Solar\STM 32\STM32 projects\firmware_v3\components\tel\MXTmpFiles\rtos_typedefs.tmp
2025-02-01 15:02:05,667 [INFO] CodeEngine:255 - oldGeneratedFile, C:\Users\mridu\OneDrive\Desktop\Mridul\UBC Solar\STM 32\STM32 projects\firmware_v3\components\tel\MXTmpFiles\rtos_vars.tmp_save
2025-02-01 15:02:05,760 [INFO] CodeEngine:279 - Generated code: C:\Users\mridu\OneDrive\Desktop\Mridul\UBC Solar\STM 32\STM32 projects\firmware_v3\components\tel\MXTmpFiles\rtos_vars.tmp
2025-02-01 15:02:05,766 [INFO] CodeEngine:255 - oldGeneratedFile, C:\Users\mridu\OneDrive\Desktop\Mridul\UBC Solar\STM 32\STM32 projects\firmware_v3\components\tel\MXTmpFiles\rtos_pfp.tmp_save
2025-02-01 15:02:05,834 [INFO] CodeEngine:279 - Generated code: C:\Users\mridu\OneDrive\Desktop\Mridul\UBC Solar\STM 32\STM32 projects\firmware_v3\components\tel\MXTmpFiles\rtos_pfp.tmp
2025-02-01 15:02:05,840 [INFO] CodeEngine:255 - oldGeneratedFile, C:\Users\mridu\OneDrive\Desktop\Mridul\UBC Solar\STM 32\STM32 projects\firmware_v3\components\tel\MXTmpFiles\rtos_obj_creat.tmp_save
2025-02-01 15:02:05,910 [INFO] CodeEngine:279 - Generated code: C:\Users\mridu\OneDrive\Desktop\Mridul\UBC Solar\STM 32\STM32 projects\firmware_v3\components\tel\MXTmpFiles\rtos_obj_creat.tmp
2025-02-01 15:02:05,915 [INFO] CodeEngine:255 - oldGeneratedFile, C:\Users\mridu\OneDrive\Desktop\Mridul\UBC Solar\STM 32\STM32 projects\firmware_v3\components\tel\MXTmpFiles\rtos_default_thread.tmp_save
2025-02-01 15:02:05,975 [INFO] CodeEngine:279 - Generated code: C:\Users\mridu\OneDrive\Desktop\Mridul\UBC Solar\STM 32\STM32 projects\firmware_v3\components\tel\MXTmpFiles\rtos_default_thread.tmp
2025-02-01 15:02:05,978 [INFO] CodeEngine:255 - oldGeneratedFile, C:\Users\mridu\OneDrive\Desktop\Mridul\UBC Solar\STM 32\STM32 projects\firmware_v3\components\tel\MXTmpFiles\rtos_threads.tmp_save
2025-02-01 15:02:06,029 [INFO] CodeEngine:279 - Generated code: C:\Users\mridu\OneDrive\Desktop\Mridul\UBC Solar\STM 32\STM32 projects\firmware_v3\components\tel\MXTmpFiles\rtos_threads.tmp
2025-02-01 15:02:06,046 [INFO] Middleware:1439 - No code input for Bsp Dependency
2025-02-01 15:02:06,059 [INFO] CodeEngine:255 - oldGeneratedFile, C:\Users\mridu\OneDrive\Desktop\Mridul\UBC Solar\STM 32\STM32 projects\firmware_v3\components\tel\MXTmpFiles\rtos_inc.tmp_save
2025-02-01 15:02:06,124 [INFO] CodeEngine:279 - Generated code: C:\Users\mridu\OneDrive\Desktop\Mridul\UBC Solar\STM 32\STM32 projects\firmware_v3\components\tel\MXTmpFiles\rtos_inc.tmp
2025-02-01 15:02:06,130 [INFO] CodeEngine:255 - oldGeneratedFile, C:\Users\mridu\OneDrive\Desktop\Mridul\UBC Solar\STM 32\STM32 projects\firmware_v3\components\tel\MXTmpFiles\rtos_kernelInit.tmp_save
2025-02-01 15:02:06,186 [INFO] CodeEngine:279 - Generated code: C:\Users\mridu\OneDrive\Desktop\Mridul\UBC Solar\STM 32\STM32 projects\firmware_v3\components\tel\MXTmpFiles\rtos_kernelInit.tmp
2025-02-01 15:02:06,195 [INFO] CodeEngine:255 - oldGeneratedFile, C:\Users\mridu\OneDrive\Desktop\Mridul\UBC Solar\STM 32\STM32 projects\firmware_v3\components\tel\MXTmpFiles\rtos_kernelStart.tmp_save
2025-02-01 15:02:06,249 [INFO] CodeEngine:279 - Generated code: C:\Users\mridu\OneDrive\Desktop\Mridul\UBC Solar\STM 32\STM32 projects\firmware_v3\components\tel\MXTmpFiles\rtos_kernelStart.tmp
2025-02-01 15:02:06,257 [INFO] CodeEngine:255 - oldGeneratedFile, C:\Users\mridu\OneDrive\Desktop\Mridul\UBC Solar\STM 32\STM32 projects\firmware_v3\components\tel\MXTmpFiles\rtos_typedefs.tmp_save
2025-02-01 15:02:06,316 [INFO] CodeEngine:279 - Generated code: C:\Users\mridu\OneDrive\Desktop\Mridul\UBC Solar\STM 32\STM32 projects\firmware_v3\components\tel\MXTmpFiles\rtos_typedefs.tmp
2025-02-01 15:02:06,332 [INFO] CodeEngine:255 - oldGeneratedFile, C:\Users\mridu\OneDrive\Desktop\Mridul\UBC Solar\STM 32\STM32 projects\firmware_v3\components\tel\MXTmpFiles\rtos_vars.tmp_save
2025-02-01 15:02:06,397 [INFO] CodeEngine:279 - Generated code: C:\Users\mridu\OneDrive\Desktop\Mridul\UBC Solar\STM 32\STM32 projects\firmware_v3\components\tel\MXTmpFiles\rtos_vars.tmp
2025-02-01 15:02:06,410 [INFO] CodeEngine:255 - oldGeneratedFile, C:\Users\mridu\OneDrive\Desktop\Mridul\UBC Solar\STM 32\STM32 projects\firmware_v3\components\tel\MXTmpFiles\rtos_pfp.tmp_save
2025-02-01 15:02:06,513 [INFO] CodeEngine:279 - Generated code: C:\Users\mridu\OneDrive\Desktop\Mridul\UBC Solar\STM 32\STM32 projects\firmware_v3\components\tel\MXTmpFiles\rtos_pfp.tmp
2025-02-01 15:02:06,553 [INFO] CodeEngine:255 - oldGeneratedFile, C:\Users\mridu\OneDrive\Desktop\Mridul\UBC Solar\STM 32\STM32 projects\firmware_v3\components\tel\MXTmpFiles\rtos_obj_creat.tmp_save
2025-02-01 15:02:06,616 [INFO] CodeEngine:279 - Generated code: C:\Users\mridu\OneDrive\Desktop\Mridul\UBC Solar\STM 32\STM32 projects\firmware_v3\components\tel\MXTmpFiles\rtos_obj_creat.tmp
2025-02-01 15:02:06,624 [INFO] CodeEngine:255 - oldGeneratedFile, C:\Users\mridu\OneDrive\Desktop\Mridul\UBC Solar\STM 32\STM32 projects\firmware_v3\components\tel\MXTmpFiles\rtos_default_thread.tmp_save
2025-02-01 15:02:06,682 [INFO] CodeEngine:279 - Generated code: C:\Users\mridu\OneDrive\Desktop\Mridul\UBC Solar\STM 32\STM32 projects\firmware_v3\components\tel\MXTmpFiles\rtos_default_thread.tmp
2025-02-01 15:02:06,690 [INFO] CodeEngine:255 - oldGeneratedFile, C:\Users\mridu\OneDrive\Desktop\Mridul\UBC Solar\STM 32\STM32 projects\firmware_v3\components\tel\MXTmpFiles\rtos_threads.tmp_save
2025-02-01 15:02:06,754 [INFO] CodeEngine:279 - Generated code: C:\Users\mridu\OneDrive\Desktop\Mridul\UBC Solar\STM 32\STM32 projects\firmware_v3\components\tel\MXTmpFiles\rtos_threads.tmp
2025-02-01 15:02:06,776 [INFO] CodeEngine:255 - oldGeneratedFile, C:\Users\mridu\OneDrive\Desktop\Mridul\UBC Solar\STM 32\STM32 projects\firmware_v3\components\tel\Core\Inc\FreeRTOSConfig.h_save
2025-02-01 15:02:06,940 [INFO] CodeEngine:279 - Generated code: C:\Users\mridu\OneDrive\Desktop\Mridul\UBC Solar\STM 32\STM32 projects\firmware_v3\components\tel\Core\Inc\FreeRTOSConfig.h
2025-02-01 15:02:06,993 [INFO] CodeEngine:255 - oldGeneratedFile, C:\Users\mridu\OneDrive\Desktop\Mridul\UBC Solar\STM 32\STM32 projects\firmware_v3\components\tel\Core\Src\freertos.c_save
2025-02-01 15:02:07,164 [INFO] CodeEngine:279 - Generated code: C:\Users\mridu\OneDrive\Desktop\Mridul\UBC Solar\STM 32\STM32 projects\firmware_v3\components\tel\Core\Src\freertos.c
2025-02-01 15:02:07,214 [INFO] CodeEngine:255 - oldGeneratedFile, C:\Users\mridu\OneDrive\Desktop\Mridul\UBC Solar\STM 32\STM32 projects\firmware_v3\components\tel\Core\Src\can.c_save
2025-02-01 15:02:07,366 [INFO] CodeEngine:279 - Generated code: C:\Users\mridu\OneDrive\Desktop\Mridul\UBC Solar\STM 32\STM32 projects\firmware_v3\components\tel\Core\Src\can.c
2025-02-01 15:02:07,389 [INFO] CodeEngine:255 - oldGeneratedFile, C:\Users\mridu\OneDrive\Desktop\Mridul\UBC Solar\STM 32\STM32 projects\firmware_v3\components\tel\Core\Inc\can.h_save
2025-02-01 15:02:07,544 [INFO] CodeEngine:279 - Generated code: C:\Users\mridu\OneDrive\Desktop\Mridul\UBC Solar\STM 32\STM32 projects\firmware_v3\components\tel\Core\Inc\can.h
2025-02-01 15:02:07,594 [INFO] CodeEngine:255 - oldGeneratedFile, C:\Users\mridu\OneDrive\Desktop\Mridul\UBC Solar\STM 32\STM32 projects\firmware_v3\components\tel\Core\Src\dma.c_save
2025-02-01 15:02:07,696 [INFO] CodeEngine:279 - Generated code: C:\Users\mridu\OneDrive\Desktop\Mridul\UBC Solar\STM 32\STM32 projects\firmware_v3\components\tel\Core\Src\dma.c
2025-02-01 15:02:07,710 [INFO] CodeEngine:255 - oldGeneratedFile, C:\Users\mridu\OneDrive\Desktop\Mridul\UBC Solar\STM 32\STM32 projects\firmware_v3\components\tel\Core\Inc\dma.h_save
2025-02-01 15:02:07,791 [INFO] CodeEngine:279 - Generated code: C:\Users\mridu\OneDrive\Desktop\Mridul\UBC Solar\STM 32\STM32 projects\firmware_v3\components\tel\Core\Inc\dma.h
2025-02-01 15:02:07,815 [INFO] CodeEngine:255 - oldGeneratedFile, C:\Users\mridu\OneDrive\Desktop\Mridul\UBC Solar\STM 32\STM32 projects\firmware_v3\components\tel\Core\Src\i2c.c_save
2025-02-01 15:02:07,913 [INFO] CodeEngine:279 - Generated code: C:\Users\mridu\OneDrive\Desktop\Mridul\UBC Solar\STM 32\STM32 projects\firmware_v3\components\tel\Core\Src\i2c.c
2025-02-01 15:02:07,923 [INFO] CodeEngine:255 - oldGeneratedFile, C:\Users\mridu\OneDrive\Desktop\Mridul\UBC Solar\STM 32\STM32 projects\firmware_v3\components\tel\Core\Inc\i2c.h_save
2025-02-01 15:02:07,985 [INFO] CodeEngine:279 - Generated code: C:\Users\mridu\OneDrive\Desktop\Mridul\UBC Solar\STM 32\STM32 projects\firmware_v3\components\tel\Core\Inc\i2c.h
2025-02-01 15:02:08,009 [INFO] CodeEngine:255 - oldGeneratedFile, C:\Users\mridu\OneDrive\Desktop\Mridul\UBC Solar\STM 32\STM32 projects\firmware_v3\components\tel\Core\Src\iwdg.c_save
2025-02-01 15:02:08,091 [INFO] CodeEngine:279 - Generated code: C:\Users\mridu\OneDrive\Desktop\Mridul\UBC Solar\STM 32\STM32 projects\firmware_v3\components\tel\Core\Src\iwdg.c
2025-02-01 15:02:08,098 [INFO] CodeEngine:255 - oldGeneratedFile, C:\Users\mridu\OneDrive\Desktop\Mridul\UBC Solar\STM 32\STM32 projects\firmware_v3\components\tel\Core\Inc\iwdg.h_save
2025-02-01 15:02:08,173 [INFO] CodeEngine:279 - Generated code: C:\Users\mridu\OneDrive\Desktop\Mridul\UBC Solar\STM 32\STM32 projects\firmware_v3\components\tel\Core\Inc\iwdg.h
2025-02-01 15:02:08,201 [INFO] CodeEngine:255 - oldGeneratedFile, C:\Users\mridu\OneDrive\Desktop\Mridul\UBC Solar\STM 32\STM32 projects\firmware_v3\components\tel\Core\Src\rtc.c_save
2025-02-01 15:02:08,289 [INFO] CodeEngine:279 - Generated code: C:\Users\mridu\OneDrive\Desktop\Mridul\UBC Solar\STM 32\STM32 projects\firmware_v3\components\tel\Core\Src\rtc.c
2025-02-01 15:02:08,295 [INFO] CodeEngine:255 - oldGeneratedFile, C:\Users\mridu\OneDrive\Desktop\Mridul\UBC Solar\STM 32\STM32 projects\firmware_v3\components\tel\Core\Inc\rtc.h_save
2025-02-01 15:02:08,356 [INFO] CodeEngine:279 - Generated code: C:\Users\mridu\OneDrive\Desktop\Mridul\UBC Solar\STM 32\STM32 projects\firmware_v3\components\tel\Core\Inc\rtc.h
2025-02-01 15:02:08,380 [INFO] CodeEngine:255 - oldGeneratedFile, C:\Users\mridu\OneDrive\Desktop\Mridul\UBC Solar\STM 32\STM32 projects\firmware_v3\components\tel\Core\Src\tim.c_save
2025-02-01 15:02:08,472 [INFO] CodeEngine:279 - Generated code: C:\Users\mridu\OneDrive\Desktop\Mridul\UBC Solar\STM 32\STM32 projects\firmware_v3\components\tel\Core\Src\tim.c
2025-02-01 15:02:08,478 [INFO] CodeEngine:255 - oldGeneratedFile, C:\Users\mridu\OneDrive\Desktop\Mridul\UBC Solar\STM 32\STM32 projects\firmware_v3\components\tel\Core\Inc\tim.h_save
2025-02-01 15:02:08,541 [INFO] CodeEngine:279 - Generated code: C:\Users\mridu\OneDrive\Desktop\Mridul\UBC Solar\STM 32\STM32 projects\firmware_v3\components\tel\Core\Inc\tim.h
2025-02-01 15:02:08,562 [INFO] CodeEngine:255 - oldGeneratedFile, C:\Users\mridu\OneDrive\Desktop\Mridul\UBC Solar\STM 32\STM32 projects\firmware_v3\components\tel\Core\Src\usart.c_save
2025-02-01 15:02:08,679 [INFO] CodeEngine:279 - Generated code: C:\Users\mridu\OneDrive\Desktop\Mridul\UBC Solar\STM 32\STM32 projects\firmware_v3\components\tel\Core\Src\usart.c
2025-02-01 15:02:08,694 [INFO] CodeEngine:255 - oldGeneratedFile, C:\Users\mridu\OneDrive\Desktop\Mridul\UBC Solar\STM 32\STM32 projects\firmware_v3\components\tel\Core\Inc\usart.h_save
2025-02-01 15:02:08,776 [INFO] CodeEngine:279 - Generated code: C:\Users\mridu\OneDrive\Desktop\Mridul\UBC Solar\STM 32\STM32 projects\firmware_v3\components\tel\Core\Inc\usart.h
2025-02-01 15:02:08,816 [INFO] CodeEngine:255 - oldGeneratedFile, C:\Users\mridu\OneDrive\Desktop\Mridul\UBC Solar\STM 32\STM32 projects\firmware_v3\components\tel\Core\Src\stm32f1xx_it.c_save
2025-02-01 15:02:08,926 [INFO] CodeEngine:279 - Generated code: C:\Users\mridu\OneDrive\Desktop\Mridul\UBC Solar\STM 32\STM32 projects\firmware_v3\components\tel\Core\Src\stm32f1xx_it.c
2025-02-01 15:02:08,943 [INFO] CodeEngine:255 - oldGeneratedFile, C:\Users\mridu\OneDrive\Desktop\Mridul\UBC Solar\STM 32\STM32 projects\firmware_v3\components\tel\Core\Inc\stm32f1xx_it.h_save
2025-02-01 15:02:09,030 [INFO] CodeEngine:279 - Generated code: C:\Users\mridu\OneDrive\Desktop\Mridul\UBC Solar\STM 32\STM32 projects\firmware_v3\components\tel\Core\Inc\stm32f1xx_it.h
2025-02-01 15:02:09,062 [INFO] CodeEngine:255 - oldGeneratedFile, C:\Users\mridu\OneDrive\Desktop\Mridul\UBC Solar\STM 32\STM32 projects\firmware_v3\components\tel\Core\Src\stm32f1xx_hal_msp.c_save
2025-02-01 15:02:09,174 [INFO] CodeEngine:279 - Generated code: C:\Users\mridu\OneDrive\Desktop\Mridul\UBC Solar\STM 32\STM32 projects\firmware_v3\components\tel\Core\Src\stm32f1xx_hal_msp.c
2025-02-01 15:02:09,181 [INFO] CodeEngine:255 - oldGeneratedFile, C:\Users\mridu\OneDrive\Desktop\Mridul\UBC Solar\STM 32\STM32 projects\firmware_v3\components\tel\MXTmpFiles\system.tmp_save
2025-02-01 15:02:09,248 [INFO] CodeEngine:279 - Generated code: C:\Users\mridu\OneDrive\Desktop\Mridul\UBC Solar\STM 32\STM32 projects\firmware_v3\components\tel\MXTmpFiles\system.tmp
2025-02-01 15:02:09,279 [INFO] CodeEngine:255 - oldGeneratedFile, C:\Users\mridu\OneDrive\Desktop\Mridul\UBC Solar\STM 32\STM32 projects\firmware_v3\components\tel\Core\Src\stm32f1xx_hal_timebase_tim.c_save
2025-02-01 15:02:09,343 [INFO] CodeEngine:279 - Generated code: C:\Users\mridu\OneDrive\Desktop\Mridul\UBC Solar\STM 32\STM32 projects\firmware_v3\components\tel\Core\Src\stm32f1xx_hal_timebase_tim.c
2025-02-01 15:02:09,368 [INFO] CodeEngine:311 - oldGeneratedFile, C:\Users\mridu\OneDrive\Desktop\Mridul\UBC Solar\STM 32\STM32 projects\firmware_v3\components\tel\Core\Inc\stm32f1xx_hal_conf.h_save
2025-02-01 15:02:09,467 [INFO] CodeEngine:335 - Generated code: C:\Users\mridu\OneDrive\Desktop\Mridul\UBC Solar\STM 32\STM32 projects\firmware_v3\components\tel\Core\Inc\stm32f1xx_hal_conf.h
2025-02-01 15:02:09,556 [INFO] CodeEngine:255 - oldGeneratedFile, C:\Users\mridu\OneDrive\Desktop\Mridul\UBC Solar\STM 32\STM32 projects\firmware_v3\components\tel\Core\Inc\main.h_save
2025-02-01 15:02:09,620 [INFO] CodeEngine:279 - Generated code: C:\Users\mridu\OneDrive\Desktop\Mridul\UBC Solar\STM 32\STM32 projects\firmware_v3\components\tel\Core\Inc\main.h
2025-02-01 15:02:09,637 [INFO] CodeEngine:255 - oldGeneratedFile, C:\Users\mridu\OneDrive\Desktop\Mridul\UBC Solar\STM 32\STM32 projects\firmware_v3\components\tel\Core\Src\main.c_save
2025-02-01 15:02:09,853 [INFO] CodeEngine:279 - Generated code: C:\Users\mridu\OneDrive\Desktop\Mridul\UBC Solar\STM 32\STM32 projects\firmware_v3\components\tel\Core\Src\main.c
2025-02-01 15:02:10,488 [INFO] ProjectBuilder:3249 - Time for Copy HAL[1] : 419mS.
2025-02-01 15:02:10,493 [INFO] ProjectBuilder:4828 - Project Generator version: 4.5.0-B34
2025-02-01 15:02:10,559 [INFO] ConfigFileManager:1531 - The Die is : DIE414
2025-02-01 15:02:12,036 [INFO] ProjectBuilder:5097 - Time for Generating toolchain IDE Files: 1543mS.
2025-02-01 15:02:12,037 [INFO] ProjectBuilder:3107 - Time for Copy CMSIS : 1mS.
2025-02-01 15:02:12,045 [INFO] ProjectBuilder:3107 - Time for Copy CMSIS : 1mS.
2025-02-01 15:14:07,957 [ERROR] RtosPanel:558 - Can not restore the selected Tab for FREERTOS(A reason can be that the tab is no more available.)
2025-02-01 15:14:09,807 [INFO] TasksAndQueuesTab:757 - Static
2025-02-01 15:14:09,807 [INFO] TasksAndQueuesTab:757 - Static
2025-02-01 15:14:09,807 [INFO] TasksAndQueuesTab:757 - Static
2025-02-01 15:14:09,807 [INFO] TasksAndQueuesTab:757 - Static
2025-02-01 15:16:02,903 [ERROR] LogOutputStream:75 - [STDERR_REDIRECT] 
2025-02-01 15:16:02,904 [ERROR] LogOutputStream:75 - [STDERR_REDIRECT] 
